filename,class,path,width,height,mode,aspect_ratio,file_kb,mean_brightness,std_brightness,mean_saturation
Cardboard_1.jpg,Cardboard,D:\Recovered Documents\Moringa\Module 5\Summative2\realwaste\realwaste-main\RealWaste\Cardboard\Cardboard_1.jpg,524,524,RGB,1.0,101.0,170.04413,37.954174,22.525173
Cardboard_10.jpg,Cardboard,D:\Recovered Documents\Moringa\Module 5\Summative2\realwaste\realwaste-main\RealWaste\Cardboard\Cardboard_10.jpg,524,524,RGB,1.0,75.4,171.45906,44.31831,20.668404
Cardboard_100.jpg,Cardboard,D:\Recovered Documents\Moringa\Module 5\Summative2\realwaste\realwaste-main\RealWaste\Cardboard\Cardboard_100.jpg,524,524,RGB,1.0,202.4,159.73424,31.38264,33.182293
Cardboard_101.jpg,Cardboard,D:\Recovered Documents\Moringa\Module 5\Summative2\realwaste\realwaste-main\RealWaste\Cardboard\Cardboard_101.jpg,524,524,RGB,1.0,104.2,165.80455,46.141518,39.226997
Cardboard_102.jpg,Cardboard,D:\Recovered Documents\Moringa\Module 5\Summative2\realwaste\realwaste-main\RealWaste\Cardboard\Cardboard_102.jpg,524,524,RGB,1.0,198.3,157.08998,33.078804,40.034286
Cardboard_103.jpg,Cardboard,D:\Recovered Documents\Moringa\Module 5\Summative2\realwaste\realwaste-main\RealWaste\Cardboard\Cardboard_103.jpg,524,524,RGB,1.0,197.8,157.82147,32.53055,46.2487
Cardboard_104.jpg,Cardboard,D:\Recovered Documents\Moringa\Module 5\Summative2\realwaste\realwaste-main\RealWaste\Cardboard\Cardboard_104.jpg,524,524,RGB,1.0,172.0,149.54977,36.181,39.330296
Cardboard_105.jpg,Cardboard,D:\Recovered Documents\Moringa\Module 5\Summative2\realwaste\realwaste-main\RealWaste\Cardboard\Cardboard_105.jpg,524,524,RGB,1.0,187.9,153.16551,32.7861,45.342014
Cardboard_106.jpg,Cardboard,D:\Recovered Documents\Moringa\Module 5\Summative2\realwaste\realwaste-main\RealWaste\Cardboard\Cardboard_106.jpg,524,524,RGB,1.0,154.0,151.22395,39.675373,47.2921
Cardboard_107.jpg,Cardboard,D:\Recovered Documents\Moringa\Module 5\Summative2\realwaste\realwaste-main\RealWaste\Cardboard\Cardboard_107.jpg,524,524,RGB,1.0,166.6,163.07986,35.150948,40.62587
Cardboard_108.jpg,Cardboard,D:\Recovered Documents\Moringa\Module 5\Summative2\realwaste\realwaste-main\RealWaste\Cardboard\Cardboard_108.jpg,524,524,RGB,1.0,156.4,151.42926,50.63563,46.137154
Cardboard_109.jpg,Cardboard,D:\Recovered Documents\Moringa\Module 5\Summative2\realwaste\realwaste-main\RealWaste\Cardboard\Cardboard_109.jpg,524,524,RGB,1.0,157.0,156.49797,41.09097,35.634983
Cardboard_11.jpg,Cardboard,D:\Recovered Documents\Moringa\Module 5\Summative2\realwaste\realwaste-main\RealWaste\Cardboard\Cardboard_11.jpg,524,524,RGB,1.0,91.2,170.62804,44.396046,23.254341
Cardboard_110.jpg,Cardboard,D:\Recovered Documents\Moringa\Module 5\Summative2\realwaste\realwaste-main\RealWaste\Cardboard\Cardboard_110.jpg,524,524,RGB,1.0,193.4,154.43591,48.52297,47.03559
Cardboard_111.jpg,Cardboard,D:\Recovered Documents\Moringa\Module 5\Summative2\realwaste\realwaste-main\RealWaste\Cardboard\Cardboard_111.jpg,524,524,RGB,1.0,190.4,139.33752,53.387386,79.9566
Cardboard_112.jpg,Cardboard,D:\Recovered Documents\Moringa\Module 5\Summative2\realwaste\realwaste-main\RealWaste\Cardboard\Cardboard_112.jpg,524,524,RGB,1.0,82.5,161.51605,43.952927,19.940104
Cardboard_113.jpg,Cardboard,D:\Recovered Documents\Moringa\Module 5\Summative2\realwaste\realwaste-main\RealWaste\Cardboard\Cardboard_113.jpg,524,524,RGB,1.0,101.1,160.44473,46.494247,47.397568
Cardboard_114.jpg,Cardboard,D:\Recovered Documents\Moringa\Module 5\Summative2\realwaste\realwaste-main\RealWaste\Cardboard\Cardboard_114.jpg,524,524,RGB,1.0,204.7,152.2788,30.908138,46.61849
Cardboard_115.jpg,Cardboard,D:\Recovered Documents\Moringa\Module 5\Summative2\realwaste\realwaste-main\RealWaste\Cardboard\Cardboard_115.jpg,524,524,RGB,1.0,203.6,151.6914,31.33536,45.357204
Cardboard_116.jpg,Cardboard,D:\Recovered Documents\Moringa\Module 5\Summative2\realwaste\realwaste-main\RealWaste\Cardboard\Cardboard_116.jpg,524,524,RGB,1.0,193.2,151.77951,44.555325,46.21875
Cardboard_117.jpg,Cardboard,D:\Recovered Documents\Moringa\Module 5\Summative2\realwaste\realwaste-main\RealWaste\Cardboard\Cardboard_117.jpg,524,524,RGB,1.0,114.6,149.54196,42.403114,65.0434
Cardboard_118.jpg,Cardboard,D:\Recovered Documents\Moringa\Module 5\Summative2\realwaste\realwaste-main\RealWaste\Cardboard\Cardboard_118.jpg,524,524,RGB,1.0,192.4,144.40929,43.137062,53.92578
Cardboard_119.jpg,Cardboard,D:\Recovered Documents\Moringa\Module 5\Summative2\realwaste\realwaste-main\RealWaste\Cardboard\Cardboard_119.jpg,524,524,RGB,1.0,191.9,149.44879,38.53951,53.051216
Cardboard_12.jpg,Cardboard,D:\Recovered Documents\Moringa\Module 5\Summative2\realwaste\realwaste-main\RealWaste\Cardboard\Cardboard_12.jpg,524,524,RGB,1.0,90.0,169.26765,27.369555,6.5260415
Cardboard_120.jpg,Cardboard,D:\Recovered Documents\Moringa\Module 5\Summative2\realwaste\realwaste-main\RealWaste\Cardboard\Cardboard_120.jpg,524,524,RGB,1.0,205.8,150.55772,36.368397,57.133682
Cardboard_121.jpg,Cardboard,D:\Recovered Documents\Moringa\Module 5\Summative2\realwaste\realwaste-main\RealWaste\Cardboard\Cardboard_121.jpg,524,524,RGB,1.0,152.8,156.65538,38.42216,57.639324
Cardboard_122.jpg,Cardboard,D:\Recovered Documents\Moringa\Module 5\Summative2\realwaste\realwaste-main\RealWaste\Cardboard\Cardboard_122.jpg,524,524,RGB,1.0,191.9,142.82755,46.312225,49.056423
Cardboard_123.jpg,Cardboard,D:\Recovered Documents\Moringa\Module 5\Summative2\realwaste\realwaste-main\RealWaste\Cardboard\Cardboard_123.jpg,524,524,RGB,1.0,192.0,150.52502,43.948,48.838543
Cardboard_124.jpg,Cardboard,D:\Recovered Documents\Moringa\Module 5\Summative2\realwaste\realwaste-main\RealWaste\Cardboard\Cardboard_124.jpg,524,524,RGB,1.0,83.5,164.4647,40.304066,44.05599
Cardboard_125.jpg,Cardboard,D:\Recovered Documents\Moringa\Module 5\Summative2\realwaste\realwaste-main\RealWaste\Cardboard\Cardboard_125.jpg,524,524,RGB,1.0,180.2,157.10011,33.625298,39.976997
Cardboard_126.jpg,Cardboard,D:\Recovered Documents\Moringa\Module 5\Summative2\realwaste\realwaste-main\RealWaste\Cardboard\Cardboard_126.jpg,524,524,RGB,1.0,160.9,157.04138,33.404472,37.975693
Cardboard_127.jpg,Cardboard,D:\Recovered Documents\Moringa\Module 5\Summative2\realwaste\realwaste-main\RealWaste\Cardboard\Cardboard_127.jpg,524,524,RGB,1.0,143.9,149.4958,43.961277,87.55903
Cardboard_128.jpg,Cardboard,D:\Recovered Documents\Moringa\Module 5\Summative2\realwaste\realwaste-main\RealWaste\Cardboard\Cardboard_128.jpg,524,524,RGB,1.0,150.1,153.48409,43.994427,90.78863
Cardboard_129.jpg,Cardboard,D:\Recovered Documents\Moringa\Module 5\Summative2\realwaste\realwaste-main\RealWaste\Cardboard\Cardboard_129.jpg,524,524,RGB,1.0,145.4,151.98785,44.810627,85.82205
Cardboard_13.jpg,Cardboard,D:\Recovered Documents\Moringa\Module 5\Summative2\realwaste\realwaste-main\RealWaste\Cardboard\Cardboard_13.jpg,524,524,RGB,1.0,71.4,163.87341,29.51696,28.101997
Cardboard_130.jpg,Cardboard,D:\Recovered Documents\Moringa\Module 5\Summative2\realwaste\realwaste-main\RealWaste\Cardboard\Cardboard_130.jpg,524,524,RGB,1.0,154.9,150.83897,42.6584,70.692276
Cardboard_131.jpg,Cardboard,D:\Recovered Documents\Moringa\Module 5\Summative2\realwaste\realwaste-main\RealWaste\Cardboard\Cardboard_131.jpg,524,524,RGB,1.0,163.3,148.72556,42.1146,75.08854
Cardboard_132.jpg,Cardboard,D:\Recovered Documents\Moringa\Module 5\Summative2\realwaste\realwaste-main\RealWaste\Cardboard\Cardboard_132.jpg,524,524,RGB,1.0,126.3,151.2892,51.825634,87.828995
Cardboard_133.jpg,Cardboard,D:\Recovered Documents\Moringa\Module 5\Summative2\realwaste\realwaste-main\RealWaste\Cardboard\Cardboard_133.jpg,524,524,RGB,1.0,93.9,150.34679,36.306557,79.30165
Cardboard_134.jpg,Cardboard,D:\Recovered Documents\Moringa\Module 5\Summative2\realwaste\realwaste-main\RealWaste\Cardboard\Cardboard_134.jpg,524,524,RGB,1.0,73.4,138.94632,42.60911,94.62804
Cardboard_135.jpg,Cardboard,D:\Recovered Documents\Moringa\Module 5\Summative2\realwaste\realwaste-main\RealWaste\Cardboard\Cardboard_135.jpg,524,524,RGB,1.0,96.5,166.12457,40.18784,39.706596
Cardboard_136.jpg,Cardboard,D:\Recovered Documents\Moringa\Module 5\Summative2\realwaste\realwaste-main\RealWaste\Cardboard\Cardboard_136.jpg,524,524,RGB,1.0,118.2,142.94112,56.855278,92.21224
Cardboard_137.jpg,Cardboard,D:\Recovered Documents\Moringa\Module 5\Summative2\realwaste\realwaste-main\RealWaste\Cardboard\Cardboard_137.jpg,524,524,RGB,1.0,174.6,155.6046,39.62278,48.708332
Cardboard_138.jpg,Cardboard,D:\Recovered Documents\Moringa\Module 5\Summative2\realwaste\realwaste-main\RealWaste\Cardboard\Cardboard_138.jpg,524,524,RGB,1.0,139.6,141.55946,43.529705,60.333332
Cardboard_139.jpg,Cardboard,D:\Recovered Documents\Moringa\Module 5\Summative2\realwaste\realwaste-main\RealWaste\Cardboard\Cardboard_139.jpg,524,524,RGB,1.0,155.0,142.28935,47.12394,70.22873
Cardboard_14.jpg,Cardboard,D:\Recovered Documents\Moringa\Module 5\Summative2\realwaste\realwaste-main\RealWaste\Cardboard\Cardboard_14.jpg,524,524,RGB,1.0,98.3,165.57422,30.079983,9.548177
Cardboard_140.jpg,Cardboard,D:\Recovered Documents\Moringa\Module 5\Summative2\realwaste\realwaste-main\RealWaste\Cardboard\Cardboard_140.jpg,524,524,RGB,1.0,151.9,135.16435,44.539623,70.306854
Cardboard_141.jpg,Cardboard,D:\Recovered Documents\Moringa\Module 5\Summative2\realwaste\realwaste-main\RealWaste\Cardboard\Cardboard_141.jpg,524,524,RGB,1.0,103.8,143.36154,43.12392,63.760418
Cardboard_142.jpg,Cardboard,D:\Recovered Documents\Moringa\Module 5\Summative2\realwaste\realwaste-main\RealWaste\Cardboard\Cardboard_142.jpg,524,524,RGB,1.0,157.8,139.13744,41.482983,66.60243
Cardboard_143.jpg,Cardboard,D:\Recovered Documents\Moringa\Module 5\Summative2\realwaste\realwaste-main\RealWaste\Cardboard\Cardboard_143.jpg,524,524,RGB,1.0,154.9,146.42781,44.150593,65.49393
Cardboard_144.jpg,Cardboard,D:\Recovered Documents\Moringa\Module 5\Summative2\realwaste\realwaste-main\RealWaste\Cardboard\Cardboard_144.jpg,524,524,RGB,1.0,191.1,156.28603,32.931168,30.762587
Cardboard_145.jpg,Cardboard,D:\Recovered Documents\Moringa\Module 5\Summative2\realwaste\realwaste-main\RealWaste\Cardboard\Cardboard_145.jpg,524,524,RGB,1.0,185.1,154.38295,41.24732,33.21224
Cardboard_146.jpg,Cardboard,D:\Recovered Documents\Moringa\Module 5\Summative2\realwaste\realwaste-main\RealWaste\Cardboard\Cardboard_146.jpg,524,524,RGB,1.0,92.1,164.39714,46.390366,40.15972
Cardboard_147.jpg,Cardboard,D:\Recovered Documents\Moringa\Module 5\Summative2\realwaste\realwaste-main\RealWaste\Cardboard\Cardboard_147.jpg,524,524,RGB,1.0,195.0,142.85114,40.02231,63.596355
Cardboard_148.jpg,Cardboard,D:\Recovered Documents\Moringa\Module 5\Summative2\realwaste\realwaste-main\RealWaste\Cardboard\Cardboard_148.jpg,524,524,RGB,1.0,197.2,154.45819,36.03477,39.02778
Cardboard_149.jpg,Cardboard,D:\Recovered Documents\Moringa\Module 5\Summative2\realwaste\realwaste-main\RealWaste\Cardboard\Cardboard_149.jpg,524,524,RGB,1.0,195.6,153.93764,38.20647,38.649307
Cardboard_15.jpg,Cardboard,D:\Recovered Documents\Moringa\Module 5\Summative2\realwaste\realwaste-main\RealWaste\Cardboard\Cardboard_15.jpg,524,524,RGB,1.0,87.2,168.5583,46.67841,23.634548
Cardboard_150.jpg,Cardboard,D:\Recovered Documents\Moringa\Module 5\Summative2\realwaste\realwaste-main\RealWaste\Cardboard\Cardboard_150.jpg,524,524,RGB,1.0,194.5,148.43417,46.710476,50.073784
Cardboard_151.jpg,Cardboard,D:\Recovered Documents\Moringa\Module 5\Summative2\realwaste\realwaste-main\RealWaste\Cardboard\Cardboard_151.jpg,524,524,RGB,1.0,201.8,146.92145,42.91313,45.634983
Cardboard_152.jpg,Cardboard,D:\Recovered Documents\Moringa\Module 5\Summative2\realwaste\realwaste-main\RealWaste\Cardboard\Cardboard_152.jpg,524,524,RGB,1.0,207.5,154.22946,36.694225,40.383682
Cardboard_153.jpg,Cardboard,D:\Recovered Documents\Moringa\Module 5\Summative2\realwaste\realwaste-main\RealWaste\Cardboard\Cardboard_153.jpg,524,524,RGB,1.0,192.1,153.74132,40.15104,43.958332
Cardboard_154.jpg,Cardboard,D:\Recovered Documents\Moringa\Module 5\Summative2\realwaste\realwaste-main\RealWaste\Cardboard\Cardboard_154.jpg,524,524,RGB,1.0,167.0,147.28632,55.873295,48.409286
Cardboard_155.jpg,Cardboard,D:\Recovered Documents\Moringa\Module 5\Summative2\realwaste\realwaste-main\RealWaste\Cardboard\Cardboard_155.jpg,524,524,RGB,1.0,190.6,154.16248,38.156166,43.306423
Cardboard_156.jpg,Cardboard,D:\Recovered Documents\Moringa\Module 5\Summative2\realwaste\realwaste-main\RealWaste\Cardboard\Cardboard_156.jpg,524,524,RGB,1.0,154.4,151.81712,61.528534,102.88715
Cardboard_157.jpg,Cardboard,D:\Recovered Documents\Moringa\Module 5\Summative2\realwaste\realwaste-main\RealWaste\Cardboard\Cardboard_157.jpg,524,524,RGB,1.0,129.4,159.58781,44.503563,42.321182
Cardboard_158.jpg,Cardboard,D:\Recovered Documents\Moringa\Module 5\Summative2\realwaste\realwaste-main\RealWaste\Cardboard\Cardboard_158.jpg,524,524,RGB,1.0,122.9,153.12239,53.03448,85.04948
Cardboard_159.jpg,Cardboard,D:\Recovered Documents\Moringa\Module 5\Summative2\realwaste\realwaste-main\RealWaste\Cardboard\Cardboard_159.jpg,524,524,RGB,1.0,143.8,151.76433,38.92939,81.108505
Cardboard_16.jpg,Cardboard,D:\Recovered Documents\Moringa\Module 5\Summative2\realwaste\realwaste-main\RealWaste\Cardboard\Cardboard_16.jpg,524,524,RGB,1.0,91.7,166.47136,36.013943,43.336807
Cardboard_160.jpg,Cardboard,D:\Recovered Documents\Moringa\Module 5\Summative2\realwaste\realwaste-main\RealWaste\Cardboard\Cardboard_160.jpg,524,524,RGB,1.0,122.7,149.40393,41.330814,95.53863
Cardboard_161.jpg,Cardboard,D:\Recovered Documents\Moringa\Module 5\Summative2\realwaste\realwaste-main\RealWaste\Cardboard\Cardboard_161.jpg,524,524,RGB,1.0,190.6,158.65654,35.91434,35.128036
Cardboard_162.jpg,Cardboard,D:\Recovered Documents\Moringa\Module 5\Summative2\realwaste\realwaste-main\RealWaste\Cardboard\Cardboard_162.jpg,524,524,RGB,1.0,187.3,153.08884,43.51404,49.003906
Cardboard_163.jpg,Cardboard,D:\Recovered Documents\Moringa\Module 5\Summative2\realwaste\realwaste-main\RealWaste\Cardboard\Cardboard_163.jpg,524,524,RGB,1.0,161.1,162.92549,41.31602,25.634983
Cardboard_164.jpg,Cardboard,D:\Recovered Documents\Moringa\Module 5\Summative2\realwaste\realwaste-main\RealWaste\Cardboard\Cardboard_164.jpg,524,524,RGB,1.0,196.5,156.22136,30.410366,35.135418
Cardboard_165.jpg,Cardboard,D:\Recovered Documents\Moringa\Module 5\Summative2\realwaste\realwaste-main\RealWaste\Cardboard\Cardboard_165.jpg,524,524,RGB,1.0,199.6,144.18518,38.995247,63.067276
Cardboard_166.jpg,Cardboard,D:\Recovered Documents\Moringa\Module 5\Summative2\realwaste\realwaste-main\RealWaste\Cardboard\Cardboard_166.jpg,524,524,RGB,1.0,135.1,146.27402,44.3929,86.39453
Cardboard_167.jpg,Cardboard,D:\Recovered Documents\Moringa\Module 5\Summative2\realwaste\realwaste-main\RealWaste\Cardboard\Cardboard_167.jpg,524,524,RGB,1.0,152.4,160.58217,34.68448,71.19965
Cardboard_168.jpg,Cardboard,D:\Recovered Documents\Moringa\Module 5\Summative2\realwaste\realwaste-main\RealWaste\Cardboard\Cardboard_168.jpg,524,524,RGB,1.0,124.5,160.41478,48.55754,43.914062
Cardboard_169.jpg,Cardboard,D:\Recovered Documents\Moringa\Module 5\Summative2\realwaste\realwaste-main\RealWaste\Cardboard\Cardboard_169.jpg,524,524,RGB,1.0,160.8,156.97844,50.3942,55.101128
Cardboard_17.jpg,Cardboard,D:\Recovered Documents\Moringa\Module 5\Summative2\realwaste\realwaste-main\RealWaste\Cardboard\Cardboard_17.jpg,524,524,RGB,1.0,92.4,166.49638,37.43673,33.636284
Cardboard_170.jpg,Cardboard,D:\Recovered Documents\Moringa\Module 5\Summative2\realwaste\realwaste-main\RealWaste\Cardboard\Cardboard_170.jpg,524,524,RGB,1.0,154.9,157.09924,50.436028,49.159286
Cardboard_171.jpg,Cardboard,D:\Recovered Documents\Moringa\Module 5\Summative2\realwaste\realwaste-main\RealWaste\Cardboard\Cardboard_171.jpg,524,524,RGB,1.0,139.5,133.2254,52.450985,114.15885
Cardboard_172.jpg,Cardboard,D:\Recovered Documents\Moringa\Module 5\Summative2\realwaste\realwaste-main\RealWaste\Cardboard\Cardboard_172.jpg,524,524,RGB,1.0,133.6,142.8138,39.800076,89.12153
Cardboard_173.jpg,Cardboard,D:\Recovered Documents\Moringa\Module 5\Summative2\realwaste\realwaste-main\RealWaste\Cardboard\Cardboard_173.jpg,524,524,RGB,1.0,145.4,149.38773,36.652424,85.83854
Cardboard_174.jpg,Cardboard,D:\Recovered Documents\Moringa\Module 5\Summative2\realwaste\realwaste-main\RealWaste\Cardboard\Cardboard_174.jpg,524,524,RGB,1.0,147.6,145.43808,39.414974,81.21224
Cardboard_175.jpg,Cardboard,D:\Recovered Documents\Moringa\Module 5\Summative2\realwaste\realwaste-main\RealWaste\Cardboard\Cardboard_175.jpg,524,524,RGB,1.0,150.1,151.23495,36.09725,80.84462
Cardboard_176.jpg,Cardboard,D:\Recovered Documents\Moringa\Module 5\Summative2\realwaste\realwaste-main\RealWaste\Cardboard\Cardboard_176.jpg,524,524,RGB,1.0,127.9,154.78835,33.210438,62.942276
Cardboard_177.jpg,Cardboard,D:\Recovered Documents\Moringa\Module 5\Summative2\realwaste\realwaste-main\RealWaste\Cardboard\Cardboard_177.jpg,524,524,RGB,1.0,166.9,147.10663,36.425186,64.86806
Cardboard_178.jpg,Cardboard,D:\Recovered Documents\Moringa\Module 5\Summative2\realwaste\realwaste-main\RealWaste\Cardboard\Cardboard_178.jpg,524,524,RGB,1.0,173.6,153.3164,32.494263,67.43403
Cardboard_179.jpg,Cardboard,D:\Recovered Documents\Moringa\Module 5\Summative2\realwaste\realwaste-main\RealWaste\Cardboard\Cardboard_179.jpg,524,524,RGB,1.0,106.7,141.46875,39.314026,68.66971
Cardboard_18.jpg,Cardboard,D:\Recovered Documents\Moringa\Module 5\Summative2\realwaste\realwaste-main\RealWaste\Cardboard\Cardboard_18.jpg,524,524,RGB,1.0,97.6,163.71107,37.819492,24.280382
Cardboard_180.jpg,Cardboard,D:\Recovered Documents\Moringa\Module 5\Summative2\realwaste\realwaste-main\RealWaste\Cardboard\Cardboard_180.jpg,524,524,RGB,1.0,127.0,139.73727,40.74806,92.46962
Cardboard_181.jpg,Cardboard,D:\Recovered Documents\Moringa\Module 5\Summative2\realwaste\realwaste-main\RealWaste\Cardboard\Cardboard_181.jpg,524,524,RGB,1.0,112.1,145.08464,46.236248,77.86632
Cardboard_182.jpg,Cardboard,D:\Recovered Documents\Moringa\Module 5\Summative2\realwaste\realwaste-main\RealWaste\Cardboard\Cardboard_182.jpg,524,524,RGB,1.0,145.2,141.72859,44.12872,90.53819
Cardboard_183.jpg,Cardboard,D:\Recovered Documents\Moringa\Module 5\Summative2\realwaste\realwaste-main\RealWaste\Cardboard\Cardboard_183.jpg,524,524,RGB,1.0,138.5,144.52228,47.580105,90.18446
Cardboard_184.jpg,Cardboard,D:\Recovered Documents\Moringa\Module 5\Summative2\realwaste\realwaste-main\RealWaste\Cardboard\Cardboard_184.jpg,524,524,RGB,1.0,94.7,147.20413,46.83959,80.733505
Cardboard_185.jpg,Cardboard,D:\Recovered Documents\Moringa\Module 5\Summative2\realwaste\realwaste-main\RealWaste\Cardboard\Cardboard_185.jpg,524,524,RGB,1.0,146.8,152.14857,38.80354,77.986115
Cardboard_186.jpg,Cardboard,D:\Recovered Documents\Moringa\Module 5\Summative2\realwaste\realwaste-main\RealWaste\Cardboard\Cardboard_186.jpg,524,524,RGB,1.0,132.3,153.70038,35.828205,80.354164
Cardboard_187.jpg,Cardboard,D:\Recovered Documents\Moringa\Module 5\Summative2\realwaste\realwaste-main\RealWaste\Cardboard\Cardboard_187.jpg,524,524,RGB,1.0,87.0,152.84505,34.687828,80.40278
Cardboard_188.jpg,Cardboard,D:\Recovered Documents\Moringa\Module 5\Summative2\realwaste\realwaste-main\RealWaste\Cardboard\Cardboard_188.jpg,524,524,RGB,1.0,116.5,150.03893,38.69267,80.42144
Cardboard_189.jpg,Cardboard,D:\Recovered Documents\Moringa\Module 5\Summative2\realwaste\realwaste-main\RealWaste\Cardboard\Cardboard_189.jpg,524,524,RGB,1.0,184.0,141.53111,53.733692,75.09158
Cardboard_19.jpg,Cardboard,D:\Recovered Documents\Moringa\Module 5\Summative2\realwaste\realwaste-main\RealWaste\Cardboard\Cardboard_19.jpg,524,524,RGB,1.0,98.2,167.85301,34.829643,26.488281
Cardboard_190.jpg,Cardboard,D:\Recovered Documents\Moringa\Module 5\Summative2\realwaste\realwaste-main\RealWaste\Cardboard\Cardboard_190.jpg,524,524,RGB,1.0,113.6,160.44286,54.64959,53.818142
Cardboard_191.jpg,Cardboard,D:\Recovered Documents\Moringa\Module 5\Summative2\realwaste\realwaste-main\RealWaste\Cardboard\Cardboard_191.jpg,524,524,RGB,1.0,188.6,133.4304,52.76615,97.72613
Cardboard_192.jpg,Cardboard,D:\Recovered Documents\Moringa\Module 5\Summative2\realwaste\realwaste-main\RealWaste\Cardboard\Cardboard_192.jpg,524,524,RGB,1.0,174.6,157.27083,37.15511,29.473959
Cardboard_193.jpg,Cardboard,D:\Recovered Documents\Moringa\Module 5\Summative2\realwaste\realwaste-main\RealWaste\Cardboard\Cardboard_193.jpg,524,524,RGB,1.0,195.1,136.36212,49.692463,86.29991
Cardboard_194.jpg,Cardboard,D:\Recovered Documents\Moringa\Module 5\Summative2\realwaste\realwaste-main\RealWaste\Cardboard\Cardboard_194.jpg,524,524,RGB,1.0,150.4,155.39207,49.298786,47.47092
Cardboard_195.jpg,Cardboard,D:\Recovered Documents\Moringa\Module 5\Summative2\realwaste\realwaste-main\RealWaste\Cardboard\Cardboard_195.jpg,524,524,RGB,1.0,154.9,149.77098,48.777256,54.199654
Cardboard_196.jpg,Cardboard,D:\Recovered Documents\Moringa\Module 5\Summative2\realwaste\realwaste-main\RealWaste\Cardboard\Cardboard_196.jpg,524,524,RGB,1.0,150.5,158.56366,50.18214,47.902344
Cardboard_197.jpg,Cardboard,D:\Recovered Documents\Moringa\Module 5\Summative2\realwaste\realwaste-main\RealWaste\Cardboard\Cardboard_197.jpg,524,524,RGB,1.0,119.4,158.67549,33.869232,39.73828
Cardboard_198.jpg,Cardboard,D:\Recovered Documents\Moringa\Module 5\Summative2\realwaste\realwaste-main\RealWaste\Cardboard\Cardboard_198.jpg,524,524,RGB,1.0,91.8,159.63152,32.873436,27.378906
Cardboard_199.jpg,Cardboard,D:\Recovered Documents\Moringa\Module 5\Summative2\realwaste\realwaste-main\RealWaste\Cardboard\Cardboard_199.jpg,524,524,RGB,1.0,119.9,155.06293,34.388233,36.64974
Cardboard_2.jpg,Cardboard,D:\Recovered Documents\Moringa\Module 5\Summative2\realwaste\realwaste-main\RealWaste\Cardboard\Cardboard_2.jpg,524,524,RGB,1.0,121.9,152.10257,51.256996,65.58463
Cardboard_20.jpg,Cardboard,D:\Recovered Documents\Moringa\Module 5\Summative2\realwaste\realwaste-main\RealWaste\Cardboard\Cardboard_20.jpg,524,524,RGB,1.0,97.4,162.12138,37.617096,22.97526
Cardboard_200.jpg,Cardboard,D:\Recovered Documents\Moringa\Module 5\Summative2\realwaste\realwaste-main\RealWaste\Cardboard\Cardboard_200.jpg,524,524,RGB,1.0,107.2,161.95139,48.737858,48.908855
Cardboard_201.jpg,Cardboard,D:\Recovered Documents\Moringa\Module 5\Summative2\realwaste\realwaste-main\RealWaste\Cardboard\Cardboard_201.jpg,524,524,RGB,1.0,121.4,149.55527,55.258953,65.67795
Cardboard_202.jpg,Cardboard,D:\Recovered Documents\Moringa\Module 5\Summative2\realwaste\realwaste-main\RealWaste\Cardboard\Cardboard_202.jpg,524,524,RGB,1.0,88.9,166.52489,45.752205,43.173176
Cardboard_203.jpg,Cardboard,D:\Recovered Documents\Moringa\Module 5\Summative2\realwaste\realwaste-main\RealWaste\Cardboard\Cardboard_203.jpg,524,524,RGB,1.0,101.4,160.27415,46.09167,45.357204
Cardboard_204.jpg,Cardboard,D:\Recovered Documents\Moringa\Module 5\Summative2\realwaste\realwaste-main\RealWaste\Cardboard\Cardboard_204.jpg,524,524,RGB,1.0,120.0,158.99422,51.48049,50.90278
Cardboard_205.jpg,Cardboard,D:\Recovered Documents\Moringa\Module 5\Summative2\realwaste\realwaste-main\RealWaste\Cardboard\Cardboard_205.jpg,524,524,RGB,1.0,122.7,152.29167,57.76074,58.84462
Cardboard_206.jpg,Cardboard,D:\Recovered Documents\Moringa\Module 5\Summative2\realwaste\realwaste-main\RealWaste\Cardboard\Cardboard_206.jpg,524,524,RGB,1.0,113.7,154.30527,63.757603,36.15972
Cardboard_207.jpg,Cardboard,D:\Recovered Documents\Moringa\Module 5\Summative2\realwaste\realwaste-main\RealWaste\Cardboard\Cardboard_207.jpg,524,524,RGB,1.0,124.4,153.5272,42.574543,63.099392
Cardboard_208.jpg,Cardboard,D:\Recovered Documents\Moringa\Module 5\Summative2\realwaste\realwaste-main\RealWaste\Cardboard\Cardboard_208.jpg,524,524,RGB,1.0,106.7,157.95413,30.60313,46.820747
Cardboard_209.jpg,Cardboard,D:\Recovered Documents\Moringa\Module 5\Summative2\realwaste\realwaste-main\RealWaste\Cardboard\Cardboard_209.jpg,524,524,RGB,1.0,90.8,156.32509,33.6085,53.342014
Cardboard_21.jpg,Cardboard,D:\Recovered Documents\Moringa\Module 5\Summative2\realwaste\realwaste-main\RealWaste\Cardboard\Cardboard_21.jpg,524,524,RGB,1.0,116.5,157.26794,38.631668,36.463543
Cardboard_210.jpg,Cardboard,D:\Recovered Documents\Moringa\Module 5\Summative2\realwaste\realwaste-main\RealWaste\Cardboard\Cardboard_210.jpg,524,524,RGB,1.0,108.8,157.6914,37.528297,61.61111
Cardboard_211.jpg,Cardboard,D:\Recovered Documents\Moringa\Module 5\Summative2\realwaste\realwaste-main\RealWaste\Cardboard\Cardboard_211.jpg,524,524,RGB,1.0,117.2,153.12009,48.2609,64.81597
Cardboard_212.jpg,Cardboard,D:\Recovered Documents\Moringa\Module 5\Summative2\realwaste\realwaste-main\RealWaste\Cardboard\Cardboard_212.jpg,524,524,RGB,1.0,126.9,158.73944,50.771614,49.154514
Cardboard_213.jpg,Cardboard,D:\Recovered Documents\Moringa\Module 5\Summative2\realwaste\realwaste-main\RealWaste\Cardboard\Cardboard_213.jpg,524,524,RGB,1.0,134.2,150.53502,47.697796,70.51779
Cardboard_214.jpg,Cardboard,D:\Recovered Documents\Moringa\Module 5\Summative2\realwaste\realwaste-main\RealWaste\Cardboard\Cardboard_214.jpg,524,524,RGB,1.0,117.4,156.9116,58.227448,74.6059
Cardboard_215.jpg,Cardboard,D:\Recovered Documents\Moringa\Module 5\Summative2\realwaste\realwaste-main\RealWaste\Cardboard\Cardboard_215.jpg,524,524,RGB,1.0,89.2,157.30527,50.688606,58.54644
Cardboard_216.jpg,Cardboard,D:\Recovered Documents\Moringa\Module 5\Summative2\realwaste\realwaste-main\RealWaste\Cardboard\Cardboard_216.jpg,524,524,RGB,1.0,106.7,153.13136,65.16668,44.63889
Cardboard_217.jpg,Cardboard,D:\Recovered Documents\Moringa\Module 5\Summative2\realwaste\realwaste-main\RealWaste\Cardboard\Cardboard_217.jpg,524,524,RGB,1.0,103.4,150.03645,52.718533,65.00738
Cardboard_218.jpg,Cardboard,D:\Recovered Documents\Moringa\Module 5\Summative2\realwaste\realwaste-main\RealWaste\Cardboard\Cardboard_218.jpg,524,524,RGB,1.0,115.3,147.48076,64.21292,88.99783
Cardboard_219.jpg,Cardboard,D:\Recovered Documents\Moringa\Module 5\Summative2\realwaste\realwaste-main\RealWaste\Cardboard\Cardboard_219.jpg,524,524,RGB,1.0,129.3,155.46904,54.152298,72.170135
Cardboard_22.jpg,Cardboard,D:\Recovered Documents\Moringa\Module 5\Summative2\realwaste\realwaste-main\RealWaste\Cardboard\Cardboard_22.jpg,524,524,RGB,1.0,88.7,172.28487,38.61441,38.633247
Cardboard_220.jpg,Cardboard,D:\Recovered Documents\Moringa\Module 5\Summative2\realwaste\realwaste-main\RealWaste\Cardboard\Cardboard_220.jpg,524,524,RGB,1.0,130.1,155.74567,59.463226,74.23698
Cardboard_221.jpg,Cardboard,D:\Recovered Documents\Moringa\Module 5\Summative2\realwaste\realwaste-main\RealWaste\Cardboard\Cardboard_221.jpg,524,524,RGB,1.0,118.5,148.11603,54.18683,60.13759
Cardboard_222.jpg,Cardboard,D:\Recovered Documents\Moringa\Module 5\Summative2\realwaste\realwaste-main\RealWaste\Cardboard\Cardboard_222.jpg,524,524,RGB,1.0,121.8,157.32176,48.650276,31.473959
Cardboard_223.jpg,Cardboard,D:\Recovered Documents\Moringa\Module 5\Summative2\realwaste\realwaste-main\RealWaste\Cardboard\Cardboard_223.jpg,524,524,RGB,1.0,82.0,167.8329,40.929844,18.02474
Cardboard_224.jpg,Cardboard,D:\Recovered Documents\Moringa\Module 5\Summative2\realwaste\realwaste-main\RealWaste\Cardboard\Cardboard_224.jpg,524,524,RGB,1.0,97.8,151.87819,36.647682,70.38759
Cardboard_225.jpg,Cardboard,D:\Recovered Documents\Moringa\Module 5\Summative2\realwaste\realwaste-main\RealWaste\Cardboard\Cardboard_225.jpg,524,524,RGB,1.0,100.2,164.73929,35.391804,39.490017
Cardboard_226.jpg,Cardboard,D:\Recovered Documents\Moringa\Module 5\Summative2\realwaste\realwaste-main\RealWaste\Cardboard\Cardboard_226.jpg,524,524,RGB,1.0,115.7,149.81525,56.780907,42.445312
Cardboard_227.jpg,Cardboard,D:\Recovered Documents\Moringa\Module 5\Summative2\realwaste\realwaste-main\RealWaste\Cardboard\Cardboard_227.jpg,524,524,RGB,1.0,95.5,160.46397,47.43074,33.585503
Cardboard_228.jpg,Cardboard,D:\Recovered Documents\Moringa\Module 5\Summative2\realwaste\realwaste-main\RealWaste\Cardboard\Cardboard_228.jpg,524,524,RGB,1.0,103.6,162.24812,49.315495,35.586807
Cardboard_229.jpg,Cardboard,D:\Recovered Documents\Moringa\Module 5\Summative2\realwaste\realwaste-main\RealWaste\Cardboard\Cardboard_229.jpg,524,524,RGB,1.0,128.5,157.93562,33.392357,33.175346
Cardboard_23.jpg,Cardboard,D:\Recovered Documents\Moringa\Module 5\Summative2\realwaste\realwaste-main\RealWaste\Cardboard\Cardboard_23.jpg,524,524,RGB,1.0,90.3,164.28082,37.89954,36.6671
Cardboard_230.jpg,Cardboard,D:\Recovered Documents\Moringa\Module 5\Summative2\realwaste\realwaste-main\RealWaste\Cardboard\Cardboard_230.jpg,524,524,RGB,1.0,110.7,157.37051,37.596687,42.380642
Cardboard_231.jpg,Cardboard,D:\Recovered Documents\Moringa\Module 5\Summative2\realwaste\realwaste-main\RealWaste\Cardboard\Cardboard_231.jpg,524,524,RGB,1.0,91.5,159.30368,44.39342,45.648872
Cardboard_232.jpg,Cardboard,D:\Recovered Documents\Moringa\Module 5\Summative2\realwaste\realwaste-main\RealWaste\Cardboard\Cardboard_232.jpg,524,524,RGB,1.0,128.1,150.42216,59.23067,70.24913
Cardboard_233.jpg,Cardboard,D:\Recovered Documents\Moringa\Module 5\Summative2\realwaste\realwaste-main\RealWaste\Cardboard\Cardboard_233.jpg,524,524,RGB,1.0,126.0,164.29152,44.47749,45.00347
Cardboard_234.jpg,Cardboard,D:\Recovered Documents\Moringa\Module 5\Summative2\realwaste\realwaste-main\RealWaste\Cardboard\Cardboard_234.jpg,524,524,RGB,1.0,111.2,165.15929,40.424114,38.84592
Cardboard_235.jpg,Cardboard,D:\Recovered Documents\Moringa\Module 5\Summative2\realwaste\realwaste-main\RealWaste\Cardboard\Cardboard_235.jpg,524,524,RGB,1.0,80.2,160.47424,37.103977,56.62153
Cardboard_236.jpg,Cardboard,D:\Recovered Documents\Moringa\Module 5\Summative2\realwaste\realwaste-main\RealWaste\Cardboard\Cardboard_236.jpg,524,524,RGB,1.0,123.2,159.27531,45.31278,53.375
Cardboard_237.jpg,Cardboard,D:\Recovered Documents\Moringa\Module 5\Summative2\realwaste\realwaste-main\RealWaste\Cardboard\Cardboard_237.jpg,524,524,RGB,1.0,87.3,152.02908,39.018517,36.869358
Cardboard_238.jpg,Cardboard,D:\Recovered Documents\Moringa\Module 5\Summative2\realwaste\realwaste-main\RealWaste\Cardboard\Cardboard_238.jpg,524,524,RGB,1.0,115.5,161.62877,42.89266,36.56684
Cardboard_239.jpg,Cardboard,D:\Recovered Documents\Moringa\Module 5\Summative2\realwaste\realwaste-main\RealWaste\Cardboard\Cardboard_239.jpg,524,524,RGB,1.0,111.5,157.40192,34.415382,32.019096
Cardboard_24.jpg,Cardboard,D:\Recovered Documents\Moringa\Module 5\Summative2\realwaste\realwaste-main\RealWaste\Cardboard\Cardboard_24.jpg,524,524,RGB,1.0,73.3,157.42462,34.932034,54.118057
Cardboard_240.jpg,Cardboard,D:\Recovered Documents\Moringa\Module 5\Summative2\realwaste\realwaste-main\RealWaste\Cardboard\Cardboard_240.jpg,524,524,RGB,1.0,130.3,155.43098,38.74488,38.477432
Cardboard_241.jpg,Cardboard,D:\Recovered Documents\Moringa\Module 5\Summative2\realwaste\realwaste-main\RealWaste\Cardboard\Cardboard_241.jpg,524,524,RGB,1.0,121.9,155.455,35.137173,37.41797
Cardboard_242.jpg,Cardboard,D:\Recovered Documents\Moringa\Module 5\Summative2\realwaste\realwaste-main\RealWaste\Cardboard\Cardboard_242.jpg,524,524,RGB,1.0,106.6,168.28806,34.21841,26.437935
Cardboard_243.jpg,Cardboard,D:\Recovered Documents\Moringa\Module 5\Summative2\realwaste\realwaste-main\RealWaste\Cardboard\Cardboard_243.jpg,524,524,RGB,1.0,123.7,155.96861,37.8705,42.639324
Cardboard_244.jpg,Cardboard,D:\Recovered Documents\Moringa\Module 5\Summative2\realwaste\realwaste-main\RealWaste\Cardboard\Cardboard_244.jpg,524,524,RGB,1.0,98.0,159.67506,39.327385,41.76085
Cardboard_245.jpg,Cardboard,D:\Recovered Documents\Moringa\Module 5\Summative2\realwaste\realwaste-main\RealWaste\Cardboard\Cardboard_245.jpg,524,524,RGB,1.0,126.6,152.95009,49.07702,46.383247
Cardboard_246.jpg,Cardboard,D:\Recovered Documents\Moringa\Module 5\Summative2\realwaste\realwaste-main\RealWaste\Cardboard\Cardboard_246.jpg,524,524,RGB,1.0,77.1,154.75043,41.40786,49.1671
Cardboard_247.jpg,Cardboard,D:\Recovered Documents\Moringa\Module 5\Summative2\realwaste\realwaste-main\RealWaste\Cardboard\Cardboard_247.jpg,524,524,RGB,1.0,124.7,154.43764,50.30175,49.387154
Cardboard_248.jpg,Cardboard,D:\Recovered Documents\Moringa\Module 5\Summative2\realwaste\realwaste-main\RealWaste\Cardboard\Cardboard_248.jpg,524,524,RGB,1.0,91.6,169.61502,32.51116,53.80903
Cardboard_249.jpg,Cardboard,D:\Recovered Documents\Moringa\Module 5\Summative2\realwaste\realwaste-main\RealWaste\Cardboard\Cardboard_249.jpg,524,524,RGB,1.0,133.6,155.07494,52.565742,64.453125
Cardboard_25.jpg,Cardboard,D:\Recovered Documents\Moringa\Module 5\Summative2\realwaste\realwaste-main\RealWaste\Cardboard\Cardboard_25.jpg,524,524,RGB,1.0,101.6,154.4663,50.77443,77.318146
Cardboard_250.jpg,Cardboard,D:\Recovered Documents\Moringa\Module 5\Summative2\realwaste\realwaste-main\RealWaste\Cardboard\Cardboard_250.jpg,524,524,RGB,1.0,146.3,148.79948,49.014015,68.93359
Cardboard_251.jpg,Cardboard,D:\Recovered Documents\Moringa\Module 5\Summative2\realwaste\realwaste-main\RealWaste\Cardboard\Cardboard_251.jpg,524,524,RGB,1.0,122.5,153.92072,48.91109,52.269096
Cardboard_252.jpg,Cardboard,D:\Recovered Documents\Moringa\Module 5\Summative2\realwaste\realwaste-main\RealWaste\Cardboard\Cardboard_252.jpg,524,524,RGB,1.0,116.8,153.12933,44.220295,61.593315
Cardboard_253.jpg,Cardboard,D:\Recovered Documents\Moringa\Module 5\Summative2\realwaste\realwaste-main\RealWaste\Cardboard\Cardboard_253.jpg,524,524,RGB,1.0,129.6,151.61386,44.334583,62.947918
Cardboard_254.jpg,Cardboard,D:\Recovered Documents\Moringa\Module 5\Summative2\realwaste\realwaste-main\RealWaste\Cardboard\Cardboard_254.jpg,524,524,RGB,1.0,124.8,155.80975,41.2547,54.3329
Cardboard_255.jpg,Cardboard,D:\Recovered Documents\Moringa\Module 5\Summative2\realwaste\realwaste-main\RealWaste\Cardboard\Cardboard_255.jpg,524,524,RGB,1.0,76.9,151.92636,32.7448,43.729168
Cardboard_256.jpg,Cardboard,D:\Recovered Documents\Moringa\Module 5\Summative2\realwaste\realwaste-main\RealWaste\Cardboard\Cardboard_256.jpg,524,524,RGB,1.0,87.9,148.9877,39.720943,51.341145
Cardboard_257.jpg,Cardboard,D:\Recovered Documents\Moringa\Module 5\Summative2\realwaste\realwaste-main\RealWaste\Cardboard\Cardboard_257.jpg,524,524,RGB,1.0,75.1,162.80975,30.871824,58.039497
Cardboard_258.jpg,Cardboard,D:\Recovered Documents\Moringa\Module 5\Summative2\realwaste\realwaste-main\RealWaste\Cardboard\Cardboard_258.jpg,524,524,RGB,1.0,110.9,150.46194,51.214794,61.825954
Cardboard_259.jpg,Cardboard,D:\Recovered Documents\Moringa\Module 5\Summative2\realwaste\realwaste-main\RealWaste\Cardboard\Cardboard_259.jpg,524,524,RGB,1.0,103.4,158.00478,38.28339,58.569878
Cardboard_26.jpg,Cardboard,D:\Recovered Documents\Moringa\Module 5\Summative2\realwaste\realwaste-main\RealWaste\Cardboard\Cardboard_26.jpg,524,524,RGB,1.0,192.2,151.14902,48.795734,68.25955
Cardboard_260.jpg,Cardboard,D:\Recovered Documents\Moringa\Module 5\Summative2\realwaste\realwaste-main\RealWaste\Cardboard\Cardboard_260.jpg,524,524,RGB,1.0,100.4,158.05585,41.29644,35.077255
Cardboard_261.jpg,Cardboard,D:\Recovered Documents\Moringa\Module 5\Summative2\realwaste\realwaste-main\RealWaste\Cardboard\Cardboard_261.jpg,524,524,RGB,1.0,94.4,158.19705,38.576504,27.559462
Cardboard_262.jpg,Cardboard,D:\Recovered Documents\Moringa\Module 5\Summative2\realwaste\realwaste-main\RealWaste\Cardboard\Cardboard_262.jpg,524,524,RGB,1.0,83.5,149.40393,46.739063,39.333332
Cardboard_263.jpg,Cardboard,D:\Recovered Documents\Moringa\Module 5\Summative2\realwaste\realwaste-main\RealWaste\Cardboard\Cardboard_263.jpg,524,524,RGB,1.0,113.8,149.39207,48.615147,57.36415
Cardboard_264.jpg,Cardboard,D:\Recovered Documents\Moringa\Module 5\Summative2\realwaste\realwaste-main\RealWaste\Cardboard\Cardboard_264.jpg,524,524,RGB,1.0,119.7,147.58739,46.92992,71.113716
Cardboard_265.jpg,Cardboard,D:\Recovered Documents\Moringa\Module 5\Summative2\realwaste\realwaste-main\RealWaste\Cardboard\Cardboard_265.jpg,524,524,RGB,1.0,120.7,147.00824,49.953114,70.33116
Cardboard_266.jpg,Cardboard,D:\Recovered Documents\Moringa\Module 5\Summative2\realwaste\realwaste-main\RealWaste\Cardboard\Cardboard_266.jpg,524,524,RGB,1.0,63.6,160.59737,33.278687,39.075954
Cardboard_267.jpg,Cardboard,D:\Recovered Documents\Moringa\Module 5\Summative2\realwaste\realwaste-main\RealWaste\Cardboard\Cardboard_267.jpg,524,524,RGB,1.0,112.1,150.85822,46.68368,50.96658
Cardboard_268.jpg,Cardboard,D:\Recovered Documents\Moringa\Module 5\Summative2\realwaste\realwaste-main\RealWaste\Cardboard\Cardboard_268.jpg,524,524,RGB,1.0,80.0,156.13455,34.290974,57.307724
Cardboard_269.jpg,Cardboard,D:\Recovered Documents\Moringa\Module 5\Summative2\realwaste\realwaste-main\RealWaste\Cardboard\Cardboard_269.jpg,524,524,RGB,1.0,115.3,146.12717,43.719574,40.98264
Cardboard_27.jpg,Cardboard,D:\Recovered Documents\Moringa\Module 5\Summative2\realwaste\realwaste-main\RealWaste\Cardboard\Cardboard_27.jpg,524,524,RGB,1.0,112.1,160.44183,41.377853,26.059462
Cardboard_270.jpg,Cardboard,D:\Recovered Documents\Moringa\Module 5\Summative2\realwaste\realwaste-main\RealWaste\Cardboard\Cardboard_270.jpg,524,524,RGB,1.0,95.9,159.43764,31.497072,36.625435
Cardboard_271.jpg,Cardboard,D:\Recovered Documents\Moringa\Module 5\Summative2\realwaste\realwaste-main\RealWaste\Cardboard\Cardboard_271.jpg,524,524,RGB,1.0,119.3,143.94473,43.98356,59.545574
Cardboard_272.jpg,Cardboard,D:\Recovered Documents\Moringa\Module 5\Summative2\realwaste\realwaste-main\RealWaste\Cardboard\Cardboard_272.jpg,524,524,RGB,1.0,119.2,161.80714,56.78256,56.474827
Cardboard_273.jpg,Cardboard,D:\Recovered Documents\Moringa\Module 5\Summative2\realwaste\realwaste-main\RealWaste\Cardboard\Cardboard_273.jpg,524,524,RGB,1.0,103.1,149.41306,44.601784,49.161892
Cardboard_274.jpg,Cardboard,D:\Recovered Documents\Moringa\Module 5\Summative2\realwaste\realwaste-main\RealWaste\Cardboard\Cardboard_274.jpg,524,524,RGB,1.0,100.4,159.83435,27.389553,30.353298
Cardboard_275.jpg,Cardboard,D:\Recovered Documents\Moringa\Module 5\Summative2\realwaste\realwaste-main\RealWaste\Cardboard\Cardboard_275.jpg,524,524,RGB,1.0,94.9,153.30975,52.260002,85.64323
Cardboard_276.jpg,Cardboard,D:\Recovered Documents\Moringa\Module 5\Summative2\realwaste\realwaste-main\RealWaste\Cardboard\Cardboard_276.jpg,524,524,RGB,1.0,104.6,161.59042,49.9293,50.601128
Cardboard_277.jpg,Cardboard,D:\Recovered Documents\Moringa\Module 5\Summative2\realwaste\realwaste-main\RealWaste\Cardboard\Cardboard_277.jpg,524,524,RGB,1.0,95.5,165.91478,40.065437,39.410156
Cardboard_278.jpg,Cardboard,D:\Recovered Documents\Moringa\Module 5\Summative2\realwaste\realwaste-main\RealWaste\Cardboard\Cardboard_278.jpg,524,524,RGB,1.0,96.7,167.48886,39.7581,31.865885
Cardboard_279.jpg,Cardboard,D:\Recovered Documents\Moringa\Module 5\Summative2\realwaste\realwaste-main\RealWaste\Cardboard\Cardboard_279.jpg,524,524,RGB,1.0,78.1,163.1807,38.642487,52.360676
Cardboard_28.jpg,Cardboard,D:\Recovered Documents\Moringa\Module 5\Summative2\realwaste\realwaste-main\RealWaste\Cardboard\Cardboard_28.jpg,524,524,RGB,1.0,179.8,167.8384,41.729404,43.70269
Cardboard_280.jpg,Cardboard,D:\Recovered Documents\Moringa\Module 5\Summative2\realwaste\realwaste-main\RealWaste\Cardboard\Cardboard_280.jpg,524,524,RGB,1.0,123.1,157.07523,44.760906,41.257378
Cardboard_281.jpg,Cardboard,D:\Recovered Documents\Moringa\Module 5\Summative2\realwaste\realwaste-main\RealWaste\Cardboard\Cardboard_281.jpg,524,524,RGB,1.0,106.1,161.90958,42.290108,40.179253
Cardboard_282.jpg,Cardboard,D:\Recovered Documents\Moringa\Module 5\Summative2\realwaste\realwaste-main\RealWaste\Cardboard\Cardboard_282.jpg,524,524,RGB,1.0,89.5,163.92361,40.647552,47.349392
Cardboard_283.jpg,Cardboard,D:\Recovered Documents\Moringa\Module 5\Summative2\realwaste\realwaste-main\RealWaste\Cardboard\Cardboard_283.jpg,524,524,RGB,1.0,99.0,160.91565,32.535873,43.156685
Cardboard_284.jpg,Cardboard,D:\Recovered Documents\Moringa\Module 5\Summative2\realwaste\realwaste-main\RealWaste\Cardboard\Cardboard_284.jpg,524,524,RGB,1.0,96.7,163.52444,38.47239,40.46962
Cardboard_285.jpg,Cardboard,D:\Recovered Documents\Moringa\Module 5\Summative2\realwaste\realwaste-main\RealWaste\Cardboard\Cardboard_285.jpg,524,524,RGB,1.0,127.4,157.9867,44.64488,45.839844
Cardboard_286.jpg,Cardboard,D:\Recovered Documents\Moringa\Module 5\Summative2\realwaste\realwaste-main\RealWaste\Cardboard\Cardboard_286.jpg,524,524,RGB,1.0,113.2,162.82986,46.545246,45.796005
Cardboard_287.jpg,Cardboard,D:\Recovered Documents\Moringa\Module 5\Summative2\realwaste\realwaste-main\RealWaste\Cardboard\Cardboard_287.jpg,524,524,RGB,1.0,95.4,159.00768,45.691498,53.75347
Cardboard_288.jpg,Cardboard,D:\Recovered Documents\Moringa\Module 5\Summative2\realwaste\realwaste-main\RealWaste\Cardboard\Cardboard_288.jpg,524,524,RGB,1.0,100.9,161.92694,54.10114,37.845486
Cardboard_289.jpg,Cardboard,D:\Recovered Documents\Moringa\Module 5\Summative2\realwaste\realwaste-main\RealWaste\Cardboard\Cardboard_289.jpg,524,524,RGB,1.0,128.6,154.3805,46.258038,58.01606
Cardboard_29.jpg,Cardboard,D:\Recovered Documents\Moringa\Module 5\Summative2\realwaste\realwaste-main\RealWaste\Cardboard\Cardboard_29.jpg,524,524,RGB,1.0,179.5,145.03415,42.21992,49.73698
Cardboard_290.jpg,Cardboard,D:\Recovered Documents\Moringa\Module 5\Summative2\realwaste\realwaste-main\RealWaste\Cardboard\Cardboard_290.jpg,524,524,RGB,1.0,64.8,169.95587,32.258484,51.23134
Cardboard_291.jpg,Cardboard,D:\Recovered Documents\Moringa\Module 5\Summative2\realwaste\realwaste-main\RealWaste\Cardboard\Cardboard_291.jpg,524,524,RGB,1.0,103.6,167.1629,44.520374,37.84592
Cardboard_292.jpg,Cardboard,D:\Recovered Documents\Moringa\Module 5\Summative2\realwaste\realwaste-main\RealWaste\Cardboard\Cardboard_292.jpg,524,524,RGB,1.0,111.4,158.9647,47.556362,60.86328
Cardboard_293.jpg,Cardboard,D:\Recovered Documents\Moringa\Module 5\Summative2\realwaste\realwaste-main\RealWaste\Cardboard\Cardboard_293.jpg,524,524,RGB,1.0,115.2,163.3844,49.243984,57.73915
Cardboard_294.jpg,Cardboard,D:\Recovered Documents\Moringa\Module 5\Summative2\realwaste\realwaste-main\RealWaste\Cardboard\Cardboard_294.jpg,524,524,RGB,1.0,105.7,162.73451,41.082623,46.102432
Cardboard_295.jpg,Cardboard,D:\Recovered Documents\Moringa\Module 5\Summative2\realwaste\realwaste-main\RealWaste\Cardboard\Cardboard_295.jpg,524,524,RGB,1.0,86.4,163.77243,29.866745,46.07856
Cardboard_296.jpg,Cardboard,D:\Recovered Documents\Moringa\Module 5\Summative2\realwaste\realwaste-main\RealWaste\Cardboard\Cardboard_296.jpg,524,524,RGB,1.0,113.0,147.89062,39.004757,68.54644
Cardboard_297.jpg,Cardboard,D:\Recovered Documents\Moringa\Module 5\Summative2\realwaste\realwaste-main\RealWaste\Cardboard\Cardboard_297.jpg,524,524,RGB,1.0,72.2,162.16739,47.065117,49.237846
Cardboard_298.jpg,Cardboard,D:\Recovered Documents\Moringa\Module 5\Summative2\realwaste\realwaste-main\RealWaste\Cardboard\Cardboard_298.jpg,524,524,RGB,1.0,88.2,159.5492,43.409496,59.371964
Cardboard_299.jpg,Cardboard,D:\Recovered Documents\Moringa\Module 5\Summative2\realwaste\realwaste-main\RealWaste\Cardboard\Cardboard_299.jpg,524,524,RGB,1.0,97.6,145.91493,47.405693,58.99566
Cardboard_3.jpg,Cardboard,D:\Recovered Documents\Moringa\Module 5\Summative2\realwaste\realwaste-main\RealWaste\Cardboard\Cardboard_3.jpg,524,524,RGB,1.0,97.0,157.37457,32.7197,36.98481
Cardboard_30.jpg,Cardboard,D:\Recovered Documents\Moringa\Module 5\Summative2\realwaste\realwaste-main\RealWaste\Cardboard\Cardboard_30.jpg,524,524,RGB,1.0,164.7,149.36589,38.511868,41.217014
Cardboard_300.jpg,Cardboard,D:\Recovered Documents\Moringa\Module 5\Summative2\realwaste\realwaste-main\RealWaste\Cardboard\Cardboard_300.jpg,524,524,RGB,1.0,117.1,152.78848,50.8682,64.52474
Cardboard_301.jpg,Cardboard,D:\Recovered Documents\Moringa\Module 5\Summative2\realwaste\realwaste-main\RealWaste\Cardboard\Cardboard_301.jpg,524,524,RGB,1.0,70.2,159.67621,32.58176,62.724827
Cardboard_302.jpg,Cardboard,D:\Recovered Documents\Moringa\Module 5\Summative2\realwaste\realwaste-main\RealWaste\Cardboard\Cardboard_302.jpg,524,524,RGB,1.0,124.6,153.33406,53.170437,53.767796
Cardboard_303.jpg,Cardboard,D:\Recovered Documents\Moringa\Module 5\Summative2\realwaste\realwaste-main\RealWaste\Cardboard\Cardboard_303.jpg,524,524,RGB,1.0,124.4,145.32552,57.55063,52.497395
Cardboard_304.jpg,Cardboard,D:\Recovered Documents\Moringa\Module 5\Summative2\realwaste\realwaste-main\RealWaste\Cardboard\Cardboard_304.jpg,524,524,RGB,1.0,109.3,155.56844,41.163727,55.65972
Cardboard_305.jpg,Cardboard,D:\Recovered Documents\Moringa\Module 5\Summative2\realwaste\realwaste-main\RealWaste\Cardboard\Cardboard_305.jpg,524,524,RGB,1.0,107.4,154.31844,31.807386,37.25651
Cardboard_306.jpg,Cardboard,D:\Recovered Documents\Moringa\Module 5\Summative2\realwaste\realwaste-main\RealWaste\Cardboard\Cardboard_306.jpg,524,524,RGB,1.0,104.5,153.65813,39.46441,40.703125
Cardboard_307.jpg,Cardboard,D:\Recovered Documents\Moringa\Module 5\Summative2\realwaste\realwaste-main\RealWaste\Cardboard\Cardboard_307.jpg,524,524,RGB,1.0,87.3,157.09505,33.039482,33.08203
Cardboard_308.jpg,Cardboard,D:\Recovered Documents\Moringa\Module 5\Summative2\realwaste\realwaste-main\RealWaste\Cardboard\Cardboard_308.jpg,524,524,RGB,1.0,81.5,163.76591,56.374874,33.84462
Cardboard_309.jpg,Cardboard,D:\Recovered Documents\Moringa\Module 5\Summative2\realwaste\realwaste-main\RealWaste\Cardboard\Cardboard_309.jpg,524,524,RGB,1.0,83.8,160.62978,33.39412,44.74783
Cardboard_31.jpg,Cardboard,D:\Recovered Documents\Moringa\Module 5\Summative2\realwaste\realwaste-main\RealWaste\Cardboard\Cardboard_31.jpg,524,524,RGB,1.0,154.9,164.17303,43.163933,27.79514
Cardboard_310.jpg,Cardboard,D:\Recovered Documents\Moringa\Module 5\Summative2\realwaste\realwaste-main\RealWaste\Cardboard\Cardboard_310.jpg,524,524,RGB,1.0,94.6,162.69574,40.011528,44.933594
Cardboard_311.jpg,Cardboard,D:\Recovered Documents\Moringa\Module 5\Summative2\realwaste\realwaste-main\RealWaste\Cardboard\Cardboard_311.jpg,524,524,RGB,1.0,128.0,146.68402,36.666348,59.288628
Cardboard_312.jpg,Cardboard,D:\Recovered Documents\Moringa\Module 5\Summative2\realwaste\realwaste-main\RealWaste\Cardboard\Cardboard_312.jpg,524,524,RGB,1.0,84.4,156.14207,46.484547,46.26172
Cardboard_313.jpg,Cardboard,D:\Recovered Documents\Moringa\Module 5\Summative2\realwaste\realwaste-main\RealWaste\Cardboard\Cardboard_313.jpg,524,524,RGB,1.0,87.3,164.81844,35.816597,42.37153
Cardboard_314.jpg,Cardboard,D:\Recovered Documents\Moringa\Module 5\Summative2\realwaste\realwaste-main\RealWaste\Cardboard\Cardboard_314.jpg,524,524,RGB,1.0,101.0,161.52054,37.550945,48.863716
Cardboard_315.jpg,Cardboard,D:\Recovered Documents\Moringa\Module 5\Summative2\realwaste\realwaste-main\RealWaste\Cardboard\Cardboard_315.jpg,524,524,RGB,1.0,101.3,161.78587,46.64117,46.78255
Cardboard_316.jpg,Cardboard,D:\Recovered Documents\Moringa\Module 5\Summative2\realwaste\realwaste-main\RealWaste\Cardboard\Cardboard_316.jpg,524,524,RGB,1.0,105.9,148.45038,37.139473,45.84245
Cardboard_317.jpg,Cardboard,D:\Recovered Documents\Moringa\Module 5\Summative2\realwaste\realwaste-main\RealWaste\Cardboard\Cardboard_317.jpg,524,524,RGB,1.0,117.8,154.6415,35.15068,52.333332
Cardboard_318.jpg,Cardboard,D:\Recovered Documents\Moringa\Module 5\Summative2\realwaste\realwaste-main\RealWaste\Cardboard\Cardboard_318.jpg,524,524,RGB,1.0,101.7,158.06293,43.318382,43.038193
Cardboard_319.jpg,Cardboard,D:\Recovered Documents\Moringa\Module 5\Summative2\realwaste\realwaste-main\RealWaste\Cardboard\Cardboard_319.jpg,524,524,RGB,1.0,104.9,165.87457,48.132576,45.472656
Cardboard_32.jpg,Cardboard,D:\Recovered Documents\Moringa\Module 5\Summative2\realwaste\realwaste-main\RealWaste\Cardboard\Cardboard_32.jpg,524,524,RGB,1.0,154.0,159.6208,45.90436,28.820312
Cardboard_320.jpg,Cardboard,D:\Recovered Documents\Moringa\Module 5\Summative2\realwaste\realwaste-main\RealWaste\Cardboard\Cardboard_320.jpg,524,524,RGB,1.0,86.2,164.96774,38.249664,22.94835
Cardboard_321.jpg,Cardboard,D:\Recovered Documents\Moringa\Module 5\Summative2\realwaste\realwaste-main\RealWaste\Cardboard\Cardboard_321.jpg,524,524,RGB,1.0,104.0,150.3944,40.883904,32.54427
Cardboard_322.jpg,Cardboard,D:\Recovered Documents\Moringa\Module 5\Summative2\realwaste\realwaste-main\RealWaste\Cardboard\Cardboard_322.jpg,524,524,RGB,1.0,87.5,164.34679,38.23225,33.508247
Cardboard_323.jpg,Cardboard,D:\Recovered Documents\Moringa\Module 5\Summative2\realwaste\realwaste-main\RealWaste\Cardboard\Cardboard_323.jpg,524,524,RGB,1.0,70.9,162.37384,36.880436,64.38932
Cardboard_324.jpg,Cardboard,D:\Recovered Documents\Moringa\Module 5\Summative2\realwaste\realwaste-main\RealWaste\Cardboard\Cardboard_324.jpg,524,524,RGB,1.0,97.5,160.64496,38.000072,28.59158
Cardboard_325.jpg,Cardboard,D:\Recovered Documents\Moringa\Module 5\Summative2\realwaste\realwaste-main\RealWaste\Cardboard\Cardboard_325.jpg,524,524,RGB,1.0,113.0,157.876,39.011074,39.487846
Cardboard_326.jpg,Cardboard,D:\Recovered Documents\Moringa\Module 5\Summative2\realwaste\realwaste-main\RealWaste\Cardboard\Cardboard_326.jpg,524,524,RGB,1.0,87.3,158.90321,33.793015,47.461372
Cardboard_327.jpg,Cardboard,D:\Recovered Documents\Moringa\Module 5\Summative2\realwaste\realwaste-main\RealWaste\Cardboard\Cardboard_327.jpg,524,524,RGB,1.0,115.3,149.4906,35.278564,42.72309
Cardboard_328.jpg,Cardboard,D:\Recovered Documents\Moringa\Module 5\Summative2\realwaste\realwaste-main\RealWaste\Cardboard\Cardboard_328.jpg,524,524,RGB,1.0,117.5,152.84027,51.7215,52.828125
Cardboard_329.jpg,Cardboard,D:\Recovered Documents\Moringa\Module 5\Summative2\realwaste\realwaste-main\RealWaste\Cardboard\Cardboard_329.jpg,524,524,RGB,1.0,90.4,161.09418,31.761349,31.7921
Cardboard_33.jpg,Cardboard,D:\Recovered Documents\Moringa\Module 5\Summative2\realwaste\realwaste-main\RealWaste\Cardboard\Cardboard_33.jpg,524,524,RGB,1.0,157.5,154.59766,34.963017,38.346786
Cardboard_330.jpg,Cardboard,D:\Recovered Documents\Moringa\Module 5\Summative2\realwaste\realwaste-main\RealWaste\Cardboard\Cardboard_330.jpg,524,524,RGB,1.0,89.0,158.8925,30.639101,35.150173
Cardboard_331.jpg,Cardboard,D:\Recovered Documents\Moringa\Module 5\Summative2\realwaste\realwaste-main\RealWaste\Cardboard\Cardboard_331.jpg,524,524,RGB,1.0,108.5,156.35286,33.670418,35.788628
Cardboard_332.jpg,Cardboard,D:\Recovered Documents\Moringa\Module 5\Summative2\realwaste\realwaste-main\RealWaste\Cardboard\Cardboard_332.jpg,524,524,RGB,1.0,96.8,165.83522,36.75549,33.657986
Cardboard_333.jpg,Cardboard,D:\Recovered Documents\Moringa\Module 5\Summative2\realwaste\realwaste-main\RealWaste\Cardboard\Cardboard_333.jpg,524,524,RGB,1.0,110.7,157.06902,40.83948,41.55903
Cardboard_334.jpg,Cardboard,D:\Recovered Documents\Moringa\Module 5\Summative2\realwaste\realwaste-main\RealWaste\Cardboard\Cardboard_334.jpg,524,524,RGB,1.0,74.2,166.92665,40.484615,22.710938
Cardboard_335.jpg,Cardboard,D:\Recovered Documents\Moringa\Module 5\Summative2\realwaste\realwaste-main\RealWaste\Cardboard\Cardboard_335.jpg,524,524,RGB,1.0,97.9,164.16261,45.499527,58.46745
Cardboard_336.jpg,Cardboard,D:\Recovered Documents\Moringa\Module 5\Summative2\realwaste\realwaste-main\RealWaste\Cardboard\Cardboard_336.jpg,524,524,RGB,1.0,128.8,153.03502,57.78117,61.28212
Cardboard_337.jpg,Cardboard,D:\Recovered Documents\Moringa\Module 5\Summative2\realwaste\realwaste-main\RealWaste\Cardboard\Cardboard_337.jpg,524,524,RGB,1.0,85.5,166.34534,47.42562,36.26866
Cardboard_338.jpg,Cardboard,D:\Recovered Documents\Moringa\Module 5\Summative2\realwaste\realwaste-main\RealWaste\Cardboard\Cardboard_338.jpg,524,524,RGB,1.0,117.7,147.32625,45.645256,53.75
Cardboard_339.jpg,Cardboard,D:\Recovered Documents\Moringa\Module 5\Summative2\realwaste\realwaste-main\RealWaste\Cardboard\Cardboard_339.jpg,524,524,RGB,1.0,120.8,153.6723,40.581207,48.133682
Cardboard_34.jpg,Cardboard,D:\Recovered Documents\Moringa\Module 5\Summative2\realwaste\realwaste-main\RealWaste\Cardboard\Cardboard_34.jpg,524,524,RGB,1.0,155.9,162.27864,35.874496,32.171875
Cardboard_340.jpg,Cardboard,D:\Recovered Documents\Moringa\Module 5\Summative2\realwaste\realwaste-main\RealWaste\Cardboard\Cardboard_340.jpg,524,524,RGB,1.0,102.2,166.15495,52.47813,43.467014
Cardboard_341.jpg,Cardboard,D:\Recovered Documents\Moringa\Module 5\Summative2\realwaste\realwaste-main\RealWaste\Cardboard\Cardboard_341.jpg,524,524,RGB,1.0,132.4,157.67636,40.22873,44.664932
Cardboard_342.jpg,Cardboard,D:\Recovered Documents\Moringa\Module 5\Summative2\realwaste\realwaste-main\RealWaste\Cardboard\Cardboard_342.jpg,524,524,RGB,1.0,128.6,151.69473,46.118057,57.541233
Cardboard_343.jpg,Cardboard,D:\Recovered Documents\Moringa\Module 5\Summative2\realwaste\realwaste-main\RealWaste\Cardboard\Cardboard_343.jpg,524,524,RGB,1.0,100.5,166.61241,29.017677,34.886284
Cardboard_344.jpg,Cardboard,D:\Recovered Documents\Moringa\Module 5\Summative2\realwaste\realwaste-main\RealWaste\Cardboard\Cardboard_344.jpg,524,524,RGB,1.0,127.1,154.99016,47.19829,54.34245
Cardboard_345.jpg,Cardboard,D:\Recovered Documents\Moringa\Module 5\Summative2\realwaste\realwaste-main\RealWaste\Cardboard\Cardboard_345.jpg,524,524,RGB,1.0,121.1,151.62703,37.16827,56.637154
Cardboard_346.jpg,Cardboard,D:\Recovered Documents\Moringa\Module 5\Summative2\realwaste\realwaste-main\RealWaste\Cardboard\Cardboard_346.jpg,524,524,RGB,1.0,101.1,153.45023,53.0232,52.67795
Cardboard_347.jpg,Cardboard,D:\Recovered Documents\Moringa\Module 5\Summative2\realwaste\realwaste-main\RealWaste\Cardboard\Cardboard_347.jpg,524,524,RGB,1.0,112.6,148.34418,34.735577,41.579426
Cardboard_348.jpg,Cardboard,D:\Recovered Documents\Moringa\Module 5\Summative2\realwaste\realwaste-main\RealWaste\Cardboard\Cardboard_348.jpg,524,524,RGB,1.0,115.7,148.39569,37.2539,54.74653
Cardboard_349.jpg,Cardboard,D:\Recovered Documents\Moringa\Module 5\Summative2\realwaste\realwaste-main\RealWaste\Cardboard\Cardboard_349.jpg,524,524,RGB,1.0,113.4,161.88513,43.95119,48.35764
Cardboard_35.jpg,Cardboard,D:\Recovered Documents\Moringa\Module 5\Summative2\realwaste\realwaste-main\RealWaste\Cardboard\Cardboard_35.jpg,524,524,RGB,1.0,75.5,171.31815,34.72049,26.194445
Cardboard_350.jpg,Cardboard,D:\Recovered Documents\Moringa\Module 5\Summative2\realwaste\realwaste-main\RealWaste\Cardboard\Cardboard_350.jpg,524,524,RGB,1.0,99.5,149.9184,39.13047,46.198784
Cardboard_351.jpg,Cardboard,D:\Recovered Documents\Moringa\Module 5\Summative2\realwaste\realwaste-main\RealWaste\Cardboard\Cardboard_351.jpg,524,524,RGB,1.0,98.7,157.9867,40.117542,46.846355
Cardboard_352.jpg,Cardboard,D:\Recovered Documents\Moringa\Module 5\Summative2\realwaste\realwaste-main\RealWaste\Cardboard\Cardboard_352.jpg,524,524,RGB,1.0,119.2,150.0777,38.049923,62.665363
Cardboard_353.jpg,Cardboard,D:\Recovered Documents\Moringa\Module 5\Summative2\realwaste\realwaste-main\RealWaste\Cardboard\Cardboard_353.jpg,524,524,RGB,1.0,106.5,163.35808,30.592318,30.434896
Cardboard_354.jpg,Cardboard,D:\Recovered Documents\Moringa\Module 5\Summative2\realwaste\realwaste-main\RealWaste\Cardboard\Cardboard_354.jpg,524,524,RGB,1.0,118.9,151.99957,44.61517,67.55425
Cardboard_355.jpg,Cardboard,D:\Recovered Documents\Moringa\Module 5\Summative2\realwaste\realwaste-main\RealWaste\Cardboard\Cardboard_355.jpg,524,524,RGB,1.0,119.6,161.6493,42.0718,39.880207
Cardboard_356.jpg,Cardboard,D:\Recovered Documents\Moringa\Module 5\Summative2\realwaste\realwaste-main\RealWaste\Cardboard\Cardboard_356.jpg,524,524,RGB,1.0,97.8,156.53125,35.5859,40.997395
Cardboard_357.jpg,Cardboard,D:\Recovered Documents\Moringa\Module 5\Summative2\realwaste\realwaste-main\RealWaste\Cardboard\Cardboard_357.jpg,524,524,RGB,1.0,135.3,137.2989,51.573376,68.8724
Cardboard_358.jpg,Cardboard,D:\Recovered Documents\Moringa\Module 5\Summative2\realwaste\realwaste-main\RealWaste\Cardboard\Cardboard_358.jpg,524,524,RGB,1.0,77.6,157.82031,31.78882,30.558594
Cardboard_359.jpg,Cardboard,D:\Recovered Documents\Moringa\Module 5\Summative2\realwaste\realwaste-main\RealWaste\Cardboard\Cardboard_359.jpg,524,524,RGB,1.0,100.3,160.53558,41.274292,44.127605
Cardboard_36.jpg,Cardboard,D:\Recovered Documents\Moringa\Module 5\Summative2\realwaste\realwaste-main\RealWaste\Cardboard\Cardboard_36.jpg,524,524,RGB,1.0,168.8,153.8779,40.51709,38.781685
Cardboard_360.jpg,Cardboard,D:\Recovered Documents\Moringa\Module 5\Summative2\realwaste\realwaste-main\RealWaste\Cardboard\Cardboard_360.jpg,524,524,RGB,1.0,100.7,161.42969,32.84784,39.317276
Cardboard_361.jpg,Cardboard,D:\Recovered Documents\Moringa\Module 5\Summative2\realwaste\realwaste-main\RealWaste\Cardboard\Cardboard_361.jpg,524,524,RGB,1.0,84.0,160.74422,32.665592,38.633682
Cardboard_362.jpg,Cardboard,D:\Recovered Documents\Moringa\Module 5\Summative2\realwaste\realwaste-main\RealWaste\Cardboard\Cardboard_362.jpg,524,524,RGB,1.0,113.2,149.78806,47.8809,49.163193
Cardboard_363.jpg,Cardboard,D:\Recovered Documents\Moringa\Module 5\Summative2\realwaste\realwaste-main\RealWaste\Cardboard\Cardboard_363.jpg,524,524,RGB,1.0,118.3,163.74435,30.30743,35.512154
Cardboard_364.jpg,Cardboard,D:\Recovered Documents\Moringa\Module 5\Summative2\realwaste\realwaste-main\RealWaste\Cardboard\Cardboard_364.jpg,524,524,RGB,1.0,116.7,162.97902,42.22802,38.626736
Cardboard_365.jpg,Cardboard,D:\Recovered Documents\Moringa\Module 5\Summative2\realwaste\realwaste-main\RealWaste\Cardboard\Cardboard_365.jpg,524,524,RGB,1.0,107.1,167.11545,41.608086,27.679688
Cardboard_366.jpg,Cardboard,D:\Recovered Documents\Moringa\Module 5\Summative2\realwaste\realwaste-main\RealWaste\Cardboard\Cardboard_366.jpg,524,524,RGB,1.0,112.1,154.30136,59.64061,38.19401
Cardboard_367.jpg,Cardboard,D:\Recovered Documents\Moringa\Module 5\Summative2\realwaste\realwaste-main\RealWaste\Cardboard\Cardboard_367.jpg,524,524,RGB,1.0,117.2,151.2027,60.882378,80.29471
Cardboard_368.jpg,Cardboard,D:\Recovered Documents\Moringa\Module 5\Summative2\realwaste\realwaste-main\RealWaste\Cardboard\Cardboard_368.jpg,524,524,RGB,1.0,107.0,153.03558,55.915554,60.970486
Cardboard_369.jpg,Cardboard,D:\Recovered Documents\Moringa\Module 5\Summative2\realwaste\realwaste-main\RealWaste\Cardboard\Cardboard_369.jpg,524,524,RGB,1.0,106.0,165.36096,40.77205,26.810764
Cardboard_37.jpg,Cardboard,D:\Recovered Documents\Moringa\Module 5\Summative2\realwaste\realwaste-main\RealWaste\Cardboard\Cardboard_37.jpg,524,524,RGB,1.0,166.3,151.7037,41.09198,47.054688
Cardboard_370.jpg,Cardboard,D:\Recovered Documents\Moringa\Module 5\Summative2\realwaste\realwaste-main\RealWaste\Cardboard\Cardboard_370.jpg,524,524,RGB,1.0,104.7,166.06757,34.635185,27.373697
Cardboard_371.jpg,Cardboard,D:\Recovered Documents\Moringa\Module 5\Summative2\realwaste\realwaste-main\RealWaste\Cardboard\Cardboard_371.jpg,524,524,RGB,1.0,110.7,159.73366,55.86324,58.37934
Cardboard_372.jpg,Cardboard,D:\Recovered Documents\Moringa\Module 5\Summative2\realwaste\realwaste-main\RealWaste\Cardboard\Cardboard_372.jpg,524,524,RGB,1.0,95.0,166.80092,30.964258,21.368923
Cardboard_373.jpg,Cardboard,D:\Recovered Documents\Moringa\Module 5\Summative2\realwaste\realwaste-main\RealWaste\Cardboard\Cardboard_373.jpg,524,524,RGB,1.0,122.3,154.1156,48.044445,59.365017
Cardboard_374.jpg,Cardboard,D:\Recovered Documents\Moringa\Module 5\Summative2\realwaste\realwaste-main\RealWaste\Cardboard\Cardboard_374.jpg,524,524,RGB,1.0,108.3,152.614,39.344383,42.538628
Cardboard_375.jpg,Cardboard,D:\Recovered Documents\Moringa\Module 5\Summative2\realwaste\realwaste-main\RealWaste\Cardboard\Cardboard_375.jpg,524,524,RGB,1.0,99.0,171.16942,31.166292,16.88151
Cardboard_376.jpg,Cardboard,D:\Recovered Documents\Moringa\Module 5\Summative2\realwaste\realwaste-main\RealWaste\Cardboard\Cardboard_376.jpg,524,524,RGB,1.0,121.7,164.22699,40.186596,39.302082
Cardboard_377.jpg,Cardboard,D:\Recovered Documents\Moringa\Module 5\Summative2\realwaste\realwaste-main\RealWaste\Cardboard\Cardboard_377.jpg,524,524,RGB,1.0,98.1,169.79674,37.925232,21.351562
Cardboard_378.jpg,Cardboard,D:\Recovered Documents\Moringa\Module 5\Summative2\realwaste\realwaste-main\RealWaste\Cardboard\Cardboard_378.jpg,524,524,RGB,1.0,82.8,151.42116,65.02797,46.266495
Cardboard_379.jpg,Cardboard,D:\Recovered Documents\Moringa\Module 5\Summative2\realwaste\realwaste-main\RealWaste\Cardboard\Cardboard_379.jpg,524,524,RGB,1.0,106.2,163.7594,45.09111,31.71007
Cardboard_38.jpg,Cardboard,D:\Recovered Documents\Moringa\Module 5\Summative2\realwaste\realwaste-main\RealWaste\Cardboard\Cardboard_38.jpg,524,524,RGB,1.0,112.3,163.34665,46.68713,34.615887
Cardboard_380.jpg,Cardboard,D:\Recovered Documents\Moringa\Module 5\Summative2\realwaste\realwaste-main\RealWaste\Cardboard\Cardboard_380.jpg,524,524,RGB,1.0,109.5,154.60257,32.51177,45.360245
Cardboard_381.jpg,Cardboard,D:\Recovered Documents\Moringa\Module 5\Summative2\realwaste\realwaste-main\RealWaste\Cardboard\Cardboard_381.jpg,524,524,RGB,1.0,106.9,152.47656,44.45062,65.27344
Cardboard_382.jpg,Cardboard,D:\Recovered Documents\Moringa\Module 5\Summative2\realwaste\realwaste-main\RealWaste\Cardboard\Cardboard_382.jpg,524,524,RGB,1.0,112.6,155.89005,46.101467,61.586372
Cardboard_383.jpg,Cardboard,D:\Recovered Documents\Moringa\Module 5\Summative2\realwaste\realwaste-main\RealWaste\Cardboard\Cardboard_383.jpg,524,524,RGB,1.0,129.5,151.82668,49.082752,73.92404
Cardboard_384.jpg,Cardboard,D:\Recovered Documents\Moringa\Module 5\Summative2\realwaste\realwaste-main\RealWaste\Cardboard\Cardboard_384.jpg,524,524,RGB,1.0,100.7,145.4618,53.41177,68.48221
Cardboard_385.jpg,Cardboard,D:\Recovered Documents\Moringa\Module 5\Summative2\realwaste\realwaste-main\RealWaste\Cardboard\Cardboard_385.jpg,524,524,RGB,1.0,101.5,148.16493,52.554386,63.334637
Cardboard_386.jpg,Cardboard,D:\Recovered Documents\Moringa\Module 5\Summative2\realwaste\realwaste-main\RealWaste\Cardboard\Cardboard_386.jpg,524,524,RGB,1.0,90.8,148.55527,63.3092,77.55903
Cardboard_387.jpg,Cardboard,D:\Recovered Documents\Moringa\Module 5\Summative2\realwaste\realwaste-main\RealWaste\Cardboard\Cardboard_387.jpg,524,524,RGB,1.0,79.0,149.14915,31.598892,54.35677
Cardboard_388.jpg,Cardboard,D:\Recovered Documents\Moringa\Module 5\Summative2\realwaste\realwaste-main\RealWaste\Cardboard\Cardboard_388.jpg,524,524,RGB,1.0,99.7,149.19893,38.171547,61.364582
Cardboard_389.jpg,Cardboard,D:\Recovered Documents\Moringa\Module 5\Summative2\realwaste\realwaste-main\RealWaste\Cardboard\Cardboard_389.jpg,524,524,RGB,1.0,116.9,158.49219,44.40415,50.552517
Cardboard_39.jpg,Cardboard,D:\Recovered Documents\Moringa\Module 5\Summative2\realwaste\realwaste-main\RealWaste\Cardboard\Cardboard_39.jpg,524,524,RGB,1.0,113.6,161.64714,46.14055,30.344185
Cardboard_390.jpg,Cardboard,D:\Recovered Documents\Moringa\Module 5\Summative2\realwaste\realwaste-main\RealWaste\Cardboard\Cardboard_390.jpg,524,524,RGB,1.0,88.3,168.38918,28.8419,11.921441
Cardboard_391.jpg,Cardboard,D:\Recovered Documents\Moringa\Module 5\Summative2\realwaste\realwaste-main\RealWaste\Cardboard\Cardboard_391.jpg,524,524,RGB,1.0,122.3,167.36415,40.50169,38.189236
Cardboard_392.jpg,Cardboard,D:\Recovered Documents\Moringa\Module 5\Summative2\realwaste\realwaste-main\RealWaste\Cardboard\Cardboard_392.jpg,524,524,RGB,1.0,88.3,167.07018,41.060253,27.138454
Cardboard_393.jpg,Cardboard,D:\Recovered Documents\Moringa\Module 5\Summative2\realwaste\realwaste-main\RealWaste\Cardboard\Cardboard_393.jpg,524,524,RGB,1.0,73.8,170.0557,52.030804,43.402344
Cardboard_394.jpg,Cardboard,D:\Recovered Documents\Moringa\Module 5\Summative2\realwaste\realwaste-main\RealWaste\Cardboard\Cardboard_394.jpg,524,524,RGB,1.0,113.0,164.04514,38.149277,43.96788
Cardboard_395.jpg,Cardboard,D:\Recovered Documents\Moringa\Module 5\Summative2\realwaste\realwaste-main\RealWaste\Cardboard\Cardboard_395.jpg,524,524,RGB,1.0,96.6,164.8494,56.825733,59.46788
Cardboard_396.jpg,Cardboard,D:\Recovered Documents\Moringa\Module 5\Summative2\realwaste\realwaste-main\RealWaste\Cardboard\Cardboard_396.jpg,524,524,RGB,1.0,94.3,164.44011,58.839794,54.391495
Cardboard_397.jpg,Cardboard,D:\Recovered Documents\Moringa\Module 5\Summative2\realwaste\realwaste-main\RealWaste\Cardboard\Cardboard_397.jpg,524,524,RGB,1.0,83.7,157.73366,53.82257,48.181423
Cardboard_398.jpg,Cardboard,D:\Recovered Documents\Moringa\Module 5\Summative2\realwaste\realwaste-main\RealWaste\Cardboard\Cardboard_398.jpg,524,524,RGB,1.0,109.2,162.14482,35.78707,30.173178
Cardboard_399.jpg,Cardboard,D:\Recovered Documents\Moringa\Module 5\Summative2\realwaste\realwaste-main\RealWaste\Cardboard\Cardboard_399.jpg,524,524,RGB,1.0,118.1,158.97714,38.363014,33.9171
Cardboard_4.jpg,Cardboard,D:\Recovered Documents\Moringa\Module 5\Summative2\realwaste\realwaste-main\RealWaste\Cardboard\Cardboard_4.jpg,524,524,RGB,1.0,120.8,156.48293,51.556625,52.670574
Cardboard_40.jpg,Cardboard,D:\Recovered Documents\Moringa\Module 5\Summative2\realwaste\realwaste-main\RealWaste\Cardboard\Cardboard_40.jpg,524,524,RGB,1.0,82.7,167.7662,32.370674,24.294704
Cardboard_400.jpg,Cardboard,D:\Recovered Documents\Moringa\Module 5\Summative2\realwaste\realwaste-main\RealWaste\Cardboard\Cardboard_400.jpg,524,524,RGB,1.0,126.9,157.02908,39.808144,38.89974
Cardboard_401.jpg,Cardboard,D:\Recovered Documents\Moringa\Module 5\Summative2\realwaste\realwaste-main\RealWaste\Cardboard\Cardboard_401.jpg,524,524,RGB,1.0,89.8,165.94328,31.672358,16.5625
Cardboard_402.jpg,Cardboard,D:\Recovered Documents\Moringa\Module 5\Summative2\realwaste\realwaste-main\RealWaste\Cardboard\Cardboard_402.jpg,524,524,RGB,1.0,104.4,161.65813,40.071823,43.11111
Cardboard_403.jpg,Cardboard,D:\Recovered Documents\Moringa\Module 5\Summative2\realwaste\realwaste-main\RealWaste\Cardboard\Cardboard_403.jpg,524,524,RGB,1.0,134.2,149.35895,36.796993,47.364582
Cardboard_404.jpg,Cardboard,D:\Recovered Documents\Moringa\Module 5\Summative2\realwaste\realwaste-main\RealWaste\Cardboard\Cardboard_404.jpg,524,524,RGB,1.0,103.1,158.4498,50.84832,52.829426
Cardboard_405.jpg,Cardboard,D:\Recovered Documents\Moringa\Module 5\Summative2\realwaste\realwaste-main\RealWaste\Cardboard\Cardboard_405.jpg,524,524,RGB,1.0,104.0,166.00362,43.558933,44.423176
Cardboard_406.jpg,Cardboard,D:\Recovered Documents\Moringa\Module 5\Summative2\realwaste\realwaste-main\RealWaste\Cardboard\Cardboard_406.jpg,524,524,RGB,1.0,106.9,169.64207,38.854053,44.63151
Cardboard_407.jpg,Cardboard,D:\Recovered Documents\Moringa\Module 5\Summative2\realwaste\realwaste-main\RealWaste\Cardboard\Cardboard_407.jpg,524,524,RGB,1.0,87.0,172.57654,29.836712,21.412327
Cardboard_408.jpg,Cardboard,D:\Recovered Documents\Moringa\Module 5\Summative2\realwaste\realwaste-main\RealWaste\Cardboard\Cardboard_408.jpg,524,524,RGB,1.0,126.4,157.73958,56.13157,38.882812
Cardboard_409.jpg,Cardboard,D:\Recovered Documents\Moringa\Module 5\Summative2\realwaste\realwaste-main\RealWaste\Cardboard\Cardboard_409.jpg,524,524,RGB,1.0,117.8,162.09808,51.601765,32.03559
Cardboard_41.jpg,Cardboard,D:\Recovered Documents\Moringa\Module 5\Summative2\realwaste\realwaste-main\RealWaste\Cardboard\Cardboard_41.jpg,524,524,RGB,1.0,110.0,161.63239,46.954067,47.474827
Cardboard_410.jpg,Cardboard,D:\Recovered Documents\Moringa\Module 5\Summative2\realwaste\realwaste-main\RealWaste\Cardboard\Cardboard_410.jpg,524,524,RGB,1.0,86.4,162.11676,62.801224,42.016926
Cardboard_411.jpg,Cardboard,D:\Recovered Documents\Moringa\Module 5\Summative2\realwaste\realwaste-main\RealWaste\Cardboard\Cardboard_411.jpg,524,524,RGB,1.0,88.4,164.39656,41.959297,16.530382
Cardboard_412.jpg,Cardboard,D:\Recovered Documents\Moringa\Module 5\Summative2\realwaste\realwaste-main\RealWaste\Cardboard\Cardboard_412.jpg,524,524,RGB,1.0,146.3,148.76852,52.864742,53.25955
Cardboard_413.jpg,Cardboard,D:\Recovered Documents\Moringa\Module 5\Summative2\realwaste\realwaste-main\RealWaste\Cardboard\Cardboard_413.jpg,524,524,RGB,1.0,108.2,165.37196,39.253307,18.228298
Cardboard_414.jpg,Cardboard,D:\Recovered Documents\Moringa\Module 5\Summative2\realwaste\realwaste-main\RealWaste\Cardboard\Cardboard_414.jpg,524,524,RGB,1.0,109.9,165.24696,46.4496,23.583767
Cardboard_415.jpg,Cardboard,D:\Recovered Documents\Moringa\Module 5\Summative2\realwaste\realwaste-main\RealWaste\Cardboard\Cardboard_415.jpg,524,524,RGB,1.0,122.2,160.33029,54.390156,40.04514
Cardboard_416.jpg,Cardboard,D:\Recovered Documents\Moringa\Module 5\Summative2\realwaste\realwaste-main\RealWaste\Cardboard\Cardboard_416.jpg,524,524,RGB,1.0,110.9,164.5123,40.877247,24.228733
Cardboard_417.jpg,Cardboard,D:\Recovered Documents\Moringa\Module 5\Summative2\realwaste\realwaste-main\RealWaste\Cardboard\Cardboard_417.jpg,524,524,RGB,1.0,84.5,160.08942,24.119884,29.584635
Cardboard_418.jpg,Cardboard,D:\Recovered Documents\Moringa\Module 5\Summative2\realwaste\realwaste-main\RealWaste\Cardboard\Cardboard_418.jpg,524,524,RGB,1.0,77.5,173.60837,31.80464,22.248697
Cardboard_419.jpg,Cardboard,D:\Recovered Documents\Moringa\Module 5\Summative2\realwaste\realwaste-main\RealWaste\Cardboard\Cardboard_419.jpg,524,524,RGB,1.0,101.1,160.26982,30.5504,34.386284
Cardboard_42.jpg,Cardboard,D:\Recovered Documents\Moringa\Module 5\Summative2\realwaste\realwaste-main\RealWaste\Cardboard\Cardboard_42.jpg,524,524,RGB,1.0,98.2,160.85417,39.854668,47.930122
Cardboard_420.jpg,Cardboard,D:\Recovered Documents\Moringa\Module 5\Summative2\realwaste\realwaste-main\RealWaste\Cardboard\Cardboard_420.jpg,524,524,RGB,1.0,88.0,166.8219,34.419582,23.275608
Cardboard_421.jpg,Cardboard,D:\Recovered Documents\Moringa\Module 5\Summative2\realwaste\realwaste-main\RealWaste\Cardboard\Cardboard_421.jpg,524,524,RGB,1.0,91.4,164.26418,35.652256,31.126736
Cardboard_422.jpg,Cardboard,D:\Recovered Documents\Moringa\Module 5\Summative2\realwaste\realwaste-main\RealWaste\Cardboard\Cardboard_422.jpg,524,524,RGB,1.0,107.2,159.4417,44.249153,36.49349
Cardboard_423.jpg,Cardboard,D:\Recovered Documents\Moringa\Module 5\Summative2\realwaste\realwaste-main\RealWaste\Cardboard\Cardboard_423.jpg,524,524,RGB,1.0,75.9,169.49884,43.830914,23.29861
Cardboard_424.jpg,Cardboard,D:\Recovered Documents\Moringa\Module 5\Summative2\realwaste\realwaste-main\RealWaste\Cardboard\Cardboard_424.jpg,524,524,RGB,1.0,97.5,163.79109,31.252384,42.019966
Cardboard_425.jpg,Cardboard,D:\Recovered Documents\Moringa\Module 5\Summative2\realwaste\realwaste-main\RealWaste\Cardboard\Cardboard_425.jpg,524,524,RGB,1.0,92.5,159.47975,47.576256,49.28255
Cardboard_426.jpg,Cardboard,D:\Recovered Documents\Moringa\Module 5\Summative2\realwaste\realwaste-main\RealWaste\Cardboard\Cardboard_426.jpg,524,524,RGB,1.0,103.8,157.44489,51.410633,45.76953
Cardboard_427.jpg,Cardboard,D:\Recovered Documents\Moringa\Module 5\Summative2\realwaste\realwaste-main\RealWaste\Cardboard\Cardboard_427.jpg,524,524,RGB,1.0,191.8,143.86487,39.919666,44.192707
Cardboard_428.jpg,Cardboard,D:\Recovered Documents\Moringa\Module 5\Summative2\realwaste\realwaste-main\RealWaste\Cardboard\Cardboard_428.jpg,524,524,RGB,1.0,189.6,149.90364,40.059258,37.788193
Cardboard_429.jpg,Cardboard,D:\Recovered Documents\Moringa\Module 5\Summative2\realwaste\realwaste-main\RealWaste\Cardboard\Cardboard_429.jpg,524,524,RGB,1.0,108.1,153.52951,45.200993,58.819443
Cardboard_43.jpg,Cardboard,D:\Recovered Documents\Moringa\Module 5\Summative2\realwaste\realwaste-main\RealWaste\Cardboard\Cardboard_43.jpg,524,524,RGB,1.0,86.4,163.32074,46.560383,41.517796
Cardboard_430.jpg,Cardboard,D:\Recovered Documents\Moringa\Module 5\Summative2\realwaste\realwaste-main\RealWaste\Cardboard\Cardboard_430.jpg,524,524,RGB,1.0,183.1,151.96413,57.182667,54.242188
Cardboard_431.jpg,Cardboard,D:\Recovered Documents\Moringa\Module 5\Summative2\realwaste\realwaste-main\RealWaste\Cardboard\Cardboard_431.jpg,524,524,RGB,1.0,198.7,142.6156,52.239597,57.8763
Cardboard_432.jpg,Cardboard,D:\Recovered Documents\Moringa\Module 5\Summative2\realwaste\realwaste-main\RealWaste\Cardboard\Cardboard_432.jpg,524,524,RGB,1.0,193.5,164.9119,39.34145,45.232204
Cardboard_433.jpg,Cardboard,D:\Recovered Documents\Moringa\Module 5\Summative2\realwaste\realwaste-main\RealWaste\Cardboard\Cardboard_433.jpg,524,524,RGB,1.0,135.2,155.76967,53.007446,49.170574
Cardboard_434.jpg,Cardboard,D:\Recovered Documents\Moringa\Module 5\Summative2\realwaste\realwaste-main\RealWaste\Cardboard\Cardboard_434.jpg,524,524,RGB,1.0,165.1,130.53111,57.63065,76.65278
Cardboard_435.jpg,Cardboard,D:\Recovered Documents\Moringa\Module 5\Summative2\realwaste\realwaste-main\RealWaste\Cardboard\Cardboard_435.jpg,524,524,RGB,1.0,125.0,156.49667,60.67903,40.679688
Cardboard_436.jpg,Cardboard,D:\Recovered Documents\Moringa\Module 5\Summative2\realwaste\realwaste-main\RealWaste\Cardboard\Cardboard_436.jpg,524,524,RGB,1.0,118.2,160.34607,54.70569,46.53125
Cardboard_437.jpg,Cardboard,D:\Recovered Documents\Moringa\Module 5\Summative2\realwaste\realwaste-main\RealWaste\Cardboard\Cardboard_437.jpg,524,524,RGB,1.0,148.6,137.81105,47.738945,124.72873
Cardboard_438.jpg,Cardboard,D:\Recovered Documents\Moringa\Module 5\Summative2\realwaste\realwaste-main\RealWaste\Cardboard\Cardboard_438.jpg,524,524,RGB,1.0,115.7,145.26591,54.419647,128.33723
Cardboard_439.jpg,Cardboard,D:\Recovered Documents\Moringa\Module 5\Summative2\realwaste\realwaste-main\RealWaste\Cardboard\Cardboard_439.jpg,524,524,RGB,1.0,86.7,161.65306,27.67904,32.648438
Cardboard_44.jpg,Cardboard,D:\Recovered Documents\Moringa\Module 5\Summative2\realwaste\realwaste-main\RealWaste\Cardboard\Cardboard_44.jpg,524,524,RGB,1.0,83.3,166.21614,32.103714,34.681858
Cardboard_440.jpg,Cardboard,D:\Recovered Documents\Moringa\Module 5\Summative2\realwaste\realwaste-main\RealWaste\Cardboard\Cardboard_440.jpg,524,524,RGB,1.0,115.8,160.67448,55.269424,54.131943
Cardboard_441.jpg,Cardboard,D:\Recovered Documents\Moringa\Module 5\Summative2\realwaste\realwaste-main\RealWaste\Cardboard\Cardboard_441.jpg,524,524,RGB,1.0,117.1,157.54225,27.147646,49.261284
Cardboard_442.jpg,Cardboard,D:\Recovered Documents\Moringa\Module 5\Summative2\realwaste\realwaste-main\RealWaste\Cardboard\Cardboard_442.jpg,524,524,RGB,1.0,88.9,160.18156,33.277008,45.79948
Cardboard_443.jpg,Cardboard,D:\Recovered Documents\Moringa\Module 5\Summative2\realwaste\realwaste-main\RealWaste\Cardboard\Cardboard_443.jpg,524,524,RGB,1.0,100.3,164.97859,42.113644,37.884983
Cardboard_444.jpg,Cardboard,D:\Recovered Documents\Moringa\Module 5\Summative2\realwaste\realwaste-main\RealWaste\Cardboard\Cardboard_444.jpg,524,524,RGB,1.0,95.8,162.24464,51.10702,45.989582
Cardboard_445.jpg,Cardboard,D:\Recovered Documents\Moringa\Module 5\Summative2\realwaste\realwaste-main\RealWaste\Cardboard\Cardboard_445.jpg,524,524,RGB,1.0,119.3,156.3941,43.71147,57.909286
Cardboard_446.jpg,Cardboard,D:\Recovered Documents\Moringa\Module 5\Summative2\realwaste\realwaste-main\RealWaste\Cardboard\Cardboard_446.jpg,524,524,RGB,1.0,106.3,171.15335,42.02766,46.00087
Cardboard_447.jpg,Cardboard,D:\Recovered Documents\Moringa\Module 5\Summative2\realwaste\realwaste-main\RealWaste\Cardboard\Cardboard_447.jpg,524,524,RGB,1.0,87.8,167.86386,45.50023,42.762154
Cardboard_448.jpg,Cardboard,D:\Recovered Documents\Moringa\Module 5\Summative2\realwaste\realwaste-main\RealWaste\Cardboard\Cardboard_448.jpg,524,524,RGB,1.0,89.4,156.795,50.725025,54.80599
Cardboard_449.jpg,Cardboard,D:\Recovered Documents\Moringa\Module 5\Summative2\realwaste\realwaste-main\RealWaste\Cardboard\Cardboard_449.jpg,524,524,RGB,1.0,63.0,166.19257,42.72935,37.048176
Cardboard_45.jpg,Cardboard,D:\Recovered Documents\Moringa\Module 5\Summative2\realwaste\realwaste-main\RealWaste\Cardboard\Cardboard_45.jpg,524,524,RGB,1.0,109.8,158.82422,61.168503,42.389755
Cardboard_450.jpg,Cardboard,D:\Recovered Documents\Moringa\Module 5\Summative2\realwaste\realwaste-main\RealWaste\Cardboard\Cardboard_450.jpg,524,524,RGB,1.0,92.4,166.96861,33.164795,35.242188
Cardboard_451.jpg,Cardboard,D:\Recovered Documents\Moringa\Module 5\Summative2\realwaste\realwaste-main\RealWaste\Cardboard\Cardboard_451.jpg,524,524,RGB,1.0,96.5,163.41435,52.742496,48.819443
Cardboard_452.jpg,Cardboard,D:\Recovered Documents\Moringa\Module 5\Summative2\realwaste\realwaste-main\RealWaste\Cardboard\Cardboard_452.jpg,524,524,RGB,1.0,88.6,164.21281,38.91088,39.586372
Cardboard_453.jpg,Cardboard,D:\Recovered Documents\Moringa\Module 5\Summative2\realwaste\realwaste-main\RealWaste\Cardboard\Cardboard_453.jpg,524,524,RGB,1.0,90.5,165.39453,37.788403,37.134113
Cardboard_454.jpg,Cardboard,D:\Recovered Documents\Moringa\Module 5\Summative2\realwaste\realwaste-main\RealWaste\Cardboard\Cardboard_454.jpg,524,524,RGB,1.0,66.1,167.43475,43.43373,38.39019
Cardboard_455.jpg,Cardboard,D:\Recovered Documents\Moringa\Module 5\Summative2\realwaste\realwaste-main\RealWaste\Cardboard\Cardboard_455.jpg,524,524,RGB,1.0,77.3,171.7633,43.98494,34.81597
Cardboard_456.jpg,Cardboard,D:\Recovered Documents\Moringa\Module 5\Summative2\realwaste\realwaste-main\RealWaste\Cardboard\Cardboard_456.jpg,524,524,RGB,1.0,92.1,167.1386,39.783703,39.88151
Cardboard_457.jpg,Cardboard,D:\Recovered Documents\Moringa\Module 5\Summative2\realwaste\realwaste-main\RealWaste\Cardboard\Cardboard_457.jpg,524,524,RGB,1.0,94.4,165.4223,38.968155,36.34462
Cardboard_458.jpg,Cardboard,D:\Recovered Documents\Moringa\Module 5\Summative2\realwaste\realwaste-main\RealWaste\Cardboard\Cardboard_458.jpg,524,524,RGB,1.0,92.3,165.99986,38.510067,38.18533
Cardboard_459.jpg,Cardboard,D:\Recovered Documents\Moringa\Module 5\Summative2\realwaste\realwaste-main\RealWaste\Cardboard\Cardboard_459.jpg,524,524,RGB,1.0,85.1,167.44011,37.510067,37.73915
Cardboard_46.jpg,Cardboard,D:\Recovered Documents\Moringa\Module 5\Summative2\realwaste\realwaste-main\RealWaste\Cardboard\Cardboard_46.jpg,524,524,RGB,1.0,125.6,160.13933,53.87068,55.96745
Cardboard_460.jpg,Cardboard,D:\Recovered Documents\Moringa\Module 5\Summative2\realwaste\realwaste-main\RealWaste\Cardboard\Cardboard_460.jpg,524,524,RGB,1.0,93.5,162.5923,47.178356,40.944878
Cardboard_461.jpg,Cardboard,D:\Recovered Documents\Moringa\Module 5\Summative2\realwaste\realwaste-main\RealWaste\Cardboard\Cardboard_461.jpg,524,524,RGB,1.0,58.5,167.89873,51.38675,29.859375
Cardboard_47.jpg,Cardboard,D:\Recovered Documents\Moringa\Module 5\Summative2\realwaste\realwaste-main\RealWaste\Cardboard\Cardboard_47.jpg,524,524,RGB,1.0,95.0,161.9132,37.79832,40.486546
Cardboard_48.jpg,Cardboard,D:\Recovered Documents\Moringa\Module 5\Summative2\realwaste\realwaste-main\RealWaste\Cardboard\Cardboard_48.jpg,524,524,RGB,1.0,83.7,163.86618,34.313225,39.010418
Cardboard_49.jpg,Cardboard,D:\Recovered Documents\Moringa\Module 5\Summative2\realwaste\realwaste-main\RealWaste\Cardboard\Cardboard_49.jpg,524,524,RGB,1.0,114.8,143.71513,57.607418,75.167534
Cardboard_5.jpg,Cardboard,D:\Recovered Documents\Moringa\Module 5\Summative2\realwaste\realwaste-main\RealWaste\Cardboard\Cardboard_5.jpg,524,524,RGB,1.0,86.1,166.27344,50.661743,27.200521
Cardboard_50.jpg,Cardboard,D:\Recovered Documents\Moringa\Module 5\Summative2\realwaste\realwaste-main\RealWaste\Cardboard\Cardboard_50.jpg,524,524,RGB,1.0,91.6,161.5515,28.171305,44.197483
Cardboard_51.jpg,Cardboard,D:\Recovered Documents\Moringa\Module 5\Summative2\realwaste\realwaste-main\RealWaste\Cardboard\Cardboard_51.jpg,524,524,RGB,1.0,132.9,143.43533,53.0157,81.727
Cardboard_52.jpg,Cardboard,D:\Recovered Documents\Moringa\Module 5\Summative2\realwaste\realwaste-main\RealWaste\Cardboard\Cardboard_52.jpg,524,524,RGB,1.0,93.9,159.44647,49.04261,50.988716
Cardboard_53.jpg,Cardboard,D:\Recovered Documents\Moringa\Module 5\Summative2\realwaste\realwaste-main\RealWaste\Cardboard\Cardboard_53.jpg,524,524,RGB,1.0,110.5,151.77228,49.86597,61.164497
Cardboard_54.jpg,Cardboard,D:\Recovered Documents\Moringa\Module 5\Summative2\realwaste\realwaste-main\RealWaste\Cardboard\Cardboard_54.jpg,524,524,RGB,1.0,133.7,143.83665,58.556583,87.98915
Cardboard_55.jpg,Cardboard,D:\Recovered Documents\Moringa\Module 5\Summative2\realwaste\realwaste-main\RealWaste\Cardboard\Cardboard_55.jpg,524,524,RGB,1.0,107.4,151.05339,57.421833,67.932724
Cardboard_56.jpg,Cardboard,D:\Recovered Documents\Moringa\Module 5\Summative2\realwaste\realwaste-main\RealWaste\Cardboard\Cardboard_56.jpg,524,524,RGB,1.0,100.2,145.78183,40.845184,77.061195
Cardboard_57.jpg,Cardboard,D:\Recovered Documents\Moringa\Module 5\Summative2\realwaste\realwaste-main\RealWaste\Cardboard\Cardboard_57.jpg,524,524,RGB,1.0,100.6,151.84607,65.192825,68.74653
Cardboard_58.jpg,Cardboard,D:\Recovered Documents\Moringa\Module 5\Summative2\realwaste\realwaste-main\RealWaste\Cardboard\Cardboard_58.jpg,524,524,RGB,1.0,81.5,166.53429,41.831573,20.011284
Cardboard_59.jpg,Cardboard,D:\Recovered Documents\Moringa\Module 5\Summative2\realwaste\realwaste-main\RealWaste\Cardboard\Cardboard_59.jpg,524,524,RGB,1.0,68.3,173.09998,27.58414,16.10243
Cardboard_6.jpg,Cardboard,D:\Recovered Documents\Moringa\Module 5\Summative2\realwaste\realwaste-main\RealWaste\Cardboard\Cardboard_6.jpg,524,524,RGB,1.0,100.6,163.5165,44.59564,33.871094
Cardboard_60.jpg,Cardboard,D:\Recovered Documents\Moringa\Module 5\Summative2\realwaste\realwaste-main\RealWaste\Cardboard\Cardboard_60.jpg,524,524,RGB,1.0,74.5,159.90335,49.828766,50.03559
Cardboard_61.jpg,Cardboard,D:\Recovered Documents\Moringa\Module 5\Summative2\realwaste\realwaste-main\RealWaste\Cardboard\Cardboard_61.jpg,524,524,RGB,1.0,81.1,166.38268,46.190018,27.205729
Cardboard_62.jpg,Cardboard,D:\Recovered Documents\Moringa\Module 5\Summative2\realwaste\realwaste-main\RealWaste\Cardboard\Cardboard_62.jpg,524,524,RGB,1.0,116.2,140.55931,69.069,37.562935
Cardboard_63.jpg,Cardboard,D:\Recovered Documents\Moringa\Module 5\Summative2\realwaste\realwaste-main\RealWaste\Cardboard\Cardboard_63.jpg,524,524,RGB,1.0,103.1,150.87428,64.85806,31.480469
Cardboard_64.jpg,Cardboard,D:\Recovered Documents\Moringa\Module 5\Summative2\realwaste\realwaste-main\RealWaste\Cardboard\Cardboard_64.jpg,524,524,RGB,1.0,129.1,155.9618,46.95074,41.23828
Cardboard_65.jpg,Cardboard,D:\Recovered Documents\Moringa\Module 5\Summative2\realwaste\realwaste-main\RealWaste\Cardboard\Cardboard_65.jpg,524,524,RGB,1.0,108.3,163.216,39.245716,24.2296
Cardboard_66.jpg,Cardboard,D:\Recovered Documents\Moringa\Module 5\Summative2\realwaste\realwaste-main\RealWaste\Cardboard\Cardboard_66.jpg,524,524,RGB,1.0,70.3,167.87933,44.230686,21.666233
Cardboard_67.jpg,Cardboard,D:\Recovered Documents\Moringa\Module 5\Summative2\realwaste\realwaste-main\RealWaste\Cardboard\Cardboard_67.jpg,524,524,RGB,1.0,71.4,150.28197,40.947033,72.75434
Cardboard_68.jpg,Cardboard,D:\Recovered Documents\Moringa\Module 5\Summative2\realwaste\realwaste-main\RealWaste\Cardboard\Cardboard_68.jpg,524,524,RGB,1.0,56.9,160.37009,63.0338,39.386284
Cardboard_69.jpg,Cardboard,D:\Recovered Documents\Moringa\Module 5\Summative2\realwaste\realwaste-main\RealWaste\Cardboard\Cardboard_69.jpg,524,524,RGB,1.0,180.3,152.68678,27.687353,32.127605
Cardboard_7.jpg,Cardboard,D:\Recovered Documents\Moringa\Module 5\Summative2\realwaste\realwaste-main\RealWaste\Cardboard\Cardboard_7.jpg,524,524,RGB,1.0,100.0,163.8698,43.095062,32.661892
Cardboard_70.jpg,Cardboard,D:\Recovered Documents\Moringa\Module 5\Summative2\realwaste\realwaste-main\RealWaste\Cardboard\Cardboard_70.jpg,524,524,RGB,1.0,175.8,156.88904,27.426474,25.947483
Cardboard_71.jpg,Cardboard,D:\Recovered Documents\Moringa\Module 5\Summative2\realwaste\realwaste-main\RealWaste\Cardboard\Cardboard_71.jpg,524,524,RGB,1.0,182.9,155.14815,26.512297,24.84375
Cardboard_72.jpg,Cardboard,D:\Recovered Documents\Moringa\Module 5\Summative2\realwaste\realwaste-main\RealWaste\Cardboard\Cardboard_72.jpg,524,524,RGB,1.0,185.2,149.15437,29.823036,40.191406
Cardboard_73.jpg,Cardboard,D:\Recovered Documents\Moringa\Module 5\Summative2\realwaste\realwaste-main\RealWaste\Cardboard\Cardboard_73.jpg,524,524,RGB,1.0,194.8,146.86632,30.506731,42.59288
Cardboard_74.jpg,Cardboard,D:\Recovered Documents\Moringa\Module 5\Summative2\realwaste\realwaste-main\RealWaste\Cardboard\Cardboard_74.jpg,524,524,RGB,1.0,199.7,143.6985,32.03625,45.0842
Cardboard_75.jpg,Cardboard,D:\Recovered Documents\Moringa\Module 5\Summative2\realwaste\realwaste-main\RealWaste\Cardboard\Cardboard_75.jpg,524,524,RGB,1.0,181.1,150.92245,30.802269,39.991753
Cardboard_76.jpg,Cardboard,D:\Recovered Documents\Moringa\Module 5\Summative2\realwaste\realwaste-main\RealWaste\Cardboard\Cardboard_76.jpg,524,524,RGB,1.0,160.6,145.932,33.404697,48.187065
Cardboard_77.jpg,Cardboard,D:\Recovered Documents\Moringa\Module 5\Summative2\realwaste\realwaste-main\RealWaste\Cardboard\Cardboard_77.jpg,524,524,RGB,1.0,167.4,142.2759,35.516148,57.18316
Cardboard_78.jpg,Cardboard,D:\Recovered Documents\Moringa\Module 5\Summative2\realwaste\realwaste-main\RealWaste\Cardboard\Cardboard_78.jpg,524,524,RGB,1.0,89.1,150.98395,44.1751,73.370224
Cardboard_79.jpg,Cardboard,D:\Recovered Documents\Moringa\Module 5\Summative2\realwaste\realwaste-main\RealWaste\Cardboard\Cardboard_79.jpg,524,524,RGB,1.0,91.1,162.57234,51.23404,47.459637
Cardboard_8.jpg,Cardboard,D:\Recovered Documents\Moringa\Module 5\Summative2\realwaste\realwaste-main\RealWaste\Cardboard\Cardboard_8.jpg,524,524,RGB,1.0,103.3,163.21542,43.118816,36.910156
Cardboard_80.jpg,Cardboard,D:\Recovered Documents\Moringa\Module 5\Summative2\realwaste\realwaste-main\RealWaste\Cardboard\Cardboard_80.jpg,524,524,RGB,1.0,143.3,152.30252,39.48516,61.778214
Cardboard_81.jpg,Cardboard,D:\Recovered Documents\Moringa\Module 5\Summative2\realwaste\realwaste-main\RealWaste\Cardboard\Cardboard_81.jpg,524,524,RGB,1.0,85.3,148.58304,42.401928,74.108505
Cardboard_82.jpg,Cardboard,D:\Recovered Documents\Moringa\Module 5\Summative2\realwaste\realwaste-main\RealWaste\Cardboard\Cardboard_82.jpg,524,524,RGB,1.0,150.3,149.53748,40.878452,85.244354
Cardboard_83.jpg,Cardboard,D:\Recovered Documents\Moringa\Module 5\Summative2\realwaste\realwaste-main\RealWaste\Cardboard\Cardboard_83.jpg,524,524,RGB,1.0,146.7,149.12283,42.97668,85.605034
Cardboard_84.jpg,Cardboard,D:\Recovered Documents\Moringa\Module 5\Summative2\realwaste\realwaste-main\RealWaste\Cardboard\Cardboard_84.jpg,524,524,RGB,1.0,181.7,154.50261,43.15232,44.223526
Cardboard_85.jpg,Cardboard,D:\Recovered Documents\Moringa\Module 5\Summative2\realwaste\realwaste-main\RealWaste\Cardboard\Cardboard_85.jpg,524,524,RGB,1.0,179.1,149.40031,47.850906,46.26389
Cardboard_86.jpg,Cardboard,D:\Recovered Documents\Moringa\Module 5\Summative2\realwaste\realwaste-main\RealWaste\Cardboard\Cardboard_86.jpg,524,524,RGB,1.0,171.8,150.92824,49.56692,43.3112
Cardboard_87.jpg,Cardboard,D:\Recovered Documents\Moringa\Module 5\Summative2\realwaste\realwaste-main\RealWaste\Cardboard\Cardboard_87.jpg,524,524,RGB,1.0,187.1,150.64091,45.97253,51.534286
Cardboard_88.jpg,Cardboard,D:\Recovered Documents\Moringa\Module 5\Summative2\realwaste\realwaste-main\RealWaste\Cardboard\Cardboard_88.jpg,524,524,RGB,1.0,136.0,149.58073,42.42343,80.27734
Cardboard_89.jpg,Cardboard,D:\Recovered Documents\Moringa\Module 5\Summative2\realwaste\realwaste-main\RealWaste\Cardboard\Cardboard_89.jpg,524,524,RGB,1.0,122.7,147.19011,39.1753,78.00738
Cardboard_9.jpg,Cardboard,D:\Recovered Documents\Moringa\Module 5\Summative2\realwaste\realwaste-main\RealWaste\Cardboard\Cardboard_9.jpg,524,524,RGB,1.0,97.5,166.42766,45.64009,31.001736
Cardboard_90.jpg,Cardboard,D:\Recovered Documents\Moringa\Module 5\Summative2\realwaste\realwaste-main\RealWaste\Cardboard\Cardboard_90.jpg,524,524,RGB,1.0,103.4,161.11024,50.153698,67.09592
Cardboard_91.jpg,Cardboard,D:\Recovered Documents\Moringa\Module 5\Summative2\realwaste\realwaste-main\RealWaste\Cardboard\Cardboard_91.jpg,524,524,RGB,1.0,142.4,154.58926,49.817554,50.124565
Cardboard_92.jpg,Cardboard,D:\Recovered Documents\Moringa\Module 5\Summative2\realwaste\realwaste-main\RealWaste\Cardboard\Cardboard_92.jpg,524,524,RGB,1.0,155.5,152.7743,45.0676,86.875
Cardboard_93.jpg,Cardboard,D:\Recovered Documents\Moringa\Module 5\Summative2\realwaste\realwaste-main\RealWaste\Cardboard\Cardboard_93.jpg,524,524,RGB,1.0,148.5,153.09505,56.89115,59.96745
Cardboard_94.jpg,Cardboard,D:\Recovered Documents\Moringa\Module 5\Summative2\realwaste\realwaste-main\RealWaste\Cardboard\Cardboard_94.jpg,524,524,RGB,1.0,147.0,154.03024,52.329365,83.44575
Cardboard_95.jpg,Cardboard,D:\Recovered Documents\Moringa\Module 5\Summative2\realwaste\realwaste-main\RealWaste\Cardboard\Cardboard_95.jpg,524,524,RGB,1.0,150.6,156.4485,46.545403,87.87804
Cardboard_96.jpg,Cardboard,D:\Recovered Documents\Moringa\Module 5\Summative2\realwaste\realwaste-main\RealWaste\Cardboard\Cardboard_96.jpg,524,524,RGB,1.0,144.7,160.10417,37.072094,67.000435
Cardboard_97.jpg,Cardboard,D:\Recovered Documents\Moringa\Module 5\Summative2\realwaste\realwaste-main\RealWaste\Cardboard\Cardboard_97.jpg,524,524,RGB,1.0,145.7,159.6781,37.71557,72.58073
Cardboard_98.jpg,Cardboard,D:\Recovered Documents\Moringa\Module 5\Summative2\realwaste\realwaste-main\RealWaste\Cardboard\Cardboard_98.jpg,524,524,RGB,1.0,146.1,159.53168,35.92188,69.4184
Cardboard_99.jpg,Cardboard,D:\Recovered Documents\Moringa\Module 5\Summative2\realwaste\realwaste-main\RealWaste\Cardboard\Cardboard_99.jpg,524,524,RGB,1.0,204.2,156.92549,29.955427,37.411892
Food Organics_1.jpg,Food Organics,D:\Recovered Documents\Moringa\Module 5\Summative2\realwaste\realwaste-main\RealWaste\Food Organics\Food Organics_1.jpg,524,524,RGB,1.0,189.2,154.52257,50.310944,57.442707
Food Organics_10.jpg,Food Organics,D:\Recovered Documents\Moringa\Module 5\Summative2\realwaste\realwaste-main\RealWaste\Food Organics\Food Organics_10.jpg,524,524,RGB,1.0,167.9,157.22801,40.12685,52.79991
Food Organics_100.jpg,Food Organics,D:\Recovered Documents\Moringa\Module 5\Summative2\realwaste\realwaste-main\RealWaste\Food Organics\Food Organics_100.jpg,524,524,RGB,1.0,157.2,158.22078,35.909756,72.13151
Food Organics_101.jpg,Food Organics,D:\Recovered Documents\Moringa\Module 5\Summative2\realwaste\realwaste-main\RealWaste\Food Organics\Food Organics_101.jpg,524,524,RGB,1.0,206.1,155.54065,34.353085,17.719618
Food Organics_102.jpg,Food Organics,D:\Recovered Documents\Moringa\Module 5\Summative2\realwaste\realwaste-main\RealWaste\Food Organics\Food Organics_102.jpg,524,524,RGB,1.0,158.9,155.16797,42.47495,70.93143
Food Organics_103.jpg,Food Organics,D:\Recovered Documents\Moringa\Module 5\Summative2\realwaste\realwaste-main\RealWaste\Food Organics\Food Organics_103.jpg,524,524,RGB,1.0,159.4,153.80064,39.150013,67.38759
Food Organics_104.jpg,Food Organics,D:\Recovered Documents\Moringa\Module 5\Summative2\realwaste\realwaste-main\RealWaste\Food Organics\Food Organics_104.jpg,524,524,RGB,1.0,151.8,157.63268,34.873154,72.457466
Food Organics_105.jpg,Food Organics,D:\Recovered Documents\Moringa\Module 5\Summative2\realwaste\realwaste-main\RealWaste\Food Organics\Food Organics_105.jpg,524,524,RGB,1.0,152.2,157.4006,33.971478,73.14453
Food Organics_106.jpg,Food Organics,D:\Recovered Documents\Moringa\Module 5\Summative2\realwaste\realwaste-main\RealWaste\Food Organics\Food Organics_106.jpg,524,524,RGB,1.0,150.6,157.46774,44.404327,71.61719
Food Organics_107.jpg,Food Organics,D:\Recovered Documents\Moringa\Module 5\Summative2\realwaste\realwaste-main\RealWaste\Food Organics\Food Organics_107.jpg,524,524,RGB,1.0,156.4,152.37877,39.79004,54.3954
Food Organics_108.jpg,Food Organics,D:\Recovered Documents\Moringa\Module 5\Summative2\realwaste\realwaste-main\RealWaste\Food Organics\Food Organics_108.jpg,524,524,RGB,1.0,156.7,154.45848,37.829063,55.96788
Food Organics_109.jpg,Food Organics,D:\Recovered Documents\Moringa\Module 5\Summative2\realwaste\realwaste-main\RealWaste\Food Organics\Food Organics_109.jpg,524,524,RGB,1.0,139.3,157.11444,34.374706,70.42318
Food Organics_11.jpg,Food Organics,D:\Recovered Documents\Moringa\Module 5\Summative2\realwaste\realwaste-main\RealWaste\Food Organics\Food Organics_11.jpg,524,524,RGB,1.0,164.4,157.57683,39.605484,46.07769
Food Organics_110.jpg,Food Organics,D:\Recovered Documents\Moringa\Module 5\Summative2\realwaste\realwaste-main\RealWaste\Food Organics\Food Organics_110.jpg,524,524,RGB,1.0,137.2,158.58826,34.89267,77.8967
Food Organics_111.jpg,Food Organics,D:\Recovered Documents\Moringa\Module 5\Summative2\realwaste\realwaste-main\RealWaste\Food Organics\Food Organics_111.jpg,524,524,RGB,1.0,129.7,157.6823,33.162746,80.20096
Food Organics_112.jpg,Food Organics,D:\Recovered Documents\Moringa\Module 5\Summative2\realwaste\realwaste-main\RealWaste\Food Organics\Food Organics_112.jpg,524,524,RGB,1.0,198.6,165.1846,39.86391,19.183159
Food Organics_113.jpg,Food Organics,D:\Recovered Documents\Moringa\Module 5\Summative2\realwaste\realwaste-main\RealWaste\Food Organics\Food Organics_113.jpg,524,524,RGB,1.0,193.2,162.87645,25.984589,16.496529
Food Organics_114.jpg,Food Organics,D:\Recovered Documents\Moringa\Module 5\Summative2\realwaste\realwaste-main\RealWaste\Food Organics\Food Organics_114.jpg,524,524,RGB,1.0,141.9,156.42288,31.391441,78.95096
Food Organics_115.jpg,Food Organics,D:\Recovered Documents\Moringa\Module 5\Summative2\realwaste\realwaste-main\RealWaste\Food Organics\Food Organics_115.jpg,524,524,RGB,1.0,141.2,154.67145,32.537643,82.31901
Food Organics_116.jpg,Food Organics,D:\Recovered Documents\Moringa\Module 5\Summative2\realwaste\realwaste-main\RealWaste\Food Organics\Food Organics_116.jpg,524,524,RGB,1.0,146.9,154.41103,31.367933,76.176216
Food Organics_117.jpg,Food Organics,D:\Recovered Documents\Moringa\Module 5\Summative2\realwaste\realwaste-main\RealWaste\Food Organics\Food Organics_117.jpg,524,524,RGB,1.0,151.0,153.86125,32.232185,76.202255
Food Organics_118.jpg,Food Organics,D:\Recovered Documents\Moringa\Module 5\Summative2\realwaste\realwaste-main\RealWaste\Food Organics\Food Organics_118.jpg,524,524,RGB,1.0,139.7,154.2882,46.098522,75.298615
Food Organics_119.jpg,Food Organics,D:\Recovered Documents\Moringa\Module 5\Summative2\realwaste\realwaste-main\RealWaste\Food Organics\Food Organics_119.jpg,524,524,RGB,1.0,149.1,157.95891,44.143154,76.0651
Food Organics_12.jpg,Food Organics,D:\Recovered Documents\Moringa\Module 5\Summative2\realwaste\realwaste-main\RealWaste\Food Organics\Food Organics_12.jpg,524,524,RGB,1.0,165.1,155.93663,37.04133,46.197918
Food Organics_120.jpg,Food Organics,D:\Recovered Documents\Moringa\Module 5\Summative2\realwaste\realwaste-main\RealWaste\Food Organics\Food Organics_120.jpg,524,524,RGB,1.0,148.7,159.85402,36.97684,66.23177
Food Organics_121.jpg,Food Organics,D:\Recovered Documents\Moringa\Module 5\Summative2\realwaste\realwaste-main\RealWaste\Food Organics\Food Organics_121.jpg,524,524,RGB,1.0,156.9,157.07942,42.124523,70.42882
Food Organics_122.jpg,Food Organics,D:\Recovered Documents\Moringa\Module 5\Summative2\realwaste\realwaste-main\RealWaste\Food Organics\Food Organics_122.jpg,524,524,RGB,1.0,142.1,155.47627,42.096478,83.245224
Food Organics_123.jpg,Food Organics,D:\Recovered Documents\Moringa\Module 5\Summative2\realwaste\realwaste-main\RealWaste\Food Organics\Food Organics_123.jpg,524,524,RGB,1.0,152.1,158.28139,47.406128,74.421005
Food Organics_124.jpg,Food Organics,D:\Recovered Documents\Moringa\Module 5\Summative2\realwaste\realwaste-main\RealWaste\Food Organics\Food Organics_124.jpg,524,524,RGB,1.0,209.1,161.52054,33.195595,25.278646
Food Organics_125.jpg,Food Organics,D:\Recovered Documents\Moringa\Module 5\Summative2\realwaste\realwaste-main\RealWaste\Food Organics\Food Organics_125.jpg,524,524,RGB,1.0,148.4,157.4427,50.369755,69.21137
Food Organics_126.jpg,Food Organics,D:\Recovered Documents\Moringa\Module 5\Summative2\realwaste\realwaste-main\RealWaste\Food Organics\Food Organics_126.jpg,524,524,RGB,1.0,153.6,156.31728,48.230198,72.735245
Food Organics_127.jpg,Food Organics,D:\Recovered Documents\Moringa\Module 5\Summative2\realwaste\realwaste-main\RealWaste\Food Organics\Food Organics_127.jpg,524,524,RGB,1.0,167.7,157.38252,45.99336,69.76302
Food Organics_128.jpg,Food Organics,D:\Recovered Documents\Moringa\Module 5\Summative2\realwaste\realwaste-main\RealWaste\Food Organics\Food Organics_128.jpg,524,524,RGB,1.0,167.6,157.54369,51.78193,72.094185
Food Organics_129.jpg,Food Organics,D:\Recovered Documents\Moringa\Module 5\Summative2\realwaste\realwaste-main\RealWaste\Food Organics\Food Organics_129.jpg,524,524,RGB,1.0,152.9,150.01317,33.510742,79.40451
Food Organics_13.jpg,Food Organics,D:\Recovered Documents\Moringa\Module 5\Summative2\realwaste\realwaste-main\RealWaste\Food Organics\Food Organics_13.jpg,524,524,RGB,1.0,208.0,162.16869,22.408623,15.858941
Food Organics_130.jpg,Food Organics,D:\Recovered Documents\Moringa\Module 5\Summative2\realwaste\realwaste-main\RealWaste\Food Organics\Food Organics_130.jpg,524,524,RGB,1.0,151.4,151.61806,33.31481,78.19054
Food Organics_131.jpg,Food Organics,D:\Recovered Documents\Moringa\Module 5\Summative2\realwaste\realwaste-main\RealWaste\Food Organics\Food Organics_131.jpg,524,524,RGB,1.0,152.3,156.35243,33.26258,75.89974
Food Organics_132.jpg,Food Organics,D:\Recovered Documents\Moringa\Module 5\Summative2\realwaste\realwaste-main\RealWaste\Food Organics\Food Organics_132.jpg,524,524,RGB,1.0,154.1,153.84592,32.80311,77.19141
Food Organics_133.jpg,Food Organics,D:\Recovered Documents\Moringa\Module 5\Summative2\realwaste\realwaste-main\RealWaste\Food Organics\Food Organics_133.jpg,524,524,RGB,1.0,162.1,158.58015,32.77988,56.557724
Food Organics_134.jpg,Food Organics,D:\Recovered Documents\Moringa\Module 5\Summative2\realwaste\realwaste-main\RealWaste\Food Organics\Food Organics_134.jpg,524,524,RGB,1.0,148.4,156.80902,33.38102,64.94531
Food Organics_135.jpg,Food Organics,D:\Recovered Documents\Moringa\Module 5\Summative2\realwaste\realwaste-main\RealWaste\Food Organics\Food Organics_135.jpg,524,524,RGB,1.0,193.7,155.71513,39.65784,47.86241
Food Organics_136.jpg,Food Organics,D:\Recovered Documents\Moringa\Module 5\Summative2\realwaste\realwaste-main\RealWaste\Food Organics\Food Organics_136.jpg,524,524,RGB,1.0,161.2,158.81683,38.03106,61.046875
Food Organics_137.jpg,Food Organics,D:\Recovered Documents\Moringa\Module 5\Summative2\realwaste\realwaste-main\RealWaste\Food Organics\Food Organics_137.jpg,524,524,RGB,1.0,158.4,158.70819,36.78575,63.541233
Food Organics_138.jpg,Food Organics,D:\Recovered Documents\Moringa\Module 5\Summative2\realwaste\realwaste-main\RealWaste\Food Organics\Food Organics_138.jpg,524,524,RGB,1.0,179.8,157.80685,43.64934,43.005642
Food Organics_139.jpg,Food Organics,D:\Recovered Documents\Moringa\Module 5\Summative2\realwaste\realwaste-main\RealWaste\Food Organics\Food Organics_139.jpg,524,524,RGB,1.0,181.2,161.15524,27.960268,53.0842
Food Organics_14.jpg,Food Organics,D:\Recovered Documents\Moringa\Module 5\Summative2\realwaste\realwaste-main\RealWaste\Food Organics\Food Organics_14.jpg,524,524,RGB,1.0,174.3,160.53616,35.36291,47.218315
Food Organics_140.jpg,Food Organics,D:\Recovered Documents\Moringa\Module 5\Summative2\realwaste\realwaste-main\RealWaste\Food Organics\Food Organics_140.jpg,524,524,RGB,1.0,181.9,154.94518,37.780563,44.940536
Food Organics_141.jpg,Food Organics,D:\Recovered Documents\Moringa\Module 5\Summative2\realwaste\realwaste-main\RealWaste\Food Organics\Food Organics_141.jpg,524,524,RGB,1.0,181.8,158.68489,31.571365,45.080296
Food Organics_142.jpg,Food Organics,D:\Recovered Documents\Moringa\Module 5\Summative2\realwaste\realwaste-main\RealWaste\Food Organics\Food Organics_142.jpg,524,524,RGB,1.0,181.8,156.71527,32.97634,49.166668
Food Organics_143.jpg,Food Organics,D:\Recovered Documents\Moringa\Module 5\Summative2\realwaste\realwaste-main\RealWaste\Food Organics\Food Organics_143.jpg,524,524,RGB,1.0,184.0,159.08406,31.58006,46.701824
Food Organics_144.jpg,Food Organics,D:\Recovered Documents\Moringa\Module 5\Summative2\realwaste\realwaste-main\RealWaste\Food Organics\Food Organics_144.jpg,524,524,RGB,1.0,165.6,155.74623,36.782288,56.8546
Food Organics_145.jpg,Food Organics,D:\Recovered Documents\Moringa\Module 5\Summative2\realwaste\realwaste-main\RealWaste\Food Organics\Food Organics_145.jpg,524,524,RGB,1.0,182.0,150.03587,46.445858,49.019966
Food Organics_146.jpg,Food Organics,D:\Recovered Documents\Moringa\Module 5\Summative2\realwaste\realwaste-main\RealWaste\Food Organics\Food Organics_146.jpg,524,524,RGB,1.0,195.0,159.52763,36.623257,40.212673
Food Organics_147.jpg,Food Organics,D:\Recovered Documents\Moringa\Module 5\Summative2\realwaste\realwaste-main\RealWaste\Food Organics\Food Organics_147.jpg,524,524,RGB,1.0,179.2,160.89728,27.596136,46.178818
Food Organics_148.jpg,Food Organics,D:\Recovered Documents\Moringa\Module 5\Summative2\realwaste\realwaste-main\RealWaste\Food Organics\Food Organics_148.jpg,524,524,RGB,1.0,175.9,158.66609,36.279026,45.718315
Food Organics_149.jpg,Food Organics,D:\Recovered Documents\Moringa\Module 5\Summative2\realwaste\realwaste-main\RealWaste\Food Organics\Food Organics_149.jpg,524,524,RGB,1.0,189.6,158.49493,30.271519,45.759113
Food Organics_15.jpg,Food Organics,D:\Recovered Documents\Moringa\Module 5\Summative2\realwaste\realwaste-main\RealWaste\Food Organics\Food Organics_15.jpg,524,524,RGB,1.0,169.6,160.78096,33.625114,49.34028
Food Organics_150.jpg,Food Organics,D:\Recovered Documents\Moringa\Module 5\Summative2\realwaste\realwaste-main\RealWaste\Food Organics\Food Organics_150.jpg,524,524,RGB,1.0,127.4,155.70949,34.125793,75.82422
Food Organics_151.jpg,Food Organics,D:\Recovered Documents\Moringa\Module 5\Summative2\realwaste\realwaste-main\RealWaste\Food Organics\Food Organics_151.jpg,524,524,RGB,1.0,144.9,156.97194,34.935745,73.28646
Food Organics_152.jpg,Food Organics,D:\Recovered Documents\Moringa\Module 5\Summative2\realwaste\realwaste-main\RealWaste\Food Organics\Food Organics_152.jpg,524,524,RGB,1.0,188.5,153.65192,45.219788,35.414497
Food Organics_153.jpg,Food Organics,D:\Recovered Documents\Moringa\Module 5\Summative2\realwaste\realwaste-main\RealWaste\Food Organics\Food Organics_153.jpg,524,524,RGB,1.0,188.1,156.3679,37.39831,36.71875
Food Organics_154.jpg,Food Organics,D:\Recovered Documents\Moringa\Module 5\Summative2\realwaste\realwaste-main\RealWaste\Food Organics\Food Organics_154.jpg,524,524,RGB,1.0,183.7,151.82784,57.51762,44.0638
Food Organics_155.jpg,Food Organics,D:\Recovered Documents\Moringa\Module 5\Summative2\realwaste\realwaste-main\RealWaste\Food Organics\Food Organics_155.jpg,524,524,RGB,1.0,184.9,149.16783,59.27369,46.254776
Food Organics_156.jpg,Food Organics,D:\Recovered Documents\Moringa\Module 5\Summative2\realwaste\realwaste-main\RealWaste\Food Organics\Food Organics_156.jpg,524,524,RGB,1.0,184.4,150.79616,56.103443,36.773872
Food Organics_157.jpg,Food Organics,D:\Recovered Documents\Moringa\Module 5\Summative2\realwaste\realwaste-main\RealWaste\Food Organics\Food Organics_157.jpg,524,524,RGB,1.0,199.9,150.77444,57.25326,65.45009
Food Organics_158.jpg,Food Organics,D:\Recovered Documents\Moringa\Module 5\Summative2\realwaste\realwaste-main\RealWaste\Food Organics\Food Organics_158.jpg,524,524,RGB,1.0,185.9,148.7973,55.861675,37.723526
Food Organics_159.jpg,Food Organics,D:\Recovered Documents\Moringa\Module 5\Summative2\realwaste\realwaste-main\RealWaste\Food Organics\Food Organics_159.jpg,524,524,RGB,1.0,181.2,151.9877,55.40724,42.755207
Food Organics_16.jpg,Food Organics,D:\Recovered Documents\Moringa\Module 5\Summative2\realwaste\realwaste-main\RealWaste\Food Organics\Food Organics_16.jpg,524,524,RGB,1.0,177.3,160.01591,35.987072,49.101128
Food Organics_160.jpg,Food Organics,D:\Recovered Documents\Moringa\Module 5\Summative2\realwaste\realwaste-main\RealWaste\Food Organics\Food Organics_160.jpg,524,524,RGB,1.0,182.6,152.82726,53.639206,45.30599
Food Organics_161.jpg,Food Organics,D:\Recovered Documents\Moringa\Module 5\Summative2\realwaste\realwaste-main\RealWaste\Food Organics\Food Organics_161.jpg,524,524,RGB,1.0,174.1,157.58131,34.37153,43.1658
Food Organics_162.jpg,Food Organics,D:\Recovered Documents\Moringa\Module 5\Summative2\realwaste\realwaste-main\RealWaste\Food Organics\Food Organics_162.jpg,524,524,RGB,1.0,152.3,156.00433,34.929363,85.833336
Food Organics_163.jpg,Food Organics,D:\Recovered Documents\Moringa\Module 5\Summative2\realwaste\realwaste-main\RealWaste\Food Organics\Food Organics_163.jpg,524,524,RGB,1.0,181.0,151.8967,55.360226,45.9158
Food Organics_164.jpg,Food Organics,D:\Recovered Documents\Moringa\Module 5\Summative2\realwaste\realwaste-main\RealWaste\Food Organics\Food Organics_164.jpg,524,524,RGB,1.0,186.0,152.99147,54.40209,46.37847
Food Organics_165.jpg,Food Organics,D:\Recovered Documents\Moringa\Module 5\Summative2\realwaste\realwaste-main\RealWaste\Food Organics\Food Organics_165.jpg,524,524,RGB,1.0,186.2,148.53502,55.655556,48.460938
Food Organics_166.jpg,Food Organics,D:\Recovered Documents\Moringa\Module 5\Summative2\realwaste\realwaste-main\RealWaste\Food Organics\Food Organics_166.jpg,524,524,RGB,1.0,186.8,152.44386,55.525154,38.394096
Food Organics_167.jpg,Food Organics,D:\Recovered Documents\Moringa\Module 5\Summative2\realwaste\realwaste-main\RealWaste\Food Organics\Food Organics_167.jpg,524,524,RGB,1.0,183.1,150.57654,56.86658,38.94184
Food Organics_168.jpg,Food Organics,D:\Recovered Documents\Moringa\Module 5\Summative2\realwaste\realwaste-main\RealWaste\Food Organics\Food Organics_168.jpg,524,524,RGB,1.0,190.5,157.48611,41.71309,52.028645
Food Organics_169.jpg,Food Organics,D:\Recovered Documents\Moringa\Module 5\Summative2\realwaste\realwaste-main\RealWaste\Food Organics\Food Organics_169.jpg,524,524,RGB,1.0,181.3,151.99681,56.98687,43.89453
Food Organics_17.jpg,Food Organics,D:\Recovered Documents\Moringa\Module 5\Summative2\realwaste\realwaste-main\RealWaste\Food Organics\Food Organics_17.jpg,524,524,RGB,1.0,170.9,162.53645,29.95781,43.332466
Food Organics_170.jpg,Food Organics,D:\Recovered Documents\Moringa\Module 5\Summative2\realwaste\realwaste-main\RealWaste\Food Organics\Food Organics_170.jpg,524,524,RGB,1.0,176.2,147.80656,59.354614,49.867622
Food Organics_171.jpg,Food Organics,D:\Recovered Documents\Moringa\Module 5\Summative2\realwaste\realwaste-main\RealWaste\Food Organics\Food Organics_171.jpg,524,524,RGB,1.0,187.3,154.63268,52.710205,37.05295
Food Organics_172.jpg,Food Organics,D:\Recovered Documents\Moringa\Module 5\Summative2\realwaste\realwaste-main\RealWaste\Food Organics\Food Organics_172.jpg,524,524,RGB,1.0,184.1,151.36342,53.259888,39.088974
Food Organics_173.jpg,Food Organics,D:\Recovered Documents\Moringa\Module 5\Summative2\realwaste\realwaste-main\RealWaste\Food Organics\Food Organics_173.jpg,524,524,RGB,1.0,208.1,148.84317,45.691563,42.86111
Food Organics_174.jpg,Food Organics,D:\Recovered Documents\Moringa\Module 5\Summative2\realwaste\realwaste-main\RealWaste\Food Organics\Food Organics_174.jpg,524,524,RGB,1.0,159.7,154.04036,42.262875,51.43533
Food Organics_175.jpg,Food Organics,D:\Recovered Documents\Moringa\Module 5\Summative2\realwaste\realwaste-main\RealWaste\Food Organics\Food Organics_175.jpg,524,524,RGB,1.0,165.0,158.57321,48.856155,40.882378
Food Organics_176.jpg,Food Organics,D:\Recovered Documents\Moringa\Module 5\Summative2\realwaste\realwaste-main\RealWaste\Food Organics\Food Organics_176.jpg,524,524,RGB,1.0,174.3,156.50998,45.480988,52.060764
Food Organics_177.jpg,Food Organics,D:\Recovered Documents\Moringa\Module 5\Summative2\realwaste\realwaste-main\RealWaste\Food Organics\Food Organics_177.jpg,524,524,RGB,1.0,170.7,155.95645,44.796284,54.54991
Food Organics_178.jpg,Food Organics,D:\Recovered Documents\Moringa\Module 5\Summative2\realwaste\realwaste-main\RealWaste\Food Organics\Food Organics_178.jpg,524,524,RGB,1.0,179.7,160.98366,44.10386,51.41276
Food Organics_179.jpg,Food Organics,D:\Recovered Documents\Moringa\Module 5\Summative2\realwaste\realwaste-main\RealWaste\Food Organics\Food Organics_179.jpg,524,524,RGB,1.0,195.7,156.71614,53.272785,52.5612
Food Organics_18.jpg,Food Organics,D:\Recovered Documents\Moringa\Module 5\Summative2\realwaste\realwaste-main\RealWaste\Food Organics\Food Organics_18.jpg,524,524,RGB,1.0,164.5,162.99335,29.72821,43.26606
Food Organics_180.jpg,Food Organics,D:\Recovered Documents\Moringa\Module 5\Summative2\realwaste\realwaste-main\RealWaste\Food Organics\Food Organics_180.jpg,524,524,RGB,1.0,164.3,155.95862,46.5252,45.60547
Food Organics_181.jpg,Food Organics,D:\Recovered Documents\Moringa\Module 5\Summative2\realwaste\realwaste-main\RealWaste\Food Organics\Food Organics_181.jpg,524,524,RGB,1.0,154.8,151.69489,42.844913,31.845486
Food Organics_182.jpg,Food Organics,D:\Recovered Documents\Moringa\Module 5\Summative2\realwaste\realwaste-main\RealWaste\Food Organics\Food Organics_182.jpg,524,524,RGB,1.0,181.7,154.32103,35.99593,40.797745
Food Organics_183.jpg,Food Organics,D:\Recovered Documents\Moringa\Module 5\Summative2\realwaste\realwaste-main\RealWaste\Food Organics\Food Organics_183.jpg,524,524,RGB,1.0,172.1,154.72614,43.618343,35.834637
Food Organics_184.jpg,Food Organics,D:\Recovered Documents\Moringa\Module 5\Summative2\realwaste\realwaste-main\RealWaste\Food Organics\Food Organics_184.jpg,524,524,RGB,1.0,183.8,154.8954,37.17382,41.372395
Food Organics_185.jpg,Food Organics,D:\Recovered Documents\Moringa\Module 5\Summative2\realwaste\realwaste-main\RealWaste\Food Organics\Food Organics_185.jpg,524,524,RGB,1.0,185.5,156.85547,42.54513,45.697483
Food Organics_186.jpg,Food Organics,D:\Recovered Documents\Moringa\Module 5\Summative2\realwaste\realwaste-main\RealWaste\Food Organics\Food Organics_186.jpg,524,524,RGB,1.0,183.4,152.73828,46.539013,54.418404
Food Organics_187.jpg,Food Organics,D:\Recovered Documents\Moringa\Module 5\Summative2\realwaste\realwaste-main\RealWaste\Food Organics\Food Organics_187.jpg,524,524,RGB,1.0,181.6,154.27518,42.70354,43.625
Food Organics_188.jpg,Food Organics,D:\Recovered Documents\Moringa\Module 5\Summative2\realwaste\realwaste-main\RealWaste\Food Organics\Food Organics_188.jpg,524,524,RGB,1.0,185.2,153.13788,39.348896,44.53472
Food Organics_189.jpg,Food Organics,D:\Recovered Documents\Moringa\Module 5\Summative2\realwaste\realwaste-main\RealWaste\Food Organics\Food Organics_189.jpg,524,524,RGB,1.0,182.3,157.41956,36.240005,39.802517
Food Organics_19.jpg,Food Organics,D:\Recovered Documents\Moringa\Module 5\Summative2\realwaste\realwaste-main\RealWaste\Food Organics\Food Organics_19.jpg,524,524,RGB,1.0,159.0,155.84953,38.016865,46.661457
Food Organics_190.jpg,Food Organics,D:\Recovered Documents\Moringa\Module 5\Summative2\realwaste\realwaste-main\RealWaste\Food Organics\Food Organics_190.jpg,524,524,RGB,1.0,182.7,152.33623,52.54266,74.749565
Food Organics_191.jpg,Food Organics,D:\Recovered Documents\Moringa\Module 5\Summative2\realwaste\realwaste-main\RealWaste\Food Organics\Food Organics_191.jpg,524,524,RGB,1.0,179.0,152.62268,55.874447,46.72309
Food Organics_192.jpg,Food Organics,D:\Recovered Documents\Moringa\Module 5\Summative2\realwaste\realwaste-main\RealWaste\Food Organics\Food Organics_192.jpg,524,524,RGB,1.0,180.3,157.85431,32.564922,49.023872
Food Organics_193.jpg,Food Organics,D:\Recovered Documents\Moringa\Module 5\Summative2\realwaste\realwaste-main\RealWaste\Food Organics\Food Organics_193.jpg,524,524,RGB,1.0,143.1,150.1885,41.95031,53.322918
Food Organics_194.jpg,Food Organics,D:\Recovered Documents\Moringa\Module 5\Summative2\realwaste\realwaste-main\RealWaste\Food Organics\Food Organics_194.jpg,524,524,RGB,1.0,166.7,158.10156,32.93975,52.12283
Food Organics_195.jpg,Food Organics,D:\Recovered Documents\Moringa\Module 5\Summative2\realwaste\realwaste-main\RealWaste\Food Organics\Food Organics_195.jpg,524,524,RGB,1.0,168.7,153.40639,38.251785,50.00955
Food Organics_196.jpg,Food Organics,D:\Recovered Documents\Moringa\Module 5\Summative2\realwaste\realwaste-main\RealWaste\Food Organics\Food Organics_196.jpg,524,524,RGB,1.0,173.2,161.51924,30.565142,54.323784
Food Organics_197.jpg,Food Organics,D:\Recovered Documents\Moringa\Module 5\Summative2\realwaste\realwaste-main\RealWaste\Food Organics\Food Organics_197.jpg,524,524,RGB,1.0,177.6,155.54645,40.38273,42.14236
Food Organics_198.jpg,Food Organics,D:\Recovered Documents\Moringa\Module 5\Summative2\realwaste\realwaste-main\RealWaste\Food Organics\Food Organics_198.jpg,524,524,RGB,1.0,179.4,153.27663,41.164913,41.463108
Food Organics_199.jpg,Food Organics,D:\Recovered Documents\Moringa\Module 5\Summative2\realwaste\realwaste-main\RealWaste\Food Organics\Food Organics_199.jpg,524,524,RGB,1.0,184.2,156.48828,36.20665,46.837673
Food Organics_2.jpg,Food Organics,D:\Recovered Documents\Moringa\Module 5\Summative2\realwaste\realwaste-main\RealWaste\Food Organics\Food Organics_2.jpg,524,524,RGB,1.0,151.4,162.12297,41.919647,35.14236
Food Organics_20.jpg,Food Organics,D:\Recovered Documents\Moringa\Module 5\Summative2\realwaste\realwaste-main\RealWaste\Food Organics\Food Organics_20.jpg,524,524,RGB,1.0,217.5,156.60605,44.114223,30.331163
Food Organics_200.jpg,Food Organics,D:\Recovered Documents\Moringa\Module 5\Summative2\realwaste\realwaste-main\RealWaste\Food Organics\Food Organics_200.jpg,524,524,RGB,1.0,180.6,155.70255,38.5155,41.827255
Food Organics_201.jpg,Food Organics,D:\Recovered Documents\Moringa\Module 5\Summative2\realwaste\realwaste-main\RealWaste\Food Organics\Food Organics_201.jpg,524,524,RGB,1.0,163.3,158.27951,54.79639,43.694443
Food Organics_202.jpg,Food Organics,D:\Recovered Documents\Moringa\Module 5\Summative2\realwaste\realwaste-main\RealWaste\Food Organics\Food Organics_202.jpg,524,524,RGB,1.0,173.3,158.69632,33.022522,45.80165
Food Organics_203.jpg,Food Organics,D:\Recovered Documents\Moringa\Module 5\Summative2\realwaste\realwaste-main\RealWaste\Food Organics\Food Organics_203.jpg,524,524,RGB,1.0,175.0,159.99161,31.81276,47.99566
Food Organics_204.jpg,Food Organics,D:\Recovered Documents\Moringa\Module 5\Summative2\realwaste\realwaste-main\RealWaste\Food Organics\Food Organics_204.jpg,524,524,RGB,1.0,173.3,156.6493,34.957912,44.632378
Food Organics_205.jpg,Food Organics,D:\Recovered Documents\Moringa\Module 5\Summative2\realwaste\realwaste-main\RealWaste\Food Organics\Food Organics_205.jpg,524,524,RGB,1.0,183.7,160.93489,29.790146,48.96224
Food Organics_206.jpg,Food Organics,D:\Recovered Documents\Moringa\Module 5\Summative2\realwaste\realwaste-main\RealWaste\Food Organics\Food Organics_206.jpg,524,524,RGB,1.0,183.7,153.46165,41.46666,43.466145
Food Organics_207.jpg,Food Organics,D:\Recovered Documents\Moringa\Module 5\Summative2\realwaste\realwaste-main\RealWaste\Food Organics\Food Organics_207.jpg,524,524,RGB,1.0,184.2,155.21933,40.085625,43.441406
Food Organics_208.jpg,Food Organics,D:\Recovered Documents\Moringa\Module 5\Summative2\realwaste\realwaste-main\RealWaste\Food Organics\Food Organics_208.jpg,524,524,RGB,1.0,177.6,159.77676,30.607456,35.760418
Food Organics_209.jpg,Food Organics,D:\Recovered Documents\Moringa\Module 5\Summative2\realwaste\realwaste-main\RealWaste\Food Organics\Food Organics_209.jpg,524,524,RGB,1.0,179.1,156.16306,33.87992,42.31163
Food Organics_21.jpg,Food Organics,D:\Recovered Documents\Moringa\Module 5\Summative2\realwaste\realwaste-main\RealWaste\Food Organics\Food Organics_21.jpg,524,524,RGB,1.0,213.1,157.09737,50.554695,36.807293
Food Organics_210.jpg,Food Organics,D:\Recovered Documents\Moringa\Module 5\Summative2\realwaste\realwaste-main\RealWaste\Food Organics\Food Organics_210.jpg,524,524,RGB,1.0,178.5,155.88223,35.104603,47.276043
Food Organics_211.jpg,Food Organics,D:\Recovered Documents\Moringa\Module 5\Summative2\realwaste\realwaste-main\RealWaste\Food Organics\Food Organics_211.jpg,524,524,RGB,1.0,184.7,149.94734,57.146545,45.34288
Food Organics_212.jpg,Food Organics,D:\Recovered Documents\Moringa\Module 5\Summative2\realwaste\realwaste-main\RealWaste\Food Organics\Food Organics_212.jpg,524,524,RGB,1.0,183.8,152.1642,51.730537,71.46962
Food Organics_213.jpg,Food Organics,D:\Recovered Documents\Moringa\Module 5\Summative2\realwaste\realwaste-main\RealWaste\Food Organics\Food Organics_213.jpg,524,524,RGB,1.0,154.2,157.70993,45.856457,69.16276
Food Organics_214.jpg,Food Organics,D:\Recovered Documents\Moringa\Module 5\Summative2\realwaste\realwaste-main\RealWaste\Food Organics\Food Organics_214.jpg,524,524,RGB,1.0,168.2,156.99393,35.540398,52.309895
Food Organics_215.jpg,Food Organics,D:\Recovered Documents\Moringa\Module 5\Summative2\realwaste\realwaste-main\RealWaste\Food Organics\Food Organics_215.jpg,524,524,RGB,1.0,181.9,150.78067,45.059647,49.476562
Food Organics_216.jpg,Food Organics,D:\Recovered Documents\Moringa\Module 5\Summative2\realwaste\realwaste-main\RealWaste\Food Organics\Food Organics_216.jpg,524,524,RGB,1.0,171.7,155.29774,43.53604,49.45486
Food Organics_217.jpg,Food Organics,D:\Recovered Documents\Moringa\Module 5\Summative2\realwaste\realwaste-main\RealWaste\Food Organics\Food Organics_217.jpg,524,524,RGB,1.0,193.5,152.92679,43.047356,37.17795
Food Organics_218.jpg,Food Organics,D:\Recovered Documents\Moringa\Module 5\Summative2\realwaste\realwaste-main\RealWaste\Food Organics\Food Organics_218.jpg,524,524,RGB,1.0,189.8,153.27806,42.74366,41.117188
Food Organics_219.jpg,Food Organics,D:\Recovered Documents\Moringa\Module 5\Summative2\realwaste\realwaste-main\RealWaste\Food Organics\Food Organics_219.jpg,524,524,RGB,1.0,173.9,154.61618,57.54828,45.585068
Food Organics_22.jpg,Food Organics,D:\Recovered Documents\Moringa\Module 5\Summative2\realwaste\realwaste-main\RealWaste\Food Organics\Food Organics_22.jpg,524,524,RGB,1.0,205.0,154.91797,54.474174,43.516926
Food Organics_220.jpg,Food Organics,D:\Recovered Documents\Moringa\Module 5\Summative2\realwaste\realwaste-main\RealWaste\Food Organics\Food Organics_220.jpg,524,524,RGB,1.0,171.9,155.07103,56.2303,49.51953
Food Organics_221.jpg,Food Organics,D:\Recovered Documents\Moringa\Module 5\Summative2\realwaste\realwaste-main\RealWaste\Food Organics\Food Organics_221.jpg,524,524,RGB,1.0,177.0,154.48596,46.61219,45.64453
Food Organics_222.jpg,Food Organics,D:\Recovered Documents\Moringa\Module 5\Summative2\realwaste\realwaste-main\RealWaste\Food Organics\Food Organics_222.jpg,524,524,RGB,1.0,176.8,156.34636,42.00923,50.864582
Food Organics_223.jpg,Food Organics,D:\Recovered Documents\Moringa\Module 5\Summative2\realwaste\realwaste-main\RealWaste\Food Organics\Food Organics_223.jpg,524,524,RGB,1.0,125.8,167.91536,41.239258,34.328995
Food Organics_224.jpg,Food Organics,D:\Recovered Documents\Moringa\Module 5\Summative2\realwaste\realwaste-main\RealWaste\Food Organics\Food Organics_224.jpg,524,524,RGB,1.0,176.0,158.40364,54.28618,39.5625
Food Organics_225.jpg,Food Organics,D:\Recovered Documents\Moringa\Module 5\Summative2\realwaste\realwaste-main\RealWaste\Food Organics\Food Organics_225.jpg,524,524,RGB,1.0,177.5,153.59808,36.12146,48.912327
Food Organics_226.jpg,Food Organics,D:\Recovered Documents\Moringa\Module 5\Summative2\realwaste\realwaste-main\RealWaste\Food Organics\Food Organics_226.jpg,524,524,RGB,1.0,181.2,156.1454,32.43785,50.641926
Food Organics_227.jpg,Food Organics,D:\Recovered Documents\Moringa\Module 5\Summative2\realwaste\realwaste-main\RealWaste\Food Organics\Food Organics_227.jpg,524,524,RGB,1.0,176.4,156.62558,33.73434,52.751736
Food Organics_228.jpg,Food Organics,D:\Recovered Documents\Moringa\Module 5\Summative2\realwaste\realwaste-main\RealWaste\Food Organics\Food Organics_228.jpg,524,524,RGB,1.0,171.1,150.54861,41.53627,44.29427
Food Organics_229.jpg,Food Organics,D:\Recovered Documents\Moringa\Module 5\Summative2\realwaste\realwaste-main\RealWaste\Food Organics\Food Organics_229.jpg,524,524,RGB,1.0,177.7,153.43373,39.424633,48.179688
Food Organics_23.jpg,Food Organics,D:\Recovered Documents\Moringa\Module 5\Summative2\realwaste\realwaste-main\RealWaste\Food Organics\Food Organics_23.jpg,524,524,RGB,1.0,210.0,155.05772,51.981575,40.690105
Food Organics_230.jpg,Food Organics,D:\Recovered Documents\Moringa\Module 5\Summative2\realwaste\realwaste-main\RealWaste\Food Organics\Food Organics_230.jpg,524,524,RGB,1.0,190.8,157.73466,29.16293,44.35026
Food Organics_231.jpg,Food Organics,D:\Recovered Documents\Moringa\Module 5\Summative2\realwaste\realwaste-main\RealWaste\Food Organics\Food Organics_231.jpg,524,524,RGB,1.0,187.3,152.56438,39.508686,41.366318
Food Organics_232.jpg,Food Organics,D:\Recovered Documents\Moringa\Module 5\Summative2\realwaste\realwaste-main\RealWaste\Food Organics\Food Organics_232.jpg,524,524,RGB,1.0,178.9,154.54196,42.12128,46.009983
Food Organics_233.jpg,Food Organics,D:\Recovered Documents\Moringa\Module 5\Summative2\realwaste\realwaste-main\RealWaste\Food Organics\Food Organics_233.jpg,524,524,RGB,1.0,182.5,160.99957,29.711872,46.709637
Food Organics_234.jpg,Food Organics,D:\Recovered Documents\Moringa\Module 5\Summative2\realwaste\realwaste-main\RealWaste\Food Organics\Food Organics_234.jpg,524,524,RGB,1.0,177.2,153.88252,51.004963,42.765625
Food Organics_235.jpg,Food Organics,D:\Recovered Documents\Moringa\Module 5\Summative2\realwaste\realwaste-main\RealWaste\Food Organics\Food Organics_235.jpg,524,524,RGB,1.0,201.6,155.47685,56.969597,55.532986
Food Organics_236.jpg,Food Organics,D:\Recovered Documents\Moringa\Module 5\Summative2\realwaste\realwaste-main\RealWaste\Food Organics\Food Organics_236.jpg,524,524,RGB,1.0,185.6,162.6221,41.347794,38.09809
Food Organics_237.jpg,Food Organics,D:\Recovered Documents\Moringa\Module 5\Summative2\realwaste\realwaste-main\RealWaste\Food Organics\Food Organics_237.jpg,524,524,RGB,1.0,176.5,153.16956,49.78603,45.92231
Food Organics_238.jpg,Food Organics,D:\Recovered Documents\Moringa\Module 5\Summative2\realwaste\realwaste-main\RealWaste\Food Organics\Food Organics_238.jpg,524,524,RGB,1.0,177.8,158.48322,33.084667,42.25955
Food Organics_239.jpg,Food Organics,D:\Recovered Documents\Moringa\Module 5\Summative2\realwaste\realwaste-main\RealWaste\Food Organics\Food Organics_239.jpg,524,524,RGB,1.0,176.6,159.45067,32.765663,45.929253
Food Organics_24.jpg,Food Organics,D:\Recovered Documents\Moringa\Module 5\Summative2\realwaste\realwaste-main\RealWaste\Food Organics\Food Organics_24.jpg,524,524,RGB,1.0,199.7,161.10359,20.810675,20.498264
Food Organics_240.jpg,Food Organics,D:\Recovered Documents\Moringa\Module 5\Summative2\realwaste\realwaste-main\RealWaste\Food Organics\Food Organics_240.jpg,524,524,RGB,1.0,169.2,160.0544,33.193775,54.151043
Food Organics_241.jpg,Food Organics,D:\Recovered Documents\Moringa\Module 5\Summative2\realwaste\realwaste-main\RealWaste\Food Organics\Food Organics_241.jpg,524,524,RGB,1.0,168.3,156.15596,39.987053,53.355034
Food Organics_242.jpg,Food Organics,D:\Recovered Documents\Moringa\Module 5\Summative2\realwaste\realwaste-main\RealWaste\Food Organics\Food Organics_242.jpg,524,524,RGB,1.0,170.8,157.83391,33.017017,48.021267
Food Organics_243.jpg,Food Organics,D:\Recovered Documents\Moringa\Module 5\Summative2\realwaste\realwaste-main\RealWaste\Food Organics\Food Organics_243.jpg,524,524,RGB,1.0,156.5,154.17708,41.531868,42.93967
Food Organics_244.jpg,Food Organics,D:\Recovered Documents\Moringa\Module 5\Summative2\realwaste\realwaste-main\RealWaste\Food Organics\Food Organics_244.jpg,524,524,RGB,1.0,158.7,153.95442,38.381306,42.654514
Food Organics_245.jpg,Food Organics,D:\Recovered Documents\Moringa\Module 5\Summative2\realwaste\realwaste-main\RealWaste\Food Organics\Food Organics_245.jpg,524,524,RGB,1.0,170.6,159.13962,32.931557,51.53472
Food Organics_246.jpg,Food Organics,D:\Recovered Documents\Moringa\Module 5\Summative2\realwaste\realwaste-main\RealWaste\Food Organics\Food Organics_246.jpg,524,524,RGB,1.0,199.9,143.1305,48.469597,69.82509
Food Organics_247.jpg,Food Organics,D:\Recovered Documents\Moringa\Module 5\Summative2\realwaste\realwaste-main\RealWaste\Food Organics\Food Organics_247.jpg,524,524,RGB,1.0,175.1,157.51996,32.868366,51.408855
Food Organics_248.jpg,Food Organics,D:\Recovered Documents\Moringa\Module 5\Summative2\realwaste\realwaste-main\RealWaste\Food Organics\Food Organics_248.jpg,524,524,RGB,1.0,172.5,160.54225,30.46844,53.41797
Food Organics_249.jpg,Food Organics,D:\Recovered Documents\Moringa\Module 5\Summative2\realwaste\realwaste-main\RealWaste\Food Organics\Food Organics_249.jpg,524,524,RGB,1.0,178.6,156.87225,35.22861,49.717014
Food Organics_25.jpg,Food Organics,D:\Recovered Documents\Moringa\Module 5\Summative2\realwaste\realwaste-main\RealWaste\Food Organics\Food Organics_25.jpg,524,524,RGB,1.0,225.2,159.99942,31.239923,23.360678
Food Organics_250.jpg,Food Organics,D:\Recovered Documents\Moringa\Module 5\Summative2\realwaste\realwaste-main\RealWaste\Food Organics\Food Organics_250.jpg,524,524,RGB,1.0,183.4,157.06973,31.473263,44.903214
Food Organics_251.jpg,Food Organics,D:\Recovered Documents\Moringa\Module 5\Summative2\realwaste\realwaste-main\RealWaste\Food Organics\Food Organics_251.jpg,524,524,RGB,1.0,180.6,158.51013,33.76786,49.060764
Food Organics_252.jpg,Food Organics,D:\Recovered Documents\Moringa\Module 5\Summative2\realwaste\realwaste-main\RealWaste\Food Organics\Food Organics_252.jpg,524,524,RGB,1.0,183.9,161.6765,26.418974,43.505207
Food Organics_253.jpg,Food Organics,D:\Recovered Documents\Moringa\Module 5\Summative2\realwaste\realwaste-main\RealWaste\Food Organics\Food Organics_253.jpg,524,524,RGB,1.0,183.8,158.04413,31.659689,55.369358
Food Organics_254.jpg,Food Organics,D:\Recovered Documents\Moringa\Module 5\Summative2\realwaste\realwaste-main\RealWaste\Food Organics\Food Organics_254.jpg,524,524,RGB,1.0,176.0,157.70457,38.273388,38.855034
Food Organics_255.jpg,Food Organics,D:\Recovered Documents\Moringa\Module 5\Summative2\realwaste\realwaste-main\RealWaste\Food Organics\Food Organics_255.jpg,524,524,RGB,1.0,166.9,153.65364,51.893307,40.659286
Food Organics_256.jpg,Food Organics,D:\Recovered Documents\Moringa\Module 5\Summative2\realwaste\realwaste-main\RealWaste\Food Organics\Food Organics_256.jpg,524,524,RGB,1.0,181.9,159.29167,27.859509,46.067276
Food Organics_257.jpg,Food Organics,D:\Recovered Documents\Moringa\Module 5\Summative2\realwaste\realwaste-main\RealWaste\Food Organics\Food Organics_257.jpg,524,524,RGB,1.0,210.9,159.66449,36.966614,23.910591
Food Organics_258.jpg,Food Organics,D:\Recovered Documents\Moringa\Module 5\Summative2\realwaste\realwaste-main\RealWaste\Food Organics\Food Organics_258.jpg,524,524,RGB,1.0,169.8,158.93056,40.322712,58.538628
Food Organics_259.jpg,Food Organics,D:\Recovered Documents\Moringa\Module 5\Summative2\realwaste\realwaste-main\RealWaste\Food Organics\Food Organics_259.jpg,524,524,RGB,1.0,210.2,156.16464,28.050722,25.462673
Food Organics_26.jpg,Food Organics,D:\Recovered Documents\Moringa\Module 5\Summative2\realwaste\realwaste-main\RealWaste\Food Organics\Food Organics_26.jpg,524,524,RGB,1.0,221.4,156.54846,41.310436,33.52691
Food Organics_260.jpg,Food Organics,D:\Recovered Documents\Moringa\Module 5\Summative2\realwaste\realwaste-main\RealWaste\Food Organics\Food Organics_260.jpg,524,524,RGB,1.0,223.4,144.11676,38.23484,42.45616
Food Organics_261.jpg,Food Organics,D:\Recovered Documents\Moringa\Module 5\Summative2\realwaste\realwaste-main\RealWaste\Food Organics\Food Organics_261.jpg,524,524,RGB,1.0,208.0,151.46022,35.571156,40.896267
Food Organics_262.jpg,Food Organics,D:\Recovered Documents\Moringa\Module 5\Summative2\realwaste\realwaste-main\RealWaste\Food Organics\Food Organics_262.jpg,524,524,RGB,1.0,188.4,152.58522,27.881159,21.313803
Food Organics_263.jpg,Food Organics,D:\Recovered Documents\Moringa\Module 5\Summative2\realwaste\realwaste-main\RealWaste\Food Organics\Food Organics_263.jpg,524,524,RGB,1.0,216.9,157.35301,28.412407,24.744791
Food Organics_264.jpg,Food Organics,D:\Recovered Documents\Moringa\Module 5\Summative2\realwaste\realwaste-main\RealWaste\Food Organics\Food Organics_264.jpg,524,524,RGB,1.0,227.7,147.69632,38.116825,45.953995
Food Organics_265.jpg,Food Organics,D:\Recovered Documents\Moringa\Module 5\Summative2\realwaste\realwaste-main\RealWaste\Food Organics\Food Organics_265.jpg,524,524,RGB,1.0,223.5,154.02995,22.430431,21.311632
Food Organics_266.jpg,Food Organics,D:\Recovered Documents\Moringa\Module 5\Summative2\realwaste\realwaste-main\RealWaste\Food Organics\Food Organics_266.jpg,524,524,RGB,1.0,230.2,146.94054,25.431833,30.03342
Food Organics_267.jpg,Food Organics,D:\Recovered Documents\Moringa\Module 5\Summative2\realwaste\realwaste-main\RealWaste\Food Organics\Food Organics_267.jpg,524,524,RGB,1.0,225.4,155.79803,27.906393,14.430555
Food Organics_268.jpg,Food Organics,D:\Recovered Documents\Moringa\Module 5\Summative2\realwaste\realwaste-main\RealWaste\Food Organics\Food Organics_268.jpg,524,524,RGB,1.0,196.6,166.08377,29.064768,17.030815
Food Organics_269.jpg,Food Organics,D:\Recovered Documents\Moringa\Module 5\Summative2\realwaste\realwaste-main\RealWaste\Food Organics\Food Organics_269.jpg,524,524,RGB,1.0,215.9,151.8886,51.863964,22.569445
Food Organics_27.jpg,Food Organics,D:\Recovered Documents\Moringa\Module 5\Summative2\realwaste\realwaste-main\RealWaste\Food Organics\Food Organics_27.jpg,524,524,RGB,1.0,218.6,161.94748,29.86732,20.375868
Food Organics_270.jpg,Food Organics,D:\Recovered Documents\Moringa\Module 5\Summative2\realwaste\realwaste-main\RealWaste\Food Organics\Food Organics_270.jpg,524,524,RGB,1.0,224.5,154.76794,45.138046,15.849392
Food Organics_271.jpg,Food Organics,D:\Recovered Documents\Moringa\Module 5\Summative2\realwaste\realwaste-main\RealWaste\Food Organics\Food Organics_271.jpg,524,524,RGB,1.0,180.9,153.26389,27.255962,26.32769
Food Organics_272.jpg,Food Organics,D:\Recovered Documents\Moringa\Module 5\Summative2\realwaste\realwaste-main\RealWaste\Food Organics\Food Organics_272.jpg,524,524,RGB,1.0,214.1,155.03226,26.90735,17.201822
Food Organics_273.jpg,Food Organics,D:\Recovered Documents\Moringa\Module 5\Summative2\realwaste\realwaste-main\RealWaste\Food Organics\Food Organics_273.jpg,524,524,RGB,1.0,178.9,163.03415,43.750767,30.544271
Food Organics_274.jpg,Food Organics,D:\Recovered Documents\Moringa\Module 5\Summative2\realwaste\realwaste-main\RealWaste\Food Organics\Food Organics_274.jpg,524,524,RGB,1.0,160.4,162.39627,45.033077,35.5
Food Organics_275.jpg,Food Organics,D:\Recovered Documents\Moringa\Module 5\Summative2\realwaste\realwaste-main\RealWaste\Food Organics\Food Organics_275.jpg,524,524,RGB,1.0,183.7,158.43243,34.83466,28.388454
Food Organics_276.jpg,Food Organics,D:\Recovered Documents\Moringa\Module 5\Summative2\realwaste\realwaste-main\RealWaste\Food Organics\Food Organics_276.jpg,524,524,RGB,1.0,172.0,161.83797,45.290497,31.791233
Food Organics_277.jpg,Food Organics,D:\Recovered Documents\Moringa\Module 5\Summative2\realwaste\realwaste-main\RealWaste\Food Organics\Food Organics_277.jpg,524,524,RGB,1.0,181.3,160.0353,47.2723,30.695747
Food Organics_278.jpg,Food Organics,D:\Recovered Documents\Moringa\Module 5\Summative2\realwaste\realwaste-main\RealWaste\Food Organics\Food Organics_278.jpg,524,524,RGB,1.0,143.3,160.8125,42.488037,39.846786
Food Organics_279.jpg,Food Organics,D:\Recovered Documents\Moringa\Module 5\Summative2\realwaste\realwaste-main\RealWaste\Food Organics\Food Organics_279.jpg,524,524,RGB,1.0,199.0,166.53777,27.118664,16.291233
Food Organics_28.jpg,Food Organics,D:\Recovered Documents\Moringa\Module 5\Summative2\realwaste\realwaste-main\RealWaste\Food Organics\Food Organics_28.jpg,524,524,RGB,1.0,224.5,157.74783,39.88047,30.419271
Food Organics_280.jpg,Food Organics,D:\Recovered Documents\Moringa\Module 5\Summative2\realwaste\realwaste-main\RealWaste\Food Organics\Food Organics_280.jpg,524,524,RGB,1.0,171.9,163.76591,43.364487,31.206596
Food Organics_281.jpg,Food Organics,D:\Recovered Documents\Moringa\Module 5\Summative2\realwaste\realwaste-main\RealWaste\Food Organics\Food Organics_281.jpg,524,524,RGB,1.0,220.4,152.47266,33.36945,40.121964
Food Organics_282.jpg,Food Organics,D:\Recovered Documents\Moringa\Module 5\Summative2\realwaste\realwaste-main\RealWaste\Food Organics\Food Organics_282.jpg,524,524,RGB,1.0,220.4,156.30643,23.172327,19.023872
Food Organics_283.jpg,Food Organics,D:\Recovered Documents\Moringa\Module 5\Summative2\realwaste\realwaste-main\RealWaste\Food Organics\Food Organics_283.jpg,524,524,RGB,1.0,200.1,155.90625,27.233326,22.35243
Food Organics_284.jpg,Food Organics,D:\Recovered Documents\Moringa\Module 5\Summative2\realwaste\realwaste-main\RealWaste\Food Organics\Food Organics_284.jpg,524,524,RGB,1.0,222.1,152.78038,42.755463,28.03342
Food Organics_285.jpg,Food Organics,D:\Recovered Documents\Moringa\Module 5\Summative2\realwaste\realwaste-main\RealWaste\Food Organics\Food Organics_285.jpg,524,524,RGB,1.0,222.6,150.81496,34.302914,33.322918
Food Organics_286.jpg,Food Organics,D:\Recovered Documents\Moringa\Module 5\Summative2\realwaste\realwaste-main\RealWaste\Food Organics\Food Organics_286.jpg,524,524,RGB,1.0,159.3,160.80092,38.673187,47.950954
Food Organics_287.jpg,Food Organics,D:\Recovered Documents\Moringa\Module 5\Summative2\realwaste\realwaste-main\RealWaste\Food Organics\Food Organics_287.jpg,524,524,RGB,1.0,201.6,146.11227,42.90008,58.809464
Food Organics_288.jpg,Food Organics,D:\Recovered Documents\Moringa\Module 5\Summative2\realwaste\realwaste-main\RealWaste\Food Organics\Food Organics_288.jpg,524,524,RGB,1.0,193.4,147.48698,32.875652,44.54861
Food Organics_289.jpg,Food Organics,D:\Recovered Documents\Moringa\Module 5\Summative2\realwaste\realwaste-main\RealWaste\Food Organics\Food Organics_289.jpg,524,524,RGB,1.0,212.4,152.37587,48.378334,50.901043
Food Organics_29.jpg,Food Organics,D:\Recovered Documents\Moringa\Module 5\Summative2\realwaste\realwaste-main\RealWaste\Food Organics\Food Organics_29.jpg,524,524,RGB,1.0,200.7,150.40205,59.23201,67.67752
Food Organics_290.jpg,Food Organics,D:\Recovered Documents\Moringa\Module 5\Summative2\realwaste\realwaste-main\RealWaste\Food Organics\Food Organics_290.jpg,524,524,RGB,1.0,198.3,159.46701,53.63304,26.095486
Food Organics_291.jpg,Food Organics,D:\Recovered Documents\Moringa\Module 5\Summative2\realwaste\realwaste-main\RealWaste\Food Organics\Food Organics_291.jpg,524,524,RGB,1.0,210.3,149.33087,50.556202,49.78125
Food Organics_292.jpg,Food Organics,D:\Recovered Documents\Moringa\Module 5\Summative2\realwaste\realwaste-main\RealWaste\Food Organics\Food Organics_292.jpg,524,524,RGB,1.0,208.9,159.10837,26.060453,23.413628
Food Organics_293.jpg,Food Organics,D:\Recovered Documents\Moringa\Module 5\Summative2\realwaste\realwaste-main\RealWaste\Food Organics\Food Organics_293.jpg,524,524,RGB,1.0,180.6,150.22353,50.865803,56.108505
Food Organics_294.jpg,Food Organics,D:\Recovered Documents\Moringa\Module 5\Summative2\realwaste\realwaste-main\RealWaste\Food Organics\Food Organics_294.jpg,524,524,RGB,1.0,209.4,160.0502,23.757301,22.135416
Food Organics_295.jpg,Food Organics,D:\Recovered Documents\Moringa\Module 5\Summative2\realwaste\realwaste-main\RealWaste\Food Organics\Food Organics_295.jpg,524,524,RGB,1.0,211.5,160.09853,24.817995,27.19401
Food Organics_296.jpg,Food Organics,D:\Recovered Documents\Moringa\Module 5\Summative2\realwaste\realwaste-main\RealWaste\Food Organics\Food Organics_296.jpg,524,524,RGB,1.0,222.1,155.09563,38.398087,23.586805
Food Organics_297.jpg,Food Organics,D:\Recovered Documents\Moringa\Module 5\Summative2\realwaste\realwaste-main\RealWaste\Food Organics\Food Organics_297.jpg,524,524,RGB,1.0,210.7,160.36748,35.994987,27.844618
Food Organics_298.jpg,Food Organics,D:\Recovered Documents\Moringa\Module 5\Summative2\realwaste\realwaste-main\RealWaste\Food Organics\Food Organics_298.jpg,524,524,RGB,1.0,211.7,150.04659,31.929811,27.906685
Food Organics_299.jpg,Food Organics,D:\Recovered Documents\Moringa\Module 5\Summative2\realwaste\realwaste-main\RealWaste\Food Organics\Food Organics_299.jpg,524,524,RGB,1.0,204.8,151.44835,40.8276,39.601128
Food Organics_3.jpg,Food Organics,D:\Recovered Documents\Moringa\Module 5\Summative2\realwaste\realwaste-main\RealWaste\Food Organics\Food Organics_3.jpg,524,524,RGB,1.0,200.4,151.89757,51.462368,53.10677
Food Organics_30.jpg,Food Organics,D:\Recovered Documents\Moringa\Module 5\Summative2\realwaste\realwaste-main\RealWaste\Food Organics\Food Organics_30.jpg,524,524,RGB,1.0,158.2,153.70978,37.29439,49.023003
Food Organics_300.jpg,Food Organics,D:\Recovered Documents\Moringa\Module 5\Summative2\realwaste\realwaste-main\RealWaste\Food Organics\Food Organics_300.jpg,524,524,RGB,1.0,183.1,147.26591,29.924305,38.26389
Food Organics_301.jpg,Food Organics,D:\Recovered Documents\Moringa\Module 5\Summative2\realwaste\realwaste-main\RealWaste\Food Organics\Food Organics_301.jpg,524,524,RGB,1.0,192.0,156.6305,57.715416,17.084202
Food Organics_302.jpg,Food Organics,D:\Recovered Documents\Moringa\Module 5\Summative2\realwaste\realwaste-main\RealWaste\Food Organics\Food Organics_302.jpg,524,524,RGB,1.0,182.7,158.70761,33.454105,33.6263
Food Organics_303.jpg,Food Organics,D:\Recovered Documents\Moringa\Module 5\Summative2\realwaste\realwaste-main\RealWaste\Food Organics\Food Organics_303.jpg,524,524,RGB,1.0,198.2,163.09201,31.003117,19.424913
Food Organics_304.jpg,Food Organics,D:\Recovered Documents\Moringa\Module 5\Summative2\realwaste\realwaste-main\RealWaste\Food Organics\Food Organics_304.jpg,524,524,RGB,1.0,166.8,162.4307,40.55146,28.585938
Food Organics_305.jpg,Food Organics,D:\Recovered Documents\Moringa\Module 5\Summative2\realwaste\realwaste-main\RealWaste\Food Organics\Food Organics_305.jpg,524,524,RGB,1.0,194.2,159.30006,48.774433,38.49566
Food Organics_306.jpg,Food Organics,D:\Recovered Documents\Moringa\Module 5\Summative2\realwaste\realwaste-main\RealWaste\Food Organics\Food Organics_306.jpg,524,524,RGB,1.0,207.4,156.74928,35.419926,23.917969
Food Organics_307.jpg,Food Organics,D:\Recovered Documents\Moringa\Module 5\Summative2\realwaste\realwaste-main\RealWaste\Food Organics\Food Organics_307.jpg,524,524,RGB,1.0,191.5,149.04832,51.721516,49.25651
Food Organics_308.jpg,Food Organics,D:\Recovered Documents\Moringa\Module 5\Summative2\realwaste\realwaste-main\RealWaste\Food Organics\Food Organics_308.jpg,524,524,RGB,1.0,204.8,146.43011,44.864243,67.50521
Food Organics_309.jpg,Food Organics,D:\Recovered Documents\Moringa\Module 5\Summative2\realwaste\realwaste-main\RealWaste\Food Organics\Food Organics_309.jpg,524,524,RGB,1.0,203.7,148.96413,47.312923,63.568142
Food Organics_31.jpg,Food Organics,D:\Recovered Documents\Moringa\Module 5\Summative2\realwaste\realwaste-main\RealWaste\Food Organics\Food Organics_31.jpg,524,524,RGB,1.0,156.6,157.46991,34.01459,47.263454
Food Organics_310.jpg,Food Organics,D:\Recovered Documents\Moringa\Module 5\Summative2\realwaste\realwaste-main\RealWaste\Food Organics\Food Organics_310.jpg,524,524,RGB,1.0,201.5,149.31844,39.875698,53.53559
Food Organics_311.jpg,Food Organics,D:\Recovered Documents\Moringa\Module 5\Summative2\realwaste\realwaste-main\RealWaste\Food Organics\Food Organics_311.jpg,524,524,RGB,1.0,187.6,142.4048,41.530445,57.67795
Food Organics_312.jpg,Food Organics,D:\Recovered Documents\Moringa\Module 5\Summative2\realwaste\realwaste-main\RealWaste\Food Organics\Food Organics_312.jpg,524,524,RGB,1.0,172.5,148.99567,64.18103,36.861546
Food Organics_313.jpg,Food Organics,D:\Recovered Documents\Moringa\Module 5\Summative2\realwaste\realwaste-main\RealWaste\Food Organics\Food Organics_313.jpg,524,524,RGB,1.0,216.8,159.58058,38.142742,26.238716
Food Organics_314.jpg,Food Organics,D:\Recovered Documents\Moringa\Module 5\Summative2\realwaste\realwaste-main\RealWaste\Food Organics\Food Organics_314.jpg,524,524,RGB,1.0,214.8,163.74826,35.533535,23.472221
Food Organics_315.jpg,Food Organics,D:\Recovered Documents\Moringa\Module 5\Summative2\realwaste\realwaste-main\RealWaste\Food Organics\Food Organics_315.jpg,524,524,RGB,1.0,179.4,158.68909,46.303135,31.25217
Food Organics_316.jpg,Food Organics,D:\Recovered Documents\Moringa\Module 5\Summative2\realwaste\realwaste-main\RealWaste\Food Organics\Food Organics_316.jpg,524,524,RGB,1.0,209.6,159.35793,40.859848,26.09158
Food Organics_317.jpg,Food Organics,D:\Recovered Documents\Moringa\Module 5\Summative2\realwaste\realwaste-main\RealWaste\Food Organics\Food Organics_317.jpg,524,524,RGB,1.0,196.8,159.88991,35.286987,21.54731
Food Organics_318.jpg,Food Organics,D:\Recovered Documents\Moringa\Module 5\Summative2\realwaste\realwaste-main\RealWaste\Food Organics\Food Organics_318.jpg,524,524,RGB,1.0,191.2,158.81699,39.78104,24.75868
Food Organics_319.jpg,Food Organics,D:\Recovered Documents\Moringa\Module 5\Summative2\realwaste\realwaste-main\RealWaste\Food Organics\Food Organics_319.jpg,524,524,RGB,1.0,208.5,160.90683,41.100418,24.00868
Food Organics_32.jpg,Food Organics,D:\Recovered Documents\Moringa\Module 5\Summative2\realwaste\realwaste-main\RealWaste\Food Organics\Food Organics_32.jpg,524,524,RGB,1.0,164.8,158.33391,38.61651,58.9783
Food Organics_320.jpg,Food Organics,D:\Recovered Documents\Moringa\Module 5\Summative2\realwaste\realwaste-main\RealWaste\Food Organics\Food Organics_320.jpg,524,524,RGB,1.0,212.0,160.77748,39.643806,22.617622
Food Organics_321.jpg,Food Organics,D:\Recovered Documents\Moringa\Module 5\Summative2\realwaste\realwaste-main\RealWaste\Food Organics\Food Organics_321.jpg,524,524,RGB,1.0,209.2,160.07436,39.153305,24.603733
Food Organics_322.jpg,Food Organics,D:\Recovered Documents\Moringa\Module 5\Summative2\realwaste\realwaste-main\RealWaste\Food Organics\Food Organics_322.jpg,524,524,RGB,1.0,212.4,160.1033,38.69378,21.870659
Food Organics_323.jpg,Food Organics,D:\Recovered Documents\Moringa\Module 5\Summative2\realwaste\realwaste-main\RealWaste\Food Organics\Food Organics_323.jpg,524,524,RGB,1.0,172.5,149.45819,64.34404,34.931423
Food Organics_324.jpg,Food Organics,D:\Recovered Documents\Moringa\Module 5\Summative2\realwaste\realwaste-main\RealWaste\Food Organics\Food Organics_324.jpg,524,524,RGB,1.0,213.3,161.27344,38.009228,23.79514
Food Organics_325.jpg,Food Organics,D:\Recovered Documents\Moringa\Module 5\Summative2\realwaste\realwaste-main\RealWaste\Food Organics\Food Organics_325.jpg,524,524,RGB,1.0,197.4,165.14308,32.51807,21.440538
Food Organics_326.jpg,Food Organics,D:\Recovered Documents\Moringa\Module 5\Summative2\realwaste\realwaste-main\RealWaste\Food Organics\Food Organics_326.jpg,524,524,RGB,1.0,194.2,163.81973,38.74014,23.282986
Food Organics_327.jpg,Food Organics,D:\Recovered Documents\Moringa\Module 5\Summative2\realwaste\realwaste-main\RealWaste\Food Organics\Food Organics_327.jpg,524,524,RGB,1.0,206.9,160.88542,37.0329,30.254774
Food Organics_328.jpg,Food Organics,D:\Recovered Documents\Moringa\Module 5\Summative2\realwaste\realwaste-main\RealWaste\Food Organics\Food Organics_328.jpg,524,524,RGB,1.0,175.1,157.99551,35.54571,43.1467
Food Organics_329.jpg,Food Organics,D:\Recovered Documents\Moringa\Module 5\Summative2\realwaste\realwaste-main\RealWaste\Food Organics\Food Organics_329.jpg,524,524,RGB,1.0,190.6,155.18967,44.749474,53.443142
Food Organics_33.jpg,Food Organics,D:\Recovered Documents\Moringa\Module 5\Summative2\realwaste\realwaste-main\RealWaste\Food Organics\Food Organics_33.jpg,524,524,RGB,1.0,166.8,151.60402,45.477505,67.11415
Food Organics_330.jpg,Food Organics,D:\Recovered Documents\Moringa\Module 5\Summative2\realwaste\realwaste-main\RealWaste\Food Organics\Food Organics_330.jpg,524,524,RGB,1.0,146.5,161.7011,41.109474,23.816841
Food Organics_331.jpg,Food Organics,D:\Recovered Documents\Moringa\Module 5\Summative2\realwaste\realwaste-main\RealWaste\Food Organics\Food Organics_331.jpg,524,524,RGB,1.0,164.8,162.2568,41.02815,22.418837
Food Organics_332.jpg,Food Organics,D:\Recovered Documents\Moringa\Module 5\Summative2\realwaste\realwaste-main\RealWaste\Food Organics\Food Organics_332.jpg,524,524,RGB,1.0,194.9,160.97194,29.472176,20.548178
Food Organics_333.jpg,Food Organics,D:\Recovered Documents\Moringa\Module 5\Summative2\realwaste\realwaste-main\RealWaste\Food Organics\Food Organics_333.jpg,524,524,RGB,1.0,205.6,162.6969,27.35335,18.483072
Food Organics_334.jpg,Food Organics,D:\Recovered Documents\Moringa\Module 5\Summative2\realwaste\realwaste-main\RealWaste\Food Organics\Food Organics_334.jpg,524,524,RGB,1.0,202.7,160.76765,32.817513,22.104166
Food Organics_335.jpg,Food Organics,D:\Recovered Documents\Moringa\Module 5\Summative2\realwaste\realwaste-main\RealWaste\Food Organics\Food Organics_335.jpg,524,524,RGB,1.0,190.4,160.65828,38.719875,41.278645
Food Organics_336.jpg,Food Organics,D:\Recovered Documents\Moringa\Module 5\Summative2\realwaste\realwaste-main\RealWaste\Food Organics\Food Organics_336.jpg,524,524,RGB,1.0,164.8,164.92708,45.536007,24.653646
Food Organics_337.jpg,Food Organics,D:\Recovered Documents\Moringa\Module 5\Summative2\realwaste\realwaste-main\RealWaste\Food Organics\Food Organics_337.jpg,524,524,RGB,1.0,189.4,165.32161,36.25154,20.686632
Food Organics_338.jpg,Food Organics,D:\Recovered Documents\Moringa\Module 5\Summative2\realwaste\realwaste-main\RealWaste\Food Organics\Food Organics_338.jpg,524,524,RGB,1.0,162.6,168.03806,46.89017,20.60243
Food Organics_339.jpg,Food Organics,D:\Recovered Documents\Moringa\Module 5\Summative2\realwaste\realwaste-main\RealWaste\Food Organics\Food Organics_339.jpg,524,524,RGB,1.0,217.7,163.14743,19.26792,13.671441
Food Organics_34.jpg,Food Organics,D:\Recovered Documents\Moringa\Module 5\Summative2\realwaste\realwaste-main\RealWaste\Food Organics\Food Organics_34.jpg,524,524,RGB,1.0,166.4,157.0431,46.572067,40.64236
Food Organics_340.jpg,Food Organics,D:\Recovered Documents\Moringa\Module 5\Summative2\realwaste\realwaste-main\RealWaste\Food Organics\Food Organics_340.jpg,524,524,RGB,1.0,215.0,164.60808,22.189837,15.266493
Food Organics_341.jpg,Food Organics,D:\Recovered Documents\Moringa\Module 5\Summative2\realwaste\realwaste-main\RealWaste\Food Organics\Food Organics_341.jpg,524,524,RGB,1.0,218.0,163.1538,20.080961,13.723524
Food Organics_342.jpg,Food Organics,D:\Recovered Documents\Moringa\Module 5\Summative2\realwaste\realwaste-main\RealWaste\Food Organics\Food Organics_342.jpg,524,524,RGB,1.0,213.3,165.12877,22.158257,13.957465
Food Organics_343.jpg,Food Organics,D:\Recovered Documents\Moringa\Module 5\Summative2\realwaste\realwaste-main\RealWaste\Food Organics\Food Organics_343.jpg,524,524,RGB,1.0,205.8,161.8494,37.967808,18.556858
Food Organics_344.jpg,Food Organics,D:\Recovered Documents\Moringa\Module 5\Summative2\realwaste\realwaste-main\RealWaste\Food Organics\Food Organics_344.jpg,524,524,RGB,1.0,212.5,151.04861,35.4825,42.363716
Food Organics_345.jpg,Food Organics,D:\Recovered Documents\Moringa\Module 5\Summative2\realwaste\realwaste-main\RealWaste\Food Organics\Food Organics_345.jpg,524,524,RGB,1.0,216.2,150.09346,36.77682,43.619793
Food Organics_346.jpg,Food Organics,D:\Recovered Documents\Moringa\Module 5\Summative2\realwaste\realwaste-main\RealWaste\Food Organics\Food Organics_346.jpg,524,524,RGB,1.0,183.9,162.78255,40.018272,44.79297
Food Organics_347.jpg,Food Organics,D:\Recovered Documents\Moringa\Module 5\Summative2\realwaste\realwaste-main\RealWaste\Food Organics\Food Organics_347.jpg,524,524,RGB,1.0,210.4,153.32465,44.4545,44.1237
Food Organics_348.jpg,Food Organics,D:\Recovered Documents\Moringa\Module 5\Summative2\realwaste\realwaste-main\RealWaste\Food Organics\Food Organics_348.jpg,524,524,RGB,1.0,214.9,153.11922,49.02627,40.152344
Food Organics_349.jpg,Food Organics,D:\Recovered Documents\Moringa\Module 5\Summative2\realwaste\realwaste-main\RealWaste\Food Organics\Food Organics_349.jpg,524,524,RGB,1.0,187.9,160.14005,44.260246,46.89019
Food Organics_35.jpg,Food Organics,D:\Recovered Documents\Moringa\Module 5\Summative2\realwaste\realwaste-main\RealWaste\Food Organics\Food Organics_35.jpg,524,524,RGB,1.0,203.4,157.41493,39.88512,38.323784
Food Organics_350.jpg,Food Organics,D:\Recovered Documents\Moringa\Module 5\Summative2\realwaste\realwaste-main\RealWaste\Food Organics\Food Organics_350.jpg,524,524,RGB,1.0,195.5,162.29123,40.972916,40.387154
Food Organics_351.jpg,Food Organics,D:\Recovered Documents\Moringa\Module 5\Summative2\realwaste\realwaste-main\RealWaste\Food Organics\Food Organics_351.jpg,524,524,RGB,1.0,214.2,157.14279,48.310055,34.53125
Food Organics_352.jpg,Food Organics,D:\Recovered Documents\Moringa\Module 5\Summative2\realwaste\realwaste-main\RealWaste\Food Organics\Food Organics_352.jpg,524,524,RGB,1.0,215.7,155.9281,48.65503,38.025608
Food Organics_353.jpg,Food Organics,D:\Recovered Documents\Moringa\Module 5\Summative2\realwaste\realwaste-main\RealWaste\Food Organics\Food Organics_353.jpg,524,524,RGB,1.0,210.8,158.61342,49.119762,34.507812
Food Organics_354.jpg,Food Organics,D:\Recovered Documents\Moringa\Module 5\Summative2\realwaste\realwaste-main\RealWaste\Food Organics\Food Organics_354.jpg,524,524,RGB,1.0,210.0,156.56525,47.39157,34.230904
Food Organics_355.jpg,Food Organics,D:\Recovered Documents\Moringa\Module 5\Summative2\realwaste\realwaste-main\RealWaste\Food Organics\Food Organics_355.jpg,524,524,RGB,1.0,213.1,160.98553,45.966816,27.833767
Food Organics_356.jpg,Food Organics,D:\Recovered Documents\Moringa\Module 5\Summative2\realwaste\realwaste-main\RealWaste\Food Organics\Food Organics_356.jpg,524,524,RGB,1.0,213.0,157.64221,45.99346,32.037327
Food Organics_357.jpg,Food Organics,D:\Recovered Documents\Moringa\Module 5\Summative2\realwaste\realwaste-main\RealWaste\Food Organics\Food Organics_357.jpg,524,524,RGB,1.0,209.5,164.51808,28.344044,16.75
Food Organics_358.jpg,Food Organics,D:\Recovered Documents\Moringa\Module 5\Summative2\realwaste\realwaste-main\RealWaste\Food Organics\Food Organics_358.jpg,524,524,RGB,1.0,228.1,160.16696,36.45787,17.161459
Food Organics_359.jpg,Food Organics,D:\Recovered Documents\Moringa\Module 5\Summative2\realwaste\realwaste-main\RealWaste\Food Organics\Food Organics_359.jpg,524,524,RGB,1.0,191.0,153.62645,57.43932,55.59288
Food Organics_36.jpg,Food Organics,D:\Recovered Documents\Moringa\Module 5\Summative2\realwaste\realwaste-main\RealWaste\Food Organics\Food Organics_36.jpg,524,524,RGB,1.0,166.8,158.2827,41.770798,41.934895
Food Organics_360.jpg,Food Organics,D:\Recovered Documents\Moringa\Module 5\Summative2\realwaste\realwaste-main\RealWaste\Food Organics\Food Organics_360.jpg,524,524,RGB,1.0,196.0,149.64062,57.294308,62.990887
Food Organics_361.jpg,Food Organics,D:\Recovered Documents\Moringa\Module 5\Summative2\realwaste\realwaste-main\RealWaste\Food Organics\Food Organics_361.jpg,524,524,RGB,1.0,190.6,151.20602,58.324787,60.944878
Food Organics_362.jpg,Food Organics,D:\Recovered Documents\Moringa\Module 5\Summative2\realwaste\realwaste-main\RealWaste\Food Organics\Food Organics_362.jpg,524,524,RGB,1.0,178.2,160.50795,54.48396,43.014755
Food Organics_363.jpg,Food Organics,D:\Recovered Documents\Moringa\Module 5\Summative2\realwaste\realwaste-main\RealWaste\Food Organics\Food Organics_363.jpg,524,524,RGB,1.0,191.2,152.94241,57.186844,55.80903
Food Organics_364.jpg,Food Organics,D:\Recovered Documents\Moringa\Module 5\Summative2\realwaste\realwaste-main\RealWaste\Food Organics\Food Organics_364.jpg,524,524,RGB,1.0,188.9,154.36732,57.665768,63.791233
Food Organics_365.jpg,Food Organics,D:\Recovered Documents\Moringa\Module 5\Summative2\realwaste\realwaste-main\RealWaste\Food Organics\Food Organics_365.jpg,524,524,RGB,1.0,183.9,160.15654,54.241688,44.151043
Food Organics_366.jpg,Food Organics,D:\Recovered Documents\Moringa\Module 5\Summative2\realwaste\realwaste-main\RealWaste\Food Organics\Food Organics_366.jpg,524,524,RGB,1.0,186.0,151.7348,58.902462,71.23741
Food Organics_367.jpg,Food Organics,D:\Recovered Documents\Moringa\Module 5\Summative2\realwaste\realwaste-main\RealWaste\Food Organics\Food Organics_367.jpg,524,524,RGB,1.0,161.9,161.04036,43.482487,39.9783
Food Organics_368.jpg,Food Organics,D:\Recovered Documents\Moringa\Module 5\Summative2\realwaste\realwaste-main\RealWaste\Food Organics\Food Organics_368.jpg,524,524,RGB,1.0,227.1,151.57552,45.41007,28.984375
Food Organics_369.jpg,Food Organics,D:\Recovered Documents\Moringa\Module 5\Summative2\realwaste\realwaste-main\RealWaste\Food Organics\Food Organics_369.jpg,524,524,RGB,1.0,167.8,162.28125,40.725742,41.583332
Food Organics_37.jpg,Food Organics,D:\Recovered Documents\Moringa\Module 5\Summative2\realwaste\realwaste-main\RealWaste\Food Organics\Food Organics_37.jpg,524,524,RGB,1.0,205.4,151.46065,47.753143,43.033855
Food Organics_370.jpg,Food Organics,D:\Recovered Documents\Moringa\Module 5\Summative2\realwaste\realwaste-main\RealWaste\Food Organics\Food Organics_370.jpg,524,524,RGB,1.0,174.9,161.38976,43.213745,49.045574
Food Organics_371.jpg,Food Organics,D:\Recovered Documents\Moringa\Module 5\Summative2\realwaste\realwaste-main\RealWaste\Food Organics\Food Organics_371.jpg,524,524,RGB,1.0,172.2,155.98698,43.518322,47.758247
Food Organics_372.jpg,Food Organics,D:\Recovered Documents\Moringa\Module 5\Summative2\realwaste\realwaste-main\RealWaste\Food Organics\Food Organics_372.jpg,524,524,RGB,1.0,170.5,156.73683,42.422848,49.661026
Food Organics_373.jpg,Food Organics,D:\Recovered Documents\Moringa\Module 5\Summative2\realwaste\realwaste-main\RealWaste\Food Organics\Food Organics_373.jpg,524,524,RGB,1.0,210.0,157.67072,39.75638,23.793404
Food Organics_374.jpg,Food Organics,D:\Recovered Documents\Moringa\Module 5\Summative2\realwaste\realwaste-main\RealWaste\Food Organics\Food Organics_374.jpg,524,524,RGB,1.0,203.9,152.6998,42.148838,22.856771
Food Organics_375.jpg,Food Organics,D:\Recovered Documents\Moringa\Module 5\Summative2\realwaste\realwaste-main\RealWaste\Food Organics\Food Organics_375.jpg,524,524,RGB,1.0,222.1,155.86618,37.02682,21.174046
Food Organics_376.jpg,Food Organics,D:\Recovered Documents\Moringa\Module 5\Summative2\realwaste\realwaste-main\RealWaste\Food Organics\Food Organics_376.jpg,524,524,RGB,1.0,226.0,158.81612,35.185062,19.98611
Food Organics_377.jpg,Food Organics,D:\Recovered Documents\Moringa\Module 5\Summative2\realwaste\realwaste-main\RealWaste\Food Organics\Food Organics_377.jpg,524,524,RGB,1.0,227.5,160.06786,31.958843,16.476128
Food Organics_378.jpg,Food Organics,D:\Recovered Documents\Moringa\Module 5\Summative2\realwaste\realwaste-main\RealWaste\Food Organics\Food Organics_378.jpg,524,524,RGB,1.0,227.1,158.21107,32.417633,16.461805
Food Organics_379.jpg,Food Organics,D:\Recovered Documents\Moringa\Module 5\Summative2\realwaste\realwaste-main\RealWaste\Food Organics\Food Organics_379.jpg,524,524,RGB,1.0,210.1,158.83102,27.37897,23.226562
Food Organics_38.jpg,Food Organics,D:\Recovered Documents\Moringa\Module 5\Summative2\realwaste\realwaste-main\RealWaste\Food Organics\Food Organics_38.jpg,524,524,RGB,1.0,205.6,152.67592,33.983765,28.426216
Food Organics_380.jpg,Food Organics,D:\Recovered Documents\Moringa\Module 5\Summative2\realwaste\realwaste-main\RealWaste\Food Organics\Food Organics_380.jpg,524,524,RGB,1.0,213.6,152.60011,49.84401,40.1454
Food Organics_381.jpg,Food Organics,D:\Recovered Documents\Moringa\Module 5\Summative2\realwaste\realwaste-main\RealWaste\Food Organics\Food Organics_381.jpg,524,524,RGB,1.0,211.8,153.43301,49.31587,37.85894
Food Organics_382.jpg,Food Organics,D:\Recovered Documents\Moringa\Module 5\Summative2\realwaste\realwaste-main\RealWaste\Food Organics\Food Organics_382.jpg,524,524,RGB,1.0,204.6,153.58348,50.369118,41.67144
Food Organics_383.jpg,Food Organics,D:\Recovered Documents\Moringa\Module 5\Summative2\realwaste\realwaste-main\RealWaste\Food Organics\Food Organics_383.jpg,524,524,RGB,1.0,186.8,161.2662,39.353485,27.211805
Food Organics_384.jpg,Food Organics,D:\Recovered Documents\Moringa\Module 5\Summative2\realwaste\realwaste-main\RealWaste\Food Organics\Food Organics_384.jpg,524,524,RGB,1.0,219.0,156.06554,35.274033,28.750868
Food Organics_385.jpg,Food Organics,D:\Recovered Documents\Moringa\Module 5\Summative2\realwaste\realwaste-main\RealWaste\Food Organics\Food Organics_385.jpg,524,524,RGB,1.0,205.6,158.704,36.602894,29.06901
Food Organics_386.jpg,Food Organics,D:\Recovered Documents\Moringa\Module 5\Summative2\realwaste\realwaste-main\RealWaste\Food Organics\Food Organics_386.jpg,524,524,RGB,1.0,222.9,157.81944,31.792536,24.997396
Food Organics_387.jpg,Food Organics,D:\Recovered Documents\Moringa\Module 5\Summative2\realwaste\realwaste-main\RealWaste\Food Organics\Food Organics_387.jpg,524,524,RGB,1.0,213.3,158.16942,37.094715,30.667969
Food Organics_388.jpg,Food Organics,D:\Recovered Documents\Moringa\Module 5\Summative2\realwaste\realwaste-main\RealWaste\Food Organics\Food Organics_388.jpg,524,524,RGB,1.0,229.4,158.10388,29.424328,21.38889
Food Organics_389.jpg,Food Organics,D:\Recovered Documents\Moringa\Module 5\Summative2\realwaste\realwaste-main\RealWaste\Food Organics\Food Organics_389.jpg,524,524,RGB,1.0,210.8,154.45486,31.953743,22.18099
Food Organics_39.jpg,Food Organics,D:\Recovered Documents\Moringa\Module 5\Summative2\realwaste\realwaste-main\RealWaste\Food Organics\Food Organics_39.jpg,524,524,RGB,1.0,215.2,147.63295,49.184464,31.438368
Food Organics_390.jpg,Food Organics,D:\Recovered Documents\Moringa\Module 5\Summative2\realwaste\realwaste-main\RealWaste\Food Organics\Food Organics_390.jpg,524,524,RGB,1.0,172.8,158.83984,38.89457,29.471354
Food Organics_391.jpg,Food Organics,D:\Recovered Documents\Moringa\Module 5\Summative2\realwaste\realwaste-main\RealWaste\Food Organics\Food Organics_391.jpg,524,524,RGB,1.0,218.6,157.90031,47.842575,32.547745
Food Organics_392.jpg,Food Organics,D:\Recovered Documents\Moringa\Module 5\Summative2\realwaste\realwaste-main\RealWaste\Food Organics\Food Organics_392.jpg,524,524,RGB,1.0,205.0,156.99016,31.478556,24.450521
Food Organics_393.jpg,Food Organics,D:\Recovered Documents\Moringa\Module 5\Summative2\realwaste\realwaste-main\RealWaste\Food Organics\Food Organics_393.jpg,524,524,RGB,1.0,217.6,155.82176,49.629997,38.637154
Food Organics_394.jpg,Food Organics,D:\Recovered Documents\Moringa\Module 5\Summative2\realwaste\realwaste-main\RealWaste\Food Organics\Food Organics_394.jpg,524,524,RGB,1.0,218.5,160.36299,44.113686,28.637154
Food Organics_395.jpg,Food Organics,D:\Recovered Documents\Moringa\Module 5\Summative2\realwaste\realwaste-main\RealWaste\Food Organics\Food Organics_395.jpg,524,524,RGB,1.0,198.1,152.1425,60.018055,63.68967
Food Organics_396.jpg,Food Organics,D:\Recovered Documents\Moringa\Module 5\Summative2\realwaste\realwaste-main\RealWaste\Food Organics\Food Organics_396.jpg,524,524,RGB,1.0,138.4,152.1321,47.00898,62.045574
Food Organics_397.jpg,Food Organics,D:\Recovered Documents\Moringa\Module 5\Summative2\realwaste\realwaste-main\RealWaste\Food Organics\Food Organics_397.jpg,524,524,RGB,1.0,170.1,160.37152,36.747234,52.258247
Food Organics_398.jpg,Food Organics,D:\Recovered Documents\Moringa\Module 5\Summative2\realwaste\realwaste-main\RealWaste\Food Organics\Food Organics_398.jpg,524,524,RGB,1.0,146.1,156.20009,35.47342,47.88672
Food Organics_399.jpg,Food Organics,D:\Recovered Documents\Moringa\Module 5\Summative2\realwaste\realwaste-main\RealWaste\Food Organics\Food Organics_399.jpg,524,524,RGB,1.0,154.2,159.60027,40.528954,51.372395
Food Organics_4.jpg,Food Organics,D:\Recovered Documents\Moringa\Module 5\Summative2\realwaste\realwaste-main\RealWaste\Food Organics\Food Organics_4.jpg,524,524,RGB,1.0,185.4,152.36256,53.833176,42.723526
Food Organics_40.jpg,Food Organics,D:\Recovered Documents\Moringa\Module 5\Summative2\realwaste\realwaste-main\RealWaste\Food Organics\Food Organics_40.jpg,524,524,RGB,1.0,208.7,153.98915,46.209858,49.630207
Food Organics_400.jpg,Food Organics,D:\Recovered Documents\Moringa\Module 5\Summative2\realwaste\realwaste-main\RealWaste\Food Organics\Food Organics_400.jpg,524,524,RGB,1.0,150.0,159.40683,43.00694,54.726562
Food Organics_401.jpg,Food Organics,D:\Recovered Documents\Moringa\Module 5\Summative2\realwaste\realwaste-main\RealWaste\Food Organics\Food Organics_401.jpg,524,524,RGB,1.0,223.4,149.557,47.61526,31.651041
Food Organics_402.jpg,Food Organics,D:\Recovered Documents\Moringa\Module 5\Summative2\realwaste\realwaste-main\RealWaste\Food Organics\Food Organics_402.jpg,524,524,RGB,1.0,170.8,152.80469,49.004814,42.92448
Food Organics_403.jpg,Food Organics,D:\Recovered Documents\Moringa\Module 5\Summative2\realwaste\realwaste-main\RealWaste\Food Organics\Food Organics_403.jpg,524,524,RGB,1.0,166.2,160.71442,30.776987,50.294704
Food Organics_404.jpg,Food Organics,D:\Recovered Documents\Moringa\Module 5\Summative2\realwaste\realwaste-main\RealWaste\Food Organics\Food Organics_404.jpg,524,524,RGB,1.0,162.9,160.75404,34.99345,50.15278
Food Organics_405.jpg,Food Organics,D:\Recovered Documents\Moringa\Module 5\Summative2\realwaste\realwaste-main\RealWaste\Food Organics\Food Organics_405.jpg,524,524,RGB,1.0,213.8,154.54167,47.18932,35.112846
Food Organics_406.jpg,Food Organics,D:\Recovered Documents\Moringa\Module 5\Summative2\realwaste\realwaste-main\RealWaste\Food Organics\Food Organics_406.jpg,524,524,RGB,1.0,153.0,158.31496,35.048386,79.967445
Food Organics_407.jpg,Food Organics,D:\Recovered Documents\Moringa\Module 5\Summative2\realwaste\realwaste-main\RealWaste\Food Organics\Food Organics_407.jpg,524,524,RGB,1.0,152.5,157.12991,35.616875,82.885414
Food Organics_408.jpg,Food Organics,D:\Recovered Documents\Moringa\Module 5\Summative2\realwaste\realwaste-main\RealWaste\Food Organics\Food Organics_408.jpg,524,524,RGB,1.0,156.5,156.37558,37.251686,77.938805
Food Organics_409.jpg,Food Organics,D:\Recovered Documents\Moringa\Module 5\Summative2\realwaste\realwaste-main\RealWaste\Food Organics\Food Organics_409.jpg,524,524,RGB,1.0,153.6,159.30946,33.14951,71.98221
Food Organics_41.jpg,Food Organics,D:\Recovered Documents\Moringa\Module 5\Summative2\realwaste\realwaste-main\RealWaste\Food Organics\Food Organics_41.jpg,524,524,RGB,1.0,207.9,156.42795,44.741936,44.03255
Food Organics_410.jpg,Food Organics,D:\Recovered Documents\Moringa\Module 5\Summative2\realwaste\realwaste-main\RealWaste\Food Organics\Food Organics_410.jpg,524,524,RGB,1.0,157.1,156.39049,38.141655,76.18837
Food Organics_411.jpg,Food Organics,D:\Recovered Documents\Moringa\Module 5\Summative2\realwaste\realwaste-main\RealWaste\Food Organics\Food Organics_411.jpg,524,524,RGB,1.0,224.0,160.5881,38.42441,21.519531
Food Organics_42.jpg,Food Organics,D:\Recovered Documents\Moringa\Module 5\Summative2\realwaste\realwaste-main\RealWaste\Food Organics\Food Organics_42.jpg,524,524,RGB,1.0,154.3,155.04572,47.496624,74.90365
Food Organics_43.jpg,Food Organics,D:\Recovered Documents\Moringa\Module 5\Summative2\realwaste\realwaste-main\RealWaste\Food Organics\Food Organics_43.jpg,524,524,RGB,1.0,153.2,157.36082,42.27911,66.44705
Food Organics_44.jpg,Food Organics,D:\Recovered Documents\Moringa\Module 5\Summative2\realwaste\realwaste-main\RealWaste\Food Organics\Food Organics_44.jpg,524,524,RGB,1.0,148.4,157.96832,33.378445,73.49088
Food Organics_45.jpg,Food Organics,D:\Recovered Documents\Moringa\Module 5\Summative2\realwaste\realwaste-main\RealWaste\Food Organics\Food Organics_45.jpg,524,524,RGB,1.0,137.5,157.52864,35.31664,71.83984
Food Organics_46.jpg,Food Organics,D:\Recovered Documents\Moringa\Module 5\Summative2\realwaste\realwaste-main\RealWaste\Food Organics\Food Organics_46.jpg,524,524,RGB,1.0,206.4,158.15147,42.708332,34.861546
Food Organics_47.jpg,Food Organics,D:\Recovered Documents\Moringa\Module 5\Summative2\realwaste\realwaste-main\RealWaste\Food Organics\Food Organics_47.jpg,524,524,RGB,1.0,153.2,156.39772,42.67535,73.30078
Food Organics_48.jpg,Food Organics,D:\Recovered Documents\Moringa\Module 5\Summative2\realwaste\realwaste-main\RealWaste\Food Organics\Food Organics_48.jpg,524,524,RGB,1.0,142.6,158.46788,35.231266,78.11241
Food Organics_49.jpg,Food Organics,D:\Recovered Documents\Moringa\Module 5\Summative2\realwaste\realwaste-main\RealWaste\Food Organics\Food Organics_49.jpg,524,524,RGB,1.0,145.1,157.65538,35.32473,76.255646
Food Organics_5.jpg,Food Organics,D:\Recovered Documents\Moringa\Module 5\Summative2\realwaste\realwaste-main\RealWaste\Food Organics\Food Organics_5.jpg,524,524,RGB,1.0,206.0,152.62804,50.27114,43.685764
Food Organics_50.jpg,Food Organics,D:\Recovered Documents\Moringa\Module 5\Summative2\realwaste\realwaste-main\RealWaste\Food Organics\Food Organics_50.jpg,524,524,RGB,1.0,117.2,156.93156,35.26962,76.31163
Food Organics_51.jpg,Food Organics,D:\Recovered Documents\Moringa\Module 5\Summative2\realwaste\realwaste-main\RealWaste\Food Organics\Food Organics_51.jpg,524,524,RGB,1.0,146.3,158.53357,32.018208,71.65451
Food Organics_52.jpg,Food Organics,D:\Recovered Documents\Moringa\Module 5\Summative2\realwaste\realwaste-main\RealWaste\Food Organics\Food Organics_52.jpg,524,524,RGB,1.0,145.1,151.83,41.34077,79.33681
Food Organics_53.jpg,Food Organics,D:\Recovered Documents\Moringa\Module 5\Summative2\realwaste\realwaste-main\RealWaste\Food Organics\Food Organics_53.jpg,524,524,RGB,1.0,145.9,157.80324,32.04933,73.61979
Food Organics_54.jpg,Food Organics,D:\Recovered Documents\Moringa\Module 5\Summative2\realwaste\realwaste-main\RealWaste\Food Organics\Food Organics_54.jpg,524,524,RGB,1.0,145.2,151.70964,42.018105,78.59115
Food Organics_55.jpg,Food Organics,D:\Recovered Documents\Moringa\Module 5\Summative2\realwaste\realwaste-main\RealWaste\Food Organics\Food Organics_55.jpg,524,524,RGB,1.0,136.9,156.62152,34.79159,80.296005
Food Organics_56.jpg,Food Organics,D:\Recovered Documents\Moringa\Module 5\Summative2\realwaste\realwaste-main\RealWaste\Food Organics\Food Organics_56.jpg,524,524,RGB,1.0,140.8,158.11531,35.394897,79.86979
Food Organics_57.jpg,Food Organics,D:\Recovered Documents\Moringa\Module 5\Summative2\realwaste\realwaste-main\RealWaste\Food Organics\Food Organics_57.jpg,524,524,RGB,1.0,201.6,157.55035,46.46094,40.35547
Food Organics_58.jpg,Food Organics,D:\Recovered Documents\Moringa\Module 5\Summative2\realwaste\realwaste-main\RealWaste\Food Organics\Food Organics_58.jpg,524,524,RGB,1.0,174.2,162.05353,32.671864,49.93837
Food Organics_59.jpg,Food Organics,D:\Recovered Documents\Moringa\Module 5\Summative2\realwaste\realwaste-main\RealWaste\Food Organics\Food Organics_59.jpg,524,524,RGB,1.0,163.8,158.52141,30.840214,44.741753
Food Organics_6.jpg,Food Organics,D:\Recovered Documents\Moringa\Module 5\Summative2\realwaste\realwaste-main\RealWaste\Food Organics\Food Organics_6.jpg,524,524,RGB,1.0,136.7,155.95096,36.39093,87.92318
Food Organics_60.jpg,Food Organics,D:\Recovered Documents\Moringa\Module 5\Summative2\realwaste\realwaste-main\RealWaste\Food Organics\Food Organics_60.jpg,524,524,RGB,1.0,158.1,154.08855,34.917046,44.983074
Food Organics_61.jpg,Food Organics,D:\Recovered Documents\Moringa\Module 5\Summative2\realwaste\realwaste-main\RealWaste\Food Organics\Food Organics_61.jpg,524,524,RGB,1.0,157.2,155.92882,34.425224,47.691406
Food Organics_62.jpg,Food Organics,D:\Recovered Documents\Moringa\Module 5\Summative2\realwaste\realwaste-main\RealWaste\Food Organics\Food Organics_62.jpg,524,524,RGB,1.0,166.0,157.8886,36.50638,52.71875
Food Organics_63.jpg,Food Organics,D:\Recovered Documents\Moringa\Module 5\Summative2\realwaste\realwaste-main\RealWaste\Food Organics\Food Organics_63.jpg,524,524,RGB,1.0,167.4,159.10199,36.322945,46.1658
Food Organics_64.jpg,Food Organics,D:\Recovered Documents\Moringa\Module 5\Summative2\realwaste\realwaste-main\RealWaste\Food Organics\Food Organics_64.jpg,524,524,RGB,1.0,119.6,158.07538,42.778675,54.039932
Food Organics_65.jpg,Food Organics,D:\Recovered Documents\Moringa\Module 5\Summative2\realwaste\realwaste-main\RealWaste\Food Organics\Food Organics_65.jpg,524,524,RGB,1.0,163.0,158.86502,40.359344,52.419704
Food Organics_66.jpg,Food Organics,D:\Recovered Documents\Moringa\Module 5\Summative2\realwaste\realwaste-main\RealWaste\Food Organics\Food Organics_66.jpg,524,524,RGB,1.0,155.3,154.2092,46.314587,61.522137
Food Organics_67.jpg,Food Organics,D:\Recovered Documents\Moringa\Module 5\Summative2\realwaste\realwaste-main\RealWaste\Food Organics\Food Organics_67.jpg,524,524,RGB,1.0,160.0,152.08377,35.664444,52.315105
Food Organics_68.jpg,Food Organics,D:\Recovered Documents\Moringa\Module 5\Summative2\realwaste\realwaste-main\RealWaste\Food Organics\Food Organics_68.jpg,524,524,RGB,1.0,205.4,154.58319,47.219448,47.591145
Food Organics_69.jpg,Food Organics,D:\Recovered Documents\Moringa\Module 5\Summative2\realwaste\realwaste-main\RealWaste\Food Organics\Food Organics_69.jpg,524,524,RGB,1.0,154.0,154.4087,44.94779,61.73741
Food Organics_7.jpg,Food Organics,D:\Recovered Documents\Moringa\Module 5\Summative2\realwaste\realwaste-main\RealWaste\Food Organics\Food Organics_7.jpg,524,524,RGB,1.0,128.0,155.3329,35.371716,90.10026
Food Organics_70.jpg,Food Organics,D:\Recovered Documents\Moringa\Module 5\Summative2\realwaste\realwaste-main\RealWaste\Food Organics\Food Organics_70.jpg,524,524,RGB,1.0,143.0,156.4806,37.21151,85.37587
Food Organics_71.jpg,Food Organics,D:\Recovered Documents\Moringa\Module 5\Summative2\realwaste\realwaste-main\RealWaste\Food Organics\Food Organics_71.jpg,524,524,RGB,1.0,123.6,154.84924,35.96408,92.75347
Food Organics_72.jpg,Food Organics,D:\Recovered Documents\Moringa\Module 5\Summative2\realwaste\realwaste-main\RealWaste\Food Organics\Food Organics_72.jpg,524,524,RGB,1.0,143.5,156.76172,38.059555,87.54037
Food Organics_73.jpg,Food Organics,D:\Recovered Documents\Moringa\Module 5\Summative2\realwaste\realwaste-main\RealWaste\Food Organics\Food Organics_73.jpg,524,524,RGB,1.0,136.9,155.34895,41.80465,89.43533
Food Organics_74.jpg,Food Organics,D:\Recovered Documents\Moringa\Module 5\Summative2\realwaste\realwaste-main\RealWaste\Food Organics\Food Organics_74.jpg,524,524,RGB,1.0,145.5,155.21803,39.68277,90.901474
Food Organics_75.jpg,Food Organics,D:\Recovered Documents\Moringa\Module 5\Summative2\realwaste\realwaste-main\RealWaste\Food Organics\Food Organics_75.jpg,524,524,RGB,1.0,139.9,155.88672,37.92287,91.513885
Food Organics_76.jpg,Food Organics,D:\Recovered Documents\Moringa\Module 5\Summative2\realwaste\realwaste-main\RealWaste\Food Organics\Food Organics_76.jpg,524,524,RGB,1.0,141.4,155.76852,37.876377,91.07596
Food Organics_77.jpg,Food Organics,D:\Recovered Documents\Moringa\Module 5\Summative2\realwaste\realwaste-main\RealWaste\Food Organics\Food Organics_77.jpg,524,524,RGB,1.0,151.2,156.96051,34.90974,85.75
Food Organics_78.jpg,Food Organics,D:\Recovered Documents\Moringa\Module 5\Summative2\realwaste\realwaste-main\RealWaste\Food Organics\Food Organics_78.jpg,524,524,RGB,1.0,157.0,154.13353,47.350548,52.947918
Food Organics_79.jpg,Food Organics,D:\Recovered Documents\Moringa\Module 5\Summative2\realwaste\realwaste-main\RealWaste\Food Organics\Food Organics_79.jpg,524,524,RGB,1.0,207.2,157.71861,39.38077,30.984375
Food Organics_8.jpg,Food Organics,D:\Recovered Documents\Moringa\Module 5\Summative2\realwaste\realwaste-main\RealWaste\Food Organics\Food Organics_8.jpg,524,524,RGB,1.0,138.6,156.13802,37.025425,91.03429
Food Organics_80.jpg,Food Organics,D:\Recovered Documents\Moringa\Module 5\Summative2\realwaste\realwaste-main\RealWaste\Food Organics\Food Organics_80.jpg,524,524,RGB,1.0,183.5,147.00246,58.43231,47.226997
Food Organics_81.jpg,Food Organics,D:\Recovered Documents\Moringa\Module 5\Summative2\realwaste\realwaste-main\RealWaste\Food Organics\Food Organics_81.jpg,524,524,RGB,1.0,181.8,151.31873,55.458107,46.2296
Food Organics_82.jpg,Food Organics,D:\Recovered Documents\Moringa\Module 5\Summative2\realwaste\realwaste-main\RealWaste\Food Organics\Food Organics_82.jpg,524,524,RGB,1.0,182.2,151.31467,55.429024,46.312065
Food Organics_83.jpg,Food Organics,D:\Recovered Documents\Moringa\Module 5\Summative2\realwaste\realwaste-main\RealWaste\Food Organics\Food Organics_83.jpg,524,524,RGB,1.0,183.3,147.26663,56.80925,50.114582
Food Organics_84.jpg,Food Organics,D:\Recovered Documents\Moringa\Module 5\Summative2\realwaste\realwaste-main\RealWaste\Food Organics\Food Organics_84.jpg,524,524,RGB,1.0,178.4,152.28067,55.0999,46.9171
Food Organics_85.jpg,Food Organics,D:\Recovered Documents\Moringa\Module 5\Summative2\realwaste\realwaste-main\RealWaste\Food Organics\Food Organics_85.jpg,524,524,RGB,1.0,181.6,153.534,54.09223,48.892796
Food Organics_86.jpg,Food Organics,D:\Recovered Documents\Moringa\Module 5\Summative2\realwaste\realwaste-main\RealWaste\Food Organics\Food Organics_86.jpg,524,524,RGB,1.0,181.5,157.13643,32.097233,46.891926
Food Organics_87.jpg,Food Organics,D:\Recovered Documents\Moringa\Module 5\Summative2\realwaste\realwaste-main\RealWaste\Food Organics\Food Organics_87.jpg,524,524,RGB,1.0,175.3,160.39178,32.347866,52.514324
Food Organics_88.jpg,Food Organics,D:\Recovered Documents\Moringa\Module 5\Summative2\realwaste\realwaste-main\RealWaste\Food Organics\Food Organics_88.jpg,524,524,RGB,1.0,177.5,159.51605,40.162086,47.088974
Food Organics_89.jpg,Food Organics,D:\Recovered Documents\Moringa\Module 5\Summative2\realwaste\realwaste-main\RealWaste\Food Organics\Food Organics_89.jpg,524,524,RGB,1.0,178.3,158.5162,32.60067,55.226997
Food Organics_9.jpg,Food Organics,D:\Recovered Documents\Moringa\Module 5\Summative2\realwaste\realwaste-main\RealWaste\Food Organics\Food Organics_9.jpg,524,524,RGB,1.0,158.9,154.68027,45.87035,52.155815
Food Organics_90.jpg,Food Organics,D:\Recovered Documents\Moringa\Module 5\Summative2\realwaste\realwaste-main\RealWaste\Food Organics\Food Organics_90.jpg,524,524,RGB,1.0,203.0,158.26505,30.818977,25.143663
Food Organics_91.jpg,Food Organics,D:\Recovered Documents\Moringa\Module 5\Summative2\realwaste\realwaste-main\RealWaste\Food Organics\Food Organics_91.jpg,524,524,RGB,1.0,178.1,157.2992,33.530945,58.601562
Food Organics_92.jpg,Food Organics,D:\Recovered Documents\Moringa\Module 5\Summative2\realwaste\realwaste-main\RealWaste\Food Organics\Food Organics_92.jpg,524,524,RGB,1.0,178.5,157.7892,36.525097,37.708767
Food Organics_93.jpg,Food Organics,D:\Recovered Documents\Moringa\Module 5\Summative2\realwaste\realwaste-main\RealWaste\Food Organics\Food Organics_93.jpg,524,524,RGB,1.0,181.5,158.26158,30.877476,48.82986
Food Organics_94.jpg,Food Organics,D:\Recovered Documents\Moringa\Module 5\Summative2\realwaste\realwaste-main\RealWaste\Food Organics\Food Organics_94.jpg,524,524,RGB,1.0,178.4,161.25174,29.83779,55.98394
Food Organics_95.jpg,Food Organics,D:\Recovered Documents\Moringa\Module 5\Summative2\realwaste\realwaste-main\RealWaste\Food Organics\Food Organics_95.jpg,524,524,RGB,1.0,180.2,157.56105,33.248543,51.532986
Food Organics_96.jpg,Food Organics,D:\Recovered Documents\Moringa\Module 5\Summative2\realwaste\realwaste-main\RealWaste\Food Organics\Food Organics_96.jpg,524,524,RGB,1.0,153.1,158.62962,32.667828,65.18143
Food Organics_97.jpg,Food Organics,D:\Recovered Documents\Moringa\Module 5\Summative2\realwaste\realwaste-main\RealWaste\Food Organics\Food Organics_97.jpg,524,524,RGB,1.0,177.4,161.34969,29.24246,58.507812
Food Organics_98.jpg,Food Organics,D:\Recovered Documents\Moringa\Module 5\Summative2\realwaste\realwaste-main\RealWaste\Food Organics\Food Organics_98.jpg,524,524,RGB,1.0,189.8,152.23524,55.463287,41.64106
Food Organics_99.jpg,Food Organics,D:\Recovered Documents\Moringa\Module 5\Summative2\realwaste\realwaste-main\RealWaste\Food Organics\Food Organics_99.jpg,524,524,RGB,1.0,183.1,154.27763,44.444073,52.48828
Glass_1.jpg,Glass,D:\Recovered Documents\Moringa\Module 5\Summative2\realwaste\realwaste-main\RealWaste\Glass\Glass_1.jpg,524,524,RGB,1.0,182.3,163.57784,25.100307,12.400173
Glass_10.jpg,Glass,D:\Recovered Documents\Moringa\Module 5\Summative2\realwaste\realwaste-main\RealWaste\Glass\Glass_10.jpg,524,524,RGB,1.0,135.4,159.84187,48.80941,38.28038
Glass_100.jpg,Glass,D:\Recovered Documents\Moringa\Module 5\Summative2\realwaste\realwaste-main\RealWaste\Glass\Glass_100.jpg,524,524,RGB,1.0,78.6,152.15437,33.61739,74.64279
Glass_101.jpg,Glass,D:\Recovered Documents\Moringa\Module 5\Summative2\realwaste\realwaste-main\RealWaste\Glass\Glass_101.jpg,524,524,RGB,1.0,186.3,163.5463,42.81837,18.869791
Glass_102.jpg,Glass,D:\Recovered Documents\Moringa\Module 5\Summative2\realwaste\realwaste-main\RealWaste\Glass\Glass_102.jpg,524,524,RGB,1.0,98.1,150.8015,32.79415,75.67752
Glass_103.jpg,Glass,D:\Recovered Documents\Moringa\Module 5\Summative2\realwaste\realwaste-main\RealWaste\Glass\Glass_103.jpg,524,524,RGB,1.0,69.7,159.4712,31.53809,49.784286
Glass_104.jpg,Glass,D:\Recovered Documents\Moringa\Module 5\Summative2\realwaste\realwaste-main\RealWaste\Glass\Glass_104.jpg,524,524,RGB,1.0,68.7,154.73582,41.117847,59.286026
Glass_105.jpg,Glass,D:\Recovered Documents\Moringa\Module 5\Summative2\realwaste\realwaste-main\RealWaste\Glass\Glass_105.jpg,524,524,RGB,1.0,96.1,163.38268,23.46309,34.446182
Glass_106.jpg,Glass,D:\Recovered Documents\Moringa\Module 5\Summative2\realwaste\realwaste-main\RealWaste\Glass\Glass_106.jpg,524,524,RGB,1.0,100.0,160.10808,24.858135,36.974827
Glass_107.jpg,Glass,D:\Recovered Documents\Moringa\Module 5\Summative2\realwaste\realwaste-main\RealWaste\Glass\Glass_107.jpg,524,524,RGB,1.0,113.6,159.66087,21.153728,24.684462
Glass_108.jpg,Glass,D:\Recovered Documents\Moringa\Module 5\Summative2\realwaste\realwaste-main\RealWaste\Glass\Glass_108.jpg,524,524,RGB,1.0,85.1,163.30035,29.643188,38.21224
Glass_109.jpg,Glass,D:\Recovered Documents\Moringa\Module 5\Summative2\realwaste\realwaste-main\RealWaste\Glass\Glass_109.jpg,524,524,RGB,1.0,48.8,155.9877,33.61124,75.171875
Glass_11.jpg,Glass,D:\Recovered Documents\Moringa\Module 5\Summative2\realwaste\realwaste-main\RealWaste\Glass\Glass_11.jpg,524,524,RGB,1.0,148.2,149.08449,50.851772,35.50347
Glass_110.jpg,Glass,D:\Recovered Documents\Moringa\Module 5\Summative2\realwaste\realwaste-main\RealWaste\Glass\Glass_110.jpg,524,524,RGB,1.0,47.7,164.41493,32.699543,49.77474
Glass_111.jpg,Glass,D:\Recovered Documents\Moringa\Module 5\Summative2\realwaste\realwaste-main\RealWaste\Glass\Glass_111.jpg,524,524,RGB,1.0,99.3,163.95891,20.27903,24.209202
Glass_112.jpg,Glass,D:\Recovered Documents\Moringa\Module 5\Summative2\realwaste\realwaste-main\RealWaste\Glass\Glass_112.jpg,524,524,RGB,1.0,189.8,165.2892,25.731495,12.365017
Glass_113.jpg,Glass,D:\Recovered Documents\Moringa\Module 5\Summative2\realwaste\realwaste-main\RealWaste\Glass\Glass_113.jpg,524,524,RGB,1.0,179.3,174.16116,37.834312,12.977864
Glass_114.jpg,Glass,D:\Recovered Documents\Moringa\Module 5\Summative2\realwaste\realwaste-main\RealWaste\Glass\Glass_114.jpg,524,524,RGB,1.0,100.8,165.65176,18.30032,17.876303
Glass_115.jpg,Glass,D:\Recovered Documents\Moringa\Module 5\Summative2\realwaste\realwaste-main\RealWaste\Glass\Glass_115.jpg,524,524,RGB,1.0,74.1,160.02069,31.694231,67.35243
Glass_116.jpg,Glass,D:\Recovered Documents\Moringa\Module 5\Summative2\realwaste\realwaste-main\RealWaste\Glass\Glass_116.jpg,524,524,RGB,1.0,58.3,153.6781,49.79196,75.594185
Glass_117.jpg,Glass,D:\Recovered Documents\Moringa\Module 5\Summative2\realwaste\realwaste-main\RealWaste\Glass\Glass_117.jpg,524,524,RGB,1.0,75.8,161.90509,33.461124,41.869793
Glass_118.jpg,Glass,D:\Recovered Documents\Moringa\Module 5\Summative2\realwaste\realwaste-main\RealWaste\Glass\Glass_118.jpg,524,524,RGB,1.0,56.9,157.90886,32.88779,58.755207
Glass_119.jpg,Glass,D:\Recovered Documents\Moringa\Module 5\Summative2\realwaste\realwaste-main\RealWaste\Glass\Glass_119.jpg,524,524,RGB,1.0,64.7,162.43793,31.143147,56.667534
Glass_12.jpg,Glass,D:\Recovered Documents\Moringa\Module 5\Summative2\realwaste\realwaste-main\RealWaste\Glass\Glass_12.jpg,524,524,RGB,1.0,151.3,165.85547,29.986559,27.779514
Glass_120.jpg,Glass,D:\Recovered Documents\Moringa\Module 5\Summative2\realwaste\realwaste-main\RealWaste\Glass\Glass_120.jpg,524,524,RGB,1.0,90.3,161.28386,26.18697,53.649307
Glass_121.jpg,Glass,D:\Recovered Documents\Moringa\Module 5\Summative2\realwaste\realwaste-main\RealWaste\Glass\Glass_121.jpg,524,524,RGB,1.0,99.4,159.82726,34.493633,47.87717
Glass_122.jpg,Glass,D:\Recovered Documents\Moringa\Module 5\Summative2\realwaste\realwaste-main\RealWaste\Glass\Glass_122.jpg,524,524,RGB,1.0,85.2,158.96774,42.393856,47.997395
Glass_123.jpg,Glass,D:\Recovered Documents\Moringa\Module 5\Summative2\realwaste\realwaste-main\RealWaste\Glass\Glass_123.jpg,524,524,RGB,1.0,67.3,163.47656,23.345068,38.129776
Glass_124.jpg,Glass,D:\Recovered Documents\Moringa\Module 5\Summative2\realwaste\realwaste-main\RealWaste\Glass\Glass_124.jpg,524,524,RGB,1.0,199.3,161.0175,21.418642,21.322483
Glass_125.jpg,Glass,D:\Recovered Documents\Moringa\Module 5\Summative2\realwaste\realwaste-main\RealWaste\Glass\Glass_125.jpg,524,524,RGB,1.0,63.9,165.98973,24.809488,37.381943
Glass_126.jpg,Glass,D:\Recovered Documents\Moringa\Module 5\Summative2\realwaste\realwaste-main\RealWaste\Glass\Glass_126.jpg,524,524,RGB,1.0,82.7,161.10648,27.439484,37.905815
Glass_127.jpg,Glass,D:\Recovered Documents\Moringa\Module 5\Summative2\realwaste\realwaste-main\RealWaste\Glass\Glass_127.jpg,524,524,RGB,1.0,180.2,163.70761,35.89067,20.9375
Glass_128.jpg,Glass,D:\Recovered Documents\Moringa\Module 5\Summative2\realwaste\realwaste-main\RealWaste\Glass\Glass_128.jpg,524,524,RGB,1.0,173.1,162.34808,41.885384,19.222656
Glass_129.jpg,Glass,D:\Recovered Documents\Moringa\Module 5\Summative2\realwaste\realwaste-main\RealWaste\Glass\Glass_129.jpg,524,524,RGB,1.0,148.6,175.0081,37.586655,16.128906
Glass_13.jpg,Glass,D:\Recovered Documents\Moringa\Module 5\Summative2\realwaste\realwaste-main\RealWaste\Glass\Glass_13.jpg,524,524,RGB,1.0,180.0,161.02893,35.66421,23.526041
Glass_130.jpg,Glass,D:\Recovered Documents\Moringa\Module 5\Summative2\realwaste\realwaste-main\RealWaste\Glass\Glass_130.jpg,524,524,RGB,1.0,153.6,159.10315,49.164215,23.944445
Glass_131.jpg,Glass,D:\Recovered Documents\Moringa\Module 5\Summative2\realwaste\realwaste-main\RealWaste\Glass\Glass_131.jpg,524,524,RGB,1.0,181.2,166.65697,45.18969,24.21007
Glass_132.jpg,Glass,D:\Recovered Documents\Moringa\Module 5\Summative2\realwaste\realwaste-main\RealWaste\Glass\Glass_132.jpg,524,524,RGB,1.0,175.7,161.15915,38.14047,18.498697
Glass_133.jpg,Glass,D:\Recovered Documents\Moringa\Module 5\Summative2\realwaste\realwaste-main\RealWaste\Glass\Glass_133.jpg,524,524,RGB,1.0,83.1,169.37587,42.71971,19.415798
Glass_134.jpg,Glass,D:\Recovered Documents\Moringa\Module 5\Summative2\realwaste\realwaste-main\RealWaste\Glass\Glass_134.jpg,524,524,RGB,1.0,176.9,158.37659,52.31493,22.511284
Glass_135.jpg,Glass,D:\Recovered Documents\Moringa\Module 5\Summative2\realwaste\realwaste-main\RealWaste\Glass\Glass_135.jpg,524,524,RGB,1.0,156.9,167.25723,25.583023,22.610243
Glass_136.jpg,Glass,D:\Recovered Documents\Moringa\Module 5\Summative2\realwaste\realwaste-main\RealWaste\Glass\Glass_136.jpg,524,524,RGB,1.0,177.7,163.65292,26.164677,20.88368
Glass_137.jpg,Glass,D:\Recovered Documents\Moringa\Module 5\Summative2\realwaste\realwaste-main\RealWaste\Glass\Glass_137.jpg,524,524,RGB,1.0,85.1,166.4961,32.686367,54.04991
Glass_138.jpg,Glass,D:\Recovered Documents\Moringa\Module 5\Summative2\realwaste\realwaste-main\RealWaste\Glass\Glass_138.jpg,524,524,RGB,1.0,73.0,160.73163,25.617216,41.446613
Glass_139.jpg,Glass,D:\Recovered Documents\Moringa\Module 5\Summative2\realwaste\realwaste-main\RealWaste\Glass\Glass_139.jpg,524,524,RGB,1.0,70.3,158.79875,25.470318,46.156685
Glass_14.jpg,Glass,D:\Recovered Documents\Moringa\Module 5\Summative2\realwaste\realwaste-main\RealWaste\Glass\Glass_14.jpg,524,524,RGB,1.0,141.6,159.81857,30.231443,35.21224
Glass_140.jpg,Glass,D:\Recovered Documents\Moringa\Module 5\Summative2\realwaste\realwaste-main\RealWaste\Glass\Glass_140.jpg,524,524,RGB,1.0,71.8,161.10475,27.44997,48.875435
Glass_141.jpg,Glass,D:\Recovered Documents\Moringa\Module 5\Summative2\realwaste\realwaste-main\RealWaste\Glass\Glass_141.jpg,524,524,RGB,1.0,76.3,161.24841,28.31617,49.71441
Glass_142.jpg,Glass,D:\Recovered Documents\Moringa\Module 5\Summative2\realwaste\realwaste-main\RealWaste\Glass\Glass_142.jpg,524,524,RGB,1.0,105.7,166.0382,17.467133,23.30165
Glass_143.jpg,Glass,D:\Recovered Documents\Moringa\Module 5\Summative2\realwaste\realwaste-main\RealWaste\Glass\Glass_143.jpg,524,524,RGB,1.0,104.1,159.73163,22.435423,37.883247
Glass_144.jpg,Glass,D:\Recovered Documents\Moringa\Module 5\Summative2\realwaste\realwaste-main\RealWaste\Glass\Glass_144.jpg,524,524,RGB,1.0,101.7,158.82132,23.09723,39.964844
Glass_145.jpg,Glass,D:\Recovered Documents\Moringa\Module 5\Summative2\realwaste\realwaste-main\RealWaste\Glass\Glass_145.jpg,524,524,RGB,1.0,102.0,162.66551,18.57688,31.182291
Glass_146.jpg,Glass,D:\Recovered Documents\Moringa\Module 5\Summative2\realwaste\realwaste-main\RealWaste\Glass\Glass_146.jpg,524,524,RGB,1.0,82.4,163.20717,23.891384,51.351997
Glass_147.jpg,Glass,D:\Recovered Documents\Moringa\Module 5\Summative2\realwaste\realwaste-main\RealWaste\Glass\Glass_147.jpg,524,524,RGB,1.0,109.5,161.83406,22.746702,26.849392
Glass_148.jpg,Glass,D:\Recovered Documents\Moringa\Module 5\Summative2\realwaste\realwaste-main\RealWaste\Glass\Glass_148.jpg,524,524,RGB,1.0,78.3,161.32971,26.879925,49.421005
Glass_149.jpg,Glass,D:\Recovered Documents\Moringa\Module 5\Summative2\realwaste\realwaste-main\RealWaste\Glass\Glass_149.jpg,524,524,RGB,1.0,76.4,164.87587,23.986841,52.51866
Glass_15.jpg,Glass,D:\Recovered Documents\Moringa\Module 5\Summative2\realwaste\realwaste-main\RealWaste\Glass\Glass_15.jpg,524,524,RGB,1.0,147.5,155.16971,35.098152,29.650608
Glass_150.jpg,Glass,D:\Recovered Documents\Moringa\Module 5\Summative2\realwaste\realwaste-main\RealWaste\Glass\Glass_150.jpg,524,524,RGB,1.0,90.4,157.57826,23.878744,45.80903
Glass_151.jpg,Glass,D:\Recovered Documents\Moringa\Module 5\Summative2\realwaste\realwaste-main\RealWaste\Glass\Glass_151.jpg,524,524,RGB,1.0,60.3,162.95703,30.257004,54.483505
Glass_152.jpg,Glass,D:\Recovered Documents\Moringa\Module 5\Summative2\realwaste\realwaste-main\RealWaste\Glass\Glass_152.jpg,524,524,RGB,1.0,79.8,162.42795,28.862215,50.96745
Glass_153.jpg,Glass,D:\Recovered Documents\Moringa\Module 5\Summative2\realwaste\realwaste-main\RealWaste\Glass\Glass_153.jpg,524,524,RGB,1.0,93.5,161.77272,26.053297,51.81337
Glass_154.jpg,Glass,D:\Recovered Documents\Moringa\Module 5\Summative2\realwaste\realwaste-main\RealWaste\Glass\Glass_154.jpg,524,524,RGB,1.0,80.3,158.28719,27.951235,52.81901
Glass_155.jpg,Glass,D:\Recovered Documents\Moringa\Module 5\Summative2\realwaste\realwaste-main\RealWaste\Glass\Glass_155.jpg,524,524,RGB,1.0,72.9,158.35966,27.62303,51.203995
Glass_156.jpg,Glass,D:\Recovered Documents\Moringa\Module 5\Summative2\realwaste\realwaste-main\RealWaste\Glass\Glass_156.jpg,524,524,RGB,1.0,95.1,161.00768,24.33837,47.40191
Glass_157.jpg,Glass,D:\Recovered Documents\Moringa\Module 5\Summative2\realwaste\realwaste-main\RealWaste\Glass\Glass_157.jpg,524,524,RGB,1.0,91.7,162.83073,21.179062,38.958332
Glass_158.jpg,Glass,D:\Recovered Documents\Moringa\Module 5\Summative2\realwaste\realwaste-main\RealWaste\Glass\Glass_158.jpg,524,524,RGB,1.0,106.0,161.19415,22.355068,32.20703
Glass_159.jpg,Glass,D:\Recovered Documents\Moringa\Module 5\Summative2\realwaste\realwaste-main\RealWaste\Glass\Glass_159.jpg,524,524,RGB,1.0,93.7,159.03096,25.192745,49.63585
Glass_16.jpg,Glass,D:\Recovered Documents\Moringa\Module 5\Summative2\realwaste\realwaste-main\RealWaste\Glass\Glass_16.jpg,524,524,RGB,1.0,156.7,164.29485,31.627098,24.876303
Glass_160.jpg,Glass,D:\Recovered Documents\Moringa\Module 5\Summative2\realwaste\realwaste-main\RealWaste\Glass\Glass_160.jpg,524,524,RGB,1.0,106.1,159.86038,22.040012,30.947916
Glass_161.jpg,Glass,D:\Recovered Documents\Moringa\Module 5\Summative2\realwaste\realwaste-main\RealWaste\Glass\Glass_161.jpg,524,524,RGB,1.0,71.4,161.25926,23.978512,56.86545
Glass_162.jpg,Glass,D:\Recovered Documents\Moringa\Module 5\Summative2\realwaste\realwaste-main\RealWaste\Glass\Glass_162.jpg,524,524,RGB,1.0,109.0,163.29572,18.578192,21.691841
Glass_163.jpg,Glass,D:\Recovered Documents\Moringa\Module 5\Summative2\realwaste\realwaste-main\RealWaste\Glass\Glass_163.jpg,524,524,RGB,1.0,86.5,158.09158,26.882608,55.023438
Glass_164.jpg,Glass,D:\Recovered Documents\Moringa\Module 5\Summative2\realwaste\realwaste-main\RealWaste\Glass\Glass_164.jpg,524,524,RGB,1.0,93.6,159.37022,26.361458,52.323784
Glass_165.jpg,Glass,D:\Recovered Documents\Moringa\Module 5\Summative2\realwaste\realwaste-main\RealWaste\Glass\Glass_165.jpg,524,524,RGB,1.0,105.7,165.18272,29.160856,37.491318
Glass_166.jpg,Glass,D:\Recovered Documents\Moringa\Module 5\Summative2\realwaste\realwaste-main\RealWaste\Glass\Glass_166.jpg,524,524,RGB,1.0,99.5,161.6904,23.229074,47.210503
Glass_167.jpg,Glass,D:\Recovered Documents\Moringa\Module 5\Summative2\realwaste\realwaste-main\RealWaste\Glass\Glass_167.jpg,524,524,RGB,1.0,105.0,161.38715,28.296017,29.794704
Glass_168.jpg,Glass,D:\Recovered Documents\Moringa\Module 5\Summative2\realwaste\realwaste-main\RealWaste\Glass\Glass_168.jpg,524,524,RGB,1.0,99.7,158.03545,37.978203,56.3329
Glass_169.jpg,Glass,D:\Recovered Documents\Moringa\Module 5\Summative2\realwaste\realwaste-main\RealWaste\Glass\Glass_169.jpg,524,524,RGB,1.0,81.8,156.28197,29.49781,66.71268
Glass_17.jpg,Glass,D:\Recovered Documents\Moringa\Module 5\Summative2\realwaste\realwaste-main\RealWaste\Glass\Glass_17.jpg,524,524,RGB,1.0,201.4,158.06902,29.696287,37.993923
Glass_170.jpg,Glass,D:\Recovered Documents\Moringa\Module 5\Summative2\realwaste\realwaste-main\RealWaste\Glass\Glass_170.jpg,524,524,RGB,1.0,83.8,159.68172,28.047861,61.727432
Glass_171.jpg,Glass,D:\Recovered Documents\Moringa\Module 5\Summative2\realwaste\realwaste-main\RealWaste\Glass\Glass_171.jpg,524,524,RGB,1.0,84.6,152.95703,44.852867,72.51779
Glass_172.jpg,Glass,D:\Recovered Documents\Moringa\Module 5\Summative2\realwaste\realwaste-main\RealWaste\Glass\Glass_172.jpg,524,524,RGB,1.0,91.6,158.93721,26.01693,47.273872
Glass_173.jpg,Glass,D:\Recovered Documents\Moringa\Module 5\Summative2\realwaste\realwaste-main\RealWaste\Glass\Glass_173.jpg,524,524,RGB,1.0,89.4,159.97469,24.241903,48.971786
Glass_174.jpg,Glass,D:\Recovered Documents\Moringa\Module 5\Summative2\realwaste\realwaste-main\RealWaste\Glass\Glass_174.jpg,524,524,RGB,1.0,94.2,157.63295,26.532764,53.13889
Glass_175.jpg,Glass,D:\Recovered Documents\Moringa\Module 5\Summative2\realwaste\realwaste-main\RealWaste\Glass\Glass_175.jpg,524,524,RGB,1.0,91.9,160.08652,32.035854,69.45616
Glass_176.jpg,Glass,D:\Recovered Documents\Moringa\Module 5\Summative2\realwaste\realwaste-main\RealWaste\Glass\Glass_176.jpg,524,524,RGB,1.0,99.1,156.85995,23.382366,41.772568
Glass_177.jpg,Glass,D:\Recovered Documents\Moringa\Module 5\Summative2\realwaste\realwaste-main\RealWaste\Glass\Glass_177.jpg,524,524,RGB,1.0,100.6,157.06699,25.127079,50.803818
Glass_178.jpg,Glass,D:\Recovered Documents\Moringa\Module 5\Summative2\realwaste\realwaste-main\RealWaste\Glass\Glass_178.jpg,524,524,RGB,1.0,87.2,162.38629,28.300556,61.56684
Glass_179.jpg,Glass,D:\Recovered Documents\Moringa\Module 5\Summative2\realwaste\realwaste-main\RealWaste\Glass\Glass_179.jpg,524,524,RGB,1.0,93.3,161.50739,26.988186,48.705296
Glass_18.jpg,Glass,D:\Recovered Documents\Moringa\Module 5\Summative2\realwaste\realwaste-main\RealWaste\Glass\Glass_18.jpg,524,524,RGB,1.0,206.2,155.28893,30.543373,52.338974
Glass_180.jpg,Glass,D:\Recovered Documents\Moringa\Module 5\Summative2\realwaste\realwaste-main\RealWaste\Glass\Glass_180.jpg,524,524,RGB,1.0,86.8,156.39352,42.65692,49.78255
Glass_181.jpg,Glass,D:\Recovered Documents\Moringa\Module 5\Summative2\realwaste\realwaste-main\RealWaste\Glass\Glass_181.jpg,524,524,RGB,1.0,84.0,159.68576,33.92783,40.944443
Glass_182.jpg,Glass,D:\Recovered Documents\Moringa\Module 5\Summative2\realwaste\realwaste-main\RealWaste\Glass\Glass_182.jpg,524,524,RGB,1.0,84.8,163.23973,28.500853,45.550346
Glass_183.jpg,Glass,D:\Recovered Documents\Moringa\Module 5\Summative2\realwaste\realwaste-main\RealWaste\Glass\Glass_183.jpg,524,524,RGB,1.0,82.8,158.17303,41.31787,61.776043
Glass_184.jpg,Glass,D:\Recovered Documents\Moringa\Module 5\Summative2\realwaste\realwaste-main\RealWaste\Glass\Glass_184.jpg,524,524,RGB,1.0,90.7,155.28473,34.292515,59.959637
Glass_185.jpg,Glass,D:\Recovered Documents\Moringa\Module 5\Summative2\realwaste\realwaste-main\RealWaste\Glass\Glass_185.jpg,524,524,RGB,1.0,70.0,157.45009,31.20039,44.625435
Glass_186.jpg,Glass,D:\Recovered Documents\Moringa\Module 5\Summative2\realwaste\realwaste-main\RealWaste\Glass\Glass_186.jpg,524,524,RGB,1.0,79.4,159.09882,34.692516,71.551216
Glass_187.jpg,Glass,D:\Recovered Documents\Moringa\Module 5\Summative2\realwaste\realwaste-main\RealWaste\Glass\Glass_187.jpg,524,524,RGB,1.0,69.3,152.99681,31.387545,60.397137
Glass_188.jpg,Glass,D:\Recovered Documents\Moringa\Module 5\Summative2\realwaste\realwaste-main\RealWaste\Glass\Glass_188.jpg,524,524,RGB,1.0,80.8,157.64873,36.54232,60.09158
Glass_189.jpg,Glass,D:\Recovered Documents\Moringa\Module 5\Summative2\realwaste\realwaste-main\RealWaste\Glass\Glass_189.jpg,524,524,RGB,1.0,68.5,156.2717,34.76754,57.733074
Glass_19.jpg,Glass,D:\Recovered Documents\Moringa\Module 5\Summative2\realwaste\realwaste-main\RealWaste\Glass\Glass_19.jpg,524,524,RGB,1.0,205.7,155.06279,30.99187,55.7717
Glass_190.jpg,Glass,D:\Recovered Documents\Moringa\Module 5\Summative2\realwaste\realwaste-main\RealWaste\Glass\Glass_190.jpg,524,524,RGB,1.0,70.2,154.8462,51.685055,66.18359
Glass_191.jpg,Glass,D:\Recovered Documents\Moringa\Module 5\Summative2\realwaste\realwaste-main\RealWaste\Glass\Glass_191.jpg,524,524,RGB,1.0,50.3,156.15755,32.865963,62.18837
Glass_192.jpg,Glass,D:\Recovered Documents\Moringa\Module 5\Summative2\realwaste\realwaste-main\RealWaste\Glass\Glass_192.jpg,524,524,RGB,1.0,79.0,158.56844,38.779232,52.87153
Glass_193.jpg,Glass,D:\Recovered Documents\Moringa\Module 5\Summative2\realwaste\realwaste-main\RealWaste\Glass\Glass_193.jpg,524,524,RGB,1.0,65.8,158.534,27.442268,53.498264
Glass_194.jpg,Glass,D:\Recovered Documents\Moringa\Module 5\Summative2\realwaste\realwaste-main\RealWaste\Glass\Glass_194.jpg,524,524,RGB,1.0,98.1,160.47424,22.202982,36.73047
Glass_195.jpg,Glass,D:\Recovered Documents\Moringa\Module 5\Summative2\realwaste\realwaste-main\RealWaste\Glass\Glass_195.jpg,524,524,RGB,1.0,75.6,155.60098,29.351358,70.82205
Glass_196.jpg,Glass,D:\Recovered Documents\Moringa\Module 5\Summative2\realwaste\realwaste-main\RealWaste\Glass\Glass_196.jpg,524,524,RGB,1.0,99.7,159.1114,26.150578,51.069443
Glass_197.jpg,Glass,D:\Recovered Documents\Moringa\Module 5\Summative2\realwaste\realwaste-main\RealWaste\Glass\Glass_197.jpg,524,524,RGB,1.0,96.7,161.42404,23.723507,47.73481
Glass_198.jpg,Glass,D:\Recovered Documents\Moringa\Module 5\Summative2\realwaste\realwaste-main\RealWaste\Glass\Glass_198.jpg,524,524,RGB,1.0,99.5,161.19183,21.631588,46.161892
Glass_199.jpg,Glass,D:\Recovered Documents\Moringa\Module 5\Summative2\realwaste\realwaste-main\RealWaste\Glass\Glass_199.jpg,524,524,RGB,1.0,95.7,154.68837,28.559486,60.26866
Glass_2.jpg,Glass,D:\Recovered Documents\Moringa\Module 5\Summative2\realwaste\realwaste-main\RealWaste\Glass\Glass_2.jpg,524,524,RGB,1.0,160.8,159.26476,48.39894,27.493923
Glass_20.jpg,Glass,D:\Recovered Documents\Moringa\Module 5\Summative2\realwaste\realwaste-main\RealWaste\Glass\Glass_20.jpg,524,524,RGB,1.0,201.0,155.57219,31.338186,62.76302
Glass_200.jpg,Glass,D:\Recovered Documents\Moringa\Module 5\Summative2\realwaste\realwaste-main\RealWaste\Glass\Glass_200.jpg,524,524,RGB,1.0,104.7,158.88382,20.251884,34.12847
Glass_201.jpg,Glass,D:\Recovered Documents\Moringa\Module 5\Summative2\realwaste\realwaste-main\RealWaste\Glass\Glass_201.jpg,524,524,RGB,1.0,77.1,151.56424,48.909893,65.15842
Glass_202.jpg,Glass,D:\Recovered Documents\Moringa\Module 5\Summative2\realwaste\realwaste-main\RealWaste\Glass\Glass_202.jpg,524,524,RGB,1.0,105.3,159.08362,22.90403,46.067707
Glass_203.jpg,Glass,D:\Recovered Documents\Moringa\Module 5\Summative2\realwaste\realwaste-main\RealWaste\Glass\Glass_203.jpg,524,524,RGB,1.0,99.8,157.52995,27.15418,52.15842
Glass_204.jpg,Glass,D:\Recovered Documents\Moringa\Module 5\Summative2\realwaste\realwaste-main\RealWaste\Glass\Glass_204.jpg,524,524,RGB,1.0,102.0,156.14656,25.867485,51.755207
Glass_205.jpg,Glass,D:\Recovered Documents\Moringa\Module 5\Summative2\realwaste\realwaste-main\RealWaste\Glass\Glass_205.jpg,524,524,RGB,1.0,96.6,155.22859,28.750229,62.0829
Glass_206.jpg,Glass,D:\Recovered Documents\Moringa\Module 5\Summative2\realwaste\realwaste-main\RealWaste\Glass\Glass_206.jpg,524,524,RGB,1.0,89.2,161.78877,22.42317,28.489584
Glass_207.jpg,Glass,D:\Recovered Documents\Moringa\Module 5\Summative2\realwaste\realwaste-main\RealWaste\Glass\Glass_207.jpg,524,524,RGB,1.0,92.6,158.30208,27.212711,55.32639
Glass_208.jpg,Glass,D:\Recovered Documents\Moringa\Module 5\Summative2\realwaste\realwaste-main\RealWaste\Glass\Glass_208.jpg,524,524,RGB,1.0,89.8,155.52518,28.204147,62.59028
Glass_209.jpg,Glass,D:\Recovered Documents\Moringa\Module 5\Summative2\realwaste\realwaste-main\RealWaste\Glass\Glass_209.jpg,524,524,RGB,1.0,80.9,157.52634,29.046911,65.588974
Glass_21.jpg,Glass,D:\Recovered Documents\Moringa\Module 5\Summative2\realwaste\realwaste-main\RealWaste\Glass\Glass_21.jpg,524,524,RGB,1.0,200.2,155.76114,30.475235,56.592014
Glass_210.jpg,Glass,D:\Recovered Documents\Moringa\Module 5\Summative2\realwaste\realwaste-main\RealWaste\Glass\Glass_210.jpg,524,524,RGB,1.0,85.2,156.54558,28.164669,67.390625
Glass_211.jpg,Glass,D:\Recovered Documents\Moringa\Module 5\Summative2\realwaste\realwaste-main\RealWaste\Glass\Glass_211.jpg,524,524,RGB,1.0,91.0,157.56409,25.783867,55.363716
Glass_212.jpg,Glass,D:\Recovered Documents\Moringa\Module 5\Summative2\realwaste\realwaste-main\RealWaste\Glass\Glass_212.jpg,524,524,RGB,1.0,60.1,157.48785,36.834297,72.17057
Glass_213.jpg,Glass,D:\Recovered Documents\Moringa\Module 5\Summative2\realwaste\realwaste-main\RealWaste\Glass\Glass_213.jpg,524,524,RGB,1.0,74.8,158.22815,27.279125,64.192276
Glass_214.jpg,Glass,D:\Recovered Documents\Moringa\Module 5\Summative2\realwaste\realwaste-main\RealWaste\Glass\Glass_214.jpg,524,524,RGB,1.0,95.1,159.38715,22.945953,51.337673
Glass_215.jpg,Glass,D:\Recovered Documents\Moringa\Module 5\Summative2\realwaste\realwaste-main\RealWaste\Glass\Glass_215.jpg,524,524,RGB,1.0,97.7,159.13614,27.484304,57.510418
Glass_216.jpg,Glass,D:\Recovered Documents\Moringa\Module 5\Summative2\realwaste\realwaste-main\RealWaste\Glass\Glass_216.jpg,524,524,RGB,1.0,98.2,159.44011,25.687468,47.842014
Glass_217.jpg,Glass,D:\Recovered Documents\Moringa\Module 5\Summative2\realwaste\realwaste-main\RealWaste\Glass\Glass_217.jpg,524,524,RGB,1.0,103.0,158.37326,26.522999,52.3138
Glass_218.jpg,Glass,D:\Recovered Documents\Moringa\Module 5\Summative2\realwaste\realwaste-main\RealWaste\Glass\Glass_218.jpg,524,524,RGB,1.0,95.5,159.13875,26.766058,48.5
Glass_219.jpg,Glass,D:\Recovered Documents\Moringa\Module 5\Summative2\realwaste\realwaste-main\RealWaste\Glass\Glass_219.jpg,524,524,RGB,1.0,106.0,160.41565,21.860964,41.816406
Glass_22.jpg,Glass,D:\Recovered Documents\Moringa\Module 5\Summative2\realwaste\realwaste-main\RealWaste\Glass\Glass_22.jpg,524,524,RGB,1.0,203.3,155.73582,30.752516,42.94401
Glass_220.jpg,Glass,D:\Recovered Documents\Moringa\Module 5\Summative2\realwaste\realwaste-main\RealWaste\Glass\Glass_220.jpg,524,524,RGB,1.0,103.4,157.93692,25.362791,50.442707
Glass_221.jpg,Glass,D:\Recovered Documents\Moringa\Module 5\Summative2\realwaste\realwaste-main\RealWaste\Glass\Glass_221.jpg,524,524,RGB,1.0,100.6,158.28848,26.036736,52.17491
Glass_222.jpg,Glass,D:\Recovered Documents\Moringa\Module 5\Summative2\realwaste\realwaste-main\RealWaste\Glass\Glass_222.jpg,524,524,RGB,1.0,106.8,162.93518,21.164778,20.628906
Glass_223.jpg,Glass,D:\Recovered Documents\Moringa\Module 5\Summative2\realwaste\realwaste-main\RealWaste\Glass\Glass_223.jpg,524,524,RGB,1.0,82.6,172.03574,42.70375,14.723524
Glass_224.jpg,Glass,D:\Recovered Documents\Moringa\Module 5\Summative2\realwaste\realwaste-main\RealWaste\Glass\Glass_224.jpg,524,524,RGB,1.0,150.2,162.48553,52.52113,23.01606
Glass_225.jpg,Glass,D:\Recovered Documents\Moringa\Module 5\Summative2\realwaste\realwaste-main\RealWaste\Glass\Glass_225.jpg,524,524,RGB,1.0,101.5,157.8682,28.150448,51.05816
Glass_226.jpg,Glass,D:\Recovered Documents\Moringa\Module 5\Summative2\realwaste\realwaste-main\RealWaste\Glass\Glass_226.jpg,524,524,RGB,1.0,104.0,160.00607,23.398026,48.207466
Glass_227.jpg,Glass,D:\Recovered Documents\Moringa\Module 5\Summative2\realwaste\realwaste-main\RealWaste\Glass\Glass_227.jpg,524,524,RGB,1.0,101.1,158.52821,29.98014,41.902344
Glass_228.jpg,Glass,D:\Recovered Documents\Moringa\Module 5\Summative2\realwaste\realwaste-main\RealWaste\Glass\Glass_228.jpg,524,524,RGB,1.0,103.0,158.19936,24.533852,30.618923
Glass_229.jpg,Glass,D:\Recovered Documents\Moringa\Module 5\Summative2\realwaste\realwaste-main\RealWaste\Glass\Glass_229.jpg,524,524,RGB,1.0,111.2,162.9961,19.455608,16.27257
Glass_23.jpg,Glass,D:\Recovered Documents\Moringa\Module 5\Summative2\realwaste\realwaste-main\RealWaste\Glass\Glass_23.jpg,524,524,RGB,1.0,193.8,152.49406,32.35117,61.703995
Glass_230.jpg,Glass,D:\Recovered Documents\Moringa\Module 5\Summative2\realwaste\realwaste-main\RealWaste\Glass\Glass_230.jpg,524,524,RGB,1.0,103.6,161.34866,19.016493,35.443577
Glass_231.jpg,Glass,D:\Recovered Documents\Moringa\Module 5\Summative2\realwaste\realwaste-main\RealWaste\Glass\Glass_231.jpg,524,524,RGB,1.0,111.4,161.86053,19.977278,18.705296
Glass_232.jpg,Glass,D:\Recovered Documents\Moringa\Module 5\Summative2\realwaste\realwaste-main\RealWaste\Glass\Glass_232.jpg,524,524,RGB,1.0,106.7,162.76663,20.163519,35.15842
Glass_233.jpg,Glass,D:\Recovered Documents\Moringa\Module 5\Summative2\realwaste\realwaste-main\RealWaste\Glass\Glass_233.jpg,524,524,RGB,1.0,103.6,156.3371,29.683434,46.647137
Glass_234.jpg,Glass,D:\Recovered Documents\Moringa\Module 5\Summative2\realwaste\realwaste-main\RealWaste\Glass\Glass_234.jpg,524,524,RGB,1.0,85.7,155.9385,29.087648,58.73134
Glass_235.jpg,Glass,D:\Recovered Documents\Moringa\Module 5\Summative2\realwaste\realwaste-main\RealWaste\Glass\Glass_235.jpg,524,524,RGB,1.0,146.1,169.7267,32.062294,13.570746
Glass_236.jpg,Glass,D:\Recovered Documents\Moringa\Module 5\Summative2\realwaste\realwaste-main\RealWaste\Glass\Glass_236.jpg,524,524,RGB,1.0,83.6,163.48337,25.260706,51.341145
Glass_237.jpg,Glass,D:\Recovered Documents\Moringa\Module 5\Summative2\realwaste\realwaste-main\RealWaste\Glass\Glass_237.jpg,524,524,RGB,1.0,89.6,165.38556,34.125767,41.84288
Glass_238.jpg,Glass,D:\Recovered Documents\Moringa\Module 5\Summative2\realwaste\realwaste-main\RealWaste\Glass\Glass_238.jpg,524,524,RGB,1.0,106.0,165.45486,34.361282,44.43533
Glass_239.jpg,Glass,D:\Recovered Documents\Moringa\Module 5\Summative2\realwaste\realwaste-main\RealWaste\Glass\Glass_239.jpg,524,524,RGB,1.0,92.9,163.58507,33.80172,46.111546
Glass_24.jpg,Glass,D:\Recovered Documents\Moringa\Module 5\Summative2\realwaste\realwaste-main\RealWaste\Glass\Glass_24.jpg,524,524,RGB,1.0,213.2,167.68866,18.31429,13.582899
Glass_240.jpg,Glass,D:\Recovered Documents\Moringa\Module 5\Summative2\realwaste\realwaste-main\RealWaste\Glass\Glass_240.jpg,524,524,RGB,1.0,99.3,164.03864,29.664011,45.9592
Glass_241.jpg,Glass,D:\Recovered Documents\Moringa\Module 5\Summative2\realwaste\realwaste-main\RealWaste\Glass\Glass_241.jpg,524,524,RGB,1.0,94.0,161.19965,31.11431,55.134113
Glass_242.jpg,Glass,D:\Recovered Documents\Moringa\Module 5\Summative2\realwaste\realwaste-main\RealWaste\Glass\Glass_242.jpg,524,524,RGB,1.0,105.0,162.16087,30.612389,47.26953
Glass_243.jpg,Glass,D:\Recovered Documents\Moringa\Module 5\Summative2\realwaste\realwaste-main\RealWaste\Glass\Glass_243.jpg,524,524,RGB,1.0,103.7,161.69734,30.286177,49.40495
Glass_244.jpg,Glass,D:\Recovered Documents\Moringa\Module 5\Summative2\realwaste\realwaste-main\RealWaste\Glass\Glass_244.jpg,524,524,RGB,1.0,106.9,160.8258,28.988604,45.98394
Glass_245.jpg,Glass,D:\Recovered Documents\Moringa\Module 5\Summative2\realwaste\realwaste-main\RealWaste\Glass\Glass_245.jpg,524,524,RGB,1.0,101.2,160.5327,29.088772,50.770832
Glass_246.jpg,Glass,D:\Recovered Documents\Moringa\Module 5\Summative2\realwaste\realwaste-main\RealWaste\Glass\Glass_246.jpg,524,524,RGB,1.0,183.4,159.16103,26.666027,19.42014
Glass_247.jpg,Glass,D:\Recovered Documents\Moringa\Module 5\Summative2\realwaste\realwaste-main\RealWaste\Glass\Glass_247.jpg,524,524,RGB,1.0,103.6,161.98625,32.494865,49.11198
Glass_248.jpg,Glass,D:\Recovered Documents\Moringa\Module 5\Summative2\realwaste\realwaste-main\RealWaste\Glass\Glass_248.jpg,524,524,RGB,1.0,96.9,161.03935,23.566025,40.415363
Glass_249.jpg,Glass,D:\Recovered Documents\Moringa\Module 5\Summative2\realwaste\realwaste-main\RealWaste\Glass\Glass_249.jpg,524,524,RGB,1.0,74.0,160.78284,33.33803,58.515625
Glass_25.jpg,Glass,D:\Recovered Documents\Moringa\Module 5\Summative2\realwaste\realwaste-main\RealWaste\Glass\Glass_25.jpg,524,524,RGB,1.0,197.3,154.59361,31.608412,56.280815
Glass_250.jpg,Glass,D:\Recovered Documents\Moringa\Module 5\Summative2\realwaste\realwaste-main\RealWaste\Glass\Glass_250.jpg,524,524,RGB,1.0,81.6,158.70299,30.497726,63.14974
Glass_251.jpg,Glass,D:\Recovered Documents\Moringa\Module 5\Summative2\realwaste\realwaste-main\RealWaste\Glass\Glass_251.jpg,524,524,RGB,1.0,80.5,158.07248,34.24223,59.959637
Glass_252.jpg,Glass,D:\Recovered Documents\Moringa\Module 5\Summative2\realwaste\realwaste-main\RealWaste\Glass\Glass_252.jpg,524,524,RGB,1.0,78.9,157.3073,28.770863,68.09158
Glass_253.jpg,Glass,D:\Recovered Documents\Moringa\Module 5\Summative2\realwaste\realwaste-main\RealWaste\Glass\Glass_253.jpg,524,524,RGB,1.0,68.1,152.86893,30.426865,61.210503
Glass_254.jpg,Glass,D:\Recovered Documents\Moringa\Module 5\Summative2\realwaste\realwaste-main\RealWaste\Glass\Glass_254.jpg,524,524,RGB,1.0,66.3,161.35663,31.967897,59.2487
Glass_255.jpg,Glass,D:\Recovered Documents\Moringa\Module 5\Summative2\realwaste\realwaste-main\RealWaste\Glass\Glass_255.jpg,524,524,RGB,1.0,66.8,145.29817,43.831245,83.32162
Glass_256.jpg,Glass,D:\Recovered Documents\Moringa\Module 5\Summative2\realwaste\realwaste-main\RealWaste\Glass\Glass_256.jpg,524,524,RGB,1.0,77.3,162.24739,35.695473,53.51259
Glass_257.jpg,Glass,D:\Recovered Documents\Moringa\Module 5\Summative2\realwaste\realwaste-main\RealWaste\Glass\Glass_257.jpg,524,524,RGB,1.0,176.5,164.92116,44.044727,22.229166
Glass_258.jpg,Glass,D:\Recovered Documents\Moringa\Module 5\Summative2\realwaste\realwaste-main\RealWaste\Glass\Glass_258.jpg,524,524,RGB,1.0,100.7,162.37933,22.80595,38.430122
Glass_259.jpg,Glass,D:\Recovered Documents\Moringa\Module 5\Summative2\realwaste\realwaste-main\RealWaste\Glass\Glass_259.jpg,524,524,RGB,1.0,100.2,159.83406,26.936811,38.616318
Glass_26.jpg,Glass,D:\Recovered Documents\Moringa\Module 5\Summative2\realwaste\realwaste-main\RealWaste\Glass\Glass_26.jpg,524,524,RGB,1.0,200.6,154.18924,30.382778,44.77908
Glass_260.jpg,Glass,D:\Recovered Documents\Moringa\Module 5\Summative2\realwaste\realwaste-main\RealWaste\Glass\Glass_260.jpg,524,524,RGB,1.0,104.5,161.98582,22.925222,32.530815
Glass_261.jpg,Glass,D:\Recovered Documents\Moringa\Module 5\Summative2\realwaste\realwaste-main\RealWaste\Glass\Glass_261.jpg,524,524,RGB,1.0,97.1,159.33652,24.290283,48.587673
Glass_262.jpg,Glass,D:\Recovered Documents\Moringa\Module 5\Summative2\realwaste\realwaste-main\RealWaste\Glass\Glass_262.jpg,524,524,RGB,1.0,99.7,161.85373,25.31905,29.512154
Glass_263.jpg,Glass,D:\Recovered Documents\Moringa\Module 5\Summative2\realwaste\realwaste-main\RealWaste\Glass\Glass_263.jpg,524,524,RGB,1.0,97.4,162.545,22.152617,37.671875
Glass_264.jpg,Glass,D:\Recovered Documents\Moringa\Module 5\Summative2\realwaste\realwaste-main\RealWaste\Glass\Glass_264.jpg,524,524,RGB,1.0,107.4,157.34317,30.314846,45.45269
Glass_265.jpg,Glass,D:\Recovered Documents\Moringa\Module 5\Summative2\realwaste\realwaste-main\RealWaste\Glass\Glass_265.jpg,524,524,RGB,1.0,80.8,162.28645,29.781137,57.407986
Glass_266.jpg,Glass,D:\Recovered Documents\Moringa\Module 5\Summative2\realwaste\realwaste-main\RealWaste\Glass\Glass_266.jpg,524,524,RGB,1.0,107.6,157.72295,29.339657,45.339844
Glass_267.jpg,Glass,D:\Recovered Documents\Moringa\Module 5\Summative2\realwaste\realwaste-main\RealWaste\Glass\Glass_267.jpg,524,524,RGB,1.0,81.2,159.25232,28.563698,58.519096
Glass_268.jpg,Glass,D:\Recovered Documents\Moringa\Module 5\Summative2\realwaste\realwaste-main\RealWaste\Glass\Glass_268.jpg,524,524,RGB,1.0,180.3,168.46687,36.04361,19.69835
Glass_269.jpg,Glass,D:\Recovered Documents\Moringa\Module 5\Summative2\realwaste\realwaste-main\RealWaste\Glass\Glass_269.jpg,524,524,RGB,1.0,66.2,159.56973,22.346605,56.32335
Glass_27.jpg,Glass,D:\Recovered Documents\Moringa\Module 5\Summative2\realwaste\realwaste-main\RealWaste\Glass\Glass_27.jpg,524,524,RGB,1.0,144.0,156.72194,38.532505,26.769096
Glass_270.jpg,Glass,D:\Recovered Documents\Moringa\Module 5\Summative2\realwaste\realwaste-main\RealWaste\Glass\Glass_270.jpg,524,524,RGB,1.0,97.7,158.76808,25.058176,43.217014
Glass_271.jpg,Glass,D:\Recovered Documents\Moringa\Module 5\Summative2\realwaste\realwaste-main\RealWaste\Glass\Glass_271.jpg,524,524,RGB,1.0,80.5,160.91725,26.593414,55.610676
Glass_272.jpg,Glass,D:\Recovered Documents\Moringa\Module 5\Summative2\realwaste\realwaste-main\RealWaste\Glass\Glass_272.jpg,524,524,RGB,1.0,99.8,159.8698,28.617727,50.303387
Glass_273.jpg,Glass,D:\Recovered Documents\Moringa\Module 5\Summative2\realwaste\realwaste-main\RealWaste\Glass\Glass_273.jpg,524,524,RGB,1.0,98.1,161.29861,26.712748,52.36198
Glass_274.jpg,Glass,D:\Recovered Documents\Moringa\Module 5\Summative2\realwaste\realwaste-main\RealWaste\Glass\Glass_274.jpg,524,524,RGB,1.0,97.1,159.37471,24.437702,52.627605
Glass_275.jpg,Glass,D:\Recovered Documents\Moringa\Module 5\Summative2\realwaste\realwaste-main\RealWaste\Glass\Glass_275.jpg,524,524,RGB,1.0,94.7,159.54774,29.381516,51.613716
Glass_276.jpg,Glass,D:\Recovered Documents\Moringa\Module 5\Summative2\realwaste\realwaste-main\RealWaste\Glass\Glass_276.jpg,524,524,RGB,1.0,81.6,156.95602,27.106659,64.50998
Glass_277.jpg,Glass,D:\Recovered Documents\Moringa\Module 5\Summative2\realwaste\realwaste-main\RealWaste\Glass\Glass_277.jpg,524,524,RGB,1.0,104.7,151.17201,27.408161,51.240017
Glass_278.jpg,Glass,D:\Recovered Documents\Moringa\Module 5\Summative2\realwaste\realwaste-main\RealWaste\Glass\Glass_278.jpg,524,524,RGB,1.0,103.0,154.61241,33.929028,50.986546
Glass_279.jpg,Glass,D:\Recovered Documents\Moringa\Module 5\Summative2\realwaste\realwaste-main\RealWaste\Glass\Glass_279.jpg,524,524,RGB,1.0,170.2,168.62514,22.180048,9.590712
Glass_28.jpg,Glass,D:\Recovered Documents\Moringa\Module 5\Summative2\realwaste\realwaste-main\RealWaste\Glass\Glass_28.jpg,524,524,RGB,1.0,153.9,160.01808,39.14305,33.73915
Glass_280.jpg,Glass,D:\Recovered Documents\Moringa\Module 5\Summative2\realwaste\realwaste-main\RealWaste\Glass\Glass_280.jpg,524,524,RGB,1.0,100.7,154.89482,23.788906,57.41927
Glass_281.jpg,Glass,D:\Recovered Documents\Moringa\Module 5\Summative2\realwaste\realwaste-main\RealWaste\Glass\Glass_281.jpg,524,524,RGB,1.0,101.4,157.51288,21.926449,46.8329
Glass_282.jpg,Glass,D:\Recovered Documents\Moringa\Module 5\Summative2\realwaste\realwaste-main\RealWaste\Glass\Glass_282.jpg,524,524,RGB,1.0,108.7,160.068,22.221619,43.791668
Glass_283.jpg,Glass,D:\Recovered Documents\Moringa\Module 5\Summative2\realwaste\realwaste-main\RealWaste\Glass\Glass_283.jpg,524,524,RGB,1.0,80.0,158.73611,24.859491,57.536026
Glass_284.jpg,Glass,D:\Recovered Documents\Moringa\Module 5\Summative2\realwaste\realwaste-main\RealWaste\Glass\Glass_284.jpg,524,524,RGB,1.0,105.3,160.58826,23.91288,48.29384
Glass_285.jpg,Glass,D:\Recovered Documents\Moringa\Module 5\Summative2\realwaste\realwaste-main\RealWaste\Glass\Glass_285.jpg,524,524,RGB,1.0,100.8,162.59882,26.190306,48.375
Glass_286.jpg,Glass,D:\Recovered Documents\Moringa\Module 5\Summative2\realwaste\realwaste-main\RealWaste\Glass\Glass_286.jpg,524,524,RGB,1.0,104.1,155.54427,27.383482,53.983074
Glass_287.jpg,Glass,D:\Recovered Documents\Moringa\Module 5\Summative2\realwaste\realwaste-main\RealWaste\Glass\Glass_287.jpg,524,524,RGB,1.0,82.7,159.92564,27.375734,55.352863
Glass_288.jpg,Glass,D:\Recovered Documents\Moringa\Module 5\Summative2\realwaste\realwaste-main\RealWaste\Glass\Glass_288.jpg,524,524,RGB,1.0,74.3,154.05324,37.483906,61.75347
Glass_289.jpg,Glass,D:\Recovered Documents\Moringa\Module 5\Summative2\realwaste\realwaste-main\RealWaste\Glass\Glass_289.jpg,524,524,RGB,1.0,74.1,160.0392,25.702065,44.139755
Glass_29.jpg,Glass,D:\Recovered Documents\Moringa\Module 5\Summative2\realwaste\realwaste-main\RealWaste\Glass\Glass_29.jpg,524,524,RGB,1.0,158.3,155.09636,34.94213,29.605034
Glass_290.jpg,Glass,D:\Recovered Documents\Moringa\Module 5\Summative2\realwaste\realwaste-main\RealWaste\Glass\Glass_290.jpg,524,524,RGB,1.0,169.5,164.84665,26.796553,13.665364
Glass_291.jpg,Glass,D:\Recovered Documents\Moringa\Module 5\Summative2\realwaste\realwaste-main\RealWaste\Glass\Glass_291.jpg,524,524,RGB,1.0,73.8,167.23915,24.734493,47.47092
Glass_292.jpg,Glass,D:\Recovered Documents\Moringa\Module 5\Summative2\realwaste\realwaste-main\RealWaste\Glass\Glass_292.jpg,524,524,RGB,1.0,78.2,162.28574,30.846228,60.786457
Glass_293.jpg,Glass,D:\Recovered Documents\Moringa\Module 5\Summative2\realwaste\realwaste-main\RealWaste\Glass\Glass_293.jpg,524,524,RGB,1.0,95.0,162.21094,20.739538,30.366753
Glass_294.jpg,Glass,D:\Recovered Documents\Moringa\Module 5\Summative2\realwaste\realwaste-main\RealWaste\Glass\Glass_294.jpg,524,524,RGB,1.0,96.7,162.06989,23.77956,34.943577
Glass_295.jpg,Glass,D:\Recovered Documents\Moringa\Module 5\Summative2\realwaste\realwaste-main\RealWaste\Glass\Glass_295.jpg,524,524,RGB,1.0,106.7,165.00246,19.1735,10.176649
Glass_296.jpg,Glass,D:\Recovered Documents\Moringa\Module 5\Summative2\realwaste\realwaste-main\RealWaste\Glass\Glass_296.jpg,524,524,RGB,1.0,99.7,165.27531,20.946627,32.161457
Glass_297.jpg,Glass,D:\Recovered Documents\Moringa\Module 5\Summative2\realwaste\realwaste-main\RealWaste\Glass\Glass_297.jpg,524,524,RGB,1.0,104.0,167.64815,27.268438,8.59375
Glass_298.jpg,Glass,D:\Recovered Documents\Moringa\Module 5\Summative2\realwaste\realwaste-main\RealWaste\Glass\Glass_298.jpg,524,524,RGB,1.0,106.9,164.45326,18.702831,7.5217013
Glass_299.jpg,Glass,D:\Recovered Documents\Moringa\Module 5\Summative2\realwaste\realwaste-main\RealWaste\Glass\Glass_299.jpg,524,524,RGB,1.0,105.3,165.52966,19.89196,10.542101
Glass_3.jpg,Glass,D:\Recovered Documents\Moringa\Module 5\Summative2\realwaste\realwaste-main\RealWaste\Glass\Glass_3.jpg,524,524,RGB,1.0,163.6,168.33348,23.860065,13.725695
Glass_30.jpg,Glass,D:\Recovered Documents\Moringa\Module 5\Summative2\realwaste\realwaste-main\RealWaste\Glass\Glass_30.jpg,524,524,RGB,1.0,99.1,160.55339,41.695686,37.1033
Glass_300.jpg,Glass,D:\Recovered Documents\Moringa\Module 5\Summative2\realwaste\realwaste-main\RealWaste\Glass\Glass_300.jpg,524,524,RGB,1.0,99.3,165.70949,20.024546,10.230469
Glass_301.jpg,Glass,D:\Recovered Documents\Moringa\Module 5\Summative2\realwaste\realwaste-main\RealWaste\Glass\Glass_301.jpg,524,524,RGB,1.0,91.5,170.33652,37.6608,16.388454
Glass_302.jpg,Glass,D:\Recovered Documents\Moringa\Module 5\Summative2\realwaste\realwaste-main\RealWaste\Glass\Glass_302.jpg,524,524,RGB,1.0,102.7,166.21007,18.45187,10.121528
Glass_303.jpg,Glass,D:\Recovered Documents\Moringa\Module 5\Summative2\realwaste\realwaste-main\RealWaste\Glass\Glass_303.jpg,524,524,RGB,1.0,103.0,167.22685,19.624508,11.400608
Glass_304.jpg,Glass,D:\Recovered Documents\Moringa\Module 5\Summative2\realwaste\realwaste-main\RealWaste\Glass\Glass_304.jpg,524,524,RGB,1.0,98.3,165.67274,18.667704,13.634114
Glass_305.jpg,Glass,D:\Recovered Documents\Moringa\Module 5\Summative2\realwaste\realwaste-main\RealWaste\Glass\Glass_305.jpg,524,524,RGB,1.0,100.1,168.49783,20.564001,18.525608
Glass_306.jpg,Glass,D:\Recovered Documents\Moringa\Module 5\Summative2\realwaste\realwaste-main\RealWaste\Glass\Glass_306.jpg,524,524,RGB,1.0,99.8,165.96976,19.173899,20.440104
Glass_307.jpg,Glass,D:\Recovered Documents\Moringa\Module 5\Summative2\realwaste\realwaste-main\RealWaste\Glass\Glass_307.jpg,524,524,RGB,1.0,104.6,163.73004,23.758648,27.310764
Glass_308.jpg,Glass,D:\Recovered Documents\Moringa\Module 5\Summative2\realwaste\realwaste-main\RealWaste\Glass\Glass_308.jpg,524,524,RGB,1.0,99.3,162.82103,25.740227,32.88672
Glass_309.jpg,Glass,D:\Recovered Documents\Moringa\Module 5\Summative2\realwaste\realwaste-main\RealWaste\Glass\Glass_309.jpg,524,524,RGB,1.0,106.9,168.52502,24.248682,24.631077
Glass_31.jpg,Glass,D:\Recovered Documents\Moringa\Module 5\Summative2\realwaste\realwaste-main\RealWaste\Glass\Glass_31.jpg,524,524,RGB,1.0,153.1,147.86993,41.43039,33.240017
Glass_310.jpg,Glass,D:\Recovered Documents\Moringa\Module 5\Summative2\realwaste\realwaste-main\RealWaste\Glass\Glass_310.jpg,524,524,RGB,1.0,95.7,160.72469,25.52479,45.64019
Glass_311.jpg,Glass,D:\Recovered Documents\Moringa\Module 5\Summative2\realwaste\realwaste-main\RealWaste\Glass\Glass_311.jpg,524,524,RGB,1.0,95.0,163.56453,23.937283,38.460068
Glass_312.jpg,Glass,D:\Recovered Documents\Moringa\Module 5\Summative2\realwaste\realwaste-main\RealWaste\Glass\Glass_312.jpg,524,524,RGB,1.0,182.7,167.15886,24.16087,10.595921
Glass_313.jpg,Glass,D:\Recovered Documents\Moringa\Module 5\Summative2\realwaste\realwaste-main\RealWaste\Glass\Glass_313.jpg,524,524,RGB,1.0,95.7,162.6998,18.12021,24.511719
Glass_314.jpg,Glass,D:\Recovered Documents\Moringa\Module 5\Summative2\realwaste\realwaste-main\RealWaste\Glass\Glass_314.jpg,524,524,RGB,1.0,101.7,164.44994,22.15504,24.96875
Glass_315.jpg,Glass,D:\Recovered Documents\Moringa\Module 5\Summative2\realwaste\realwaste-main\RealWaste\Glass\Glass_315.jpg,524,524,RGB,1.0,103.0,164.66203,23.849161,22.934896
Glass_316.jpg,Glass,D:\Recovered Documents\Moringa\Module 5\Summative2\realwaste\realwaste-main\RealWaste\Glass\Glass_316.jpg,524,524,RGB,1.0,107.4,164.5217,23.997025,30.195312
Glass_317.jpg,Glass,D:\Recovered Documents\Moringa\Module 5\Summative2\realwaste\realwaste-main\RealWaste\Glass\Glass_317.jpg,524,524,RGB,1.0,96.3,164.41016,18.00156,25.962673
Glass_318.jpg,Glass,D:\Recovered Documents\Moringa\Module 5\Summative2\realwaste\realwaste-main\RealWaste\Glass\Glass_318.jpg,524,524,RGB,1.0,99.6,165.72453,29.859766,24.986979
Glass_319.jpg,Glass,D:\Recovered Documents\Moringa\Module 5\Summative2\realwaste\realwaste-main\RealWaste\Glass\Glass_319.jpg,524,524,RGB,1.0,97.8,166.04036,18.79744,20.879774
Glass_32.jpg,Glass,D:\Recovered Documents\Moringa\Module 5\Summative2\realwaste\realwaste-main\RealWaste\Glass\Glass_32.jpg,524,524,RGB,1.0,159.8,154.63165,40.867287,33.898438
Glass_320.jpg,Glass,D:\Recovered Documents\Moringa\Module 5\Summative2\realwaste\realwaste-main\RealWaste\Glass\Glass_320.jpg,524,524,RGB,1.0,101.4,164.01576,16.664347,21.383247
Glass_321.jpg,Glass,D:\Recovered Documents\Moringa\Module 5\Summative2\realwaste\realwaste-main\RealWaste\Glass\Glass_321.jpg,524,524,RGB,1.0,100.7,165.8413,18.929323,12.104601
Glass_322.jpg,Glass,D:\Recovered Documents\Moringa\Module 5\Summative2\realwaste\realwaste-main\RealWaste\Glass\Glass_322.jpg,524,524,RGB,1.0,103.0,168.12933,22.809168,22.967014
Glass_323.jpg,Glass,D:\Recovered Documents\Moringa\Module 5\Summative2\realwaste\realwaste-main\RealWaste\Glass\Glass_323.jpg,524,524,RGB,1.0,172.7,165.80585,25.504831,12.370226
Glass_324.jpg,Glass,D:\Recovered Documents\Moringa\Module 5\Summative2\realwaste\realwaste-main\RealWaste\Glass\Glass_324.jpg,524,524,RGB,1.0,94.1,162.5379,21.095057,30.894096
Glass_325.jpg,Glass,D:\Recovered Documents\Moringa\Module 5\Summative2\realwaste\realwaste-main\RealWaste\Glass\Glass_325.jpg,524,524,RGB,1.0,107.7,161.56178,18.66782,20.003906
Glass_326.jpg,Glass,D:\Recovered Documents\Moringa\Module 5\Summative2\realwaste\realwaste-main\RealWaste\Glass\Glass_326.jpg,524,524,RGB,1.0,103.5,164.47005,18.384657,17.861979
Glass_327.jpg,Glass,D:\Recovered Documents\Moringa\Module 5\Summative2\realwaste\realwaste-main\RealWaste\Glass\Glass_327.jpg,524,524,RGB,1.0,110.9,162.59895,32.345806,36.70703
Glass_328.jpg,Glass,D:\Recovered Documents\Moringa\Module 5\Summative2\realwaste\realwaste-main\RealWaste\Glass\Glass_328.jpg,524,524,RGB,1.0,101.9,162.86227,22.77054,25.291233
Glass_329.jpg,Glass,D:\Recovered Documents\Moringa\Module 5\Summative2\realwaste\realwaste-main\RealWaste\Glass\Glass_329.jpg,524,524,RGB,1.0,105.1,162.94705,20.39027,24.509983
Glass_33.jpg,Glass,D:\Recovered Documents\Moringa\Module 5\Summative2\realwaste\realwaste-main\RealWaste\Glass\Glass_33.jpg,524,524,RGB,1.0,92.9,164.58261,43.664093,33.208332
Glass_330.jpg,Glass,D:\Recovered Documents\Moringa\Module 5\Summative2\realwaste\realwaste-main\RealWaste\Glass\Glass_330.jpg,524,524,RGB,1.0,103.9,162.32234,24.060673,28.99349
Glass_331.jpg,Glass,D:\Recovered Documents\Moringa\Module 5\Summative2\realwaste\realwaste-main\RealWaste\Glass\Glass_331.jpg,524,524,RGB,1.0,92.0,168.83449,22.301765,25.407118
Glass_332.jpg,Glass,D:\Recovered Documents\Moringa\Module 5\Summative2\realwaste\realwaste-main\RealWaste\Glass\Glass_332.jpg,524,524,RGB,1.0,103.5,165.78111,23.301199,24.872396
Glass_333.jpg,Glass,D:\Recovered Documents\Moringa\Module 5\Summative2\realwaste\realwaste-main\RealWaste\Glass\Glass_333.jpg,524,524,RGB,1.0,97.2,160.90611,22.50443,38.25434
Glass_334.jpg,Glass,D:\Recovered Documents\Moringa\Module 5\Summative2\realwaste\realwaste-main\RealWaste\Glass\Glass_334.jpg,524,524,RGB,1.0,178.3,162.37428,42.6882,22.237846
Glass_335.jpg,Glass,D:\Recovered Documents\Moringa\Module 5\Summative2\realwaste\realwaste-main\RealWaste\Glass\Glass_335.jpg,524,524,RGB,1.0,84.3,170.01462,31.501915,10.009983
Glass_336.jpg,Glass,D:\Recovered Documents\Moringa\Module 5\Summative2\realwaste\realwaste-main\RealWaste\Glass\Glass_336.jpg,524,524,RGB,1.0,95.5,159.14323,24.205042,42.407986
Glass_337.jpg,Glass,D:\Recovered Documents\Moringa\Module 5\Summative2\realwaste\realwaste-main\RealWaste\Glass\Glass_337.jpg,524,524,RGB,1.0,94.5,163.58897,23.317888,37.15972
Glass_338.jpg,Glass,D:\Recovered Documents\Moringa\Module 5\Summative2\realwaste\realwaste-main\RealWaste\Glass\Glass_338.jpg,524,524,RGB,1.0,94.8,164.96614,28.397333,37.20269
Glass_339.jpg,Glass,D:\Recovered Documents\Moringa\Module 5\Summative2\realwaste\realwaste-main\RealWaste\Glass\Glass_339.jpg,524,524,RGB,1.0,92.7,159.6279,36.692207,48.82639
Glass_34.jpg,Glass,D:\Recovered Documents\Moringa\Module 5\Summative2\realwaste\realwaste-main\RealWaste\Glass\Glass_34.jpg,524,524,RGB,1.0,145.8,154.73438,33.71716,61.75434
Glass_340.jpg,Glass,D:\Recovered Documents\Moringa\Module 5\Summative2\realwaste\realwaste-main\RealWaste\Glass\Glass_340.jpg,524,524,RGB,1.0,59.8,165.16565,30.857574,44.451824
Glass_341.jpg,Glass,D:\Recovered Documents\Moringa\Module 5\Summative2\realwaste\realwaste-main\RealWaste\Glass\Glass_341.jpg,524,524,RGB,1.0,97.0,162.64598,26.263073,41.068577
Glass_342.jpg,Glass,D:\Recovered Documents\Moringa\Module 5\Summative2\realwaste\realwaste-main\RealWaste\Glass\Glass_342.jpg,524,524,RGB,1.0,104.4,163.4129,22.456741,33.697918
Glass_343.jpg,Glass,D:\Recovered Documents\Moringa\Module 5\Summative2\realwaste\realwaste-main\RealWaste\Glass\Glass_343.jpg,524,524,RGB,1.0,89.3,163.64511,28.77886,45.84505
Glass_344.jpg,Glass,D:\Recovered Documents\Moringa\Module 5\Summative2\realwaste\realwaste-main\RealWaste\Glass\Glass_344.jpg,524,524,RGB,1.0,94.3,164.75752,34.432236,42.490017
Glass_345.jpg,Glass,D:\Recovered Documents\Moringa\Module 5\Summative2\realwaste\realwaste-main\RealWaste\Glass\Glass_345.jpg,524,524,RGB,1.0,53.9,165.25,32.39326,48.004776
Glass_346.jpg,Glass,D:\Recovered Documents\Moringa\Module 5\Summative2\realwaste\realwaste-main\RealWaste\Glass\Glass_346.jpg,524,524,RGB,1.0,75.2,165.13353,29.554016,48.80599
Glass_347.jpg,Glass,D:\Recovered Documents\Moringa\Module 5\Summative2\realwaste\realwaste-main\RealWaste\Glass\Glass_347.jpg,524,524,RGB,1.0,98.3,164.40683,22.574036,39.05903
Glass_348.jpg,Glass,D:\Recovered Documents\Moringa\Module 5\Summative2\realwaste\realwaste-main\RealWaste\Glass\Glass_348.jpg,524,524,RGB,1.0,92.1,165.19936,28.381048,40.18403
Glass_349.jpg,Glass,D:\Recovered Documents\Moringa\Module 5\Summative2\realwaste\realwaste-main\RealWaste\Glass\Glass_349.jpg,524,524,RGB,1.0,84.4,155.86096,55.152042,51.16276
Glass_35.jpg,Glass,D:\Recovered Documents\Moringa\Module 5\Summative2\realwaste\realwaste-main\RealWaste\Glass\Glass_35.jpg,524,524,RGB,1.0,200.2,161.86632,17.958899,17.302084
Glass_350.jpg,Glass,D:\Recovered Documents\Moringa\Module 5\Summative2\realwaste\realwaste-main\RealWaste\Glass\Glass_350.jpg,524,524,RGB,1.0,93.6,160.7542,51.661102,48.039497
Glass_351.jpg,Glass,D:\Recovered Documents\Moringa\Module 5\Summative2\realwaste\realwaste-main\RealWaste\Glass\Glass_351.jpg,524,524,RGB,1.0,56.6,164.35199,52.366547,56.027344
Glass_352.jpg,Glass,D:\Recovered Documents\Moringa\Module 5\Summative2\realwaste\realwaste-main\RealWaste\Glass\Glass_352.jpg,524,524,RGB,1.0,92.2,165.23451,33.972725,32.148872
Glass_353.jpg,Glass,D:\Recovered Documents\Moringa\Module 5\Summative2\realwaste\realwaste-main\RealWaste\Glass\Glass_353.jpg,524,524,RGB,1.0,105.0,166.88933,25.51722,25.050781
Glass_354.jpg,Glass,D:\Recovered Documents\Moringa\Module 5\Summative2\realwaste\realwaste-main\RealWaste\Glass\Glass_354.jpg,524,524,RGB,1.0,89.6,158.82321,37.917343,38.780815
Glass_355.jpg,Glass,D:\Recovered Documents\Moringa\Module 5\Summative2\realwaste\realwaste-main\RealWaste\Glass\Glass_355.jpg,524,524,RGB,1.0,54.7,168.08029,30.907663,35.44705
Glass_356.jpg,Glass,D:\Recovered Documents\Moringa\Module 5\Summative2\realwaste\realwaste-main\RealWaste\Glass\Glass_356.jpg,524,524,RGB,1.0,96.5,163.77705,20.659643,28.054253
Glass_357.jpg,Glass,D:\Recovered Documents\Moringa\Module 5\Summative2\realwaste\realwaste-main\RealWaste\Glass\Glass_357.jpg,524,524,RGB,1.0,91.2,165.34578,26.286316,42.399307
Glass_358.jpg,Glass,D:\Recovered Documents\Moringa\Module 5\Summative2\realwaste\realwaste-main\RealWaste\Glass\Glass_358.jpg,524,524,RGB,1.0,100.9,163.20428,23.461483,33.10677
Glass_359.jpg,Glass,D:\Recovered Documents\Moringa\Module 5\Summative2\realwaste\realwaste-main\RealWaste\Glass\Glass_359.jpg,524,524,RGB,1.0,83.5,167.14134,36.9771,45.31163
Glass_36.jpg,Glass,D:\Recovered Documents\Moringa\Module 5\Summative2\realwaste\realwaste-main\RealWaste\Glass\Glass_36.jpg,524,524,RGB,1.0,151.2,158.59332,31.534653,61.132812
Glass_360.jpg,Glass,D:\Recovered Documents\Moringa\Module 5\Summative2\realwaste\realwaste-main\RealWaste\Glass\Glass_360.jpg,524,524,RGB,1.0,59.5,161.6493,31.821701,51.405815
Glass_361.jpg,Glass,D:\Recovered Documents\Moringa\Module 5\Summative2\realwaste\realwaste-main\RealWaste\Glass\Glass_361.jpg,524,524,RGB,1.0,89.1,167.74002,28.39794,43.741318
Glass_362.jpg,Glass,D:\Recovered Documents\Moringa\Module 5\Summative2\realwaste\realwaste-main\RealWaste\Glass\Glass_362.jpg,524,524,RGB,1.0,83.2,166.2338,33.102547,44.243057
Glass_363.jpg,Glass,D:\Recovered Documents\Moringa\Module 5\Summative2\realwaste\realwaste-main\RealWaste\Glass\Glass_363.jpg,524,524,RGB,1.0,57.4,160.16449,49.505688,68.34896
Glass_364.jpg,Glass,D:\Recovered Documents\Moringa\Module 5\Summative2\realwaste\realwaste-main\RealWaste\Glass\Glass_364.jpg,524,524,RGB,1.0,94.1,154.18533,46.965687,55.87934
Glass_365.jpg,Glass,D:\Recovered Documents\Moringa\Module 5\Summative2\realwaste\realwaste-main\RealWaste\Glass\Glass_365.jpg,524,524,RGB,1.0,65.4,161.48206,47.60927,54.789932
Glass_366.jpg,Glass,D:\Recovered Documents\Moringa\Module 5\Summative2\realwaste\realwaste-main\RealWaste\Glass\Glass_366.jpg,524,524,RGB,1.0,165.3,158.38672,21.946487,19.046007
Glass_367.jpg,Glass,D:\Recovered Documents\Moringa\Module 5\Summative2\realwaste\realwaste-main\RealWaste\Glass\Glass_367.jpg,524,524,RGB,1.0,67.3,157.3196,34.27795,44.366318
Glass_368.jpg,Glass,D:\Recovered Documents\Moringa\Module 5\Summative2\realwaste\realwaste-main\RealWaste\Glass\Glass_368.jpg,524,524,RGB,1.0,97.0,161.18373,44.757584,46.942276
Glass_369.jpg,Glass,D:\Recovered Documents\Moringa\Module 5\Summative2\realwaste\realwaste-main\RealWaste\Glass\Glass_369.jpg,524,524,RGB,1.0,81.8,165.11154,42.050137,48.080296
Glass_37.jpg,Glass,D:\Recovered Documents\Moringa\Module 5\Summative2\realwaste\realwaste-main\RealWaste\Glass\Glass_37.jpg,524,524,RGB,1.0,130.7,165.04645,32.177563,48.23264
Glass_370.jpg,Glass,D:\Recovered Documents\Moringa\Module 5\Summative2\realwaste\realwaste-main\RealWaste\Glass\Glass_370.jpg,524,524,RGB,1.0,156.2,163.64279,30.624529,20.174479
Glass_371.jpg,Glass,D:\Recovered Documents\Moringa\Module 5\Summative2\realwaste\realwaste-main\RealWaste\Glass\Glass_371.jpg,524,524,RGB,1.0,202.4,161.63094,29.272074,24.64757
Glass_372.jpg,Glass,D:\Recovered Documents\Moringa\Module 5\Summative2\realwaste\realwaste-main\RealWaste\Glass\Glass_372.jpg,524,524,RGB,1.0,192.7,163.83897,23.953472,19.375
Glass_373.jpg,Glass,D:\Recovered Documents\Moringa\Module 5\Summative2\realwaste\realwaste-main\RealWaste\Glass\Glass_373.jpg,524,524,RGB,1.0,145.4,157.00043,39.53779,35.765625
Glass_374.jpg,Glass,D:\Recovered Documents\Moringa\Module 5\Summative2\realwaste\realwaste-main\RealWaste\Glass\Glass_374.jpg,524,524,RGB,1.0,99.6,168.39786,38.12559,24.311197
Glass_375.jpg,Glass,D:\Recovered Documents\Moringa\Module 5\Summative2\realwaste\realwaste-main\RealWaste\Glass\Glass_375.jpg,524,524,RGB,1.0,84.3,164.34808,28.84367,43.033855
Glass_376.jpg,Glass,D:\Recovered Documents\Moringa\Module 5\Summative2\realwaste\realwaste-main\RealWaste\Glass\Glass_376.jpg,524,524,RGB,1.0,87.5,158.69647,45.38916,61.96528
Glass_377.jpg,Glass,D:\Recovered Documents\Moringa\Module 5\Summative2\realwaste\realwaste-main\RealWaste\Glass\Glass_377.jpg,524,524,RGB,1.0,158.5,157.66132,48.912918,28.82335
Glass_378.jpg,Glass,D:\Recovered Documents\Moringa\Module 5\Summative2\realwaste\realwaste-main\RealWaste\Glass\Glass_378.jpg,524,524,RGB,1.0,159.4,166.76895,48.06439,30.406685
Glass_379.jpg,Glass,D:\Recovered Documents\Moringa\Module 5\Summative2\realwaste\realwaste-main\RealWaste\Glass\Glass_379.jpg,524,524,RGB,1.0,166.1,165.08984,43.066696,21.355034
Glass_38.jpg,Glass,D:\Recovered Documents\Moringa\Module 5\Summative2\realwaste\realwaste-main\RealWaste\Glass\Glass_38.jpg,524,524,RGB,1.0,134.2,158.79587,33.637054,51.467014
Glass_380.jpg,Glass,D:\Recovered Documents\Moringa\Module 5\Summative2\realwaste\realwaste-main\RealWaste\Glass\Glass_380.jpg,524,524,RGB,1.0,148.9,160.4346,33.11798,27.722656
Glass_381.jpg,Glass,D:\Recovered Documents\Moringa\Module 5\Summative2\realwaste\realwaste-main\RealWaste\Glass\Glass_381.jpg,524,524,RGB,1.0,178.8,164.13542,30.155645,25.978298
Glass_382.jpg,Glass,D:\Recovered Documents\Moringa\Module 5\Summative2\realwaste\realwaste-main\RealWaste\Glass\Glass_382.jpg,524,524,RGB,1.0,87.7,172.32321,33.55105,18.94835
Glass_383.jpg,Glass,D:\Recovered Documents\Moringa\Module 5\Summative2\realwaste\realwaste-main\RealWaste\Glass\Glass_383.jpg,524,524,RGB,1.0,195.8,164.86429,37.86306,24.450954
Glass_384.jpg,Glass,D:\Recovered Documents\Moringa\Module 5\Summative2\realwaste\realwaste-main\RealWaste\Glass\Glass_384.jpg,524,524,RGB,1.0,157.0,173.85489,43.64553,20.217882
Glass_385.jpg,Glass,D:\Recovered Documents\Moringa\Module 5\Summative2\realwaste\realwaste-main\RealWaste\Glass\Glass_385.jpg,524,524,RGB,1.0,198.9,160.12572,36.26936,32.979168
Glass_386.jpg,Glass,D:\Recovered Documents\Moringa\Module 5\Summative2\realwaste\realwaste-main\RealWaste\Glass\Glass_386.jpg,524,524,RGB,1.0,164.6,162.69199,31.979715,18.29861
Glass_387.jpg,Glass,D:\Recovered Documents\Moringa\Module 5\Summative2\realwaste\realwaste-main\RealWaste\Glass\Glass_387.jpg,524,524,RGB,1.0,161.1,161.12297,35.78403,22.628471
Glass_388.jpg,Glass,D:\Recovered Documents\Moringa\Module 5\Summative2\realwaste\realwaste-main\RealWaste\Glass\Glass_388.jpg,524,524,RGB,1.0,146.7,168.76808,28.0552,18.429688
Glass_389.jpg,Glass,D:\Recovered Documents\Moringa\Module 5\Summative2\realwaste\realwaste-main\RealWaste\Glass\Glass_389.jpg,524,524,RGB,1.0,157.6,162.17259,49.04706,25.757378
Glass_39.jpg,Glass,D:\Recovered Documents\Moringa\Module 5\Summative2\realwaste\realwaste-main\RealWaste\Glass\Glass_39.jpg,524,524,RGB,1.0,190.8,158.17058,31.126928,66.656685
Glass_390.jpg,Glass,D:\Recovered Documents\Moringa\Module 5\Summative2\realwaste\realwaste-main\RealWaste\Glass\Glass_390.jpg,524,524,RGB,1.0,113.3,168.46194,30.331812,15.5703125
Glass_391.jpg,Glass,D:\Recovered Documents\Moringa\Module 5\Summative2\realwaste\realwaste-main\RealWaste\Glass\Glass_391.jpg,524,524,RGB,1.0,71.7,155.13904,40.07625,68.62283
Glass_392.jpg,Glass,D:\Recovered Documents\Moringa\Module 5\Summative2\realwaste\realwaste-main\RealWaste\Glass\Glass_392.jpg,524,524,RGB,1.0,162.8,160.48567,45.905193,28.259548
Glass_393.jpg,Glass,D:\Recovered Documents\Moringa\Module 5\Summative2\realwaste\realwaste-main\RealWaste\Glass\Glass_393.jpg,524,524,RGB,1.0,106.6,162.21397,40.329784,31.836805
Glass_394.jpg,Glass,D:\Recovered Documents\Moringa\Module 5\Summative2\realwaste\realwaste-main\RealWaste\Glass\Glass_394.jpg,524,524,RGB,1.0,165.8,166.73293,28.111393,30.518663
Glass_395.jpg,Glass,D:\Recovered Documents\Moringa\Module 5\Summative2\realwaste\realwaste-main\RealWaste\Glass\Glass_395.jpg,524,524,RGB,1.0,124.7,167.54803,28.125278,24.207031
Glass_396.jpg,Glass,D:\Recovered Documents\Moringa\Module 5\Summative2\realwaste\realwaste-main\RealWaste\Glass\Glass_396.jpg,524,524,RGB,1.0,200.5,158.7348,26.626007,39.92014
Glass_397.jpg,Glass,D:\Recovered Documents\Moringa\Module 5\Summative2\realwaste\realwaste-main\RealWaste\Glass\Glass_397.jpg,524,524,RGB,1.0,96.4,164.04543,33.648853,33.900173
Glass_398.jpg,Glass,D:\Recovered Documents\Moringa\Module 5\Summative2\realwaste\realwaste-main\RealWaste\Glass\Glass_398.jpg,524,524,RGB,1.0,123.3,161.26591,45.252922,36.59028
Glass_399.jpg,Glass,D:\Recovered Documents\Moringa\Module 5\Summative2\realwaste\realwaste-main\RealWaste\Glass\Glass_399.jpg,524,524,RGB,1.0,168.3,174.98944,18.03882,15.423611
Glass_4.jpg,Glass,D:\Recovered Documents\Moringa\Module 5\Summative2\realwaste\realwaste-main\RealWaste\Glass\Glass_4.jpg,524,524,RGB,1.0,147.8,167.82668,28.401861,20.95139
Glass_40.jpg,Glass,D:\Recovered Documents\Moringa\Module 5\Summative2\realwaste\realwaste-main\RealWaste\Glass\Glass_40.jpg,524,524,RGB,1.0,199.6,153.97395,29.65132,41.153645
Glass_400.jpg,Glass,D:\Recovered Documents\Moringa\Module 5\Summative2\realwaste\realwaste-main\RealWaste\Glass\Glass_400.jpg,524,524,RGB,1.0,108.6,166.87514,31.377779,14.963542
Glass_401.jpg,Glass,D:\Recovered Documents\Moringa\Module 5\Summative2\realwaste\realwaste-main\RealWaste\Glass\Glass_401.jpg,524,524,RGB,1.0,149.8,157.07639,51.443966,33.120224
Glass_402.jpg,Glass,D:\Recovered Documents\Moringa\Module 5\Summative2\realwaste\realwaste-main\RealWaste\Glass\Glass_402.jpg,524,524,RGB,1.0,133.6,160.3096,35.283127,44.65495
Glass_403.jpg,Glass,D:\Recovered Documents\Moringa\Module 5\Summative2\realwaste\realwaste-main\RealWaste\Glass\Glass_403.jpg,524,524,RGB,1.0,154.8,164.50607,43.629692,41.59245
Glass_404.jpg,Glass,D:\Recovered Documents\Moringa\Module 5\Summative2\realwaste\realwaste-main\RealWaste\Glass\Glass_404.jpg,524,524,RGB,1.0,163.3,173.68707,21.822119,13.611546
Glass_405.jpg,Glass,D:\Recovered Documents\Moringa\Module 5\Summative2\realwaste\realwaste-main\RealWaste\Glass\Glass_405.jpg,524,524,RGB,1.0,197.4,162.13397,23.45008,22.17014
Glass_406.jpg,Glass,D:\Recovered Documents\Moringa\Module 5\Summative2\realwaste\realwaste-main\RealWaste\Glass\Glass_406.jpg,524,524,RGB,1.0,111.8,173.21123,21.44747,11.302952
Glass_407.jpg,Glass,D:\Recovered Documents\Moringa\Module 5\Summative2\realwaste\realwaste-main\RealWaste\Glass\Glass_407.jpg,524,524,RGB,1.0,154.6,163.22049,39.580162,24.629341
Glass_408.jpg,Glass,D:\Recovered Documents\Moringa\Module 5\Summative2\realwaste\realwaste-main\RealWaste\Glass\Glass_408.jpg,524,524,RGB,1.0,150.0,164.3983,26.137138,12.853298
Glass_409.jpg,Glass,D:\Recovered Documents\Moringa\Module 5\Summative2\realwaste\realwaste-main\RealWaste\Glass\Glass_409.jpg,524,524,RGB,1.0,168.1,167.24681,26.126177,16.641493
Glass_41.jpg,Glass,D:\Recovered Documents\Moringa\Module 5\Summative2\realwaste\realwaste-main\RealWaste\Glass\Glass_41.jpg,524,524,RGB,1.0,194.4,152.70862,33.74646,36.11241
Glass_410.jpg,Glass,D:\Recovered Documents\Moringa\Module 5\Summative2\realwaste\realwaste-main\RealWaste\Glass\Glass_410.jpg,524,524,RGB,1.0,142.5,161.66783,24.98606,18.181423
Glass_411.jpg,Glass,D:\Recovered Documents\Moringa\Module 5\Summative2\realwaste\realwaste-main\RealWaste\Glass\Glass_411.jpg,524,524,RGB,1.0,68.5,159.04225,49.363453,57.804688
Glass_412.jpg,Glass,D:\Recovered Documents\Moringa\Module 5\Summative2\realwaste\realwaste-main\RealWaste\Glass\Glass_412.jpg,524,524,RGB,1.0,103.3,162.54268,42.66435,43.98741
Glass_413.jpg,Glass,D:\Recovered Documents\Moringa\Module 5\Summative2\realwaste\realwaste-main\RealWaste\Glass\Glass_413.jpg,524,524,RGB,1.0,72.8,162.86806,45.73037,23.517796
Glass_414.jpg,Glass,D:\Recovered Documents\Moringa\Module 5\Summative2\realwaste\realwaste-main\RealWaste\Glass\Glass_414.jpg,524,524,RGB,1.0,148.8,156.80743,51.452965,37.75955
Glass_415.jpg,Glass,D:\Recovered Documents\Moringa\Module 5\Summative2\realwaste\realwaste-main\RealWaste\Glass\Glass_415.jpg,524,524,RGB,1.0,111.0,167.54471,28.61214,39.62283
Glass_416.jpg,Glass,D:\Recovered Documents\Moringa\Module 5\Summative2\realwaste\realwaste-main\RealWaste\Glass\Glass_416.jpg,524,524,RGB,1.0,150.6,155.329,32.114212,33.09505
Glass_417.jpg,Glass,D:\Recovered Documents\Moringa\Module 5\Summative2\realwaste\realwaste-main\RealWaste\Glass\Glass_417.jpg,524,524,RGB,1.0,136.5,162.83435,33.13245,32.383247
Glass_418.jpg,Glass,D:\Recovered Documents\Moringa\Module 5\Summative2\realwaste\realwaste-main\RealWaste\Glass\Glass_418.jpg,524,524,RGB,1.0,93.9,160.74986,25.484417,37.124565
Glass_419.jpg,Glass,D:\Recovered Documents\Moringa\Module 5\Summative2\realwaste\realwaste-main\RealWaste\Glass\Glass_419.jpg,524,524,RGB,1.0,134.1,159.03226,39.494457,22.414062
Glass_42.jpg,Glass,D:\Recovered Documents\Moringa\Module 5\Summative2\realwaste\realwaste-main\RealWaste\Glass\Glass_42.jpg,524,524,RGB,1.0,189.7,161.17694,24.981993,41.55295
Glass_420.jpg,Glass,D:\Recovered Documents\Moringa\Module 5\Summative2\realwaste\realwaste-main\RealWaste\Glass\Glass_420.jpg,524,524,RGB,1.0,152.2,155.96556,36.525097,27.375
Glass_43.jpg,Glass,D:\Recovered Documents\Moringa\Module 5\Summative2\realwaste\realwaste-main\RealWaste\Glass\Glass_43.jpg,524,524,RGB,1.0,191.6,149.47223,34.282288,66.16406
Glass_44.jpg,Glass,D:\Recovered Documents\Moringa\Module 5\Summative2\realwaste\realwaste-main\RealWaste\Glass\Glass_44.jpg,524,524,RGB,1.0,180.8,145.51823,34.32663,52.187935
Glass_45.jpg,Glass,D:\Recovered Documents\Moringa\Module 5\Summative2\realwaste\realwaste-main\RealWaste\Glass\Glass_45.jpg,524,524,RGB,1.0,193.8,150.80382,34.37056,70.323784
Glass_46.jpg,Glass,D:\Recovered Documents\Moringa\Module 5\Summative2\realwaste\realwaste-main\RealWaste\Glass\Glass_46.jpg,524,524,RGB,1.0,107.4,169.18547,30.142189,16.476562
Glass_47.jpg,Glass,D:\Recovered Documents\Moringa\Module 5\Summative2\realwaste\realwaste-main\RealWaste\Glass\Glass_47.jpg,524,524,RGB,1.0,186.3,145.88962,34.63189,48.8737
Glass_48.jpg,Glass,D:\Recovered Documents\Moringa\Module 5\Summative2\realwaste\realwaste-main\RealWaste\Glass\Glass_48.jpg,524,524,RGB,1.0,69.5,158.41203,34.359516,45.515625
Glass_49.jpg,Glass,D:\Recovered Documents\Moringa\Module 5\Summative2\realwaste\realwaste-main\RealWaste\Glass\Glass_49.jpg,524,524,RGB,1.0,184.6,145.0573,32.91172,46.631077
Glass_5.jpg,Glass,D:\Recovered Documents\Moringa\Module 5\Summative2\realwaste\realwaste-main\RealWaste\Glass\Glass_5.jpg,524,524,RGB,1.0,198.2,167.26201,22.33566,16.574654
Glass_50.jpg,Glass,D:\Recovered Documents\Moringa\Module 5\Summative2\realwaste\realwaste-main\RealWaste\Glass\Glass_50.jpg,524,524,RGB,1.0,200.6,158.86777,27.358948,39.898003
Glass_51.jpg,Glass,D:\Recovered Documents\Moringa\Module 5\Summative2\realwaste\realwaste-main\RealWaste\Glass\Glass_51.jpg,524,524,RGB,1.0,194.9,160.88614,29.733696,25.5829
Glass_52.jpg,Glass,D:\Recovered Documents\Moringa\Module 5\Summative2\realwaste\realwaste-main\RealWaste\Glass\Glass_52.jpg,524,524,RGB,1.0,198.7,160.75694,28.881716,39.33116
Glass_53.jpg,Glass,D:\Recovered Documents\Moringa\Module 5\Summative2\realwaste\realwaste-main\RealWaste\Glass\Glass_53.jpg,524,524,RGB,1.0,197.0,159.69415,30.092184,30.184029
Glass_54.jpg,Glass,D:\Recovered Documents\Moringa\Module 5\Summative2\realwaste\realwaste-main\RealWaste\Glass\Glass_54.jpg,524,524,RGB,1.0,200.5,158.21817,28.04805,48.26953
Glass_55.jpg,Glass,D:\Recovered Documents\Moringa\Module 5\Summative2\realwaste\realwaste-main\RealWaste\Glass\Glass_55.jpg,524,524,RGB,1.0,197.9,159.16348,28.338259,42.569443
Glass_56.jpg,Glass,D:\Recovered Documents\Moringa\Module 5\Summative2\realwaste\realwaste-main\RealWaste\Glass\Glass_56.jpg,524,524,RGB,1.0,196.8,158.65364,29.459234,33.094185
Glass_57.jpg,Glass,D:\Recovered Documents\Moringa\Module 5\Summative2\realwaste\realwaste-main\RealWaste\Glass\Glass_57.jpg,524,524,RGB,1.0,163.1,166.64612,39.187836,21.863281
Glass_58.jpg,Glass,D:\Recovered Documents\Moringa\Module 5\Summative2\realwaste\realwaste-main\RealWaste\Glass\Glass_58.jpg,524,524,RGB,1.0,196.0,158.40755,28.61381,45.799046
Glass_59.jpg,Glass,D:\Recovered Documents\Moringa\Module 5\Summative2\realwaste\realwaste-main\RealWaste\Glass\Glass_59.jpg,524,524,RGB,1.0,196.7,157.91623,30.33709,43.128906
Glass_6.jpg,Glass,D:\Recovered Documents\Moringa\Module 5\Summative2\realwaste\realwaste-main\RealWaste\Glass\Glass_6.jpg,524,524,RGB,1.0,186.3,156.09361,42.924862,22.532986
Glass_60.jpg,Glass,D:\Recovered Documents\Moringa\Module 5\Summative2\realwaste\realwaste-main\RealWaste\Glass\Glass_60.jpg,524,524,RGB,1.0,197.2,159.78516,28.138567,40.009113
Glass_61.jpg,Glass,D:\Recovered Documents\Moringa\Module 5\Summative2\realwaste\realwaste-main\RealWaste\Glass\Glass_61.jpg,524,524,RGB,1.0,144.4,162.17332,29.766954,46.625
Glass_62.jpg,Glass,D:\Recovered Documents\Moringa\Module 5\Summative2\realwaste\realwaste-main\RealWaste\Glass\Glass_62.jpg,524,524,RGB,1.0,99.4,155.89062,31.532982,39.96224
Glass_63.jpg,Glass,D:\Recovered Documents\Moringa\Module 5\Summative2\realwaste\realwaste-main\RealWaste\Glass\Glass_63.jpg,524,524,RGB,1.0,208.4,159.24089,27.529655,42.598526
Glass_64.jpg,Glass,D:\Recovered Documents\Moringa\Module 5\Summative2\realwaste\realwaste-main\RealWaste\Glass\Glass_64.jpg,524,524,RGB,1.0,190.7,158.97308,29.640007,34.676216
Glass_65.jpg,Glass,D:\Recovered Documents\Moringa\Module 5\Summative2\realwaste\realwaste-main\RealWaste\Glass\Glass_65.jpg,524,524,RGB,1.0,61.2,162.42911,28.487238,46.514324
Glass_66.jpg,Glass,D:\Recovered Documents\Moringa\Module 5\Summative2\realwaste\realwaste-main\RealWaste\Glass\Glass_66.jpg,524,524,RGB,1.0,57.7,160.92911,31.90893,52.442707
Glass_67.jpg,Glass,D:\Recovered Documents\Moringa\Module 5\Summative2\realwaste\realwaste-main\RealWaste\Glass\Glass_67.jpg,524,524,RGB,1.0,75.0,159.56741,34.29923,49.845486
Glass_68.jpg,Glass,D:\Recovered Documents\Moringa\Module 5\Summative2\realwaste\realwaste-main\RealWaste\Glass\Glass_68.jpg,524,524,RGB,1.0,140.5,161.27185,30.926914,31.244791
Glass_69.jpg,Glass,D:\Recovered Documents\Moringa\Module 5\Summative2\realwaste\realwaste-main\RealWaste\Glass\Glass_69.jpg,524,524,RGB,1.0,96.9,162.8711,20.039848,34.046875
Glass_7.jpg,Glass,D:\Recovered Documents\Moringa\Module 5\Summative2\realwaste\realwaste-main\RealWaste\Glass\Glass_7.jpg,524,524,RGB,1.0,136.3,171.60619,37.793026,32.3138
Glass_70.jpg,Glass,D:\Recovered Documents\Moringa\Module 5\Summative2\realwaste\realwaste-main\RealWaste\Glass\Glass_70.jpg,524,524,RGB,1.0,65.8,159.96281,27.959644,54.520832
Glass_71.jpg,Glass,D:\Recovered Documents\Moringa\Module 5\Summative2\realwaste\realwaste-main\RealWaste\Glass\Glass_71.jpg,524,524,RGB,1.0,98.0,162.2908,19.760975,38.51519
Glass_72.jpg,Glass,D:\Recovered Documents\Moringa\Module 5\Summative2\realwaste\realwaste-main\RealWaste\Glass\Glass_72.jpg,524,524,RGB,1.0,96.2,160.31047,24.327898,46.091145
Glass_73.jpg,Glass,D:\Recovered Documents\Moringa\Module 5\Summative2\realwaste\realwaste-main\RealWaste\Glass\Glass_73.jpg,524,524,RGB,1.0,103.5,156.23987,24.77496,40.345486
Glass_74.jpg,Glass,D:\Recovered Documents\Moringa\Module 5\Summative2\realwaste\realwaste-main\RealWaste\Glass\Glass_74.jpg,524,524,RGB,1.0,97.2,159.81728,27.82279,65.417534
Glass_75.jpg,Glass,D:\Recovered Documents\Moringa\Module 5\Summative2\realwaste\realwaste-main\RealWaste\Glass\Glass_75.jpg,524,524,RGB,1.0,74.2,159.47092,36.412643,67.51606
Glass_76.jpg,Glass,D:\Recovered Documents\Moringa\Module 5\Summative2\realwaste\realwaste-main\RealWaste\Glass\Glass_76.jpg,524,524,RGB,1.0,56.3,154.58232,35.74019,74.687935
Glass_77.jpg,Glass,D:\Recovered Documents\Moringa\Module 5\Summative2\realwaste\realwaste-main\RealWaste\Glass\Glass_77.jpg,524,524,RGB,1.0,97.2,160.36342,26.854479,60.72005
Glass_78.jpg,Glass,D:\Recovered Documents\Moringa\Module 5\Summative2\realwaste\realwaste-main\RealWaste\Glass\Glass_78.jpg,524,524,RGB,1.0,55.1,155.91681,37.500954,80.82422
Glass_79.jpg,Glass,D:\Recovered Documents\Moringa\Module 5\Summative2\realwaste\realwaste-main\RealWaste\Glass\Glass_79.jpg,524,524,RGB,1.0,182.7,164.21397,50.628872,27.46224
Glass_8.jpg,Glass,D:\Recovered Documents\Moringa\Module 5\Summative2\realwaste\realwaste-main\RealWaste\Glass\Glass_8.jpg,524,524,RGB,1.0,119.8,161.68793,51.80054,41.890625
Glass_80.jpg,Glass,D:\Recovered Documents\Moringa\Module 5\Summative2\realwaste\realwaste-main\RealWaste\Glass\Glass_80.jpg,524,524,RGB,1.0,51.6,159.86516,34.30457,69.83203
Glass_81.jpg,Glass,D:\Recovered Documents\Moringa\Module 5\Summative2\realwaste\realwaste-main\RealWaste\Glass\Glass_81.jpg,524,524,RGB,1.0,93.2,157.69545,25.915707,55.07552
Glass_82.jpg,Glass,D:\Recovered Documents\Moringa\Module 5\Summative2\realwaste\realwaste-main\RealWaste\Glass\Glass_82.jpg,524,524,RGB,1.0,60.6,147.03864,52.577045,75.28385
Glass_83.jpg,Glass,D:\Recovered Documents\Moringa\Module 5\Summative2\realwaste\realwaste-main\RealWaste\Glass\Glass_83.jpg,524,524,RGB,1.0,151.3,162.78197,32.964428,20.802084
Glass_84.jpg,Glass,D:\Recovered Documents\Moringa\Module 5\Summative2\realwaste\realwaste-main\RealWaste\Glass\Glass_84.jpg,524,524,RGB,1.0,146.1,164.27734,23.262497,14.901042
Glass_85.jpg,Glass,D:\Recovered Documents\Moringa\Module 5\Summative2\realwaste\realwaste-main\RealWaste\Glass\Glass_85.jpg,524,524,RGB,1.0,94.0,171.50578,35.33688,17.898438
Glass_86.jpg,Glass,D:\Recovered Documents\Moringa\Module 5\Summative2\realwaste\realwaste-main\RealWaste\Glass\Glass_86.jpg,524,524,RGB,1.0,153.6,162.00623,46.85896,29.003906
Glass_87.jpg,Glass,D:\Recovered Documents\Moringa\Module 5\Summative2\realwaste\realwaste-main\RealWaste\Glass\Glass_87.jpg,524,524,RGB,1.0,190.1,162.25795,38.36593,24.095053
Glass_88.jpg,Glass,D:\Recovered Documents\Moringa\Module 5\Summative2\realwaste\realwaste-main\RealWaste\Glass\Glass_88.jpg,524,524,RGB,1.0,191.2,173.53111,24.44254,12.310329
Glass_89.jpg,Glass,D:\Recovered Documents\Moringa\Module 5\Summative2\realwaste\realwaste-main\RealWaste\Glass\Glass_89.jpg,524,524,RGB,1.0,139.0,165.03545,27.182411,17.931423
Glass_9.jpg,Glass,D:\Recovered Documents\Moringa\Module 5\Summative2\realwaste\realwaste-main\RealWaste\Glass\Glass_9.jpg,524,524,RGB,1.0,157.8,157.97873,40.705227,24.389322
Glass_90.jpg,Glass,D:\Recovered Documents\Moringa\Module 5\Summative2\realwaste\realwaste-main\RealWaste\Glass\Glass_90.jpg,524,524,RGB,1.0,166.9,145.01172,68.259636,37.475693
Glass_91.jpg,Glass,D:\Recovered Documents\Moringa\Module 5\Summative2\realwaste\realwaste-main\RealWaste\Glass\Glass_91.jpg,524,524,RGB,1.0,192.0,162.42361,22.809402,17.426216
Glass_92.jpg,Glass,D:\Recovered Documents\Moringa\Module 5\Summative2\realwaste\realwaste-main\RealWaste\Glass\Glass_92.jpg,524,524,RGB,1.0,167.0,164.82176,39.695984,17.444445
Glass_93.jpg,Glass,D:\Recovered Documents\Moringa\Module 5\Summative2\realwaste\realwaste-main\RealWaste\Glass\Glass_93.jpg,524,524,RGB,1.0,95.5,170.64395,48.111076,19.911024
Glass_94.jpg,Glass,D:\Recovered Documents\Moringa\Module 5\Summative2\realwaste\realwaste-main\RealWaste\Glass\Glass_94.jpg,524,524,RGB,1.0,189.7,156.57176,38.510723,22.742188
Glass_95.jpg,Glass,D:\Recovered Documents\Moringa\Module 5\Summative2\realwaste\realwaste-main\RealWaste\Glass\Glass_95.jpg,524,524,RGB,1.0,95.4,160.6713,54.785576,39.8533
Glass_96.jpg,Glass,D:\Recovered Documents\Moringa\Module 5\Summative2\realwaste\realwaste-main\RealWaste\Glass\Glass_96.jpg,524,524,RGB,1.0,98.2,159.89221,19.929123,23.870659
Glass_97.jpg,Glass,D:\Recovered Documents\Moringa\Module 5\Summative2\realwaste\realwaste-main\RealWaste\Glass\Glass_97.jpg,524,524,RGB,1.0,110.2,160.64178,18.822887,14.199219
Glass_98.jpg,Glass,D:\Recovered Documents\Moringa\Module 5\Summative2\realwaste\realwaste-main\RealWaste\Glass\Glass_98.jpg,524,524,RGB,1.0,96.5,161.33826,24.84382,52.82986
Glass_99.jpg,Glass,D:\Recovered Documents\Moringa\Module 5\Summative2\realwaste\realwaste-main\RealWaste\Glass\Glass_99.jpg,524,524,RGB,1.0,76.5,159.6739,25.289936,60.361546
Metal_1.jpg,Metal,D:\Recovered Documents\Moringa\Module 5\Summative2\realwaste\realwaste-main\RealWaste\Metal\Metal_1.jpg,524,524,RGB,1.0,84.8,156.27531,33.926826,9.812934
Metal_10.jpg,Metal,D:\Recovered Documents\Moringa\Module 5\Summative2\realwaste\realwaste-main\RealWaste\Metal\Metal_10.jpg,524,524,RGB,1.0,182.4,154.65944,31.257978,32.892796
Metal_100.jpg,Metal,D:\Recovered Documents\Moringa\Module 5\Summative2\realwaste\realwaste-main\RealWaste\Metal\Metal_100.jpg,524,524,RGB,1.0,157.4,159.88875,25.118635,24.454428
Metal_101.jpg,Metal,D:\Recovered Documents\Moringa\Module 5\Summative2\realwaste\realwaste-main\RealWaste\Metal\Metal_101.jpg,524,524,RGB,1.0,79.1,168.93214,30.128902,6.986545
Metal_102.jpg,Metal,D:\Recovered Documents\Moringa\Module 5\Summative2\realwaste\realwaste-main\RealWaste\Metal\Metal_102.jpg,524,524,RGB,1.0,177.8,157.53848,31.388369,18.042534
Metal_103.jpg,Metal,D:\Recovered Documents\Moringa\Module 5\Summative2\realwaste\realwaste-main\RealWaste\Metal\Metal_103.jpg,524,524,RGB,1.0,105.6,161.28848,40.695293,30.338976
Metal_104.jpg,Metal,D:\Recovered Documents\Moringa\Module 5\Summative2\realwaste\realwaste-main\RealWaste\Metal\Metal_104.jpg,524,524,RGB,1.0,184.4,157.8656,34.159687,35.449654
Metal_105.jpg,Metal,D:\Recovered Documents\Moringa\Module 5\Summative2\realwaste\realwaste-main\RealWaste\Metal\Metal_105.jpg,524,524,RGB,1.0,166.8,159.11111,36.620926,21.404947
Metal_106.jpg,Metal,D:\Recovered Documents\Moringa\Module 5\Summative2\realwaste\realwaste-main\RealWaste\Metal\Metal_106.jpg,524,524,RGB,1.0,192.4,139.02995,40.413254,37.51172
Metal_107.jpg,Metal,D:\Recovered Documents\Moringa\Module 5\Summative2\realwaste\realwaste-main\RealWaste\Metal\Metal_107.jpg,524,524,RGB,1.0,206.4,149.40466,29.42854,26.894966
Metal_108.jpg,Metal,D:\Recovered Documents\Moringa\Module 5\Summative2\realwaste\realwaste-main\RealWaste\Metal\Metal_108.jpg,524,524,RGB,1.0,194.0,162.38585,26.933033,20.417969
Metal_109.jpg,Metal,D:\Recovered Documents\Moringa\Module 5\Summative2\realwaste\realwaste-main\RealWaste\Metal\Metal_109.jpg,524,524,RGB,1.0,189.8,162.11748,27.180565,17.46875
Metal_11.jpg,Metal,D:\Recovered Documents\Moringa\Module 5\Summative2\realwaste\realwaste-main\RealWaste\Metal\Metal_11.jpg,524,524,RGB,1.0,139.4,158.77663,46.87233,33.440536
Metal_110.jpg,Metal,D:\Recovered Documents\Moringa\Module 5\Summative2\realwaste\realwaste-main\RealWaste\Metal\Metal_110.jpg,524,524,RGB,1.0,164.5,155.43707,44.131268,32.233505
Metal_111.jpg,Metal,D:\Recovered Documents\Moringa\Module 5\Summative2\realwaste\realwaste-main\RealWaste\Metal\Metal_111.jpg,524,524,RGB,1.0,173.3,147.44835,36.79261,34.641495
Metal_112.jpg,Metal,D:\Recovered Documents\Moringa\Module 5\Summative2\realwaste\realwaste-main\RealWaste\Metal\Metal_112.jpg,524,524,RGB,1.0,116.9,162.23915,43.282757,14.385851
Metal_113.jpg,Metal,D:\Recovered Documents\Moringa\Module 5\Summative2\realwaste\realwaste-main\RealWaste\Metal\Metal_113.jpg,524,524,RGB,1.0,113.0,153.19183,47.10299,40.810764
Metal_114.jpg,Metal,D:\Recovered Documents\Moringa\Module 5\Summative2\realwaste\realwaste-main\RealWaste\Metal\Metal_114.jpg,524,524,RGB,1.0,102.7,152.67853,60.30898,23.188803
Metal_115.jpg,Metal,D:\Recovered Documents\Moringa\Module 5\Summative2\realwaste\realwaste-main\RealWaste\Metal\Metal_115.jpg,524,524,RGB,1.0,102.2,153.36024,52.704678,37.826824
Metal_116.jpg,Metal,D:\Recovered Documents\Moringa\Module 5\Summative2\realwaste\realwaste-main\RealWaste\Metal\Metal_116.jpg,524,524,RGB,1.0,113.2,144.2921,67.08001,33.557724
Metal_117.jpg,Metal,D:\Recovered Documents\Moringa\Module 5\Summative2\realwaste\realwaste-main\RealWaste\Metal\Metal_117.jpg,524,524,RGB,1.0,78.8,153.46889,44.49641,15.043403
Metal_118.jpg,Metal,D:\Recovered Documents\Moringa\Module 5\Summative2\realwaste\realwaste-main\RealWaste\Metal\Metal_118.jpg,524,524,RGB,1.0,103.0,153.76779,62.869793,25.115017
Metal_119.jpg,Metal,D:\Recovered Documents\Moringa\Module 5\Summative2\realwaste\realwaste-main\RealWaste\Metal\Metal_119.jpg,524,524,RGB,1.0,125.4,147.82741,57.221214,23.575954
Metal_12.jpg,Metal,D:\Recovered Documents\Moringa\Module 5\Summative2\realwaste\realwaste-main\RealWaste\Metal\Metal_12.jpg,524,524,RGB,1.0,124.3,152.4508,44.729675,37.84288
Metal_120.jpg,Metal,D:\Recovered Documents\Moringa\Module 5\Summative2\realwaste\realwaste-main\RealWaste\Metal\Metal_120.jpg,524,524,RGB,1.0,121.0,148.81018,50.082592,19.894096
Metal_121.jpg,Metal,D:\Recovered Documents\Moringa\Module 5\Summative2\realwaste\realwaste-main\RealWaste\Metal\Metal_121.jpg,524,524,RGB,1.0,114.5,148.41507,64.76452,28.512587
Metal_122.jpg,Metal,D:\Recovered Documents\Moringa\Module 5\Summative2\realwaste\realwaste-main\RealWaste\Metal\Metal_122.jpg,524,524,RGB,1.0,109.4,153.50145,61.3032,23.551216
Metal_123.jpg,Metal,D:\Recovered Documents\Moringa\Module 5\Summative2\realwaste\realwaste-main\RealWaste\Metal\Metal_123.jpg,524,524,RGB,1.0,107.6,155.54659,59.30734,22.326822
Metal_124.jpg,Metal,D:\Recovered Documents\Moringa\Module 5\Summative2\realwaste\realwaste-main\RealWaste\Metal\Metal_124.jpg,524,524,RGB,1.0,94.2,135.0492,49.974785,47.896267
Metal_125.jpg,Metal,D:\Recovered Documents\Moringa\Module 5\Summative2\realwaste\realwaste-main\RealWaste\Metal\Metal_125.jpg,524,524,RGB,1.0,83.6,157.47453,42.93156,17.485678
Metal_126.jpg,Metal,D:\Recovered Documents\Moringa\Module 5\Summative2\realwaste\realwaste-main\RealWaste\Metal\Metal_126.jpg,524,524,RGB,1.0,118.0,163.38094,56.10541,16.39974
Metal_127.jpg,Metal,D:\Recovered Documents\Moringa\Module 5\Summative2\realwaste\realwaste-main\RealWaste\Metal\Metal_127.jpg,524,524,RGB,1.0,111.5,163.73438,57.198334,15.643663
Metal_128.jpg,Metal,D:\Recovered Documents\Moringa\Module 5\Summative2\realwaste\realwaste-main\RealWaste\Metal\Metal_128.jpg,524,524,RGB,1.0,76.6,157.2461,31.228151,14.94184
Metal_129.jpg,Metal,D:\Recovered Documents\Moringa\Module 5\Summative2\realwaste\realwaste-main\RealWaste\Metal\Metal_129.jpg,524,524,RGB,1.0,110.1,143.807,41.269703,42.555557
Metal_13.jpg,Metal,D:\Recovered Documents\Moringa\Module 5\Summative2\realwaste\realwaste-main\RealWaste\Metal\Metal_13.jpg,524,524,RGB,1.0,99.6,134.66696,46.581326,32.624565
Metal_130.jpg,Metal,D:\Recovered Documents\Moringa\Module 5\Summative2\realwaste\realwaste-main\RealWaste\Metal\Metal_130.jpg,524,524,RGB,1.0,118.9,154.47772,44.549088,31.93967
Metal_131.jpg,Metal,D:\Recovered Documents\Moringa\Module 5\Summative2\realwaste\realwaste-main\RealWaste\Metal\Metal_131.jpg,524,524,RGB,1.0,63.1,146.28183,39.319115,17.411459
Metal_132.jpg,Metal,D:\Recovered Documents\Moringa\Module 5\Summative2\realwaste\realwaste-main\RealWaste\Metal\Metal_132.jpg,524,524,RGB,1.0,169.4,159.52618,27.188932,32.891926
Metal_133.jpg,Metal,D:\Recovered Documents\Moringa\Module 5\Summative2\realwaste\realwaste-main\RealWaste\Metal\Metal_133.jpg,524,524,RGB,1.0,116.5,167.1538,26.980968,15.157986
Metal_134.jpg,Metal,D:\Recovered Documents\Moringa\Module 5\Summative2\realwaste\realwaste-main\RealWaste\Metal\Metal_134.jpg,524,524,RGB,1.0,166.8,162.38078,29.205366,24.17144
Metal_135.jpg,Metal,D:\Recovered Documents\Moringa\Module 5\Summative2\realwaste\realwaste-main\RealWaste\Metal\Metal_135.jpg,524,524,RGB,1.0,98.5,126.4307,57.3083,69.86893
Metal_136.jpg,Metal,D:\Recovered Documents\Moringa\Module 5\Summative2\realwaste\realwaste-main\RealWaste\Metal\Metal_136.jpg,524,524,RGB,1.0,113.4,166.96832,43.516808,19.898438
Metal_137.jpg,Metal,D:\Recovered Documents\Moringa\Module 5\Summative2\realwaste\realwaste-main\RealWaste\Metal\Metal_137.jpg,524,524,RGB,1.0,171.2,159.04832,33.245617,32.452255
Metal_138.jpg,Metal,D:\Recovered Documents\Moringa\Module 5\Summative2\realwaste\realwaste-main\RealWaste\Metal\Metal_138.jpg,524,524,RGB,1.0,131.9,158.21252,22.227968,20.805122
Metal_139.jpg,Metal,D:\Recovered Documents\Moringa\Module 5\Summative2\realwaste\realwaste-main\RealWaste\Metal\Metal_139.jpg,524,524,RGB,1.0,127.1,168.12674,32.17171,15.548611
Metal_14.jpg,Metal,D:\Recovered Documents\Moringa\Module 5\Summative2\realwaste\realwaste-main\RealWaste\Metal\Metal_14.jpg,524,524,RGB,1.0,109.8,162.08246,42.03023,42.55816
Metal_140.jpg,Metal,D:\Recovered Documents\Moringa\Module 5\Summative2\realwaste\realwaste-main\RealWaste\Metal\Metal_140.jpg,524,524,RGB,1.0,117.3,155.671,27.91292,27.686197
Metal_141.jpg,Metal,D:\Recovered Documents\Moringa\Module 5\Summative2\realwaste\realwaste-main\RealWaste\Metal\Metal_141.jpg,524,524,RGB,1.0,165.3,163.43085,31.076857,28.282553
Metal_142.jpg,Metal,D:\Recovered Documents\Moringa\Module 5\Summative2\realwaste\realwaste-main\RealWaste\Metal\Metal_142.jpg,524,524,RGB,1.0,158.9,149.06757,34.577923,40.54427
Metal_143.jpg,Metal,D:\Recovered Documents\Moringa\Module 5\Summative2\realwaste\realwaste-main\RealWaste\Metal\Metal_143.jpg,524,524,RGB,1.0,111.7,149.3954,29.653223,24.493923
Metal_144.jpg,Metal,D:\Recovered Documents\Moringa\Module 5\Summative2\realwaste\realwaste-main\RealWaste\Metal\Metal_144.jpg,524,524,RGB,1.0,153.8,142.94357,39.95292,52.634983
Metal_145.jpg,Metal,D:\Recovered Documents\Moringa\Module 5\Summative2\realwaste\realwaste-main\RealWaste\Metal\Metal_145.jpg,524,524,RGB,1.0,167.0,149.24855,36.82266,23.52257
Metal_146.jpg,Metal,D:\Recovered Documents\Moringa\Module 5\Summative2\realwaste\realwaste-main\RealWaste\Metal\Metal_146.jpg,524,524,RGB,1.0,109.5,150.01186,41.417988,25.22092
Metal_147.jpg,Metal,D:\Recovered Documents\Moringa\Module 5\Summative2\realwaste\realwaste-main\RealWaste\Metal\Metal_147.jpg,524,524,RGB,1.0,152.2,156.68417,31.278194,18.305555
Metal_148.jpg,Metal,D:\Recovered Documents\Moringa\Module 5\Summative2\realwaste\realwaste-main\RealWaste\Metal\Metal_148.jpg,524,524,RGB,1.0,102.4,165.59895,29.834633,11.130642
Metal_149.jpg,Metal,D:\Recovered Documents\Moringa\Module 5\Summative2\realwaste\realwaste-main\RealWaste\Metal\Metal_149.jpg,524,524,RGB,1.0,95.7,144.91087,52.04577,15.07118
Metal_15.jpg,Metal,D:\Recovered Documents\Moringa\Module 5\Summative2\realwaste\realwaste-main\RealWaste\Metal\Metal_15.jpg,524,524,RGB,1.0,158.9,152.99913,40.068092,44.76172
Metal_150.jpg,Metal,D:\Recovered Documents\Moringa\Module 5\Summative2\realwaste\realwaste-main\RealWaste\Metal\Metal_150.jpg,524,524,RGB,1.0,97.9,166.84476,45.1169,7.9027777
Metal_151.jpg,Metal,D:\Recovered Documents\Moringa\Module 5\Summative2\realwaste\realwaste-main\RealWaste\Metal\Metal_151.jpg,524,524,RGB,1.0,59.9,143.9103,41.45538,15.624132
Metal_152.jpg,Metal,D:\Recovered Documents\Moringa\Module 5\Summative2\realwaste\realwaste-main\RealWaste\Metal\Metal_152.jpg,524,524,RGB,1.0,117.4,167.2636,43.276043,12.1171875
Metal_153.jpg,Metal,D:\Recovered Documents\Moringa\Module 5\Summative2\realwaste\realwaste-main\RealWaste\Metal\Metal_153.jpg,524,524,RGB,1.0,110.6,167.42014,42.10203,10.163195
Metal_154.jpg,Metal,D:\Recovered Documents\Moringa\Module 5\Summative2\realwaste\realwaste-main\RealWaste\Metal\Metal_154.jpg,524,524,RGB,1.0,86.5,167.36761,35.963566,9.03993
Metal_155.jpg,Metal,D:\Recovered Documents\Moringa\Module 5\Summative2\realwaste\realwaste-main\RealWaste\Metal\Metal_155.jpg,524,524,RGB,1.0,70.8,156.8358,38.66183,49.3342
Metal_156.jpg,Metal,D:\Recovered Documents\Moringa\Module 5\Summative2\realwaste\realwaste-main\RealWaste\Metal\Metal_156.jpg,524,524,RGB,1.0,95.7,156.18591,31.840355,44.648438
Metal_157.jpg,Metal,D:\Recovered Documents\Moringa\Module 5\Summative2\realwaste\realwaste-main\RealWaste\Metal\Metal_157.jpg,524,524,RGB,1.0,80.3,150.89714,61.422985,52.937935
Metal_158.jpg,Metal,D:\Recovered Documents\Moringa\Module 5\Summative2\realwaste\realwaste-main\RealWaste\Metal\Metal_158.jpg,524,524,RGB,1.0,62.0,139.9048,34.52468,50.3763
Metal_159.jpg,Metal,D:\Recovered Documents\Moringa\Module 5\Summative2\realwaste\realwaste-main\RealWaste\Metal\Metal_159.jpg,524,524,RGB,1.0,69.3,149.56062,31.443012,43.30903
Metal_16.jpg,Metal,D:\Recovered Documents\Moringa\Module 5\Summative2\realwaste\realwaste-main\RealWaste\Metal\Metal_16.jpg,524,524,RGB,1.0,155.6,153.7633,38.601776,32.107204
Metal_160.jpg,Metal,D:\Recovered Documents\Moringa\Module 5\Summative2\realwaste\realwaste-main\RealWaste\Metal\Metal_160.jpg,524,524,RGB,1.0,67.1,155.2069,32.79444,36.88151
Metal_161.jpg,Metal,D:\Recovered Documents\Moringa\Module 5\Summative2\realwaste\realwaste-main\RealWaste\Metal\Metal_161.jpg,524,524,RGB,1.0,148.7,164.14178,40.267696,31.54861
Metal_162.jpg,Metal,D:\Recovered Documents\Moringa\Module 5\Summative2\realwaste\realwaste-main\RealWaste\Metal\Metal_162.jpg,524,524,RGB,1.0,172.9,167.86415,21.419016,18.348091
Metal_163.jpg,Metal,D:\Recovered Documents\Moringa\Module 5\Summative2\realwaste\realwaste-main\RealWaste\Metal\Metal_163.jpg,524,524,RGB,1.0,96.4,160.5392,48.87412,21.050781
Metal_164.jpg,Metal,D:\Recovered Documents\Moringa\Module 5\Summative2\realwaste\realwaste-main\RealWaste\Metal\Metal_164.jpg,524,524,RGB,1.0,115.2,159.30397,55.176018,28.105469
Metal_165.jpg,Metal,D:\Recovered Documents\Moringa\Module 5\Summative2\realwaste\realwaste-main\RealWaste\Metal\Metal_165.jpg,524,524,RGB,1.0,100.2,162.36198,50.914265,10.516493
Metal_166.jpg,Metal,D:\Recovered Documents\Moringa\Module 5\Summative2\realwaste\realwaste-main\RealWaste\Metal\Metal_166.jpg,524,524,RGB,1.0,120.3,161.76591,41.6155,20.292969
Metal_167.jpg,Metal,D:\Recovered Documents\Moringa\Module 5\Summative2\realwaste\realwaste-main\RealWaste\Metal\Metal_167.jpg,524,524,RGB,1.0,116.8,165.71123,43.164875,9.295573
Metal_168.jpg,Metal,D:\Recovered Documents\Moringa\Module 5\Summative2\realwaste\realwaste-main\RealWaste\Metal\Metal_168.jpg,524,524,RGB,1.0,96.6,146.26634,48.535248,30.903646
Metal_169.jpg,Metal,D:\Recovered Documents\Moringa\Module 5\Summative2\realwaste\realwaste-main\RealWaste\Metal\Metal_169.jpg,524,524,RGB,1.0,118.3,154.80368,39.08686,22.474827
Metal_17.jpg,Metal,D:\Recovered Documents\Moringa\Module 5\Summative2\realwaste\realwaste-main\RealWaste\Metal\Metal_17.jpg,524,524,RGB,1.0,150.1,153.38397,46.089916,32.15842
Metal_170.jpg,Metal,D:\Recovered Documents\Moringa\Module 5\Summative2\realwaste\realwaste-main\RealWaste\Metal\Metal_170.jpg,524,524,RGB,1.0,60.1,141.37558,40.20091,16.331163
Metal_171.jpg,Metal,D:\Recovered Documents\Moringa\Module 5\Summative2\realwaste\realwaste-main\RealWaste\Metal\Metal_171.jpg,524,524,RGB,1.0,127.5,163.05772,28.059156,19.606337
Metal_172.jpg,Metal,D:\Recovered Documents\Moringa\Module 5\Summative2\realwaste\realwaste-main\RealWaste\Metal\Metal_172.jpg,524,524,RGB,1.0,116.7,160.00203,47.37444,15.5755205
Metal_173.jpg,Metal,D:\Recovered Documents\Moringa\Module 5\Summative2\realwaste\realwaste-main\RealWaste\Metal\Metal_173.jpg,524,524,RGB,1.0,96.4,157.65929,60.375683,16.99132
Metal_174.jpg,Metal,D:\Recovered Documents\Moringa\Module 5\Summative2\realwaste\realwaste-main\RealWaste\Metal\Metal_174.jpg,524,524,RGB,1.0,78.4,158.95052,57.109707,38.628906
Metal_175.jpg,Metal,D:\Recovered Documents\Moringa\Module 5\Summative2\realwaste\realwaste-main\RealWaste\Metal\Metal_175.jpg,524,524,RGB,1.0,108.6,154.9087,26.567425,17.459202
Metal_176.jpg,Metal,D:\Recovered Documents\Moringa\Module 5\Summative2\realwaste\realwaste-main\RealWaste\Metal\Metal_176.jpg,524,524,RGB,1.0,120.4,149.43027,46.529617,13.489149
Metal_177.jpg,Metal,D:\Recovered Documents\Moringa\Module 5\Summative2\realwaste\realwaste-main\RealWaste\Metal\Metal_177.jpg,524,524,RGB,1.0,87.9,158.6496,42.69943,20.457031
Metal_178.jpg,Metal,D:\Recovered Documents\Moringa\Module 5\Summative2\realwaste\realwaste-main\RealWaste\Metal\Metal_178.jpg,524,524,RGB,1.0,108.1,164.23322,32.123768,20.324654
Metal_179.jpg,Metal,D:\Recovered Documents\Moringa\Module 5\Summative2\realwaste\realwaste-main\RealWaste\Metal\Metal_179.jpg,524,524,RGB,1.0,119.7,151.17462,49.131874,22.44835
Metal_18.jpg,Metal,D:\Recovered Documents\Moringa\Module 5\Summative2\realwaste\realwaste-main\RealWaste\Metal\Metal_18.jpg,524,524,RGB,1.0,151.0,146.96817,36.488922,29.547743
Metal_180.jpg,Metal,D:\Recovered Documents\Moringa\Module 5\Summative2\realwaste\realwaste-main\RealWaste\Metal\Metal_180.jpg,524,524,RGB,1.0,85.6,166.59752,43.290974,35.248264
Metal_181.jpg,Metal,D:\Recovered Documents\Moringa\Module 5\Summative2\realwaste\realwaste-main\RealWaste\Metal\Metal_181.jpg,524,524,RGB,1.0,110.5,165.3154,31.87255,24.953993
Metal_182.jpg,Metal,D:\Recovered Documents\Moringa\Module 5\Summative2\realwaste\realwaste-main\RealWaste\Metal\Metal_182.jpg,524,524,RGB,1.0,120.0,160.80498,42.652466,32.614582
Metal_183.jpg,Metal,D:\Recovered Documents\Moringa\Module 5\Summative2\realwaste\realwaste-main\RealWaste\Metal\Metal_183.jpg,524,524,RGB,1.0,110.5,153.41826,40.54718,43.07769
Metal_184.jpg,Metal,D:\Recovered Documents\Moringa\Module 5\Summative2\realwaste\realwaste-main\RealWaste\Metal\Metal_184.jpg,524,524,RGB,1.0,84.6,147.52748,49.450016,44.927082
Metal_185.jpg,Metal,D:\Recovered Documents\Moringa\Module 5\Summative2\realwaste\realwaste-main\RealWaste\Metal\Metal_185.jpg,524,524,RGB,1.0,106.7,153.77893,60.200054,54.577255
Metal_186.jpg,Metal,D:\Recovered Documents\Moringa\Module 5\Summative2\realwaste\realwaste-main\RealWaste\Metal\Metal_186.jpg,524,524,RGB,1.0,91.0,146.12819,67.50435,56.562935
Metal_187.jpg,Metal,D:\Recovered Documents\Moringa\Module 5\Summative2\realwaste\realwaste-main\RealWaste\Metal\Metal_187.jpg,524,524,RGB,1.0,107.0,155.26186,50.12897,27.535591
Metal_188.jpg,Metal,D:\Recovered Documents\Moringa\Module 5\Summative2\realwaste\realwaste-main\RealWaste\Metal\Metal_188.jpg,524,524,RGB,1.0,99.7,161.16449,41.19963,14.036024
Metal_189.jpg,Metal,D:\Recovered Documents\Moringa\Module 5\Summative2\realwaste\realwaste-main\RealWaste\Metal\Metal_189.jpg,524,524,RGB,1.0,114.3,157.95212,50.786777,30.22092
Metal_19.jpg,Metal,D:\Recovered Documents\Moringa\Module 5\Summative2\realwaste\realwaste-main\RealWaste\Metal\Metal_19.jpg,524,524,RGB,1.0,140.5,147.0625,37.937405,48.801216
Metal_190.jpg,Metal,D:\Recovered Documents\Moringa\Module 5\Summative2\realwaste\realwaste-main\RealWaste\Metal\Metal_190.jpg,524,524,RGB,1.0,102.2,143.5965,49.311665,35.16884
Metal_191.jpg,Metal,D:\Recovered Documents\Moringa\Module 5\Summative2\realwaste\realwaste-main\RealWaste\Metal\Metal_191.jpg,524,524,RGB,1.0,84.4,142.47699,35.336327,15.923177
Metal_192.jpg,Metal,D:\Recovered Documents\Moringa\Module 5\Summative2\realwaste\realwaste-main\RealWaste\Metal\Metal_192.jpg,524,524,RGB,1.0,90.2,160.80165,53.57998,21.421007
Metal_193.jpg,Metal,D:\Recovered Documents\Moringa\Module 5\Summative2\realwaste\realwaste-main\RealWaste\Metal\Metal_193.jpg,524,524,RGB,1.0,76.5,145.70428,37.00947,21.634115
Metal_194.jpg,Metal,D:\Recovered Documents\Moringa\Module 5\Summative2\realwaste\realwaste-main\RealWaste\Metal\Metal_194.jpg,524,524,RGB,1.0,103.9,143.0842,42.365017,27.34158
Metal_195.jpg,Metal,D:\Recovered Documents\Moringa\Module 5\Summative2\realwaste\realwaste-main\RealWaste\Metal\Metal_195.jpg,524,524,RGB,1.0,88.5,142.53732,46.11339,17.322483
Metal_196.jpg,Metal,D:\Recovered Documents\Moringa\Module 5\Summative2\realwaste\realwaste-main\RealWaste\Metal\Metal_196.jpg,524,524,RGB,1.0,111.0,142.03415,53.636787,46.604168
Metal_197.jpg,Metal,D:\Recovered Documents\Moringa\Module 5\Summative2\realwaste\realwaste-main\RealWaste\Metal\Metal_197.jpg,524,524,RGB,1.0,86.4,149.35011,37.68162,32.42231
Metal_198.jpg,Metal,D:\Recovered Documents\Moringa\Module 5\Summative2\realwaste\realwaste-main\RealWaste\Metal\Metal_198.jpg,524,524,RGB,1.0,103.8,163.16783,32.93976,30.807726
Metal_199.jpg,Metal,D:\Recovered Documents\Moringa\Module 5\Summative2\realwaste\realwaste-main\RealWaste\Metal\Metal_199.jpg,524,524,RGB,1.0,132.3,151.08087,46.678013,34.828125
Metal_2.jpg,Metal,D:\Recovered Documents\Moringa\Module 5\Summative2\realwaste\realwaste-main\RealWaste\Metal\Metal_2.jpg,524,524,RGB,1.0,102.8,145.69415,45.91834,30.525608
Metal_20.jpg,Metal,D:\Recovered Documents\Moringa\Module 5\Summative2\realwaste\realwaste-main\RealWaste\Metal\Metal_20.jpg,524,524,RGB,1.0,145.3,156.8135,39.55461,30.002604
Metal_200.jpg,Metal,D:\Recovered Documents\Moringa\Module 5\Summative2\realwaste\realwaste-main\RealWaste\Metal\Metal_200.jpg,524,524,RGB,1.0,140.5,151.22844,50.87022,40.0204
Metal_201.jpg,Metal,D:\Recovered Documents\Moringa\Module 5\Summative2\realwaste\realwaste-main\RealWaste\Metal\Metal_201.jpg,524,524,RGB,1.0,108.8,150.0259,48.77584,29.588108
Metal_202.jpg,Metal,D:\Recovered Documents\Moringa\Module 5\Summative2\realwaste\realwaste-main\RealWaste\Metal\Metal_202.jpg,524,524,RGB,1.0,159.7,152.67087,34.301704,32.04514
Metal_203.jpg,Metal,D:\Recovered Documents\Moringa\Module 5\Summative2\realwaste\realwaste-main\RealWaste\Metal\Metal_203.jpg,524,524,RGB,1.0,153.0,154.00449,51.975056,39.9783
Metal_204.jpg,Metal,D:\Recovered Documents\Moringa\Module 5\Summative2\realwaste\realwaste-main\RealWaste\Metal\Metal_204.jpg,524,524,RGB,1.0,158.5,155.47975,36.449436,33.164497
Metal_205.jpg,Metal,D:\Recovered Documents\Moringa\Module 5\Summative2\realwaste\realwaste-main\RealWaste\Metal\Metal_205.jpg,524,524,RGB,1.0,160.9,153.48524,39.064438,30.637587
Metal_206.jpg,Metal,D:\Recovered Documents\Moringa\Module 5\Summative2\realwaste\realwaste-main\RealWaste\Metal\Metal_206.jpg,524,524,RGB,1.0,149.8,165.28632,33.17645,32.682724
Metal_207.jpg,Metal,D:\Recovered Documents\Moringa\Module 5\Summative2\realwaste\realwaste-main\RealWaste\Metal\Metal_207.jpg,524,524,RGB,1.0,162.6,160.51953,37.999626,21.432726
Metal_208.jpg,Metal,D:\Recovered Documents\Moringa\Module 5\Summative2\realwaste\realwaste-main\RealWaste\Metal\Metal_208.jpg,524,524,RGB,1.0,152.5,144.38123,43.831154,56.911026
Metal_209.jpg,Metal,D:\Recovered Documents\Moringa\Module 5\Summative2\realwaste\realwaste-main\RealWaste\Metal\Metal_209.jpg,524,524,RGB,1.0,126.9,153.72989,43.07855,49.615887
Metal_21.jpg,Metal,D:\Recovered Documents\Moringa\Module 5\Summative2\realwaste\realwaste-main\RealWaste\Metal\Metal_21.jpg,524,524,RGB,1.0,135.2,154.50636,40.49867,45.600693
Metal_210.jpg,Metal,D:\Recovered Documents\Moringa\Module 5\Summative2\realwaste\realwaste-main\RealWaste\Metal\Metal_210.jpg,524,524,RGB,1.0,149.4,149.08855,37.902134,52.812065
Metal_211.jpg,Metal,D:\Recovered Documents\Moringa\Module 5\Summative2\realwaste\realwaste-main\RealWaste\Metal\Metal_211.jpg,524,524,RGB,1.0,148.3,155.84056,41.789196,52.8342
Metal_212.jpg,Metal,D:\Recovered Documents\Moringa\Module 5\Summative2\realwaste\realwaste-main\RealWaste\Metal\Metal_212.jpg,524,524,RGB,1.0,82.7,138.04283,53.733772,20.942274
Metal_213.jpg,Metal,D:\Recovered Documents\Moringa\Module 5\Summative2\realwaste\realwaste-main\RealWaste\Metal\Metal_213.jpg,524,524,RGB,1.0,143.6,157.53299,36.11899,50.616318
Metal_214.jpg,Metal,D:\Recovered Documents\Moringa\Module 5\Summative2\realwaste\realwaste-main\RealWaste\Metal\Metal_214.jpg,524,524,RGB,1.0,152.8,156.14049,40.329323,39.536457
Metal_215.jpg,Metal,D:\Recovered Documents\Moringa\Module 5\Summative2\realwaste\realwaste-main\RealWaste\Metal\Metal_215.jpg,524,524,RGB,1.0,159.1,162.2448,43.263306,40.57335
Metal_216.jpg,Metal,D:\Recovered Documents\Moringa\Module 5\Summative2\realwaste\realwaste-main\RealWaste\Metal\Metal_216.jpg,524,524,RGB,1.0,119.2,163.74219,37.018936,43.500435
Metal_217.jpg,Metal,D:\Recovered Documents\Moringa\Module 5\Summative2\realwaste\realwaste-main\RealWaste\Metal\Metal_217.jpg,524,524,RGB,1.0,133.0,161.68243,36.235374,42.325954
Metal_218.jpg,Metal,D:\Recovered Documents\Moringa\Module 5\Summative2\realwaste\realwaste-main\RealWaste\Metal\Metal_218.jpg,524,524,RGB,1.0,153.5,160.38715,37.607525,47.028645
Metal_219.jpg,Metal,D:\Recovered Documents\Moringa\Module 5\Summative2\realwaste\realwaste-main\RealWaste\Metal\Metal_219.jpg,524,524,RGB,1.0,144.2,163.93431,33.03005,36.24349
Metal_22.jpg,Metal,D:\Recovered Documents\Moringa\Module 5\Summative2\realwaste\realwaste-main\RealWaste\Metal\Metal_22.jpg,524,524,RGB,1.0,152.8,160.09534,41.63752,32.960068
Metal_220.jpg,Metal,D:\Recovered Documents\Moringa\Module 5\Summative2\realwaste\realwaste-main\RealWaste\Metal\Metal_220.jpg,524,524,RGB,1.0,122.7,153.45442,47.70509,39.413628
Metal_221.jpg,Metal,D:\Recovered Documents\Moringa\Module 5\Summative2\realwaste\realwaste-main\RealWaste\Metal\Metal_221.jpg,524,524,RGB,1.0,112.0,158.99696,32.059772,42.289062
Metal_222.jpg,Metal,D:\Recovered Documents\Moringa\Module 5\Summative2\realwaste\realwaste-main\RealWaste\Metal\Metal_222.jpg,524,524,RGB,1.0,145.3,147.43953,43.338,34.78776
Metal_223.jpg,Metal,D:\Recovered Documents\Moringa\Module 5\Summative2\realwaste\realwaste-main\RealWaste\Metal\Metal_223.jpg,524,524,RGB,1.0,111.4,168.27734,45.556572,13.820746
Metal_224.jpg,Metal,D:\Recovered Documents\Moringa\Module 5\Summative2\realwaste\realwaste-main\RealWaste\Metal\Metal_224.jpg,524,524,RGB,1.0,92.5,146.48596,54.302204,21.085503
Metal_225.jpg,Metal,D:\Recovered Documents\Moringa\Module 5\Summative2\realwaste\realwaste-main\RealWaste\Metal\Metal_225.jpg,524,524,RGB,1.0,180.2,144.37341,43.87336,50.762154
Metal_226.jpg,Metal,D:\Recovered Documents\Moringa\Module 5\Summative2\realwaste\realwaste-main\RealWaste\Metal\Metal_226.jpg,524,524,RGB,1.0,131.8,154.09085,33.174877,41.63672
Metal_227.jpg,Metal,D:\Recovered Documents\Moringa\Module 5\Summative2\realwaste\realwaste-main\RealWaste\Metal\Metal_227.jpg,524,524,RGB,1.0,127.0,146.38368,40.398193,69.84766
Metal_228.jpg,Metal,D:\Recovered Documents\Moringa\Module 5\Summative2\realwaste\realwaste-main\RealWaste\Metal\Metal_228.jpg,524,524,RGB,1.0,134.3,151.5256,50.51955,56.615017
Metal_229.jpg,Metal,D:\Recovered Documents\Moringa\Module 5\Summative2\realwaste\realwaste-main\RealWaste\Metal\Metal_229.jpg,524,524,RGB,1.0,187.2,146.1577,38.970722,46.89323
Metal_23.jpg,Metal,D:\Recovered Documents\Moringa\Module 5\Summative2\realwaste\realwaste-main\RealWaste\Metal\Metal_23.jpg,524,524,RGB,1.0,105.8,162.95284,31.772343,13.572048
Metal_230.jpg,Metal,D:\Recovered Documents\Moringa\Module 5\Summative2\realwaste\realwaste-main\RealWaste\Metal\Metal_230.jpg,524,524,RGB,1.0,156.7,154.39453,43.710777,43.08941
Metal_231.jpg,Metal,D:\Recovered Documents\Moringa\Module 5\Summative2\realwaste\realwaste-main\RealWaste\Metal\Metal_231.jpg,524,524,RGB,1.0,122.8,150.56395,39.120922,84.55469
Metal_232.jpg,Metal,D:\Recovered Documents\Moringa\Module 5\Summative2\realwaste\realwaste-main\RealWaste\Metal\Metal_232.jpg,524,524,RGB,1.0,97.5,155.20486,54.35457,89.92491
Metal_233.jpg,Metal,D:\Recovered Documents\Moringa\Module 5\Summative2\realwaste\realwaste-main\RealWaste\Metal\Metal_233.jpg,524,524,RGB,1.0,140.7,135.27315,43.819607,89.56857
Metal_234.jpg,Metal,D:\Recovered Documents\Moringa\Module 5\Summative2\realwaste\realwaste-main\RealWaste\Metal\Metal_234.jpg,524,524,RGB,1.0,132.2,139.29485,43.013226,89.37326
Metal_235.jpg,Metal,D:\Recovered Documents\Moringa\Module 5\Summative2\realwaste\realwaste-main\RealWaste\Metal\Metal_235.jpg,524,524,RGB,1.0,76.3,132.46701,50.304985,29.871094
Metal_236.jpg,Metal,D:\Recovered Documents\Moringa\Module 5\Summative2\realwaste\realwaste-main\RealWaste\Metal\Metal_236.jpg,524,524,RGB,1.0,114.5,155.31612,44.88885,75.43143
Metal_237.jpg,Metal,D:\Recovered Documents\Moringa\Module 5\Summative2\realwaste\realwaste-main\RealWaste\Metal\Metal_237.jpg,524,524,RGB,1.0,137.2,145.00478,37.008617,76.53516
Metal_238.jpg,Metal,D:\Recovered Documents\Moringa\Module 5\Summative2\realwaste\realwaste-main\RealWaste\Metal\Metal_238.jpg,524,524,RGB,1.0,111.0,159.06236,45.12353,80.056854
Metal_239.jpg,Metal,D:\Recovered Documents\Moringa\Module 5\Summative2\realwaste\realwaste-main\RealWaste\Metal\Metal_239.jpg,524,524,RGB,1.0,137.7,154.51996,37.87819,86.08984
Metal_24.jpg,Metal,D:\Recovered Documents\Moringa\Module 5\Summative2\realwaste\realwaste-main\RealWaste\Metal\Metal_24.jpg,524,524,RGB,1.0,104.7,149.88469,63.306747,27.723091
Metal_240.jpg,Metal,D:\Recovered Documents\Moringa\Module 5\Summative2\realwaste\realwaste-main\RealWaste\Metal\Metal_240.jpg,524,524,RGB,1.0,142.6,152.90234,36.5076,88.7474
Metal_241.jpg,Metal,D:\Recovered Documents\Moringa\Module 5\Summative2\realwaste\realwaste-main\RealWaste\Metal\Metal_241.jpg,524,524,RGB,1.0,147.9,154.11386,50.132393,90.97266
Metal_242.jpg,Metal,D:\Recovered Documents\Moringa\Module 5\Summative2\realwaste\realwaste-main\RealWaste\Metal\Metal_242.jpg,524,524,RGB,1.0,142.2,156.80946,37.991318,88.74045
Metal_243.jpg,Metal,D:\Recovered Documents\Moringa\Module 5\Summative2\realwaste\realwaste-main\RealWaste\Metal\Metal_243.jpg,524,524,RGB,1.0,157.2,153.97165,45.099068,87.88455
Metal_244.jpg,Metal,D:\Recovered Documents\Moringa\Module 5\Summative2\realwaste\realwaste-main\RealWaste\Metal\Metal_244.jpg,524,524,RGB,1.0,152.4,152.92969,45.175888,94.98654
Metal_245.jpg,Metal,D:\Recovered Documents\Moringa\Module 5\Summative2\realwaste\realwaste-main\RealWaste\Metal\Metal_245.jpg,524,524,RGB,1.0,152.2,156.46022,52.191956,29.97526
Metal_246.jpg,Metal,D:\Recovered Documents\Moringa\Module 5\Summative2\realwaste\realwaste-main\RealWaste\Metal\Metal_246.jpg,524,524,RGB,1.0,84.0,136.1117,42.161934,19.063368
Metal_247.jpg,Metal,D:\Recovered Documents\Moringa\Module 5\Summative2\realwaste\realwaste-main\RealWaste\Metal\Metal_247.jpg,524,524,RGB,1.0,160.2,160.09114,45.87264,29.332031
Metal_248.jpg,Metal,D:\Recovered Documents\Moringa\Module 5\Summative2\realwaste\realwaste-main\RealWaste\Metal\Metal_248.jpg,524,524,RGB,1.0,140.1,162.19893,42.862213,41.14236
Metal_249.jpg,Metal,D:\Recovered Documents\Moringa\Module 5\Summative2\realwaste\realwaste-main\RealWaste\Metal\Metal_249.jpg,524,524,RGB,1.0,148.9,148.4385,42.928234,39.28125
Metal_25.jpg,Metal,D:\Recovered Documents\Moringa\Module 5\Summative2\realwaste\realwaste-main\RealWaste\Metal\Metal_25.jpg,524,524,RGB,1.0,176.8,166.43214,28.027512,12.732204
Metal_250.jpg,Metal,D:\Recovered Documents\Moringa\Module 5\Summative2\realwaste\realwaste-main\RealWaste\Metal\Metal_250.jpg,524,524,RGB,1.0,147.6,145.671,39.380013,39.199654
Metal_251.jpg,Metal,D:\Recovered Documents\Moringa\Module 5\Summative2\realwaste\realwaste-main\RealWaste\Metal\Metal_251.jpg,524,524,RGB,1.0,151.3,154.27199,37.435978,36.446182
Metal_252.jpg,Metal,D:\Recovered Documents\Moringa\Module 5\Summative2\realwaste\realwaste-main\RealWaste\Metal\Metal_252.jpg,524,524,RGB,1.0,146.0,160.46455,35.156757,39.308594
Metal_253.jpg,Metal,D:\Recovered Documents\Moringa\Module 5\Summative2\realwaste\realwaste-main\RealWaste\Metal\Metal_253.jpg,524,524,RGB,1.0,116.2,158.27502,42.934734,48.539062
Metal_254.jpg,Metal,D:\Recovered Documents\Moringa\Module 5\Summative2\realwaste\realwaste-main\RealWaste\Metal\Metal_254.jpg,524,524,RGB,1.0,145.4,141.52951,42.39956,44.4796
Metal_255.jpg,Metal,D:\Recovered Documents\Moringa\Module 5\Summative2\realwaste\realwaste-main\RealWaste\Metal\Metal_255.jpg,524,524,RGB,1.0,144.1,162.97498,36.686356,47.42491
Metal_256.jpg,Metal,D:\Recovered Documents\Moringa\Module 5\Summative2\realwaste\realwaste-main\RealWaste\Metal\Metal_256.jpg,524,524,RGB,1.0,148.5,163.24567,36.400723,49.580296
Metal_257.jpg,Metal,D:\Recovered Documents\Moringa\Module 5\Summative2\realwaste\realwaste-main\RealWaste\Metal\Metal_257.jpg,524,524,RGB,1.0,101.6,160.1033,41.03789,12.069445
Metal_258.jpg,Metal,D:\Recovered Documents\Moringa\Module 5\Summative2\realwaste\realwaste-main\RealWaste\Metal\Metal_258.jpg,524,524,RGB,1.0,143.1,161.13152,38.275856,44.670574
Metal_259.jpg,Metal,D:\Recovered Documents\Moringa\Module 5\Summative2\realwaste\realwaste-main\RealWaste\Metal\Metal_259.jpg,524,524,RGB,1.0,150.8,155.30382,40.91807,39.990887
Metal_26.jpg,Metal,D:\Recovered Documents\Moringa\Module 5\Summative2\realwaste\realwaste-main\RealWaste\Metal\Metal_26.jpg,524,524,RGB,1.0,136.4,161.44328,45.442593,42.62283
Metal_260.jpg,Metal,D:\Recovered Documents\Moringa\Module 5\Summative2\realwaste\realwaste-main\RealWaste\Metal\Metal_260.jpg,524,524,RGB,1.0,154.8,160.14091,38.99447,38.423176
Metal_261.jpg,Metal,D:\Recovered Documents\Moringa\Module 5\Summative2\realwaste\realwaste-main\RealWaste\Metal\Metal_261.jpg,524,524,RGB,1.0,185.1,162.82436,25.176113,21.750868
Metal_262.jpg,Metal,D:\Recovered Documents\Moringa\Module 5\Summative2\realwaste\realwaste-main\RealWaste\Metal\Metal_262.jpg,524,524,RGB,1.0,164.6,158.86806,36.638138,63.588108
Metal_263.jpg,Metal,D:\Recovered Documents\Moringa\Module 5\Summative2\realwaste\realwaste-main\RealWaste\Metal\Metal_263.jpg,524,524,RGB,1.0,158.9,162.0259,42.240166,65.85287
Metal_264.jpg,Metal,D:\Recovered Documents\Moringa\Module 5\Summative2\realwaste\realwaste-main\RealWaste\Metal\Metal_264.jpg,524,524,RGB,1.0,180.5,163.61111,26.316233,7.5208335
Metal_265.jpg,Metal,D:\Recovered Documents\Moringa\Module 5\Summative2\realwaste\realwaste-main\RealWaste\Metal\Metal_265.jpg,524,524,RGB,1.0,148.6,159.24913,28.821793,10.411892
Metal_266.jpg,Metal,D:\Recovered Documents\Moringa\Module 5\Summative2\realwaste\realwaste-main\RealWaste\Metal\Metal_266.jpg,524,524,RGB,1.0,137.0,161.034,24.666845,20.744791
Metal_267.jpg,Metal,D:\Recovered Documents\Moringa\Module 5\Summative2\realwaste\realwaste-main\RealWaste\Metal\Metal_267.jpg,524,524,RGB,1.0,161.7,143.60909,33.709736,59.358505
Metal_268.jpg,Metal,D:\Recovered Documents\Moringa\Module 5\Summative2\realwaste\realwaste-main\RealWaste\Metal\Metal_268.jpg,524,524,RGB,1.0,95.6,141.40958,51.22898,51.44097
Metal_269.jpg,Metal,D:\Recovered Documents\Moringa\Module 5\Summative2\realwaste\realwaste-main\RealWaste\Metal\Metal_269.jpg,524,524,RGB,1.0,133.7,146.37572,37.988216,17.159288
Metal_27.jpg,Metal,D:\Recovered Documents\Moringa\Module 5\Summative2\realwaste\realwaste-main\RealWaste\Metal\Metal_27.jpg,524,524,RGB,1.0,136.4,156.546,44.28685,44.26866
Metal_270.jpg,Metal,D:\Recovered Documents\Moringa\Module 5\Summative2\realwaste\realwaste-main\RealWaste\Metal\Metal_270.jpg,524,524,RGB,1.0,127.7,166.8478,21.686329,6.385851
Metal_271.jpg,Metal,D:\Recovered Documents\Moringa\Module 5\Summative2\realwaste\realwaste-main\RealWaste\Metal\Metal_271.jpg,524,524,RGB,1.0,123.2,169.59114,23.096706,6.9275174
Metal_272.jpg,Metal,D:\Recovered Documents\Moringa\Module 5\Summative2\realwaste\realwaste-main\RealWaste\Metal\Metal_272.jpg,524,524,RGB,1.0,123.1,154.31786,30.633978,13.185764
Metal_273.jpg,Metal,D:\Recovered Documents\Moringa\Module 5\Summative2\realwaste\realwaste-main\RealWaste\Metal\Metal_273.jpg,524,524,RGB,1.0,127.0,155.44257,29.753014,9.005208
Metal_274.jpg,Metal,D:\Recovered Documents\Moringa\Module 5\Summative2\realwaste\realwaste-main\RealWaste\Metal\Metal_274.jpg,524,524,RGB,1.0,131.0,161.501,32.897125,9.034722
Metal_275.jpg,Metal,D:\Recovered Documents\Moringa\Module 5\Summative2\realwaste\realwaste-main\RealWaste\Metal\Metal_275.jpg,524,524,RGB,1.0,129.2,155.43982,28.671993,8.988715
Metal_276.jpg,Metal,D:\Recovered Documents\Moringa\Module 5\Summative2\realwaste\realwaste-main\RealWaste\Metal\Metal_276.jpg,524,524,RGB,1.0,106.6,160.95964,32.37128,10.147136
Metal_277.jpg,Metal,D:\Recovered Documents\Moringa\Module 5\Summative2\realwaste\realwaste-main\RealWaste\Metal\Metal_277.jpg,524,524,RGB,1.0,126.2,160.96687,37.779716,38.48828
Metal_278.jpg,Metal,D:\Recovered Documents\Moringa\Module 5\Summative2\realwaste\realwaste-main\RealWaste\Metal\Metal_278.jpg,524,524,RGB,1.0,96.2,161.96442,32.96612,38.121094
Metal_279.jpg,Metal,D:\Recovered Documents\Moringa\Module 5\Summative2\realwaste\realwaste-main\RealWaste\Metal\Metal_279.jpg,524,524,RGB,1.0,97.0,150.71484,42.20054,33.070747
Metal_28.jpg,Metal,D:\Recovered Documents\Moringa\Module 5\Summative2\realwaste\realwaste-main\RealWaste\Metal\Metal_28.jpg,524,524,RGB,1.0,138.0,157.39034,40.479607,33.75347
Metal_280.jpg,Metal,D:\Recovered Documents\Moringa\Module 5\Summative2\realwaste\realwaste-main\RealWaste\Metal\Metal_280.jpg,524,524,RGB,1.0,162.9,152.39424,33.69965,71.66537
Metal_281.jpg,Metal,D:\Recovered Documents\Moringa\Module 5\Summative2\realwaste\realwaste-main\RealWaste\Metal\Metal_281.jpg,524,524,RGB,1.0,149.3,159.20978,47.872013,64.52474
Metal_282.jpg,Metal,D:\Recovered Documents\Moringa\Module 5\Summative2\realwaste\realwaste-main\RealWaste\Metal\Metal_282.jpg,524,524,RGB,1.0,164.3,157.91667,39.718994,74.78038
Metal_283.jpg,Metal,D:\Recovered Documents\Moringa\Module 5\Summative2\realwaste\realwaste-main\RealWaste\Metal\Metal_283.jpg,524,524,RGB,1.0,103.9,159.47975,32.102642,22.351997
Metal_284.jpg,Metal,D:\Recovered Documents\Moringa\Module 5\Summative2\realwaste\realwaste-main\RealWaste\Metal\Metal_284.jpg,524,524,RGB,1.0,145.2,156.03893,39.393974,48.209637
Metal_285.jpg,Metal,D:\Recovered Documents\Moringa\Module 5\Summative2\realwaste\realwaste-main\RealWaste\Metal\Metal_285.jpg,524,524,RGB,1.0,158.7,154.95312,37.543213,52.174046
Metal_286.jpg,Metal,D:\Recovered Documents\Moringa\Module 5\Summative2\realwaste\realwaste-main\RealWaste\Metal\Metal_286.jpg,524,524,RGB,1.0,137.4,152.08594,42.845726,52.62153
Metal_287.jpg,Metal,D:\Recovered Documents\Moringa\Module 5\Summative2\realwaste\realwaste-main\RealWaste\Metal\Metal_287.jpg,524,524,RGB,1.0,179.1,165.40741,21.658207,15.662327
Metal_288.jpg,Metal,D:\Recovered Documents\Moringa\Module 5\Summative2\realwaste\realwaste-main\RealWaste\Metal\Metal_288.jpg,524,524,RGB,1.0,140.9,149.11458,42.986206,83.96181
Metal_289.jpg,Metal,D:\Recovered Documents\Moringa\Module 5\Summative2\realwaste\realwaste-main\RealWaste\Metal\Metal_289.jpg,524,524,RGB,1.0,135.7,152.33652,46.31355,85.58073
Metal_29.jpg,Metal,D:\Recovered Documents\Moringa\Module 5\Summative2\realwaste\realwaste-main\RealWaste\Metal\Metal_29.jpg,524,524,RGB,1.0,148.5,162.44286,38.304066,36.24566
Metal_290.jpg,Metal,D:\Recovered Documents\Moringa\Module 5\Summative2\realwaste\realwaste-main\RealWaste\Metal\Metal_290.jpg,524,524,RGB,1.0,92.2,142.2432,50.307278,45.31597
Metal_291.jpg,Metal,D:\Recovered Documents\Moringa\Module 5\Summative2\realwaste\realwaste-main\RealWaste\Metal\Metal_291.jpg,524,524,RGB,1.0,77.3,139.31221,43.186638,91.26432
Metal_292.jpg,Metal,D:\Recovered Documents\Moringa\Module 5\Summative2\realwaste\realwaste-main\RealWaste\Metal\Metal_292.jpg,524,524,RGB,1.0,138.8,148.65799,42.010376,87.27734
Metal_293.jpg,Metal,D:\Recovered Documents\Moringa\Module 5\Summative2\realwaste\realwaste-main\RealWaste\Metal\Metal_293.jpg,524,524,RGB,1.0,138.6,155.79688,50.853428,86.95096
Metal_294.jpg,Metal,D:\Recovered Documents\Moringa\Module 5\Summative2\realwaste\realwaste-main\RealWaste\Metal\Metal_294.jpg,524,524,RGB,1.0,89.0,146.29094,41.57782,88.26953
Metal_295.jpg,Metal,D:\Recovered Documents\Moringa\Module 5\Summative2\realwaste\realwaste-main\RealWaste\Metal\Metal_295.jpg,524,524,RGB,1.0,129.6,156.01852,50.798775,80.49653
Metal_296.jpg,Metal,D:\Recovered Documents\Moringa\Module 5\Summative2\realwaste\realwaste-main\RealWaste\Metal\Metal_296.jpg,524,524,RGB,1.0,147.2,154.05324,43.071716,84.73394
Metal_297.jpg,Metal,D:\Recovered Documents\Moringa\Module 5\Summative2\realwaste\realwaste-main\RealWaste\Metal\Metal_297.jpg,524,524,RGB,1.0,146.2,154.7908,51.434597,77.77474
Metal_298.jpg,Metal,D:\Recovered Documents\Moringa\Module 5\Summative2\realwaste\realwaste-main\RealWaste\Metal\Metal_298.jpg,524,524,RGB,1.0,145.7,153.66103,43.487446,86.05816
Metal_299.jpg,Metal,D:\Recovered Documents\Moringa\Module 5\Summative2\realwaste\realwaste-main\RealWaste\Metal\Metal_299.jpg,524,524,RGB,1.0,130.4,147.79529,43.52073,81.99609
Metal_3.jpg,Metal,D:\Recovered Documents\Moringa\Module 5\Summative2\realwaste\realwaste-main\RealWaste\Metal\Metal_3.jpg,524,524,RGB,1.0,104.8,136.32219,66.90491,44.09592
Metal_30.jpg,Metal,D:\Recovered Documents\Moringa\Module 5\Summative2\realwaste\realwaste-main\RealWaste\Metal\Metal_30.jpg,524,524,RGB,1.0,159.5,149.42607,42.43406,30.34592
Metal_300.jpg,Metal,D:\Recovered Documents\Moringa\Module 5\Summative2\realwaste\realwaste-main\RealWaste\Metal\Metal_300.jpg,524,524,RGB,1.0,152.6,154.7079,42.249157,88.61893
Metal_301.jpg,Metal,D:\Recovered Documents\Moringa\Module 5\Summative2\realwaste\realwaste-main\RealWaste\Metal\Metal_301.jpg,524,524,RGB,1.0,108.8,139.15176,48.131596,46.946613
Metal_302.jpg,Metal,D:\Recovered Documents\Moringa\Module 5\Summative2\realwaste\realwaste-main\RealWaste\Metal\Metal_302.jpg,524,524,RGB,1.0,74.8,154.76779,35.545094,88.932724
Metal_303.jpg,Metal,D:\Recovered Documents\Moringa\Module 5\Summative2\realwaste\realwaste-main\RealWaste\Metal\Metal_303.jpg,524,524,RGB,1.0,141.7,148.90105,38.78438,96.0599
Metal_304.jpg,Metal,D:\Recovered Documents\Moringa\Module 5\Summative2\realwaste\realwaste-main\RealWaste\Metal\Metal_304.jpg,524,524,RGB,1.0,142.1,148.14815,37.9544,96.46484
Metal_305.jpg,Metal,D:\Recovered Documents\Moringa\Module 5\Summative2\realwaste\realwaste-main\RealWaste\Metal\Metal_305.jpg,524,524,RGB,1.0,144.3,149.20891,42.124092,87.02127
Metal_306.jpg,Metal,D:\Recovered Documents\Moringa\Module 5\Summative2\realwaste\realwaste-main\RealWaste\Metal\Metal_306.jpg,524,524,RGB,1.0,97.9,147.36183,43.141136,85.56467
Metal_307.jpg,Metal,D:\Recovered Documents\Moringa\Module 5\Summative2\realwaste\realwaste-main\RealWaste\Metal\Metal_307.jpg,524,524,RGB,1.0,143.0,151.04283,39.219273,87.07596
Metal_308.jpg,Metal,D:\Recovered Documents\Moringa\Module 5\Summative2\realwaste\realwaste-main\RealWaste\Metal\Metal_308.jpg,524,524,RGB,1.0,141.1,152.49205,41.732975,86.05903
Metal_309.jpg,Metal,D:\Recovered Documents\Moringa\Module 5\Summative2\realwaste\realwaste-main\RealWaste\Metal\Metal_309.jpg,524,524,RGB,1.0,87.0,154.24725,39.249096,75.15972
Metal_31.jpg,Metal,D:\Recovered Documents\Moringa\Module 5\Summative2\realwaste\realwaste-main\RealWaste\Metal\Metal_31.jpg,524,524,RGB,1.0,101.0,160.69763,35.829433,33.076824
Metal_310.jpg,Metal,D:\Recovered Documents\Moringa\Module 5\Summative2\realwaste\realwaste-main\RealWaste\Metal\Metal_310.jpg,524,524,RGB,1.0,149.6,149.9948,39.91891,87.26866
Metal_311.jpg,Metal,D:\Recovered Documents\Moringa\Module 5\Summative2\realwaste\realwaste-main\RealWaste\Metal\Metal_311.jpg,524,524,RGB,1.0,134.1,144.24768,42.17696,92.39757
Metal_312.jpg,Metal,D:\Recovered Documents\Moringa\Module 5\Summative2\realwaste\realwaste-main\RealWaste\Metal\Metal_312.jpg,524,524,RGB,1.0,101.1,144.71933,54.528706,49.192707
Metal_313.jpg,Metal,D:\Recovered Documents\Moringa\Module 5\Summative2\realwaste\realwaste-main\RealWaste\Metal\Metal_313.jpg,524,524,RGB,1.0,141.4,152.1292,49.864407,80.91406
Metal_314.jpg,Metal,D:\Recovered Documents\Moringa\Module 5\Summative2\realwaste\realwaste-main\RealWaste\Metal\Metal_314.jpg,524,524,RGB,1.0,151.8,142.49652,41.40814,41.37717
Metal_315.jpg,Metal,D:\Recovered Documents\Moringa\Module 5\Summative2\realwaste\realwaste-main\RealWaste\Metal\Metal_315.jpg,524,524,RGB,1.0,154.2,161.08275,36.495564,58.82205
Metal_316.jpg,Metal,D:\Recovered Documents\Moringa\Module 5\Summative2\realwaste\realwaste-main\RealWaste\Metal\Metal_316.jpg,524,524,RGB,1.0,130.4,154.00261,44.814804,81.74175
Metal_317.jpg,Metal,D:\Recovered Documents\Moringa\Module 5\Summative2\realwaste\realwaste-main\RealWaste\Metal\Metal_317.jpg,524,524,RGB,1.0,135.6,156.23366,39.45295,77.062935
Metal_318.jpg,Metal,D:\Recovered Documents\Moringa\Module 5\Summative2\realwaste\realwaste-main\RealWaste\Metal\Metal_318.jpg,524,524,RGB,1.0,174.7,147.43895,39.080933,73.82162
Metal_319.jpg,Metal,D:\Recovered Documents\Moringa\Module 5\Summative2\realwaste\realwaste-main\RealWaste\Metal\Metal_319.jpg,524,524,RGB,1.0,174.9,149.44821,37.63894,72.776474
Metal_32.jpg,Metal,D:\Recovered Documents\Moringa\Module 5\Summative2\realwaste\realwaste-main\RealWaste\Metal\Metal_32.jpg,524,524,RGB,1.0,154.0,160.67665,33.60559,22.790365
Metal_320.jpg,Metal,D:\Recovered Documents\Moringa\Module 5\Summative2\realwaste\realwaste-main\RealWaste\Metal\Metal_320.jpg,524,524,RGB,1.0,157.8,153.98683,40.250717,60.02691
Metal_321.jpg,Metal,D:\Recovered Documents\Moringa\Module 5\Summative2\realwaste\realwaste-main\RealWaste\Metal\Metal_321.jpg,524,524,RGB,1.0,171.0,155.35909,34.05953,62.963974
Metal_322.jpg,Metal,D:\Recovered Documents\Moringa\Module 5\Summative2\realwaste\realwaste-main\RealWaste\Metal\Metal_322.jpg,524,524,RGB,1.0,103.1,154.08102,48.316006,19.814236
Metal_323.jpg,Metal,D:\Recovered Documents\Moringa\Module 5\Summative2\realwaste\realwaste-main\RealWaste\Metal\Metal_323.jpg,524,524,RGB,1.0,99.1,152.75043,52.499405,41.308594
Metal_324.jpg,Metal,D:\Recovered Documents\Moringa\Module 5\Summative2\realwaste\realwaste-main\RealWaste\Metal\Metal_324.jpg,524,524,RGB,1.0,163.9,157.40408,34.439117,48.944878
Metal_325.jpg,Metal,D:\Recovered Documents\Moringa\Module 5\Summative2\realwaste\realwaste-main\RealWaste\Metal\Metal_325.jpg,524,524,RGB,1.0,161.6,155.91116,32.30822,50.831596
Metal_326.jpg,Metal,D:\Recovered Documents\Moringa\Module 5\Summative2\realwaste\realwaste-main\RealWaste\Metal\Metal_326.jpg,524,524,RGB,1.0,168.1,153.72772,34.04672,55.398003
Metal_327.jpg,Metal,D:\Recovered Documents\Moringa\Module 5\Summative2\realwaste\realwaste-main\RealWaste\Metal\Metal_327.jpg,524,524,RGB,1.0,165.7,152.9385,34.429398,45.649307
Metal_328.jpg,Metal,D:\Recovered Documents\Moringa\Module 5\Summative2\realwaste\realwaste-main\RealWaste\Metal\Metal_328.jpg,524,524,RGB,1.0,164.5,154.25449,35.295937,52.332466
Metal_329.jpg,Metal,D:\Recovered Documents\Moringa\Module 5\Summative2\realwaste\realwaste-main\RealWaste\Metal\Metal_329.jpg,524,524,RGB,1.0,159.4,151.14583,35.204193,50.078995
Metal_33.jpg,Metal,D:\Recovered Documents\Moringa\Module 5\Summative2\realwaste\realwaste-main\RealWaste\Metal\Metal_33.jpg,524,524,RGB,1.0,118.6,165.54948,40.16649,20.351562
Metal_330.jpg,Metal,D:\Recovered Documents\Moringa\Module 5\Summative2\realwaste\realwaste-main\RealWaste\Metal\Metal_330.jpg,524,524,RGB,1.0,161.6,129.3381,46.614273,71.38151
Metal_331.jpg,Metal,D:\Recovered Documents\Moringa\Module 5\Summative2\realwaste\realwaste-main\RealWaste\Metal\Metal_331.jpg,524,524,RGB,1.0,160.0,154.96326,31.85927,50.84505
Metal_332.jpg,Metal,D:\Recovered Documents\Moringa\Module 5\Summative2\realwaste\realwaste-main\RealWaste\Metal\Metal_332.jpg,524,524,RGB,1.0,162.2,129.61993,50.671337,76.73307
Metal_333.jpg,Metal,D:\Recovered Documents\Moringa\Module 5\Summative2\realwaste\realwaste-main\RealWaste\Metal\Metal_333.jpg,524,524,RGB,1.0,126.6,129.42694,34.870556,22.399305
Metal_334.jpg,Metal,D:\Recovered Documents\Moringa\Module 5\Summative2\realwaste\realwaste-main\RealWaste\Metal\Metal_334.jpg,524,524,RGB,1.0,109.3,171.1713,28.186043,12.305121
Metal_335.jpg,Metal,D:\Recovered Documents\Moringa\Module 5\Summative2\realwaste\realwaste-main\RealWaste\Metal\Metal_335.jpg,524,524,RGB,1.0,92.7,150.13556,50.125824,41.932293
Metal_336.jpg,Metal,D:\Recovered Documents\Moringa\Module 5\Summative2\realwaste\realwaste-main\RealWaste\Metal\Metal_336.jpg,524,524,RGB,1.0,97.2,135.98842,39.207066,20.165798
Metal_337.jpg,Metal,D:\Recovered Documents\Moringa\Module 5\Summative2\realwaste\realwaste-main\RealWaste\Metal\Metal_337.jpg,524,524,RGB,1.0,91.9,145.78877,31.39982,18.49349
Metal_338.jpg,Metal,D:\Recovered Documents\Moringa\Module 5\Summative2\realwaste\realwaste-main\RealWaste\Metal\Metal_338.jpg,524,524,RGB,1.0,113.9,136.90234,33.48332,19.95139
Metal_339.jpg,Metal,D:\Recovered Documents\Moringa\Module 5\Summative2\realwaste\realwaste-main\RealWaste\Metal\Metal_339.jpg,524,524,RGB,1.0,112.3,131.79268,38.937187,26.99783
Metal_34.jpg,Metal,D:\Recovered Documents\Moringa\Module 5\Summative2\realwaste\realwaste-main\RealWaste\Metal\Metal_34.jpg,524,524,RGB,1.0,168.9,162.79413,29.683023,25.505642
Metal_340.jpg,Metal,D:\Recovered Documents\Moringa\Module 5\Summative2\realwaste\realwaste-main\RealWaste\Metal\Metal_340.jpg,524,524,RGB,1.0,184.3,163.1969,28.509119,16.132812
Metal_341.jpg,Metal,D:\Recovered Documents\Moringa\Module 5\Summative2\realwaste\realwaste-main\RealWaste\Metal\Metal_341.jpg,524,524,RGB,1.0,183.9,159.18764,33.580406,18.15842
Metal_342.jpg,Metal,D:\Recovered Documents\Moringa\Module 5\Summative2\realwaste\realwaste-main\RealWaste\Metal\Metal_342.jpg,524,524,RGB,1.0,98.3,163.55556,39.83989,17.858072
Metal_343.jpg,Metal,D:\Recovered Documents\Moringa\Module 5\Summative2\realwaste\realwaste-main\RealWaste\Metal\Metal_343.jpg,524,524,RGB,1.0,99.2,163.5492,29.403957,37.014755
Metal_344.jpg,Metal,D:\Recovered Documents\Moringa\Module 5\Summative2\realwaste\realwaste-main\RealWaste\Metal\Metal_344.jpg,524,524,RGB,1.0,164.4,137.56886,39.859966,97.0395
Metal_345.jpg,Metal,D:\Recovered Documents\Moringa\Module 5\Summative2\realwaste\realwaste-main\RealWaste\Metal\Metal_345.jpg,524,524,RGB,1.0,171.9,141.53993,35.666565,76.224396
Metal_346.jpg,Metal,D:\Recovered Documents\Moringa\Module 5\Summative2\realwaste\realwaste-main\RealWaste\Metal\Metal_346.jpg,524,524,RGB,1.0,91.6,137.37572,51.70168,40.99783
Metal_347.jpg,Metal,D:\Recovered Documents\Moringa\Module 5\Summative2\realwaste\realwaste-main\RealWaste\Metal\Metal_347.jpg,524,524,RGB,1.0,109.3,156.37746,32.09081,17.64106
Metal_348.jpg,Metal,D:\Recovered Documents\Moringa\Module 5\Summative2\realwaste\realwaste-main\RealWaste\Metal\Metal_348.jpg,524,524,RGB,1.0,99.4,149.61748,29.367498,24.182726
Metal_349.jpg,Metal,D:\Recovered Documents\Moringa\Module 5\Summative2\realwaste\realwaste-main\RealWaste\Metal\Metal_349.jpg,524,524,RGB,1.0,114.2,151.97844,27.692692,17.073784
Metal_35.jpg,Metal,D:\Recovered Documents\Moringa\Module 5\Summative2\realwaste\realwaste-main\RealWaste\Metal\Metal_35.jpg,524,524,RGB,1.0,123.3,137.12991,66.33305,30.323784
Metal_350.jpg,Metal,D:\Recovered Documents\Moringa\Module 5\Summative2\realwaste\realwaste-main\RealWaste\Metal\Metal_350.jpg,524,524,RGB,1.0,108.3,147.39352,37.021294,18.286459
Metal_351.jpg,Metal,D:\Recovered Documents\Moringa\Module 5\Summative2\realwaste\realwaste-main\RealWaste\Metal\Metal_351.jpg,524,524,RGB,1.0,108.7,159.03183,25.748177,16.731337
Metal_352.jpg,Metal,D:\Recovered Documents\Moringa\Module 5\Summative2\realwaste\realwaste-main\RealWaste\Metal\Metal_352.jpg,524,524,RGB,1.0,111.9,150.15118,31.78056,16.436197
Metal_353.jpg,Metal,D:\Recovered Documents\Moringa\Module 5\Summative2\realwaste\realwaste-main\RealWaste\Metal\Metal_353.jpg,524,524,RGB,1.0,108.2,155.9757,35.83609,16.58724
Metal_354.jpg,Metal,D:\Recovered Documents\Moringa\Module 5\Summative2\realwaste\realwaste-main\RealWaste\Metal\Metal_354.jpg,524,524,RGB,1.0,123.7,139.43288,38.97125,20.477865
Metal_355.jpg,Metal,D:\Recovered Documents\Moringa\Module 5\Summative2\realwaste\realwaste-main\RealWaste\Metal\Metal_355.jpg,524,524,RGB,1.0,124.2,142.79759,32.932224,18.649305
Metal_356.jpg,Metal,D:\Recovered Documents\Moringa\Module 5\Summative2\realwaste\realwaste-main\RealWaste\Metal\Metal_356.jpg,524,524,RGB,1.0,127.2,154.92839,32.60702,16.446615
Metal_357.jpg,Metal,D:\Recovered Documents\Moringa\Module 5\Summative2\realwaste\realwaste-main\RealWaste\Metal\Metal_357.jpg,524,524,RGB,1.0,90.1,145.6538,53.087074,35.11328
Metal_358.jpg,Metal,D:\Recovered Documents\Moringa\Module 5\Summative2\realwaste\realwaste-main\RealWaste\Metal\Metal_358.jpg,524,524,RGB,1.0,137.2,144.59476,42.61986,22.916233
Metal_359.jpg,Metal,D:\Recovered Documents\Moringa\Module 5\Summative2\realwaste\realwaste-main\RealWaste\Metal\Metal_359.jpg,524,524,RGB,1.0,110.7,143.96542,36.564438,17.689236
Metal_36.jpg,Metal,D:\Recovered Documents\Moringa\Module 5\Summative2\realwaste\realwaste-main\RealWaste\Metal\Metal_36.jpg,524,524,RGB,1.0,124.7,161.16306,43.17084,37.70703
Metal_360.jpg,Metal,D:\Recovered Documents\Moringa\Module 5\Summative2\realwaste\realwaste-main\RealWaste\Metal\Metal_360.jpg,524,524,RGB,1.0,117.7,145.56076,36.390827,18.40408
Metal_361.jpg,Metal,D:\Recovered Documents\Moringa\Module 5\Summative2\realwaste\realwaste-main\RealWaste\Metal\Metal_361.jpg,524,524,RGB,1.0,134.1,139.60895,38.009224,20.000868
Metal_362.jpg,Metal,D:\Recovered Documents\Moringa\Module 5\Summative2\realwaste\realwaste-main\RealWaste\Metal\Metal_362.jpg,524,524,RGB,1.0,127.1,126.77749,36.297813,30.634983
Metal_363.jpg,Metal,D:\Recovered Documents\Moringa\Module 5\Summative2\realwaste\realwaste-main\RealWaste\Metal\Metal_363.jpg,524,524,RGB,1.0,103.3,143.49567,30.43349,16.556858
Metal_364.jpg,Metal,D:\Recovered Documents\Moringa\Module 5\Summative2\realwaste\realwaste-main\RealWaste\Metal\Metal_364.jpg,524,524,RGB,1.0,105.7,142.51462,34.14026,23.072483
Metal_365.jpg,Metal,D:\Recovered Documents\Moringa\Module 5\Summative2\realwaste\realwaste-main\RealWaste\Metal\Metal_365.jpg,524,524,RGB,1.0,123.1,143.8196,34.52085,20.778212
Metal_366.jpg,Metal,D:\Recovered Documents\Moringa\Module 5\Summative2\realwaste\realwaste-main\RealWaste\Metal\Metal_366.jpg,524,524,RGB,1.0,112.5,152.38094,36.53102,15.279948
Metal_367.jpg,Metal,D:\Recovered Documents\Moringa\Module 5\Summative2\realwaste\realwaste-main\RealWaste\Metal\Metal_367.jpg,524,524,RGB,1.0,118.6,153.03835,31.076385,18.154514
Metal_368.jpg,Metal,D:\Recovered Documents\Moringa\Module 5\Summative2\realwaste\realwaste-main\RealWaste\Metal\Metal_368.jpg,524,524,RGB,1.0,97.7,141.88094,53.86109,44.766926
Metal_369.jpg,Metal,D:\Recovered Documents\Moringa\Module 5\Summative2\realwaste\realwaste-main\RealWaste\Metal\Metal_369.jpg,524,524,RGB,1.0,116.7,144.35951,35.900787,15.6015625
Metal_37.jpg,Metal,D:\Recovered Documents\Moringa\Module 5\Summative2\realwaste\realwaste-main\RealWaste\Metal\Metal_37.jpg,524,524,RGB,1.0,160.8,159.27864,41.679237,34.421005
Metal_370.jpg,Metal,D:\Recovered Documents\Moringa\Module 5\Summative2\realwaste\realwaste-main\RealWaste\Metal\Metal_370.jpg,524,524,RGB,1.0,102.5,152.58203,36.68488,19.21007
Metal_371.jpg,Metal,D:\Recovered Documents\Moringa\Module 5\Summative2\realwaste\realwaste-main\RealWaste\Metal\Metal_371.jpg,524,524,RGB,1.0,117.8,149.73582,29.90005,24.320312
Metal_372.jpg,Metal,D:\Recovered Documents\Moringa\Module 5\Summative2\realwaste\realwaste-main\RealWaste\Metal\Metal_372.jpg,524,524,RGB,1.0,128.4,136.18185,37.074566,26.255642
Metal_373.jpg,Metal,D:\Recovered Documents\Moringa\Module 5\Summative2\realwaste\realwaste-main\RealWaste\Metal\Metal_373.jpg,524,524,RGB,1.0,114.7,138.5625,36.26625,27.92231
Metal_374.jpg,Metal,D:\Recovered Documents\Moringa\Module 5\Summative2\realwaste\realwaste-main\RealWaste\Metal\Metal_374.jpg,524,524,RGB,1.0,107.6,138.81207,31.513626,28.306858
Metal_375.jpg,Metal,D:\Recovered Documents\Moringa\Module 5\Summative2\realwaste\realwaste-main\RealWaste\Metal\Metal_375.jpg,524,524,RGB,1.0,122.7,131.47049,40.441875,24.742188
Metal_376.jpg,Metal,D:\Recovered Documents\Moringa\Module 5\Summative2\realwaste\realwaste-main\RealWaste\Metal\Metal_376.jpg,524,524,RGB,1.0,89.7,142.81279,36.625195,16.043404
Metal_377.jpg,Metal,D:\Recovered Documents\Moringa\Module 5\Summative2\realwaste\realwaste-main\RealWaste\Metal\Metal_377.jpg,524,524,RGB,1.0,108.5,160.09853,31.239225,14.963542
Metal_378.jpg,Metal,D:\Recovered Documents\Moringa\Module 5\Summative2\realwaste\realwaste-main\RealWaste\Metal\Metal_378.jpg,524,524,RGB,1.0,111.0,161.95645,22.188076,12.898004
Metal_379.jpg,Metal,D:\Recovered Documents\Moringa\Module 5\Summative2\realwaste\realwaste-main\RealWaste\Metal\Metal_379.jpg,524,524,RGB,1.0,96.9,155.78197,54.14063,41.5217
Metal_38.jpg,Metal,D:\Recovered Documents\Moringa\Module 5\Summative2\realwaste\realwaste-main\RealWaste\Metal\Metal_38.jpg,524,524,RGB,1.0,113.7,164.88382,41.78567,36.969185
Metal_380.jpg,Metal,D:\Recovered Documents\Moringa\Module 5\Summative2\realwaste\realwaste-main\RealWaste\Metal\Metal_380.jpg,524,524,RGB,1.0,116.8,146.35185,42.575882,19.083767
Metal_381.jpg,Metal,D:\Recovered Documents\Moringa\Module 5\Summative2\realwaste\realwaste-main\RealWaste\Metal\Metal_381.jpg,524,524,RGB,1.0,114.1,154.9375,35.648876,12.32118
Metal_382.jpg,Metal,D:\Recovered Documents\Moringa\Module 5\Summative2\realwaste\realwaste-main\RealWaste\Metal\Metal_382.jpg,524,524,RGB,1.0,124.1,144.53473,32.176437,19.078993
Metal_383.jpg,Metal,D:\Recovered Documents\Moringa\Module 5\Summative2\realwaste\realwaste-main\RealWaste\Metal\Metal_383.jpg,524,524,RGB,1.0,111.6,149.704,38.657967,17.786459
Metal_384.jpg,Metal,D:\Recovered Documents\Moringa\Module 5\Summative2\realwaste\realwaste-main\RealWaste\Metal\Metal_384.jpg,524,524,RGB,1.0,110.9,152.43736,32.574314,17.0
Metal_385.jpg,Metal,D:\Recovered Documents\Moringa\Module 5\Summative2\realwaste\realwaste-main\RealWaste\Metal\Metal_385.jpg,524,524,RGB,1.0,113.0,148.12038,28.61723,16.317709
Metal_386.jpg,Metal,D:\Recovered Documents\Moringa\Module 5\Summative2\realwaste\realwaste-main\RealWaste\Metal\Metal_386.jpg,524,524,RGB,1.0,122.7,136.24031,39.369995,22.6671
Metal_387.jpg,Metal,D:\Recovered Documents\Moringa\Module 5\Summative2\realwaste\realwaste-main\RealWaste\Metal\Metal_387.jpg,524,524,RGB,1.0,132.3,143.88007,41.19513,23.5204
Metal_388.jpg,Metal,D:\Recovered Documents\Moringa\Module 5\Summative2\realwaste\realwaste-main\RealWaste\Metal\Metal_388.jpg,524,524,RGB,1.0,107.6,149.41087,36.81907,18.015625
Metal_389.jpg,Metal,D:\Recovered Documents\Moringa\Module 5\Summative2\realwaste\realwaste-main\RealWaste\Metal\Metal_389.jpg,524,524,RGB,1.0,137.4,115.28356,38.03681,22.573784
Metal_39.jpg,Metal,D:\Recovered Documents\Moringa\Module 5\Summative2\realwaste\realwaste-main\RealWaste\Metal\Metal_39.jpg,524,524,RGB,1.0,160.1,148.55223,42.973133,36.183594
Metal_390.jpg,Metal,D:\Recovered Documents\Moringa\Module 5\Summative2\realwaste\realwaste-main\RealWaste\Metal\Metal_390.jpg,524,524,RGB,1.0,69.3,152.17564,37.954044,16.477865
Metal_391.jpg,Metal,D:\Recovered Documents\Moringa\Module 5\Summative2\realwaste\realwaste-main\RealWaste\Metal\Metal_391.jpg,524,524,RGB,1.0,97.5,149.25594,35.77357,16.838976
Metal_392.jpg,Metal,D:\Recovered Documents\Moringa\Module 5\Summative2\realwaste\realwaste-main\RealWaste\Metal\Metal_392.jpg,524,524,RGB,1.0,120.7,138.67708,38.068768,22.683159
Metal_393.jpg,Metal,D:\Recovered Documents\Moringa\Module 5\Summative2\realwaste\realwaste-main\RealWaste\Metal\Metal_393.jpg,524,524,RGB,1.0,100.1,145.81178,34.51868,16.5829
Metal_394.jpg,Metal,D:\Recovered Documents\Moringa\Module 5\Summative2\realwaste\realwaste-main\RealWaste\Metal\Metal_394.jpg,524,524,RGB,1.0,167.2,166.11748,29.156824,19.003906
Metal_395.jpg,Metal,D:\Recovered Documents\Moringa\Module 5\Summative2\realwaste\realwaste-main\RealWaste\Metal\Metal_395.jpg,524,524,RGB,1.0,165.2,168.75868,28.391178,19.805122
Metal_396.jpg,Metal,D:\Recovered Documents\Moringa\Module 5\Summative2\realwaste\realwaste-main\RealWaste\Metal\Metal_396.jpg,524,524,RGB,1.0,166.5,169.93764,28.74529,20.304253
Metal_397.jpg,Metal,D:\Recovered Documents\Moringa\Module 5\Summative2\realwaste\realwaste-main\RealWaste\Metal\Metal_397.jpg,524,524,RGB,1.0,164.9,168.91609,29.201153,19.464409
Metal_398.jpg,Metal,D:\Recovered Documents\Moringa\Module 5\Summative2\realwaste\realwaste-main\RealWaste\Metal\Metal_398.jpg,524,524,RGB,1.0,165.2,157.09274,31.514542,52.375
Metal_399.jpg,Metal,D:\Recovered Documents\Moringa\Module 5\Summative2\realwaste\realwaste-main\RealWaste\Metal\Metal_399.jpg,524,524,RGB,1.0,103.4,151.08333,35.82889,17.870659
Metal_4.jpg,Metal,D:\Recovered Documents\Moringa\Module 5\Summative2\realwaste\realwaste-main\RealWaste\Metal\Metal_4.jpg,524,524,RGB,1.0,99.0,146.45284,50.72174,35.318142
Metal_40.jpg,Metal,D:\Recovered Documents\Moringa\Module 5\Summative2\realwaste\realwaste-main\RealWaste\Metal\Metal_40.jpg,524,524,RGB,1.0,157.5,151.82408,39.501507,35.47005
Metal_400.jpg,Metal,D:\Recovered Documents\Moringa\Module 5\Summative2\realwaste\realwaste-main\RealWaste\Metal\Metal_400.jpg,524,524,RGB,1.0,105.9,144.89323,40.740112,22.4796
Metal_401.jpg,Metal,D:\Recovered Documents\Moringa\Module 5\Summative2\realwaste\realwaste-main\RealWaste\Metal\Metal_401.jpg,524,524,RGB,1.0,92.4,142.44748,45.058994,39.95052
Metal_402.jpg,Metal,D:\Recovered Documents\Moringa\Module 5\Summative2\realwaste\realwaste-main\RealWaste\Metal\Metal_402.jpg,524,524,RGB,1.0,124.9,128.61429,39.250835,23.746529
Metal_403.jpg,Metal,D:\Recovered Documents\Moringa\Module 5\Summative2\realwaste\realwaste-main\RealWaste\Metal\Metal_403.jpg,524,524,RGB,1.0,114.2,148.18591,35.30247,19.414497
Metal_404.jpg,Metal,D:\Recovered Documents\Moringa\Module 5\Summative2\realwaste\realwaste-main\RealWaste\Metal\Metal_404.jpg,524,524,RGB,1.0,139.4,132.08739,39.300003,25.305122
Metal_405.jpg,Metal,D:\Recovered Documents\Moringa\Module 5\Summative2\realwaste\realwaste-main\RealWaste\Metal\Metal_405.jpg,524,524,RGB,1.0,114.0,141.00275,46.194016,21.608072
Metal_406.jpg,Metal,D:\Recovered Documents\Moringa\Module 5\Summative2\realwaste\realwaste-main\RealWaste\Metal\Metal_406.jpg,524,524,RGB,1.0,112.8,136.57205,44.053448,28.697483
Metal_407.jpg,Metal,D:\Recovered Documents\Moringa\Module 5\Summative2\realwaste\realwaste-main\RealWaste\Metal\Metal_407.jpg,524,524,RGB,1.0,124.7,129.86893,39.029217,21.991753
Metal_408.jpg,Metal,D:\Recovered Documents\Moringa\Module 5\Summative2\realwaste\realwaste-main\RealWaste\Metal\Metal_408.jpg,524,524,RGB,1.0,110.7,163.57726,30.635483,11.764323
Metal_409.jpg,Metal,D:\Recovered Documents\Moringa\Module 5\Summative2\realwaste\realwaste-main\RealWaste\Metal\Metal_409.jpg,524,524,RGB,1.0,146.1,154.72844,36.259148,89.734375
Metal_41.jpg,Metal,D:\Recovered Documents\Moringa\Module 5\Summative2\realwaste\realwaste-main\RealWaste\Metal\Metal_41.jpg,524,524,RGB,1.0,165.6,152.84013,38.9752,22.488281
Metal_410.jpg,Metal,D:\Recovered Documents\Moringa\Module 5\Summative2\realwaste\realwaste-main\RealWaste\Metal\Metal_410.jpg,524,524,RGB,1.0,147.4,147.74957,39.255356,96.61806
Metal_411.jpg,Metal,D:\Recovered Documents\Moringa\Module 5\Summative2\realwaste\realwaste-main\RealWaste\Metal\Metal_411.jpg,524,524,RGB,1.0,151.7,152.6263,36.586395,91.55295
Metal_412.jpg,Metal,D:\Recovered Documents\Moringa\Module 5\Summative2\realwaste\realwaste-main\RealWaste\Metal\Metal_412.jpg,524,524,RGB,1.0,75.5,147.39236,44.94981,23.824219
Metal_413.jpg,Metal,D:\Recovered Documents\Moringa\Module 5\Summative2\realwaste\realwaste-main\RealWaste\Metal\Metal_413.jpg,524,524,RGB,1.0,155.2,134.4702,38.904266,94.14757
Metal_414.jpg,Metal,D:\Recovered Documents\Moringa\Module 5\Summative2\realwaste\realwaste-main\RealWaste\Metal\Metal_414.jpg,524,524,RGB,1.0,168.9,144.65582,35.02479,73.932724
Metal_415.jpg,Metal,D:\Recovered Documents\Moringa\Module 5\Summative2\realwaste\realwaste-main\RealWaste\Metal\Metal_415.jpg,524,524,RGB,1.0,117.6,143.61227,28.38092,23.830296
Metal_416.jpg,Metal,D:\Recovered Documents\Moringa\Module 5\Summative2\realwaste\realwaste-main\RealWaste\Metal\Metal_416.jpg,524,524,RGB,1.0,118.2,144.07306,33.798145,20.003906
Metal_417.jpg,Metal,D:\Recovered Documents\Moringa\Module 5\Summative2\realwaste\realwaste-main\RealWaste\Metal\Metal_417.jpg,524,524,RGB,1.0,120.5,135.40755,33.55777,20.258247
Metal_418.jpg,Metal,D:\Recovered Documents\Moringa\Module 5\Summative2\realwaste\realwaste-main\RealWaste\Metal\Metal_418.jpg,524,524,RGB,1.0,98.6,153.52025,31.347116,19.086372
Metal_419.jpg,Metal,D:\Recovered Documents\Moringa\Module 5\Summative2\realwaste\realwaste-main\RealWaste\Metal\Metal_419.jpg,524,524,RGB,1.0,114.6,160.74812,25.15957,17.094185
Metal_42.jpg,Metal,D:\Recovered Documents\Moringa\Module 5\Summative2\realwaste\realwaste-main\RealWaste\Metal\Metal_42.jpg,524,524,RGB,1.0,200.4,162.57321,24.6168,18.523872
Metal_420.jpg,Metal,D:\Recovered Documents\Moringa\Module 5\Summative2\realwaste\realwaste-main\RealWaste\Metal\Metal_420.jpg,524,524,RGB,1.0,99.8,163.21036,46.232433,21.703125
Metal_421.jpg,Metal,D:\Recovered Documents\Moringa\Module 5\Summative2\realwaste\realwaste-main\RealWaste\Metal\Metal_421.jpg,524,524,RGB,1.0,108.2,158.46643,50.160477,25.937935
Metal_422.jpg,Metal,D:\Recovered Documents\Moringa\Module 5\Summative2\realwaste\realwaste-main\RealWaste\Metal\Metal_422.jpg,524,524,RGB,1.0,108.7,138.1985,43.820835,23.588108
Metal_423.jpg,Metal,D:\Recovered Documents\Moringa\Module 5\Summative2\realwaste\realwaste-main\RealWaste\Metal\Metal_423.jpg,524,524,RGB,1.0,120.7,168.23741,40.99254,25.967882
Metal_424.jpg,Metal,D:\Recovered Documents\Moringa\Module 5\Summative2\realwaste\realwaste-main\RealWaste\Metal\Metal_424.jpg,524,524,RGB,1.0,127.5,153.53328,51.69526,33.273438
Metal_425.jpg,Metal,D:\Recovered Documents\Moringa\Module 5\Summative2\realwaste\realwaste-main\RealWaste\Metal\Metal_425.jpg,524,524,RGB,1.0,115.1,146.1509,42.784264,19.39019
Metal_426.jpg,Metal,D:\Recovered Documents\Moringa\Module 5\Summative2\realwaste\realwaste-main\RealWaste\Metal\Metal_426.jpg,524,524,RGB,1.0,122.0,146.03761,49.198864,22.0204
Metal_427.jpg,Metal,D:\Recovered Documents\Moringa\Module 5\Summative2\realwaste\realwaste-main\RealWaste\Metal\Metal_427.jpg,524,524,RGB,1.0,122.5,149.1807,40.521294,18.39106
Metal_428.jpg,Metal,D:\Recovered Documents\Moringa\Module 5\Summative2\realwaste\realwaste-main\RealWaste\Metal\Metal_428.jpg,524,524,RGB,1.0,124.2,148.46759,46.548046,20.995226
Metal_429.jpg,Metal,D:\Recovered Documents\Moringa\Module 5\Summative2\realwaste\realwaste-main\RealWaste\Metal\Metal_429.jpg,524,524,RGB,1.0,102.9,157.24045,31.051737,10.851996
Metal_43.jpg,Metal,D:\Recovered Documents\Moringa\Module 5\Summative2\realwaste\realwaste-main\RealWaste\Metal\Metal_43.jpg,524,524,RGB,1.0,112.9,160.62341,27.191021,15.0911455
Metal_430.jpg,Metal,D:\Recovered Documents\Moringa\Module 5\Summative2\realwaste\realwaste-main\RealWaste\Metal\Metal_430.jpg,524,524,RGB,1.0,119.4,150.44603,33.516266,11.927517
Metal_431.jpg,Metal,D:\Recovered Documents\Moringa\Module 5\Summative2\realwaste\realwaste-main\RealWaste\Metal\Metal_431.jpg,524,524,RGB,1.0,116.5,156.70312,35.068707,9.150608
Metal_432.jpg,Metal,D:\Recovered Documents\Moringa\Module 5\Summative2\realwaste\realwaste-main\RealWaste\Metal\Metal_432.jpg,524,524,RGB,1.0,104.0,164.6885,24.085234,8.1380205
Metal_433.jpg,Metal,D:\Recovered Documents\Moringa\Module 5\Summative2\realwaste\realwaste-main\RealWaste\Metal\Metal_433.jpg,524,524,RGB,1.0,119.9,146.46991,37.098263,21.67014
Metal_434.jpg,Metal,D:\Recovered Documents\Moringa\Module 5\Summative2\realwaste\realwaste-main\RealWaste\Metal\Metal_434.jpg,524,524,RGB,1.0,81.9,152.93127,44.619976,25.4579
Metal_435.jpg,Metal,D:\Recovered Documents\Moringa\Module 5\Summative2\realwaste\realwaste-main\RealWaste\Metal\Metal_435.jpg,524,524,RGB,1.0,103.6,151.49841,34.40584,19.74132
Metal_436.jpg,Metal,D:\Recovered Documents\Moringa\Module 5\Summative2\realwaste\realwaste-main\RealWaste\Metal\Metal_436.jpg,524,524,RGB,1.0,104.9,153.38817,32.87829,19.736979
Metal_437.jpg,Metal,D:\Recovered Documents\Moringa\Module 5\Summative2\realwaste\realwaste-main\RealWaste\Metal\Metal_437.jpg,524,524,RGB,1.0,104.2,147.68982,31.22248,18.682726
Metal_438.jpg,Metal,D:\Recovered Documents\Moringa\Module 5\Summative2\realwaste\realwaste-main\RealWaste\Metal\Metal_438.jpg,524,524,RGB,1.0,111.9,162.56554,31.889439,13.838542
Metal_439.jpg,Metal,D:\Recovered Documents\Moringa\Module 5\Summative2\realwaste\realwaste-main\RealWaste\Metal\Metal_439.jpg,524,524,RGB,1.0,112.1,155.76244,37.61658,13.098958
Metal_44.jpg,Metal,D:\Recovered Documents\Moringa\Module 5\Summative2\realwaste\realwaste-main\RealWaste\Metal\Metal_44.jpg,524,524,RGB,1.0,158.2,167.0978,41.322285,17.081163
Metal_440.jpg,Metal,D:\Recovered Documents\Moringa\Module 5\Summative2\realwaste\realwaste-main\RealWaste\Metal\Metal_440.jpg,524,524,RGB,1.0,100.4,164.11473,26.721249,8.832031
Metal_441.jpg,Metal,D:\Recovered Documents\Moringa\Module 5\Summative2\realwaste\realwaste-main\RealWaste\Metal\Metal_441.jpg,524,524,RGB,1.0,101.7,155.13773,37.866016,13.543837
Metal_442.jpg,Metal,D:\Recovered Documents\Moringa\Module 5\Summative2\realwaste\realwaste-main\RealWaste\Metal\Metal_442.jpg,524,524,RGB,1.0,97.2,155.2173,39.424194,11.338542
Metal_443.jpg,Metal,D:\Recovered Documents\Moringa\Module 5\Summative2\realwaste\realwaste-main\RealWaste\Metal\Metal_443.jpg,524,524,RGB,1.0,110.0,162.12558,20.315655,6.9448786
Metal_444.jpg,Metal,D:\Recovered Documents\Moringa\Module 5\Summative2\realwaste\realwaste-main\RealWaste\Metal\Metal_444.jpg,524,524,RGB,1.0,104.5,163.04616,29.47725,9.384114
Metal_445.jpg,Metal,D:\Recovered Documents\Moringa\Module 5\Summative2\realwaste\realwaste-main\RealWaste\Metal\Metal_445.jpg,524,524,RGB,1.0,101.2,139.88802,44.12601,16.137154
Metal_446.jpg,Metal,D:\Recovered Documents\Moringa\Module 5\Summative2\realwaste\realwaste-main\RealWaste\Metal\Metal_446.jpg,524,524,RGB,1.0,60.6,168.98524,37.277206,16.608507
Metal_447.jpg,Metal,D:\Recovered Documents\Moringa\Module 5\Summative2\realwaste\realwaste-main\RealWaste\Metal\Metal_447.jpg,524,524,RGB,1.0,121.1,158.97194,33.021675,16.129341
Metal_448.jpg,Metal,D:\Recovered Documents\Moringa\Module 5\Summative2\realwaste\realwaste-main\RealWaste\Metal\Metal_448.jpg,524,524,RGB,1.0,129.5,133.67737,36.259125,18.826822
Metal_449.jpg,Metal,D:\Recovered Documents\Moringa\Module 5\Summative2\realwaste\realwaste-main\RealWaste\Metal\Metal_449.jpg,524,524,RGB,1.0,116.6,146.62558,32.623325,18.08507
Metal_45.jpg,Metal,D:\Recovered Documents\Moringa\Module 5\Summative2\realwaste\realwaste-main\RealWaste\Metal\Metal_45.jpg,524,524,RGB,1.0,199.5,167.05946,21.166594,15.670139
Metal_450.jpg,Metal,D:\Recovered Documents\Moringa\Module 5\Summative2\realwaste\realwaste-main\RealWaste\Metal\Metal_450.jpg,524,524,RGB,1.0,103.9,159.7529,36.958557,16.099392
Metal_451.jpg,Metal,D:\Recovered Documents\Moringa\Module 5\Summative2\realwaste\realwaste-main\RealWaste\Metal\Metal_451.jpg,524,524,RGB,1.0,117.5,153.66145,30.27634,17.55165
Metal_452.jpg,Metal,D:\Recovered Documents\Moringa\Module 5\Summative2\realwaste\realwaste-main\RealWaste\Metal\Metal_452.jpg,524,524,RGB,1.0,118.4,162.2704,27.627659,15.434028
Metal_453.jpg,Metal,D:\Recovered Documents\Moringa\Module 5\Summative2\realwaste\realwaste-main\RealWaste\Metal\Metal_453.jpg,524,524,RGB,1.0,123.2,147.34723,60.1522,33.709637
Metal_454.jpg,Metal,D:\Recovered Documents\Moringa\Module 5\Summative2\realwaste\realwaste-main\RealWaste\Metal\Metal_454.jpg,524,524,RGB,1.0,144.5,139.70355,41.219845,20.746962
Metal_455.jpg,Metal,D:\Recovered Documents\Moringa\Module 5\Summative2\realwaste\realwaste-main\RealWaste\Metal\Metal_455.jpg,524,524,RGB,1.0,74.5,137.89192,41.529526,24.961372
Metal_456.jpg,Metal,D:\Recovered Documents\Moringa\Module 5\Summative2\realwaste\realwaste-main\RealWaste\Metal\Metal_456.jpg,524,524,RGB,1.0,107.8,155.24261,31.287926,7.8810763
Metal_457.jpg,Metal,D:\Recovered Documents\Moringa\Module 5\Summative2\realwaste\realwaste-main\RealWaste\Metal\Metal_457.jpg,524,524,RGB,1.0,116.1,148.25594,64.8879,24.905382
Metal_458.jpg,Metal,D:\Recovered Documents\Moringa\Module 5\Summative2\realwaste\realwaste-main\RealWaste\Metal\Metal_458.jpg,524,524,RGB,1.0,116.6,165.39569,33.705017,5.96441
Metal_459.jpg,Metal,D:\Recovered Documents\Moringa\Module 5\Summative2\realwaste\realwaste-main\RealWaste\Metal\Metal_459.jpg,524,524,RGB,1.0,95.6,153.17491,43.261475,17.269096
Metal_46.jpg,Metal,D:\Recovered Documents\Moringa\Module 5\Summative2\realwaste\realwaste-main\RealWaste\Metal\Metal_46.jpg,524,524,RGB,1.0,108.2,138.72453,52.77908,27.59375
Metal_460.jpg,Metal,D:\Recovered Documents\Moringa\Module 5\Summative2\realwaste\realwaste-main\RealWaste\Metal\Metal_460.jpg,524,524,RGB,1.0,133.9,130.58449,46.286346,27.01389
Metal_461.jpg,Metal,D:\Recovered Documents\Moringa\Module 5\Summative2\realwaste\realwaste-main\RealWaste\Metal\Metal_461.jpg,524,524,RGB,1.0,117.5,173.81293,26.036753,6.279514
Metal_462.jpg,Metal,D:\Recovered Documents\Moringa\Module 5\Summative2\realwaste\realwaste-main\RealWaste\Metal\Metal_462.jpg,524,524,RGB,1.0,122.9,153.75433,28.575565,10.183594
Metal_463.jpg,Metal,D:\Recovered Documents\Moringa\Module 5\Summative2\realwaste\realwaste-main\RealWaste\Metal\Metal_463.jpg,524,524,RGB,1.0,119.9,173.57379,23.443281,6.047743
Metal_464.jpg,Metal,D:\Recovered Documents\Moringa\Module 5\Summative2\realwaste\realwaste-main\RealWaste\Metal\Metal_464.jpg,524,524,RGB,1.0,81.5,151.39236,36.063248,19.743923
Metal_465.jpg,Metal,D:\Recovered Documents\Moringa\Module 5\Summative2\realwaste\realwaste-main\RealWaste\Metal\Metal_465.jpg,524,524,RGB,1.0,141.6,124.316696,39.322746,25.213541
Metal_466.jpg,Metal,D:\Recovered Documents\Moringa\Module 5\Summative2\realwaste\realwaste-main\RealWaste\Metal\Metal_466.jpg,524,524,RGB,1.0,103.7,145.25795,55.70639,24.711372
Metal_467.jpg,Metal,D:\Recovered Documents\Moringa\Module 5\Summative2\realwaste\realwaste-main\RealWaste\Metal\Metal_467.jpg,524,524,RGB,1.0,120.0,141.90611,34.333115,20.603298
Metal_468.jpg,Metal,D:\Recovered Documents\Moringa\Module 5\Summative2\realwaste\realwaste-main\RealWaste\Metal\Metal_468.jpg,524,524,RGB,1.0,95.4,148.62514,45.41888,29.118055
Metal_469.jpg,Metal,D:\Recovered Documents\Moringa\Module 5\Summative2\realwaste\realwaste-main\RealWaste\Metal\Metal_469.jpg,524,524,RGB,1.0,142.3,130.40625,52.515873,29.019966
Metal_47.jpg,Metal,D:\Recovered Documents\Moringa\Module 5\Summative2\realwaste\realwaste-main\RealWaste\Metal\Metal_47.jpg,524,524,RGB,1.0,207.4,151.12051,24.470896,26.355034
Metal_470.jpg,Metal,D:\Recovered Documents\Moringa\Module 5\Summative2\realwaste\realwaste-main\RealWaste\Metal\Metal_470.jpg,524,524,RGB,1.0,128.8,138.51721,37.44104,21.884983
Metal_471.jpg,Metal,D:\Recovered Documents\Moringa\Module 5\Summative2\realwaste\realwaste-main\RealWaste\Metal\Metal_471.jpg,524,524,RGB,1.0,105.7,165.62341,28.492302,8.915364
Metal_472.jpg,Metal,D:\Recovered Documents\Moringa\Module 5\Summative2\realwaste\realwaste-main\RealWaste\Metal\Metal_472.jpg,524,524,RGB,1.0,63.2,148.18114,72.677246,22.73481
Metal_473.jpg,Metal,D:\Recovered Documents\Moringa\Module 5\Summative2\realwaste\realwaste-main\RealWaste\Metal\Metal_473.jpg,524,524,RGB,1.0,105.9,159.5842,32.719513,10.185329
Metal_474.jpg,Metal,D:\Recovered Documents\Moringa\Module 5\Summative2\realwaste\realwaste-main\RealWaste\Metal\Metal_474.jpg,524,524,RGB,1.0,68.5,170.7798,40.954308,9.032552
Metal_475.jpg,Metal,D:\Recovered Documents\Moringa\Module 5\Summative2\realwaste\realwaste-main\RealWaste\Metal\Metal_475.jpg,524,524,RGB,1.0,113.7,158.81322,51.023098,15.516493
Metal_476.jpg,Metal,D:\Recovered Documents\Moringa\Module 5\Summative2\realwaste\realwaste-main\RealWaste\Metal\Metal_476.jpg,524,524,RGB,1.0,75.7,129.53111,84.244484,43.38889
Metal_477.jpg,Metal,D:\Recovered Documents\Moringa\Module 5\Summative2\realwaste\realwaste-main\RealWaste\Metal\Metal_477.jpg,524,524,RGB,1.0,110.8,150.0502,49.522957,18.030815
Metal_478.jpg,Metal,D:\Recovered Documents\Moringa\Module 5\Summative2\realwaste\realwaste-main\RealWaste\Metal\Metal_478.jpg,524,524,RGB,1.0,99.8,147.12181,50.549515,18.165365
Metal_479.jpg,Metal,D:\Recovered Documents\Moringa\Module 5\Summative2\realwaste\realwaste-main\RealWaste\Metal\Metal_479.jpg,524,524,RGB,1.0,94.2,130.84592,48.713688,35.553818
Metal_48.jpg,Metal,D:\Recovered Documents\Moringa\Module 5\Summative2\realwaste\realwaste-main\RealWaste\Metal\Metal_48.jpg,524,524,RGB,1.0,187.9,162.96889,29.057451,29.83724
Metal_480.jpg,Metal,D:\Recovered Documents\Moringa\Module 5\Summative2\realwaste\realwaste-main\RealWaste\Metal\Metal_480.jpg,524,524,RGB,1.0,151.0,122.604744,39.23868,29.213976
Metal_481.jpg,Metal,D:\Recovered Documents\Moringa\Module 5\Summative2\realwaste\realwaste-main\RealWaste\Metal\Metal_481.jpg,524,524,RGB,1.0,131.1,140.49681,36.12437,19.679688
Metal_482.jpg,Metal,D:\Recovered Documents\Moringa\Module 5\Summative2\realwaste\realwaste-main\RealWaste\Metal\Metal_482.jpg,524,524,RGB,1.0,119.7,156.46194,38.635723,19.802952
Metal_483.jpg,Metal,D:\Recovered Documents\Moringa\Module 5\Summative2\realwaste\realwaste-main\RealWaste\Metal\Metal_483.jpg,524,524,RGB,1.0,67.6,153.0,51.326363,17.253471
Metal_484.jpg,Metal,D:\Recovered Documents\Moringa\Module 5\Summative2\realwaste\realwaste-main\RealWaste\Metal\Metal_484.jpg,524,524,RGB,1.0,120.5,162.54701,27.636889,14.540798
Metal_485.jpg,Metal,D:\Recovered Documents\Moringa\Module 5\Summative2\realwaste\realwaste-main\RealWaste\Metal\Metal_485.jpg,524,524,RGB,1.0,118.5,153.98929,30.941582,17.965279
Metal_486.jpg,Metal,D:\Recovered Documents\Moringa\Module 5\Summative2\realwaste\realwaste-main\RealWaste\Metal\Metal_486.jpg,524,524,RGB,1.0,108.1,155.97308,33.59071,18.311632
Metal_487.jpg,Metal,D:\Recovered Documents\Moringa\Module 5\Summative2\realwaste\realwaste-main\RealWaste\Metal\Metal_487.jpg,524,524,RGB,1.0,134.6,150.59737,48.351616,25.212673
Metal_488.jpg,Metal,D:\Recovered Documents\Moringa\Module 5\Summative2\realwaste\realwaste-main\RealWaste\Metal\Metal_488.jpg,524,524,RGB,1.0,130.5,147.81554,44.80336,21.501303
Metal_489.jpg,Metal,D:\Recovered Documents\Moringa\Module 5\Summative2\realwaste\realwaste-main\RealWaste\Metal\Metal_489.jpg,524,524,RGB,1.0,138.6,141.37645,59.135838,41.960938
Metal_49.jpg,Metal,D:\Recovered Documents\Moringa\Module 5\Summative2\realwaste\realwaste-main\RealWaste\Metal\Metal_49.jpg,524,524,RGB,1.0,171.5,158.09766,29.512962,24.14106
Metal_490.jpg,Metal,D:\Recovered Documents\Moringa\Module 5\Summative2\realwaste\realwaste-main\RealWaste\Metal\Metal_490.jpg,524,524,RGB,1.0,105.9,153.83102,43.15669,20.549479
Metal_491.jpg,Metal,D:\Recovered Documents\Moringa\Module 5\Summative2\realwaste\realwaste-main\RealWaste\Metal\Metal_491.jpg,524,524,RGB,1.0,121.7,146.10605,44.46033,22.927952
Metal_492.jpg,Metal,D:\Recovered Documents\Moringa\Module 5\Summative2\realwaste\realwaste-main\RealWaste\Metal\Metal_492.jpg,524,524,RGB,1.0,111.4,148.16609,47.73227,23.805122
Metal_493.jpg,Metal,D:\Recovered Documents\Moringa\Module 5\Summative2\realwaste\realwaste-main\RealWaste\Metal\Metal_493.jpg,524,524,RGB,1.0,116.7,146.48424,33.00476,16.783854
Metal_494.jpg,Metal,D:\Recovered Documents\Moringa\Module 5\Summative2\realwaste\realwaste-main\RealWaste\Metal\Metal_494.jpg,524,524,RGB,1.0,122.4,146.12457,40.696705,17.870226
Metal_495.jpg,Metal,D:\Recovered Documents\Moringa\Module 5\Summative2\realwaste\realwaste-main\RealWaste\Metal\Metal_495.jpg,524,524,RGB,1.0,128.8,156.50911,49.242393,60.898003
Metal_496.jpg,Metal,D:\Recovered Documents\Moringa\Module 5\Summative2\realwaste\realwaste-main\RealWaste\Metal\Metal_496.jpg,524,524,RGB,1.0,102.8,163.85938,34.61437,9.772136
Metal_497.jpg,Metal,D:\Recovered Documents\Moringa\Module 5\Summative2\realwaste\realwaste-main\RealWaste\Metal\Metal_497.jpg,524,524,RGB,1.0,124.8,168.74161,21.195362,3.4288194
Metal_498.jpg,Metal,D:\Recovered Documents\Moringa\Module 5\Summative2\realwaste\realwaste-main\RealWaste\Metal\Metal_498.jpg,524,524,RGB,1.0,116.4,167.99377,30.627922,5.8125
Metal_499.jpg,Metal,D:\Recovered Documents\Moringa\Module 5\Summative2\realwaste\realwaste-main\RealWaste\Metal\Metal_499.jpg,524,524,RGB,1.0,125.0,165.52502,25.550495,5.5850697
Metal_5.jpg,Metal,D:\Recovered Documents\Moringa\Module 5\Summative2\realwaste\realwaste-main\RealWaste\Metal\Metal_5.jpg,524,524,RGB,1.0,105.5,139.19315,65.48872,44.476562
Metal_50.jpg,Metal,D:\Recovered Documents\Moringa\Module 5\Summative2\realwaste\realwaste-main\RealWaste\Metal\Metal_50.jpg,524,524,RGB,1.0,151.1,144.59389,26.012642,24.276476
Metal_500.jpg,Metal,D:\Recovered Documents\Moringa\Module 5\Summative2\realwaste\realwaste-main\RealWaste\Metal\Metal_500.jpg,524,524,RGB,1.0,122.0,165.2215,34.078167,7.0086803
Metal_501.jpg,Metal,D:\Recovered Documents\Moringa\Module 5\Summative2\realwaste\realwaste-main\RealWaste\Metal\Metal_501.jpg,524,524,RGB,1.0,115.6,131.76549,54.6119,26.839844
Metal_502.jpg,Metal,D:\Recovered Documents\Moringa\Module 5\Summative2\realwaste\realwaste-main\RealWaste\Metal\Metal_502.jpg,524,524,RGB,1.0,128.0,164.32654,34.929665,7.078559
Metal_503.jpg,Metal,D:\Recovered Documents\Moringa\Module 5\Summative2\realwaste\realwaste-main\RealWaste\Metal\Metal_503.jpg,524,524,RGB,1.0,120.0,163.85808,31.229767,6.4461803
Metal_504.jpg,Metal,D:\Recovered Documents\Moringa\Module 5\Summative2\realwaste\realwaste-main\RealWaste\Metal\Metal_504.jpg,524,524,RGB,1.0,115.6,169.32002,29.27262,6.9791665
Metal_505.jpg,Metal,D:\Recovered Documents\Moringa\Module 5\Summative2\realwaste\realwaste-main\RealWaste\Metal\Metal_505.jpg,524,524,RGB,1.0,115.3,167.72063,34.421783,8.037327
Metal_506.jpg,Metal,D:\Recovered Documents\Moringa\Module 5\Summative2\realwaste\realwaste-main\RealWaste\Metal\Metal_506.jpg,524,524,RGB,1.0,140.0,160.20819,35.650585,18.92231
Metal_507.jpg,Metal,D:\Recovered Documents\Moringa\Module 5\Summative2\realwaste\realwaste-main\RealWaste\Metal\Metal_507.jpg,524,524,RGB,1.0,108.5,164.5502,39.40484,14.150608
Metal_508.jpg,Metal,D:\Recovered Documents\Moringa\Module 5\Summative2\realwaste\realwaste-main\RealWaste\Metal\Metal_508.jpg,524,524,RGB,1.0,136.6,154.94357,34.378174,12.154948
Metal_509.jpg,Metal,D:\Recovered Documents\Moringa\Module 5\Summative2\realwaste\realwaste-main\RealWaste\Metal\Metal_509.jpg,524,524,RGB,1.0,124.7,167.97165,46.019848,15.572048
Metal_51.jpg,Metal,D:\Recovered Documents\Moringa\Module 5\Summative2\realwaste\realwaste-main\RealWaste\Metal\Metal_51.jpg,524,524,RGB,1.0,192.6,164.60085,34.58378,18.61849
Metal_510.jpg,Metal,D:\Recovered Documents\Moringa\Module 5\Summative2\realwaste\realwaste-main\RealWaste\Metal\Metal_510.jpg,524,524,RGB,1.0,111.2,162.11893,35.54171,9.627171
Metal_511.jpg,Metal,D:\Recovered Documents\Moringa\Module 5\Summative2\realwaste\realwaste-main\RealWaste\Metal\Metal_511.jpg,524,524,RGB,1.0,135.7,149.84274,35.255444,14.829427
Metal_512.jpg,Metal,D:\Recovered Documents\Moringa\Module 5\Summative2\realwaste\realwaste-main\RealWaste\Metal\Metal_512.jpg,524,524,RGB,1.0,106.9,133.05426,54.331554,23.848959
Metal_513.jpg,Metal,D:\Recovered Documents\Moringa\Module 5\Summative2\realwaste\realwaste-main\RealWaste\Metal\Metal_513.jpg,524,524,RGB,1.0,108.8,152.45906,35.77391,9.610243
Metal_514.jpg,Metal,D:\Recovered Documents\Moringa\Module 5\Summative2\realwaste\realwaste-main\RealWaste\Metal\Metal_514.jpg,524,524,RGB,1.0,126.1,170.40047,14.148025,8.024305
Metal_515.jpg,Metal,D:\Recovered Documents\Moringa\Module 5\Summative2\realwaste\realwaste-main\RealWaste\Metal\Metal_515.jpg,524,524,RGB,1.0,128.0,174.55107,16.760767,7.827691
Metal_516.jpg,Metal,D:\Recovered Documents\Moringa\Module 5\Summative2\realwaste\realwaste-main\RealWaste\Metal\Metal_516.jpg,524,524,RGB,1.0,116.2,176.61893,26.147425,5.794271
Metal_517.jpg,Metal,D:\Recovered Documents\Moringa\Module 5\Summative2\realwaste\realwaste-main\RealWaste\Metal\Metal_517.jpg,524,524,RGB,1.0,103.1,174.784,22.6807,6.1163197
Metal_518.jpg,Metal,D:\Recovered Documents\Moringa\Module 5\Summative2\realwaste\realwaste-main\RealWaste\Metal\Metal_518.jpg,524,524,RGB,1.0,102.2,176.09317,25.354797,7.8854165
Metal_519.jpg,Metal,D:\Recovered Documents\Moringa\Module 5\Summative2\realwaste\realwaste-main\RealWaste\Metal\Metal_519.jpg,524,524,RGB,1.0,94.5,175.25768,34.442493,10.944879
Metal_52.jpg,Metal,D:\Recovered Documents\Moringa\Module 5\Summative2\realwaste\realwaste-main\RealWaste\Metal\Metal_52.jpg,524,524,RGB,1.0,129.4,150.88094,25.164095,24.894096
Metal_520.jpg,Metal,D:\Recovered Documents\Moringa\Module 5\Summative2\realwaste\realwaste-main\RealWaste\Metal\Metal_520.jpg,524,524,RGB,1.0,117.2,162.91377,27.25532,10.918837
Metal_521.jpg,Metal,D:\Recovered Documents\Moringa\Module 5\Summative2\realwaste\realwaste-main\RealWaste\Metal\Metal_521.jpg,524,524,RGB,1.0,113.4,164.26273,30.449633,12.252171
Metal_522.jpg,Metal,D:\Recovered Documents\Moringa\Module 5\Summative2\realwaste\realwaste-main\RealWaste\Metal\Metal_522.jpg,524,524,RGB,1.0,119.2,152.50536,34.325928,18.256945
Metal_523.jpg,Metal,D:\Recovered Documents\Moringa\Module 5\Summative2\realwaste\realwaste-main\RealWaste\Metal\Metal_523.jpg,524,524,RGB,1.0,124.5,139.42665,58.9247,26.958334
Metal_524.jpg,Metal,D:\Recovered Documents\Moringa\Module 5\Summative2\realwaste\realwaste-main\RealWaste\Metal\Metal_524.jpg,524,524,RGB,1.0,134.5,144.3368,39.392227,22.998264
Metal_525.jpg,Metal,D:\Recovered Documents\Moringa\Module 5\Summative2\realwaste\realwaste-main\RealWaste\Metal\Metal_525.jpg,524,524,RGB,1.0,154.0,136.51736,47.326694,19.73611
Metal_526.jpg,Metal,D:\Recovered Documents\Moringa\Module 5\Summative2\realwaste\realwaste-main\RealWaste\Metal\Metal_526.jpg,524,524,RGB,1.0,153.5,151.73163,48.773933,16.458334
Metal_527.jpg,Metal,D:\Recovered Documents\Moringa\Module 5\Summative2\realwaste\realwaste-main\RealWaste\Metal\Metal_527.jpg,524,524,RGB,1.0,117.8,148.89656,48.24063,22.202257
Metal_528.jpg,Metal,D:\Recovered Documents\Moringa\Module 5\Summative2\realwaste\realwaste-main\RealWaste\Metal\Metal_528.jpg,524,524,RGB,1.0,111.2,165.36761,21.234516,5.953993
Metal_529.jpg,Metal,D:\Recovered Documents\Moringa\Module 5\Summative2\realwaste\realwaste-main\RealWaste\Metal\Metal_529.jpg,524,524,RGB,1.0,108.4,167.85808,21.619038,4.483507
Metal_53.jpg,Metal,D:\Recovered Documents\Moringa\Module 5\Summative2\realwaste\realwaste-main\RealWaste\Metal\Metal_53.jpg,524,524,RGB,1.0,206.1,162.3695,21.26394,19.026041
Metal_530.jpg,Metal,D:\Recovered Documents\Moringa\Module 5\Summative2\realwaste\realwaste-main\RealWaste\Metal\Metal_530.jpg,524,524,RGB,1.0,117.7,164.22511,23.368975,8.133246
Metal_531.jpg,Metal,D:\Recovered Documents\Moringa\Module 5\Summative2\realwaste\realwaste-main\RealWaste\Metal\Metal_531.jpg,524,524,RGB,1.0,113.7,160.45804,30.66161,9.769531
Metal_532.jpg,Metal,D:\Recovered Documents\Moringa\Module 5\Summative2\realwaste\realwaste-main\RealWaste\Metal\Metal_532.jpg,524,524,RGB,1.0,136.0,135.7882,30.960913,13.6536455
Metal_533.jpg,Metal,D:\Recovered Documents\Moringa\Module 5\Summative2\realwaste\realwaste-main\RealWaste\Metal\Metal_533.jpg,524,524,RGB,1.0,115.6,166.36705,27.164291,6.075521
Metal_534.jpg,Metal,D:\Recovered Documents\Moringa\Module 5\Summative2\realwaste\realwaste-main\RealWaste\Metal\Metal_534.jpg,524,524,RGB,1.0,101.1,162.3996,54.59383,12.99132
Metal_535.jpg,Metal,D:\Recovered Documents\Moringa\Module 5\Summative2\realwaste\realwaste-main\RealWaste\Metal\Metal_535.jpg,524,524,RGB,1.0,125.3,146.85677,22.39547,9.944879
Metal_536.jpg,Metal,D:\Recovered Documents\Moringa\Module 5\Summative2\realwaste\realwaste-main\RealWaste\Metal\Metal_536.jpg,524,524,RGB,1.0,143.4,135.44112,28.775251,12.100695
Metal_537.jpg,Metal,D:\Recovered Documents\Moringa\Module 5\Summative2\realwaste\realwaste-main\RealWaste\Metal\Metal_537.jpg,524,524,RGB,1.0,114.8,177.41074,25.915955,4.799045
Metal_538.jpg,Metal,D:\Recovered Documents\Moringa\Module 5\Summative2\realwaste\realwaste-main\RealWaste\Metal\Metal_538.jpg,524,524,RGB,1.0,120.0,170.04225,27.413061,6.3125
Metal_539.jpg,Metal,D:\Recovered Documents\Moringa\Module 5\Summative2\realwaste\realwaste-main\RealWaste\Metal\Metal_539.jpg,524,524,RGB,1.0,116.1,170.46571,29.050472,4.7604165
Metal_54.jpg,Metal,D:\Recovered Documents\Moringa\Module 5\Summative2\realwaste\realwaste-main\RealWaste\Metal\Metal_54.jpg,524,524,RGB,1.0,167.9,166.05931,22.053444,12.971788
Metal_540.jpg,Metal,D:\Recovered Documents\Moringa\Module 5\Summative2\realwaste\realwaste-main\RealWaste\Metal\Metal_540.jpg,524,524,RGB,1.0,112.5,140.25275,30.301737,13.217882
Metal_541.jpg,Metal,D:\Recovered Documents\Moringa\Module 5\Summative2\realwaste\realwaste-main\RealWaste\Metal\Metal_541.jpg,524,524,RGB,1.0,98.3,167.75752,42.60147,11.166667
Metal_542.jpg,Metal,D:\Recovered Documents\Moringa\Module 5\Summative2\realwaste\realwaste-main\RealWaste\Metal\Metal_542.jpg,524,524,RGB,1.0,103.4,151.11198,38.45118,18.022135
Metal_543.jpg,Metal,D:\Recovered Documents\Moringa\Module 5\Summative2\realwaste\realwaste-main\RealWaste\Metal\Metal_543.jpg,524,524,RGB,1.0,113.1,171.29977,23.780247,6.7565103
Metal_544.jpg,Metal,D:\Recovered Documents\Moringa\Module 5\Summative2\realwaste\realwaste-main\RealWaste\Metal\Metal_544.jpg,524,524,RGB,1.0,114.9,166.44473,27.198677,7.3919272
Metal_545.jpg,Metal,D:\Recovered Documents\Moringa\Module 5\Summative2\realwaste\realwaste-main\RealWaste\Metal\Metal_545.jpg,524,524,RGB,1.0,88.5,141.92375,47.45052,17.406685
Metal_546.jpg,Metal,D:\Recovered Documents\Moringa\Module 5\Summative2\realwaste\realwaste-main\RealWaste\Metal\Metal_546.jpg,524,524,RGB,1.0,91.4,170.568,25.826511,3.6618924
Metal_547.jpg,Metal,D:\Recovered Documents\Moringa\Module 5\Summative2\realwaste\realwaste-main\RealWaste\Metal\Metal_547.jpg,524,524,RGB,1.0,103.2,163.06264,28.881186,4.9153647
Metal_548.jpg,Metal,D:\Recovered Documents\Moringa\Module 5\Summative2\realwaste\realwaste-main\RealWaste\Metal\Metal_548.jpg,524,524,RGB,1.0,106.2,170.69879,27.505753,5.223524
Metal_549.jpg,Metal,D:\Recovered Documents\Moringa\Module 5\Summative2\realwaste\realwaste-main\RealWaste\Metal\Metal_549.jpg,524,524,RGB,1.0,92.0,173.32176,30.422031,5.5256076
Metal_55.jpg,Metal,D:\Recovered Documents\Moringa\Module 5\Summative2\realwaste\realwaste-main\RealWaste\Metal\Metal_55.jpg,524,524,RGB,1.0,190.6,166.52748,25.832989,14.546441
Metal_550.jpg,Metal,D:\Recovered Documents\Moringa\Module 5\Summative2\realwaste\realwaste-main\RealWaste\Metal\Metal_550.jpg,524,524,RGB,1.0,102.6,161.85475,36.714397,8.759983
Metal_551.jpg,Metal,D:\Recovered Documents\Moringa\Module 5\Summative2\realwaste\realwaste-main\RealWaste\Metal\Metal_551.jpg,524,524,RGB,1.0,113.1,170.02951,29.84274,9.766927
Metal_552.jpg,Metal,D:\Recovered Documents\Moringa\Module 5\Summative2\realwaste\realwaste-main\RealWaste\Metal\Metal_552.jpg,524,524,RGB,1.0,102.2,160.23076,36.604744,7.8489585
Metal_553.jpg,Metal,D:\Recovered Documents\Moringa\Module 5\Summative2\realwaste\realwaste-main\RealWaste\Metal\Metal_553.jpg,524,524,RGB,1.0,120.3,166.72049,24.676535,4.809896
Metal_554.jpg,Metal,D:\Recovered Documents\Moringa\Module 5\Summative2\realwaste\realwaste-main\RealWaste\Metal\Metal_554.jpg,524,524,RGB,1.0,135.6,153.65437,25.187439,8.581597
Metal_555.jpg,Metal,D:\Recovered Documents\Moringa\Module 5\Summative2\realwaste\realwaste-main\RealWaste\Metal\Metal_555.jpg,524,524,RGB,1.0,135.5,147.08246,28.406061,8.805555
Metal_556.jpg,Metal,D:\Recovered Documents\Moringa\Module 5\Summative2\realwaste\realwaste-main\RealWaste\Metal\Metal_556.jpg,524,524,RGB,1.0,103.5,162.94632,55.363815,14.728733
Metal_557.jpg,Metal,D:\Recovered Documents\Moringa\Module 5\Summative2\realwaste\realwaste-main\RealWaste\Metal\Metal_557.jpg,524,524,RGB,1.0,98.0,156.63744,50.453644,14.1067705
Metal_558.jpg,Metal,D:\Recovered Documents\Moringa\Module 5\Summative2\realwaste\realwaste-main\RealWaste\Metal\Metal_558.jpg,524,524,RGB,1.0,120.8,169.05511,23.111658,6.448351
Metal_559.jpg,Metal,D:\Recovered Documents\Moringa\Module 5\Summative2\realwaste\realwaste-main\RealWaste\Metal\Metal_559.jpg,524,524,RGB,1.0,113.8,169.07408,27.302023,3.84158
Metal_56.jpg,Metal,D:\Recovered Documents\Moringa\Module 5\Summative2\realwaste\realwaste-main\RealWaste\Metal\Metal_56.jpg,524,524,RGB,1.0,176.7,157.81091,28.680204,17.708767
Metal_560.jpg,Metal,D:\Recovered Documents\Moringa\Module 5\Summative2\realwaste\realwaste-main\RealWaste\Metal\Metal_560.jpg,524,524,RGB,1.0,166.2,155.14062,32.446743,64.958336
Metal_561.jpg,Metal,D:\Recovered Documents\Moringa\Module 5\Summative2\realwaste\realwaste-main\RealWaste\Metal\Metal_561.jpg,524,524,RGB,1.0,118.2,170.57625,49.869595,13.8619795
Metal_562.jpg,Metal,D:\Recovered Documents\Moringa\Module 5\Summative2\realwaste\realwaste-main\RealWaste\Metal\Metal_562.jpg,524,524,RGB,1.0,89.0,169.96051,45.606705,14.527344
Metal_563.jpg,Metal,D:\Recovered Documents\Moringa\Module 5\Summative2\realwaste\realwaste-main\RealWaste\Metal\Metal_563.jpg,524,524,RGB,1.0,117.5,167.50462,47.120815,13.78559
Metal_564.jpg,Metal,D:\Recovered Documents\Moringa\Module 5\Summative2\realwaste\realwaste-main\RealWaste\Metal\Metal_564.jpg,524,524,RGB,1.0,127.2,169.65929,23.000706,3.9609375
Metal_565.jpg,Metal,D:\Recovered Documents\Moringa\Module 5\Summative2\realwaste\realwaste-main\RealWaste\Metal\Metal_565.jpg,524,524,RGB,1.0,127.0,172.02344,27.007614,5.5811634
Metal_566.jpg,Metal,D:\Recovered Documents\Moringa\Module 5\Summative2\realwaste\realwaste-main\RealWaste\Metal\Metal_566.jpg,524,524,RGB,1.0,119.7,172.69965,20.258987,4.3207464
Metal_567.jpg,Metal,D:\Recovered Documents\Moringa\Module 5\Summative2\realwaste\realwaste-main\RealWaste\Metal\Metal_567.jpg,524,524,RGB,1.0,127.3,169.15944,22.882963,4.9118924
Metal_568.jpg,Metal,D:\Recovered Documents\Moringa\Module 5\Summative2\realwaste\realwaste-main\RealWaste\Metal\Metal_568.jpg,524,524,RGB,1.0,102.3,152.8546,48.01158,11.763889
Metal_569.jpg,Metal,D:\Recovered Documents\Moringa\Module 5\Summative2\realwaste\realwaste-main\RealWaste\Metal\Metal_569.jpg,524,524,RGB,1.0,126.4,169.8371,19.597242,4.094618
Metal_57.jpg,Metal,D:\Recovered Documents\Moringa\Module 5\Summative2\realwaste\realwaste-main\RealWaste\Metal\Metal_57.jpg,524,524,RGB,1.0,121.6,131.51837,59.52644,25.034288
Metal_570.jpg,Metal,D:\Recovered Documents\Moringa\Module 5\Summative2\realwaste\realwaste-main\RealWaste\Metal\Metal_570.jpg,524,524,RGB,1.0,127.2,168.51042,20.220268,4.488715
Metal_571.jpg,Metal,D:\Recovered Documents\Moringa\Module 5\Summative2\realwaste\realwaste-main\RealWaste\Metal\Metal_571.jpg,524,524,RGB,1.0,118.0,174.07161,23.269958,3.905816
Metal_572.jpg,Metal,D:\Recovered Documents\Moringa\Module 5\Summative2\realwaste\realwaste-main\RealWaste\Metal\Metal_572.jpg,524,524,RGB,1.0,122.1,175.19922,23.528759,3.6623263
Metal_573.jpg,Metal,D:\Recovered Documents\Moringa\Module 5\Summative2\realwaste\realwaste-main\RealWaste\Metal\Metal_573.jpg,524,524,RGB,1.0,117.6,172.36487,17.35306,3.9930556
Metal_574.jpg,Metal,D:\Recovered Documents\Moringa\Module 5\Summative2\realwaste\realwaste-main\RealWaste\Metal\Metal_574.jpg,524,524,RGB,1.0,73.4,166.28241,23.188984,8.506945
Metal_575.jpg,Metal,D:\Recovered Documents\Moringa\Module 5\Summative2\realwaste\realwaste-main\RealWaste\Metal\Metal_575.jpg,524,524,RGB,1.0,84.7,174.35388,21.67231,3.7404513
Metal_576.jpg,Metal,D:\Recovered Documents\Moringa\Module 5\Summative2\realwaste\realwaste-main\RealWaste\Metal\Metal_576.jpg,524,524,RGB,1.0,146.3,157.39857,39.040985,54.532986
Metal_577.jpg,Metal,D:\Recovered Documents\Moringa\Module 5\Summative2\realwaste\realwaste-main\RealWaste\Metal\Metal_577.jpg,524,524,RGB,1.0,143.5,141.02777,40.796635,57.875435
Metal_578.jpg,Metal,D:\Recovered Documents\Moringa\Module 5\Summative2\realwaste\realwaste-main\RealWaste\Metal\Metal_578.jpg,524,524,RGB,1.0,136.5,159.81192,41.709984,47.302082
Metal_579.jpg,Metal,D:\Recovered Documents\Moringa\Module 5\Summative2\realwaste\realwaste-main\RealWaste\Metal\Metal_579.jpg,524,524,RGB,1.0,93.2,140.4181,61.13869,27.911892
Metal_58.jpg,Metal,D:\Recovered Documents\Moringa\Module 5\Summative2\realwaste\realwaste-main\RealWaste\Metal\Metal_58.jpg,524,524,RGB,1.0,193.4,164.04962,21.231821,15.654948
Metal_580.jpg,Metal,D:\Recovered Documents\Moringa\Module 5\Summative2\realwaste\realwaste-main\RealWaste\Metal\Metal_580.jpg,524,524,RGB,1.0,175.2,156.97237,43.517704,38.239582
Metal_581.jpg,Metal,D:\Recovered Documents\Moringa\Module 5\Summative2\realwaste\realwaste-main\RealWaste\Metal\Metal_581.jpg,524,524,RGB,1.0,140.3,151.17578,42.97782,80.34158
Metal_582.jpg,Metal,D:\Recovered Documents\Moringa\Module 5\Summative2\realwaste\realwaste-main\RealWaste\Metal\Metal_582.jpg,524,524,RGB,1.0,77.8,147.65002,37.70017,83.87153
Metal_583.jpg,Metal,D:\Recovered Documents\Moringa\Module 5\Summative2\realwaste\realwaste-main\RealWaste\Metal\Metal_583.jpg,524,524,RGB,1.0,154.0,158.4744,39.259415,77.488716
Metal_584.jpg,Metal,D:\Recovered Documents\Moringa\Module 5\Summative2\realwaste\realwaste-main\RealWaste\Metal\Metal_584.jpg,524,524,RGB,1.0,102.1,162.97208,26.382086,8.409722
Metal_585.jpg,Metal,D:\Recovered Documents\Moringa\Module 5\Summative2\realwaste\realwaste-main\RealWaste\Metal\Metal_585.jpg,524,524,RGB,1.0,122.4,151.29022,31.113163,9.5182295
Metal_586.jpg,Metal,D:\Recovered Documents\Moringa\Module 5\Summative2\realwaste\realwaste-main\RealWaste\Metal\Metal_586.jpg,524,524,RGB,1.0,115.7,166.58058,22.112656,6.625
Metal_587.jpg,Metal,D:\Recovered Documents\Moringa\Module 5\Summative2\realwaste\realwaste-main\RealWaste\Metal\Metal_587.jpg,524,524,RGB,1.0,115.3,149.25116,28.82315,12.97743
Metal_588.jpg,Metal,D:\Recovered Documents\Moringa\Module 5\Summative2\realwaste\realwaste-main\RealWaste\Metal\Metal_588.jpg,524,524,RGB,1.0,105.3,168.23308,26.729342,7.0972223
Metal_589.jpg,Metal,D:\Recovered Documents\Moringa\Module 5\Summative2\realwaste\realwaste-main\RealWaste\Metal\Metal_589.jpg,524,524,RGB,1.0,116.8,157.60098,27.617874,8.974392
Metal_59.jpg,Metal,D:\Recovered Documents\Moringa\Module 5\Summative2\realwaste\realwaste-main\RealWaste\Metal\Metal_59.jpg,524,524,RGB,1.0,106.2,162.5327,28.86009,16.434029
Metal_590.jpg,Metal,D:\Recovered Documents\Moringa\Module 5\Summative2\realwaste\realwaste-main\RealWaste\Metal\Metal_590.jpg,524,524,RGB,1.0,97.5,150.23148,56.16685,20.066841
Metal_591.jpg,Metal,D:\Recovered Documents\Moringa\Module 5\Summative2\realwaste\realwaste-main\RealWaste\Metal\Metal_591.jpg,524,524,RGB,1.0,120.9,142.9038,29.831833,15.814236
Metal_592.jpg,Metal,D:\Recovered Documents\Moringa\Module 5\Summative2\realwaste\realwaste-main\RealWaste\Metal\Metal_592.jpg,524,524,RGB,1.0,115.3,166.68721,25.759068,7.604601
Metal_593.jpg,Metal,D:\Recovered Documents\Moringa\Module 5\Summative2\realwaste\realwaste-main\RealWaste\Metal\Metal_593.jpg,524,524,RGB,1.0,119.3,166.2367,21.660564,7.7309027
Metal_594.jpg,Metal,D:\Recovered Documents\Moringa\Module 5\Summative2\realwaste\realwaste-main\RealWaste\Metal\Metal_594.jpg,524,524,RGB,1.0,120.0,165.28299,26.26219,7.422309
Metal_595.jpg,Metal,D:\Recovered Documents\Moringa\Module 5\Summative2\realwaste\realwaste-main\RealWaste\Metal\Metal_595.jpg,524,524,RGB,1.0,119.8,165.29659,21.635294,7.388021
Metal_596.jpg,Metal,D:\Recovered Documents\Moringa\Module 5\Summative2\realwaste\realwaste-main\RealWaste\Metal\Metal_596.jpg,524,524,RGB,1.0,131.2,149.64308,31.59005,13.860677
Metal_597.jpg,Metal,D:\Recovered Documents\Moringa\Module 5\Summative2\realwaste\realwaste-main\RealWaste\Metal\Metal_597.jpg,524,524,RGB,1.0,117.9,166.04904,22.632463,7.0368924
Metal_598.jpg,Metal,D:\Recovered Documents\Moringa\Module 5\Summative2\realwaste\realwaste-main\RealWaste\Metal\Metal_598.jpg,524,524,RGB,1.0,123.8,161.82074,29.208832,10.182726
Metal_599.jpg,Metal,D:\Recovered Documents\Moringa\Module 5\Summative2\realwaste\realwaste-main\RealWaste\Metal\Metal_599.jpg,524,524,RGB,1.0,125.3,148.0246,25.706482,10.921007
Metal_6.jpg,Metal,D:\Recovered Documents\Moringa\Module 5\Summative2\realwaste\realwaste-main\RealWaste\Metal\Metal_6.jpg,524,524,RGB,1.0,91.8,152.41377,40.887486,16.377604
Metal_60.jpg,Metal,D:\Recovered Documents\Moringa\Module 5\Summative2\realwaste\realwaste-main\RealWaste\Metal\Metal_60.jpg,524,524,RGB,1.0,198.0,163.50232,22.36304,20.343315
Metal_600.jpg,Metal,D:\Recovered Documents\Moringa\Module 5\Summative2\realwaste\realwaste-main\RealWaste\Metal\Metal_600.jpg,524,524,RGB,1.0,124.4,165.74393,24.010778,7.8051214
Metal_601.jpg,Metal,D:\Recovered Documents\Moringa\Module 5\Summative2\realwaste\realwaste-main\RealWaste\Metal\Metal_601.jpg,524,524,RGB,1.0,91.3,158.37442,56.13736,15.90191
Metal_602.jpg,Metal,D:\Recovered Documents\Moringa\Module 5\Summative2\realwaste\realwaste-main\RealWaste\Metal\Metal_602.jpg,524,524,RGB,1.0,113.5,163.99147,22.831022,7.3138022
Metal_603.jpg,Metal,D:\Recovered Documents\Moringa\Module 5\Summative2\realwaste\realwaste-main\RealWaste\Metal\Metal_603.jpg,524,524,RGB,1.0,127.4,142.71687,33.580387,16.240885
Metal_604.jpg,Metal,D:\Recovered Documents\Moringa\Module 5\Summative2\realwaste\realwaste-main\RealWaste\Metal\Metal_604.jpg,524,524,RGB,1.0,116.6,135.01042,39.095097,19.600695
Metal_605.jpg,Metal,D:\Recovered Documents\Moringa\Module 5\Summative2\realwaste\realwaste-main\RealWaste\Metal\Metal_605.jpg,524,524,RGB,1.0,126.3,153.81076,21.703377,9.957031
Metal_606.jpg,Metal,D:\Recovered Documents\Moringa\Module 5\Summative2\realwaste\realwaste-main\RealWaste\Metal\Metal_606.jpg,524,524,RGB,1.0,109.9,143.72308,51.7465,20.798178
Metal_607.jpg,Metal,D:\Recovered Documents\Moringa\Module 5\Summative2\realwaste\realwaste-main\RealWaste\Metal\Metal_607.jpg,524,524,RGB,1.0,133.6,155.00636,54.437733,26.113281
Metal_608.jpg,Metal,D:\Recovered Documents\Moringa\Module 5\Summative2\realwaste\realwaste-main\RealWaste\Metal\Metal_608.jpg,524,524,RGB,1.0,116.0,164.45023,23.341915,13.144965
Metal_609.jpg,Metal,D:\Recovered Documents\Moringa\Module 5\Summative2\realwaste\realwaste-main\RealWaste\Metal\Metal_609.jpg,524,524,RGB,1.0,115.1,165.44011,21.56717,13.748698
Metal_61.jpg,Metal,D:\Recovered Documents\Moringa\Module 5\Summative2\realwaste\realwaste-main\RealWaste\Metal\Metal_61.jpg,524,524,RGB,1.0,205.4,157.01967,29.41602,24.543837
Metal_610.jpg,Metal,D:\Recovered Documents\Moringa\Module 5\Summative2\realwaste\realwaste-main\RealWaste\Metal\Metal_610.jpg,524,524,RGB,1.0,125.8,154.46007,30.878958,16.583767
Metal_611.jpg,Metal,D:\Recovered Documents\Moringa\Module 5\Summative2\realwaste\realwaste-main\RealWaste\Metal\Metal_611.jpg,524,524,RGB,1.0,127.2,159.20096,32.217278,12.41059
Metal_612.jpg,Metal,D:\Recovered Documents\Moringa\Module 5\Summative2\realwaste\realwaste-main\RealWaste\Metal\Metal_612.jpg,524,524,RGB,1.0,93.5,144.37022,41.48839,14.810329
Metal_613.jpg,Metal,D:\Recovered Documents\Moringa\Module 5\Summative2\realwaste\realwaste-main\RealWaste\Metal\Metal_613.jpg,524,524,RGB,1.0,113.5,173.99132,28.901138,5.919705
Metal_614.jpg,Metal,D:\Recovered Documents\Moringa\Module 5\Summative2\realwaste\realwaste-main\RealWaste\Metal\Metal_614.jpg,524,524,RGB,1.0,111.6,171.1179,35.148617,6.942274
Metal_615.jpg,Metal,D:\Recovered Documents\Moringa\Module 5\Summative2\realwaste\realwaste-main\RealWaste\Metal\Metal_615.jpg,524,524,RGB,1.0,147.8,153.86732,39.289124,89.53516
Metal_616.jpg,Metal,D:\Recovered Documents\Moringa\Module 5\Summative2\realwaste\realwaste-main\RealWaste\Metal\Metal_616.jpg,524,524,RGB,1.0,154.8,158.78458,41.05378,43.568577
Metal_617.jpg,Metal,D:\Recovered Documents\Moringa\Module 5\Summative2\realwaste\realwaste-main\RealWaste\Metal\Metal_617.jpg,524,524,RGB,1.0,97.1,163.74797,26.04303,10.4609375
Metal_618.jpg,Metal,D:\Recovered Documents\Moringa\Module 5\Summative2\realwaste\realwaste-main\RealWaste\Metal\Metal_618.jpg,524,524,RGB,1.0,140.0,128.35779,42.47973,22.389757
Metal_619.jpg,Metal,D:\Recovered Documents\Moringa\Module 5\Summative2\realwaste\realwaste-main\RealWaste\Metal\Metal_619.jpg,524,524,RGB,1.0,152.3,165.96484,29.380339,25.827257
Metal_62.jpg,Metal,D:\Recovered Documents\Moringa\Module 5\Summative2\realwaste\realwaste-main\RealWaste\Metal\Metal_62.jpg,524,524,RGB,1.0,177.7,161.35475,26.819305,27.243055
Metal_620.jpg,Metal,D:\Recovered Documents\Moringa\Module 5\Summative2\realwaste\realwaste-main\RealWaste\Metal\Metal_620.jpg,524,524,RGB,1.0,150.9,150.8073,39.848953,90.448784
Metal_621.jpg,Metal,D:\Recovered Documents\Moringa\Module 5\Summative2\realwaste\realwaste-main\RealWaste\Metal\Metal_621.jpg,524,524,RGB,1.0,98.8,151.24942,29.58887,19.174046
Metal_622.jpg,Metal,D:\Recovered Documents\Moringa\Module 5\Summative2\realwaste\realwaste-main\RealWaste\Metal\Metal_622.jpg,524,524,RGB,1.0,113.5,140.0431,44.28229,29.220486
Metal_623.jpg,Metal,D:\Recovered Documents\Moringa\Module 5\Summative2\realwaste\realwaste-main\RealWaste\Metal\Metal_623.jpg,524,524,RGB,1.0,99.4,161.13658,53.368195,12.269097
Metal_624.jpg,Metal,D:\Recovered Documents\Moringa\Module 5\Summative2\realwaste\realwaste-main\RealWaste\Metal\Metal_624.jpg,524,524,RGB,1.0,111.3,132.49826,31.136,28.538195
Metal_625.jpg,Metal,D:\Recovered Documents\Moringa\Module 5\Summative2\realwaste\realwaste-main\RealWaste\Metal\Metal_625.jpg,524,524,RGB,1.0,116.3,138.96716,31.270292,25.161024
Metal_626.jpg,Metal,D:\Recovered Documents\Moringa\Module 5\Summative2\realwaste\realwaste-main\RealWaste\Metal\Metal_626.jpg,524,524,RGB,1.0,126.1,149.55714,41.248856,19.103733
Metal_627.jpg,Metal,D:\Recovered Documents\Moringa\Module 5\Summative2\realwaste\realwaste-main\RealWaste\Metal\Metal_627.jpg,524,524,RGB,1.0,127.6,125.67636,40.53375,28.10243
Metal_628.jpg,Metal,D:\Recovered Documents\Moringa\Module 5\Summative2\realwaste\realwaste-main\RealWaste\Metal\Metal_628.jpg,524,524,RGB,1.0,112.0,164.59752,23.075397,14.465278
Metal_629.jpg,Metal,D:\Recovered Documents\Moringa\Module 5\Summative2\realwaste\realwaste-main\RealWaste\Metal\Metal_629.jpg,524,524,RGB,1.0,124.3,146.25636,32.859837,19.549046
Metal_63.jpg,Metal,D:\Recovered Documents\Moringa\Module 5\Summative2\realwaste\realwaste-main\RealWaste\Metal\Metal_63.jpg,524,524,RGB,1.0,199.4,159.18346,29.568777,20.97743
Metal_630.jpg,Metal,D:\Recovered Documents\Moringa\Module 5\Summative2\realwaste\realwaste-main\RealWaste\Metal\Metal_630.jpg,524,524,RGB,1.0,121.3,157.27257,36.20372,14.443577
Metal_631.jpg,Metal,D:\Recovered Documents\Moringa\Module 5\Summative2\realwaste\realwaste-main\RealWaste\Metal\Metal_631.jpg,524,524,RGB,1.0,102.4,152.3559,32.821487,18.726997
Metal_632.jpg,Metal,D:\Recovered Documents\Moringa\Module 5\Summative2\realwaste\realwaste-main\RealWaste\Metal\Metal_632.jpg,524,524,RGB,1.0,97.7,150.62009,31.2729,16.301216
Metal_633.jpg,Metal,D:\Recovered Documents\Moringa\Module 5\Summative2\realwaste\realwaste-main\RealWaste\Metal\Metal_633.jpg,524,524,RGB,1.0,121.9,156.10793,38.462776,15.677952
Metal_634.jpg,Metal,D:\Recovered Documents\Moringa\Module 5\Summative2\realwaste\realwaste-main\RealWaste\Metal\Metal_634.jpg,524,524,RGB,1.0,74.7,148.64482,43.076206,16.309029
Metal_635.jpg,Metal,D:\Recovered Documents\Moringa\Module 5\Summative2\realwaste\realwaste-main\RealWaste\Metal\Metal_635.jpg,524,524,RGB,1.0,128.2,145.69705,36.1093,16.645834
Metal_636.jpg,Metal,D:\Recovered Documents\Moringa\Module 5\Summative2\realwaste\realwaste-main\RealWaste\Metal\Metal_636.jpg,524,524,RGB,1.0,116.1,146.33377,33.35684,20.81467
Metal_637.jpg,Metal,D:\Recovered Documents\Moringa\Module 5\Summative2\realwaste\realwaste-main\RealWaste\Metal\Metal_637.jpg,524,524,RGB,1.0,125.9,142.73366,37.520313,19.016928
Metal_638.jpg,Metal,D:\Recovered Documents\Moringa\Module 5\Summative2\realwaste\realwaste-main\RealWaste\Metal\Metal_638.jpg,524,524,RGB,1.0,123.2,136.05975,33.799366,17.293404
Metal_639.jpg,Metal,D:\Recovered Documents\Moringa\Module 5\Summative2\realwaste\realwaste-main\RealWaste\Metal\Metal_639.jpg,524,524,RGB,1.0,112.9,142.15944,36.93066,20.576822
Metal_64.jpg,Metal,D:\Recovered Documents\Moringa\Module 5\Summative2\realwaste\realwaste-main\RealWaste\Metal\Metal_64.jpg,524,524,RGB,1.0,194.4,161.03357,22.935549,24.23394
Metal_640.jpg,Metal,D:\Recovered Documents\Moringa\Module 5\Summative2\realwaste\realwaste-main\RealWaste\Metal\Metal_640.jpg,524,524,RGB,1.0,124.1,153.38252,39.350437,14.743055
Metal_641.jpg,Metal,D:\Recovered Documents\Moringa\Module 5\Summative2\realwaste\realwaste-main\RealWaste\Metal\Metal_641.jpg,524,524,RGB,1.0,137.0,117.94242,39.971077,29.253471
Metal_642.jpg,Metal,D:\Recovered Documents\Moringa\Module 5\Summative2\realwaste\realwaste-main\RealWaste\Metal\Metal_642.jpg,524,524,RGB,1.0,144.5,118.61227,41.32955,25.5
Metal_643.jpg,Metal,D:\Recovered Documents\Moringa\Module 5\Summative2\realwaste\realwaste-main\RealWaste\Metal\Metal_643.jpg,524,524,RGB,1.0,80.8,170.14265,51.022354,10.176649
Metal_644.jpg,Metal,D:\Recovered Documents\Moringa\Module 5\Summative2\realwaste\realwaste-main\RealWaste\Metal\Metal_644.jpg,524,524,RGB,1.0,86.0,172.6046,42.034836,9.431858
Metal_645.jpg,Metal,D:\Recovered Documents\Moringa\Module 5\Summative2\realwaste\realwaste-main\RealWaste\Metal\Metal_645.jpg,524,524,RGB,1.0,87.2,135.5586,56.1903,44.696613
Metal_646.jpg,Metal,D:\Recovered Documents\Moringa\Module 5\Summative2\realwaste\realwaste-main\RealWaste\Metal\Metal_646.jpg,524,524,RGB,1.0,79.4,167.12833,40.295082,16.114584
Metal_647.jpg,Metal,D:\Recovered Documents\Moringa\Module 5\Summative2\realwaste\realwaste-main\RealWaste\Metal\Metal_647.jpg,524,524,RGB,1.0,100.3,163.55092,41.1758,18.84592
Metal_648.jpg,Metal,D:\Recovered Documents\Moringa\Module 5\Summative2\realwaste\realwaste-main\RealWaste\Metal\Metal_648.jpg,524,524,RGB,1.0,91.2,150.89699,51.819187,20.471354
Metal_649.jpg,Metal,D:\Recovered Documents\Moringa\Module 5\Summative2\realwaste\realwaste-main\RealWaste\Metal\Metal_649.jpg,524,524,RGB,1.0,83.5,151.88123,42.40493,27.75217
Metal_65.jpg,Metal,D:\Recovered Documents\Moringa\Module 5\Summative2\realwaste\realwaste-main\RealWaste\Metal\Metal_65.jpg,524,524,RGB,1.0,179.9,163.34708,29.357283,17.905815
Metal_650.jpg,Metal,D:\Recovered Documents\Moringa\Module 5\Summative2\realwaste\realwaste-main\RealWaste\Metal\Metal_650.jpg,524,524,RGB,1.0,97.4,155.81683,46.158875,21.783854
Metal_651.jpg,Metal,D:\Recovered Documents\Moringa\Module 5\Summative2\realwaste\realwaste-main\RealWaste\Metal\Metal_651.jpg,524,524,RGB,1.0,104.6,135.96152,53.74712,54.851997
Metal_652.jpg,Metal,D:\Recovered Documents\Moringa\Module 5\Summative2\realwaste\realwaste-main\RealWaste\Metal\Metal_652.jpg,524,524,RGB,1.0,93.8,144.71933,54.341644,32.59592
Metal_653.jpg,Metal,D:\Recovered Documents\Moringa\Module 5\Summative2\realwaste\realwaste-main\RealWaste\Metal\Metal_653.jpg,524,524,RGB,1.0,112.6,139.56973,53.84925,58.876736
Metal_654.jpg,Metal,D:\Recovered Documents\Moringa\Module 5\Summative2\realwaste\realwaste-main\RealWaste\Metal\Metal_654.jpg,524,524,RGB,1.0,60.4,151.18866,39.357533,14.561198
Metal_655.jpg,Metal,D:\Recovered Documents\Moringa\Module 5\Summative2\realwaste\realwaste-main\RealWaste\Metal\Metal_655.jpg,524,524,RGB,1.0,107.1,169.80469,45.635178,9.994358
Metal_656.jpg,Metal,D:\Recovered Documents\Moringa\Module 5\Summative2\realwaste\realwaste-main\RealWaste\Metal\Metal_656.jpg,524,524,RGB,1.0,99.9,159.71745,50.727383,12.416233
Metal_657.jpg,Metal,D:\Recovered Documents\Moringa\Module 5\Summative2\realwaste\realwaste-main\RealWaste\Metal\Metal_657.jpg,524,524,RGB,1.0,106.1,171.19415,38.168167,14.043403
Metal_658.jpg,Metal,D:\Recovered Documents\Moringa\Module 5\Summative2\realwaste\realwaste-main\RealWaste\Metal\Metal_658.jpg,524,524,RGB,1.0,108.2,170.55772,43.049744,9.701389
Metal_659.jpg,Metal,D:\Recovered Documents\Moringa\Module 5\Summative2\realwaste\realwaste-main\RealWaste\Metal\Metal_659.jpg,524,524,RGB,1.0,114.1,166.30368,49.268,19.783854
Metal_66.jpg,Metal,D:\Recovered Documents\Moringa\Module 5\Summative2\realwaste\realwaste-main\RealWaste\Metal\Metal_66.jpg,524,524,RGB,1.0,129.2,151.136,25.058311,20.372396
Metal_660.jpg,Metal,D:\Recovered Documents\Moringa\Module 5\Summative2\realwaste\realwaste-main\RealWaste\Metal\Metal_660.jpg,524,524,RGB,1.0,99.2,151.35402,37.232742,17.521702
Metal_661.jpg,Metal,D:\Recovered Documents\Moringa\Module 5\Summative2\realwaste\realwaste-main\RealWaste\Metal\Metal_661.jpg,524,524,RGB,1.0,115.2,154.54022,38.503025,16.24783
Metal_662.jpg,Metal,D:\Recovered Documents\Moringa\Module 5\Summative2\realwaste\realwaste-main\RealWaste\Metal\Metal_662.jpg,524,524,RGB,1.0,125.9,164.69444,19.404543,10.016059
Metal_663.jpg,Metal,D:\Recovered Documents\Moringa\Module 5\Summative2\realwaste\realwaste-main\RealWaste\Metal\Metal_663.jpg,524,524,RGB,1.0,122.0,166.3779,23.113207,10.638454
Metal_664.jpg,Metal,D:\Recovered Documents\Moringa\Module 5\Summative2\realwaste\realwaste-main\RealWaste\Metal\Metal_664.jpg,524,524,RGB,1.0,124.5,165.30382,28.918398,7.515191
Metal_665.jpg,Metal,D:\Recovered Documents\Moringa\Module 5\Summative2\realwaste\realwaste-main\RealWaste\Metal\Metal_665.jpg,524,524,RGB,1.0,115.2,160.6927,29.273735,4.9496527
Metal_666.jpg,Metal,D:\Recovered Documents\Moringa\Module 5\Summative2\realwaste\realwaste-main\RealWaste\Metal\Metal_666.jpg,524,524,RGB,1.0,113.9,166.41261,27.876322,6.3372397
Metal_667.jpg,Metal,D:\Recovered Documents\Moringa\Module 5\Summative2\realwaste\realwaste-main\RealWaste\Metal\Metal_667.jpg,524,524,RGB,1.0,89.0,150.97975,42.26552,16.248264
Metal_668.jpg,Metal,D:\Recovered Documents\Moringa\Module 5\Summative2\realwaste\realwaste-main\RealWaste\Metal\Metal_668.jpg,524,524,RGB,1.0,93.5,137.79268,52.05152,43.56337
Metal_669.jpg,Metal,D:\Recovered Documents\Moringa\Module 5\Summative2\realwaste\realwaste-main\RealWaste\Metal\Metal_669.jpg,524,524,RGB,1.0,115.7,170.49638,23.848478,8.548177
Metal_67.jpg,Metal,D:\Recovered Documents\Moringa\Module 5\Summative2\realwaste\realwaste-main\RealWaste\Metal\Metal_67.jpg,524,524,RGB,1.0,109.9,156.97049,56.04068,29.632378
Metal_670.jpg,Metal,D:\Recovered Documents\Moringa\Module 5\Summative2\realwaste\realwaste-main\RealWaste\Metal\Metal_670.jpg,524,524,RGB,1.0,97.2,157.97844,23.78867,16.456163
Metal_671.jpg,Metal,D:\Recovered Documents\Moringa\Module 5\Summative2\realwaste\realwaste-main\RealWaste\Metal\Metal_671.jpg,524,524,RGB,1.0,102.6,160.62732,41.46941,16.84375
Metal_672.jpg,Metal,D:\Recovered Documents\Moringa\Module 5\Summative2\realwaste\realwaste-main\RealWaste\Metal\Metal_672.jpg,524,524,RGB,1.0,121.9,168.68764,27.630028,9.555555
Metal_673.jpg,Metal,D:\Recovered Documents\Moringa\Module 5\Summative2\realwaste\realwaste-main\RealWaste\Metal\Metal_673.jpg,524,524,RGB,1.0,99.7,171.31598,28.152863,9.907986
Metal_674.jpg,Metal,D:\Recovered Documents\Moringa\Module 5\Summative2\realwaste\realwaste-main\RealWaste\Metal\Metal_674.jpg,524,524,RGB,1.0,102.9,146.82103,38.323444,18.081163
Metal_675.jpg,Metal,D:\Recovered Documents\Moringa\Module 5\Summative2\realwaste\realwaste-main\RealWaste\Metal\Metal_675.jpg,524,524,RGB,1.0,176.7,155.1289,38.1618,37.086807
Metal_676.jpg,Metal,D:\Recovered Documents\Moringa\Module 5\Summative2\realwaste\realwaste-main\RealWaste\Metal\Metal_676.jpg,524,524,RGB,1.0,180.4,153.57277,48.90584,51.984375
Metal_677.jpg,Metal,D:\Recovered Documents\Moringa\Module 5\Summative2\realwaste\realwaste-main\RealWaste\Metal\Metal_677.jpg,524,524,RGB,1.0,118.5,167.26027,42.82146,17.269096
Metal_678.jpg,Metal,D:\Recovered Documents\Moringa\Module 5\Summative2\realwaste\realwaste-main\RealWaste\Metal\Metal_678.jpg,524,524,RGB,1.0,113.9,165.7717,45.0795,16.017796
Metal_679.jpg,Metal,D:\Recovered Documents\Moringa\Module 5\Summative2\realwaste\realwaste-main\RealWaste\Metal\Metal_679.jpg,524,524,RGB,1.0,88.7,138.68953,62.28026,29.121529
Metal_68.jpg,Metal,D:\Recovered Documents\Moringa\Module 5\Summative2\realwaste\realwaste-main\RealWaste\Metal\Metal_68.jpg,524,524,RGB,1.0,117.1,135.00926,58.707935,28.27908
Metal_680.jpg,Metal,D:\Recovered Documents\Moringa\Module 5\Summative2\realwaste\realwaste-main\RealWaste\Metal\Metal_680.jpg,524,524,RGB,1.0,114.5,170.65784,28.469063,8.184462
Metal_681.jpg,Metal,D:\Recovered Documents\Moringa\Module 5\Summative2\realwaste\realwaste-main\RealWaste\Metal\Metal_681.jpg,524,524,RGB,1.0,119.7,168.34346,27.139505,8.072048
Metal_682.jpg,Metal,D:\Recovered Documents\Moringa\Module 5\Summative2\realwaste\realwaste-main\RealWaste\Metal\Metal_682.jpg,524,524,RGB,1.0,121.9,168.70299,48.79177,10.613281
Metal_683.jpg,Metal,D:\Recovered Documents\Moringa\Module 5\Summative2\realwaste\realwaste-main\RealWaste\Metal\Metal_683.jpg,524,524,RGB,1.0,129.9,167.39772,39.432426,22.247396
Metal_684.jpg,Metal,D:\Recovered Documents\Moringa\Module 5\Summative2\realwaste\realwaste-main\RealWaste\Metal\Metal_684.jpg,524,524,RGB,1.0,121.1,167.01317,46.643673,16.55165
Metal_685.jpg,Metal,D:\Recovered Documents\Moringa\Module 5\Summative2\realwaste\realwaste-main\RealWaste\Metal\Metal_685.jpg,524,524,RGB,1.0,107.0,158.04616,41.538372,23.69835
Metal_686.jpg,Metal,D:\Recovered Documents\Moringa\Module 5\Summative2\realwaste\realwaste-main\RealWaste\Metal\Metal_686.jpg,524,524,RGB,1.0,102.8,140.89598,35.423985,14.115017
Metal_687.jpg,Metal,D:\Recovered Documents\Moringa\Module 5\Summative2\realwaste\realwaste-main\RealWaste\Metal\Metal_687.jpg,524,524,RGB,1.0,99.4,144.25607,41.709484,13.281684
Metal_688.jpg,Metal,D:\Recovered Documents\Moringa\Module 5\Summative2\realwaste\realwaste-main\RealWaste\Metal\Metal_688.jpg,524,524,RGB,1.0,118.7,170.3316,34.916756,10.447917
Metal_689.jpg,Metal,D:\Recovered Documents\Moringa\Module 5\Summative2\realwaste\realwaste-main\RealWaste\Metal\Metal_689.jpg,524,524,RGB,1.0,121.7,173.02286,30.30137,13.3984375
Metal_69.jpg,Metal,D:\Recovered Documents\Moringa\Module 5\Summative2\realwaste\realwaste-main\RealWaste\Metal\Metal_69.jpg,524,524,RGB,1.0,100.3,154.82045,44.056778,16.596788
Metal_690.jpg,Metal,D:\Recovered Documents\Moringa\Module 5\Summative2\realwaste\realwaste-main\RealWaste\Metal\Metal_690.jpg,524,524,RGB,1.0,101.9,154.05888,57.136047,17.134548
Metal_691.jpg,Metal,D:\Recovered Documents\Moringa\Module 5\Summative2\realwaste\realwaste-main\RealWaste\Metal\Metal_691.jpg,524,524,RGB,1.0,107.7,159.57379,32.297657,9.937934
Metal_692.jpg,Metal,D:\Recovered Documents\Moringa\Module 5\Summative2\realwaste\realwaste-main\RealWaste\Metal\Metal_692.jpg,524,524,RGB,1.0,105.7,171.35475,49.00411,18.640625
Metal_693.jpg,Metal,D:\Recovered Documents\Moringa\Module 5\Summative2\realwaste\realwaste-main\RealWaste\Metal\Metal_693.jpg,524,524,RGB,1.0,86.1,166.91956,36.46595,8.7890625
Metal_694.jpg,Metal,D:\Recovered Documents\Moringa\Module 5\Summative2\realwaste\realwaste-main\RealWaste\Metal\Metal_694.jpg,524,524,RGB,1.0,99.5,157.05902,38.515717,14.6328125
Metal_695.jpg,Metal,D:\Recovered Documents\Moringa\Module 5\Summative2\realwaste\realwaste-main\RealWaste\Metal\Metal_695.jpg,524,524,RGB,1.0,90.9,156.08897,40.68251,13.802083
Metal_696.jpg,Metal,D:\Recovered Documents\Moringa\Module 5\Summative2\realwaste\realwaste-main\RealWaste\Metal\Metal_696.jpg,524,524,RGB,1.0,113.9,160.39612,37.47323,18.897135
Metal_697.jpg,Metal,D:\Recovered Documents\Moringa\Module 5\Summative2\realwaste\realwaste-main\RealWaste\Metal\Metal_697.jpg,524,524,RGB,1.0,84.6,162.77748,34.78455,11.610677
Metal_698.jpg,Metal,D:\Recovered Documents\Moringa\Module 5\Summative2\realwaste\realwaste-main\RealWaste\Metal\Metal_698.jpg,524,524,RGB,1.0,94.9,155.26491,33.53188,10.7369795
Metal_699.jpg,Metal,D:\Recovered Documents\Moringa\Module 5\Summative2\realwaste\realwaste-main\RealWaste\Metal\Metal_699.jpg,524,524,RGB,1.0,74.8,165.50998,41.64576,8.870226
Metal_7.jpg,Metal,D:\Recovered Documents\Moringa\Module 5\Summative2\realwaste\realwaste-main\RealWaste\Metal\Metal_7.jpg,524,524,RGB,1.0,92.9,149.96123,56.499454,22.068142
Metal_70.jpg,Metal,D:\Recovered Documents\Moringa\Module 5\Summative2\realwaste\realwaste-main\RealWaste\Metal\Metal_70.jpg,524,524,RGB,1.0,76.5,143.46152,44.826206,20.316406
Metal_700.jpg,Metal,D:\Recovered Documents\Moringa\Module 5\Summative2\realwaste\realwaste-main\RealWaste\Metal\Metal_700.jpg,524,524,RGB,1.0,111.0,157.98712,33.275867,16.021267
Metal_701.jpg,Metal,D:\Recovered Documents\Moringa\Module 5\Summative2\realwaste\realwaste-main\RealWaste\Metal\Metal_701.jpg,524,524,RGB,1.0,109.1,154.81815,55.46187,17.848091
Metal_702.jpg,Metal,D:\Recovered Documents\Moringa\Module 5\Summative2\realwaste\realwaste-main\RealWaste\Metal\Metal_702.jpg,524,524,RGB,1.0,117.6,169.73076,46.77286,21.069878
Metal_703.jpg,Metal,D:\Recovered Documents\Moringa\Module 5\Summative2\realwaste\realwaste-main\RealWaste\Metal\Metal_703.jpg,524,524,RGB,1.0,76.9,167.9783,39.089813,13.187066
Metal_704.jpg,Metal,D:\Recovered Documents\Moringa\Module 5\Summative2\realwaste\realwaste-main\RealWaste\Metal\Metal_704.jpg,524,524,RGB,1.0,69.2,170.4213,34.768753,9.045139
Metal_705.jpg,Metal,D:\Recovered Documents\Moringa\Module 5\Summative2\realwaste\realwaste-main\RealWaste\Metal\Metal_705.jpg,524,524,RGB,1.0,119.7,164.60011,32.437164,16.181423
Metal_706.jpg,Metal,D:\Recovered Documents\Moringa\Module 5\Summative2\realwaste\realwaste-main\RealWaste\Metal\Metal_706.jpg,524,524,RGB,1.0,112.0,159.36748,29.402718,11.7578125
Metal_707.jpg,Metal,D:\Recovered Documents\Moringa\Module 5\Summative2\realwaste\realwaste-main\RealWaste\Metal\Metal_707.jpg,524,524,RGB,1.0,122.1,170.50882,32.770355,12.927952
Metal_708.jpg,Metal,D:\Recovered Documents\Moringa\Module 5\Summative2\realwaste\realwaste-main\RealWaste\Metal\Metal_708.jpg,524,524,RGB,1.0,101.7,169.57248,28.53214,9.375
Metal_709.jpg,Metal,D:\Recovered Documents\Moringa\Module 5\Summative2\realwaste\realwaste-main\RealWaste\Metal\Metal_709.jpg,524,524,RGB,1.0,113.0,167.23438,44.243202,26.804688
Metal_71.jpg,Metal,D:\Recovered Documents\Moringa\Module 5\Summative2\realwaste\realwaste-main\RealWaste\Metal\Metal_71.jpg,524,524,RGB,1.0,202.5,162.24826,24.166763,19.927084
Metal_710.jpg,Metal,D:\Recovered Documents\Moringa\Module 5\Summative2\realwaste\realwaste-main\RealWaste\Metal\Metal_710.jpg,524,524,RGB,1.0,115.5,169.45616,32.090748,9.198785
Metal_711.jpg,Metal,D:\Recovered Documents\Moringa\Module 5\Summative2\realwaste\realwaste-main\RealWaste\Metal\Metal_711.jpg,524,524,RGB,1.0,107.9,171.26013,45.309265,8.553386
Metal_712.jpg,Metal,D:\Recovered Documents\Moringa\Module 5\Summative2\realwaste\realwaste-main\RealWaste\Metal\Metal_712.jpg,524,524,RGB,1.0,86.7,153.53415,48.64547,21.732204
Metal_713.jpg,Metal,D:\Recovered Documents\Moringa\Module 5\Summative2\realwaste\realwaste-main\RealWaste\Metal\Metal_713.jpg,524,524,RGB,1.0,74.5,168.69212,51.568634,16.578993
Metal_714.jpg,Metal,D:\Recovered Documents\Moringa\Module 5\Summative2\realwaste\realwaste-main\RealWaste\Metal\Metal_714.jpg,524,524,RGB,1.0,117.2,167.4945,42.07646,11.349827
Metal_715.jpg,Metal,D:\Recovered Documents\Moringa\Module 5\Summative2\realwaste\realwaste-main\RealWaste\Metal\Metal_715.jpg,524,524,RGB,1.0,87.8,169.03183,23.613867,4.6705728
Metal_716.jpg,Metal,D:\Recovered Documents\Moringa\Module 5\Summative2\realwaste\realwaste-main\RealWaste\Metal\Metal_716.jpg,524,524,RGB,1.0,102.1,167.22656,20.205954,5.219184
Metal_717.jpg,Metal,D:\Recovered Documents\Moringa\Module 5\Summative2\realwaste\realwaste-main\RealWaste\Metal\Metal_717.jpg,524,524,RGB,1.0,112.5,164.14583,44.85893,9.771267
Metal_718.jpg,Metal,D:\Recovered Documents\Moringa\Module 5\Summative2\realwaste\realwaste-main\RealWaste\Metal\Metal_718.jpg,524,524,RGB,1.0,112.5,168.91406,47.571873,17.224827
Metal_719.jpg,Metal,D:\Recovered Documents\Moringa\Module 5\Summative2\realwaste\realwaste-main\RealWaste\Metal\Metal_719.jpg,524,524,RGB,1.0,80.5,167.42375,34.01799,8.4348955
Metal_72.jpg,Metal,D:\Recovered Documents\Moringa\Module 5\Summative2\realwaste\realwaste-main\RealWaste\Metal\Metal_72.jpg,524,524,RGB,1.0,177.8,165.4252,27.821707,15.4869795
Metal_720.jpg,Metal,D:\Recovered Documents\Moringa\Module 5\Summative2\realwaste\realwaste-main\RealWaste\Metal\Metal_720.jpg,524,524,RGB,1.0,116.9,167.11545,23.288176,7.0099826
Metal_721.jpg,Metal,D:\Recovered Documents\Moringa\Module 5\Summative2\realwaste\realwaste-main\RealWaste\Metal\Metal_721.jpg,524,524,RGB,1.0,120.0,167.44994,40.575066,15.740017
Metal_722.jpg,Metal,D:\Recovered Documents\Moringa\Module 5\Summative2\realwaste\realwaste-main\RealWaste\Metal\Metal_722.jpg,524,524,RGB,1.0,129.5,167.66869,37.43125,9.6848955
Metal_723.jpg,Metal,D:\Recovered Documents\Moringa\Module 5\Summative2\realwaste\realwaste-main\RealWaste\Metal\Metal_723.jpg,524,524,RGB,1.0,99.9,149.25188,48.162086,38.379776
Metal_724.jpg,Metal,D:\Recovered Documents\Moringa\Module 5\Summative2\realwaste\realwaste-main\RealWaste\Metal\Metal_724.jpg,524,524,RGB,1.0,87.4,155.00984,39.68488,9.695746
Metal_725.jpg,Metal,D:\Recovered Documents\Moringa\Module 5\Summative2\realwaste\realwaste-main\RealWaste\Metal\Metal_725.jpg,524,524,RGB,1.0,88.8,162.57205,49.493732,12.592014
Metal_726.jpg,Metal,D:\Recovered Documents\Moringa\Module 5\Summative2\realwaste\realwaste-main\RealWaste\Metal\Metal_726.jpg,524,524,RGB,1.0,115.9,146.38846,53.397873,26.646702
Metal_727.jpg,Metal,D:\Recovered Documents\Moringa\Module 5\Summative2\realwaste\realwaste-main\RealWaste\Metal\Metal_727.jpg,524,524,RGB,1.0,119.8,166.23596,49.621815,17.771267
Metal_728.jpg,Metal,D:\Recovered Documents\Moringa\Module 5\Summative2\realwaste\realwaste-main\RealWaste\Metal\Metal_728.jpg,524,524,RGB,1.0,93.4,161.78357,33.219772,16.556423
Metal_729.jpg,Metal,D:\Recovered Documents\Moringa\Module 5\Summative2\realwaste\realwaste-main\RealWaste\Metal\Metal_729.jpg,524,524,RGB,1.0,128.8,159.63744,46.46098,34.05599
Metal_73.jpg,Metal,D:\Recovered Documents\Moringa\Module 5\Summative2\realwaste\realwaste-main\RealWaste\Metal\Metal_73.jpg,524,524,RGB,1.0,182.2,163.66232,23.970425,18.853733
Metal_730.jpg,Metal,D:\Recovered Documents\Moringa\Module 5\Summative2\realwaste\realwaste-main\RealWaste\Metal\Metal_730.jpg,524,524,RGB,1.0,129.0,165.63527,39.906834,17.235243
Metal_731.jpg,Metal,D:\Recovered Documents\Moringa\Module 5\Summative2\realwaste\realwaste-main\RealWaste\Metal\Metal_731.jpg,524,524,RGB,1.0,118.3,163.9171,44.598057,26.121094
Metal_732.jpg,Metal,D:\Recovered Documents\Moringa\Module 5\Summative2\realwaste\realwaste-main\RealWaste\Metal\Metal_732.jpg,524,524,RGB,1.0,114.1,160.27676,48.964855,34.47005
Metal_733.jpg,Metal,D:\Recovered Documents\Moringa\Module 5\Summative2\realwaste\realwaste-main\RealWaste\Metal\Metal_733.jpg,524,524,RGB,1.0,123.0,143.39656,46.816666,43.73047
Metal_734.jpg,Metal,D:\Recovered Documents\Moringa\Module 5\Summative2\realwaste\realwaste-main\RealWaste\Metal\Metal_734.jpg,524,524,RGB,1.0,107.6,151.57465,47.95263,32.98394
Metal_735.jpg,Metal,D:\Recovered Documents\Moringa\Module 5\Summative2\realwaste\realwaste-main\RealWaste\Metal\Metal_735.jpg,524,524,RGB,1.0,82.6,153.75116,32.91126,10.286892
Metal_736.jpg,Metal,D:\Recovered Documents\Moringa\Module 5\Summative2\realwaste\realwaste-main\RealWaste\Metal\Metal_736.jpg,524,524,RGB,1.0,134.0,146.61777,45.25529,40.131943
Metal_737.jpg,Metal,D:\Recovered Documents\Moringa\Module 5\Summative2\realwaste\realwaste-main\RealWaste\Metal\Metal_737.jpg,524,524,RGB,1.0,110.5,160.26085,51.30265,38.29427
Metal_738.jpg,Metal,D:\Recovered Documents\Moringa\Module 5\Summative2\realwaste\realwaste-main\RealWaste\Metal\Metal_738.jpg,524,524,RGB,1.0,114.6,154.1862,46.08282,32.156685
Metal_739.jpg,Metal,D:\Recovered Documents\Moringa\Module 5\Summative2\realwaste\realwaste-main\RealWaste\Metal\Metal_739.jpg,524,524,RGB,1.0,124.4,164.72092,37.320206,15.389757
Metal_74.jpg,Metal,D:\Recovered Documents\Moringa\Module 5\Summative2\realwaste\realwaste-main\RealWaste\Metal\Metal_74.jpg,524,524,RGB,1.0,145.4,162.1587,30.361511,21.195747
Metal_740.jpg,Metal,D:\Recovered Documents\Moringa\Module 5\Summative2\realwaste\realwaste-main\RealWaste\Metal\Metal_740.jpg,524,524,RGB,1.0,93.7,152.86342,37.038395,21.039062
Metal_741.jpg,Metal,D:\Recovered Documents\Moringa\Module 5\Summative2\realwaste\realwaste-main\RealWaste\Metal\Metal_741.jpg,524,524,RGB,1.0,121.5,136.31047,48.62622,45.795574
Metal_742.jpg,Metal,D:\Recovered Documents\Moringa\Module 5\Summative2\realwaste\realwaste-main\RealWaste\Metal\Metal_742.jpg,524,524,RGB,1.0,75.4,146.86993,41.380154,17.505209
Metal_743.jpg,Metal,D:\Recovered Documents\Moringa\Module 5\Summative2\realwaste\realwaste-main\RealWaste\Metal\Metal_743.jpg,524,524,RGB,1.0,102.7,153.79384,56.197582,46.644966
Metal_744.jpg,Metal,D:\Recovered Documents\Moringa\Module 5\Summative2\realwaste\realwaste-main\RealWaste\Metal\Metal_744.jpg,524,524,RGB,1.0,84.4,153.07161,39.76299,16.098524
Metal_745.jpg,Metal,D:\Recovered Documents\Moringa\Module 5\Summative2\realwaste\realwaste-main\RealWaste\Metal\Metal_745.jpg,524,524,RGB,1.0,105.7,138.50868,54.344006,43.164932
Metal_746.jpg,Metal,D:\Recovered Documents\Moringa\Module 5\Summative2\realwaste\realwaste-main\RealWaste\Metal\Metal_746.jpg,524,524,RGB,1.0,126.1,158.7131,41.752483,28.190538
Metal_747.jpg,Metal,D:\Recovered Documents\Moringa\Module 5\Summative2\realwaste\realwaste-main\RealWaste\Metal\Metal_747.jpg,524,524,RGB,1.0,128.2,162.17087,39.717106,28.394096
Metal_748.jpg,Metal,D:\Recovered Documents\Moringa\Module 5\Summative2\realwaste\realwaste-main\RealWaste\Metal\Metal_748.jpg,524,524,RGB,1.0,120.7,155.59824,49.445763,32.465714
Metal_749.jpg,Metal,D:\Recovered Documents\Moringa\Module 5\Summative2\realwaste\realwaste-main\RealWaste\Metal\Metal_749.jpg,524,524,RGB,1.0,121.0,138.76288,48.33676,44.084637
Metal_75.jpg,Metal,D:\Recovered Documents\Moringa\Module 5\Summative2\realwaste\realwaste-main\RealWaste\Metal\Metal_75.jpg,524,524,RGB,1.0,150.9,163.9129,32.26063,15.72309
Metal_750.jpg,Metal,D:\Recovered Documents\Moringa\Module 5\Summative2\realwaste\realwaste-main\RealWaste\Metal\Metal_750.jpg,524,524,RGB,1.0,83.9,153.36473,44.106472,21.309029
Metal_751.jpg,Metal,D:\Recovered Documents\Moringa\Module 5\Summative2\realwaste\realwaste-main\RealWaste\Metal\Metal_751.jpg,524,524,RGB,1.0,90.0,151.63614,31.775274,19.103733
Metal_752.jpg,Metal,D:\Recovered Documents\Moringa\Module 5\Summative2\realwaste\realwaste-main\RealWaste\Metal\Metal_752.jpg,524,524,RGB,1.0,127.7,166.64525,39.778534,29.806423
Metal_753.jpg,Metal,D:\Recovered Documents\Moringa\Module 5\Summative2\realwaste\realwaste-main\RealWaste\Metal\Metal_753.jpg,524,524,RGB,1.0,126.8,170.9618,35.196934,22.50868
Metal_754.jpg,Metal,D:\Recovered Documents\Moringa\Module 5\Summative2\realwaste\realwaste-main\RealWaste\Metal\Metal_754.jpg,524,524,RGB,1.0,122.4,168.45558,37.21747,22.073784
Metal_755.jpg,Metal,D:\Recovered Documents\Moringa\Module 5\Summative2\realwaste\realwaste-main\RealWaste\Metal\Metal_755.jpg,524,524,RGB,1.0,98.8,166.60315,30.846296,12.4088545
Metal_756.jpg,Metal,D:\Recovered Documents\Moringa\Module 5\Summative2\realwaste\realwaste-main\RealWaste\Metal\Metal_756.jpg,524,524,RGB,1.0,107.4,149.08449,52.024956,36.48698
Metal_757.jpg,Metal,D:\Recovered Documents\Moringa\Module 5\Summative2\realwaste\realwaste-main\RealWaste\Metal\Metal_757.jpg,524,524,RGB,1.0,76.3,171.07422,29.600657,12.036458
Metal_758.jpg,Metal,D:\Recovered Documents\Moringa\Module 5\Summative2\realwaste\realwaste-main\RealWaste\Metal\Metal_758.jpg,524,524,RGB,1.0,118.8,172.11328,28.190145,6.8311634
Metal_759.jpg,Metal,D:\Recovered Documents\Moringa\Module 5\Summative2\realwaste\realwaste-main\RealWaste\Metal\Metal_759.jpg,524,524,RGB,1.0,121.4,170.55165,22.334349,6.749566
Metal_76.jpg,Metal,D:\Recovered Documents\Moringa\Module 5\Summative2\realwaste\realwaste-main\RealWaste\Metal\Metal_76.jpg,524,524,RGB,1.0,175.5,155.37009,29.725061,16.371962
Metal_760.jpg,Metal,D:\Recovered Documents\Moringa\Module 5\Summative2\realwaste\realwaste-main\RealWaste\Metal\Metal_760.jpg,524,524,RGB,1.0,118.8,170.1444,27.330824,6.249566
Metal_761.jpg,Metal,D:\Recovered Documents\Moringa\Module 5\Summative2\realwaste\realwaste-main\RealWaste\Metal\Metal_761.jpg,524,524,RGB,1.0,112.0,171.13513,26.00725,7.6210938
Metal_762.jpg,Metal,D:\Recovered Documents\Moringa\Module 5\Summative2\realwaste\realwaste-main\RealWaste\Metal\Metal_762.jpg,524,524,RGB,1.0,95.7,170.54007,48.374302,20.082466
Metal_763.jpg,Metal,D:\Recovered Documents\Moringa\Module 5\Summative2\realwaste\realwaste-main\RealWaste\Metal\Metal_763.jpg,524,524,RGB,1.0,89.3,146.77937,39.408417,16.50217
Metal_764.jpg,Metal,D:\Recovered Documents\Moringa\Module 5\Summative2\realwaste\realwaste-main\RealWaste\Metal\Metal_764.jpg,524,524,RGB,1.0,99.6,146.49261,52.04021,34.728733
Metal_765.jpg,Metal,D:\Recovered Documents\Moringa\Module 5\Summative2\realwaste\realwaste-main\RealWaste\Metal\Metal_765.jpg,524,524,RGB,1.0,79.8,156.91913,56.85234,27.875
Metal_766.jpg,Metal,D:\Recovered Documents\Moringa\Module 5\Summative2\realwaste\realwaste-main\RealWaste\Metal\Metal_766.jpg,524,524,RGB,1.0,87.2,149.80426,43.081303,15.594618
Metal_767.jpg,Metal,D:\Recovered Documents\Moringa\Module 5\Summative2\realwaste\realwaste-main\RealWaste\Metal\Metal_767.jpg,524,524,RGB,1.0,81.2,155.22034,48.262665,17.759115
Metal_768.jpg,Metal,D:\Recovered Documents\Moringa\Module 5\Summative2\realwaste\realwaste-main\RealWaste\Metal\Metal_768.jpg,524,524,RGB,1.0,87.0,147.91132,49.141064,25.033854
Metal_769.jpg,Metal,D:\Recovered Documents\Moringa\Module 5\Summative2\realwaste\realwaste-main\RealWaste\Metal\Metal_769.jpg,524,524,RGB,1.0,103.2,139.11096,48.788525,44.122395
Metal_77.jpg,Metal,D:\Recovered Documents\Moringa\Module 5\Summative2\realwaste\realwaste-main\RealWaste\Metal\Metal_77.jpg,524,524,RGB,1.0,165.0,164.54543,25.696463,17.21658
Metal_770.jpg,Metal,D:\Recovered Documents\Moringa\Module 5\Summative2\realwaste\realwaste-main\RealWaste\Metal\Metal_770.jpg,524,524,RGB,1.0,104.4,144.5133,49.20241,28.799479
Metal_771.jpg,Metal,D:\Recovered Documents\Moringa\Module 5\Summative2\realwaste\realwaste-main\RealWaste\Metal\Metal_771.jpg,524,524,RGB,1.0,103.7,139.94373,54.957047,39.242188
Metal_772.jpg,Metal,D:\Recovered Documents\Moringa\Module 5\Summative2\realwaste\realwaste-main\RealWaste\Metal\Metal_772.jpg,524,524,RGB,1.0,111.8,141.30598,60.67795,27.379341
Metal_773.jpg,Metal,D:\Recovered Documents\Moringa\Module 5\Summative2\realwaste\realwaste-main\RealWaste\Metal\Metal_773.jpg,524,524,RGB,1.0,73.6,144.35431,46.715164,15.381511
Metal_774.jpg,Metal,D:\Recovered Documents\Moringa\Module 5\Summative2\realwaste\realwaste-main\RealWaste\Metal\Metal_774.jpg,524,524,RGB,1.0,92.7,148.53978,41.648865,13.121094
Metal_775.jpg,Metal,D:\Recovered Documents\Moringa\Module 5\Summative2\realwaste\realwaste-main\RealWaste\Metal\Metal_775.jpg,524,524,RGB,1.0,74.0,144.09998,49.93116,18.14019
Metal_776.jpg,Metal,D:\Recovered Documents\Moringa\Module 5\Summative2\realwaste\realwaste-main\RealWaste\Metal\Metal_776.jpg,524,524,RGB,1.0,102.7,151.89207,55.794403,23.54861
Metal_777.jpg,Metal,D:\Recovered Documents\Moringa\Module 5\Summative2\realwaste\realwaste-main\RealWaste\Metal\Metal_777.jpg,524,524,RGB,1.0,99.9,139.31511,66.07572,28.415798
Metal_778.jpg,Metal,D:\Recovered Documents\Moringa\Module 5\Summative2\realwaste\realwaste-main\RealWaste\Metal\Metal_778.jpg,524,524,RGB,1.0,108.7,135.07335,63.239937,28.967447
Metal_779.jpg,Metal,D:\Recovered Documents\Moringa\Module 5\Summative2\realwaste\realwaste-main\RealWaste\Metal\Metal_779.jpg,524,524,RGB,1.0,111.4,145.66174,59.129356,21.209202
Metal_78.jpg,Metal,D:\Recovered Documents\Moringa\Module 5\Summative2\realwaste\realwaste-main\RealWaste\Metal\Metal_78.jpg,524,524,RGB,1.0,185.4,164.8462,20.805952,12.465278
Metal_780.jpg,Metal,D:\Recovered Documents\Moringa\Module 5\Summative2\realwaste\realwaste-main\RealWaste\Metal\Metal_780.jpg,524,524,RGB,1.0,101.1,155.18576,39.95597,33.24349
Metal_781.jpg,Metal,D:\Recovered Documents\Moringa\Module 5\Summative2\realwaste\realwaste-main\RealWaste\Metal\Metal_781.jpg,524,524,RGB,1.0,107.8,145.999,62.8909,26.485243
Metal_782.jpg,Metal,D:\Recovered Documents\Moringa\Module 5\Summative2\realwaste\realwaste-main\RealWaste\Metal\Metal_782.jpg,524,524,RGB,1.0,105.8,144.9009,61.412796,24.605469
Metal_783.jpg,Metal,D:\Recovered Documents\Moringa\Module 5\Summative2\realwaste\realwaste-main\RealWaste\Metal\Metal_783.jpg,524,524,RGB,1.0,92.6,159.16058,48.701294,28.27257
Metal_784.jpg,Metal,D:\Recovered Documents\Moringa\Module 5\Summative2\realwaste\realwaste-main\RealWaste\Metal\Metal_784.jpg,524,524,RGB,1.0,103.8,140.13078,56.08593,50.174046
Metal_785.jpg,Metal,D:\Recovered Documents\Moringa\Module 5\Summative2\realwaste\realwaste-main\RealWaste\Metal\Metal_785.jpg,524,524,RGB,1.0,115.7,157.36618,55.232418,49.65625
Metal_786.jpg,Metal,D:\Recovered Documents\Moringa\Module 5\Summative2\realwaste\realwaste-main\RealWaste\Metal\Metal_786.jpg,524,524,RGB,1.0,101.6,147.97772,48.75499,36.309895
Metal_787.jpg,Metal,D:\Recovered Documents\Moringa\Module 5\Summative2\realwaste\realwaste-main\RealWaste\Metal\Metal_787.jpg,524,524,RGB,1.0,111.7,151.23944,47.51763,41.43533
Metal_788.jpg,Metal,D:\Recovered Documents\Moringa\Module 5\Summative2\realwaste\realwaste-main\RealWaste\Metal\Metal_788.jpg,524,524,RGB,1.0,82.8,156.03168,51.040867,18.965712
Metal_789.jpg,Metal,D:\Recovered Documents\Moringa\Module 5\Summative2\realwaste\realwaste-main\RealWaste\Metal\Metal_789.jpg,524,524,RGB,1.0,65.8,146.49783,44.151024,15.447917
Metal_79.jpg,Metal,D:\Recovered Documents\Moringa\Module 5\Summative2\realwaste\realwaste-main\RealWaste\Metal\Metal_79.jpg,524,524,RGB,1.0,124.3,134.83275,72.30736,35.68663
Metal_790.jpg,Metal,D:\Recovered Documents\Moringa\Module 5\Summative2\realwaste\realwaste-main\RealWaste\Metal\Metal_790.jpg,524,524,RGB,1.0,110.7,136.9757,64.29843,42.572918
Metal_8.jpg,Metal,D:\Recovered Documents\Moringa\Module 5\Summative2\realwaste\realwaste-main\RealWaste\Metal\Metal_8.jpg,524,524,RGB,1.0,161.2,159.8789,21.87027,17.736546
Metal_80.jpg,Metal,D:\Recovered Documents\Moringa\Module 5\Summative2\realwaste\realwaste-main\RealWaste\Metal\Metal_80.jpg,524,524,RGB,1.0,188.4,164.80121,20.422297,18.404514
Metal_81.jpg,Metal,D:\Recovered Documents\Moringa\Module 5\Summative2\realwaste\realwaste-main\RealWaste\Metal\Metal_81.jpg,524,524,RGB,1.0,177.3,155.66348,32.0366,23.875
Metal_82.jpg,Metal,D:\Recovered Documents\Moringa\Module 5\Summative2\realwaste\realwaste-main\RealWaste\Metal\Metal_82.jpg,524,524,RGB,1.0,193.0,160.34882,27.386486,25.606771
Metal_83.jpg,Metal,D:\Recovered Documents\Moringa\Module 5\Summative2\realwaste\realwaste-main\RealWaste\Metal\Metal_83.jpg,524,524,RGB,1.0,198.9,161.29355,19.722473,20.511719
Metal_84.jpg,Metal,D:\Recovered Documents\Moringa\Module 5\Summative2\realwaste\realwaste-main\RealWaste\Metal\Metal_84.jpg,524,524,RGB,1.0,169.7,160.93114,28.739187,19.955729
Metal_85.jpg,Metal,D:\Recovered Documents\Moringa\Module 5\Summative2\realwaste\realwaste-main\RealWaste\Metal\Metal_85.jpg,524,524,RGB,1.0,174.8,161.52835,29.38002,19.09375
Metal_86.jpg,Metal,D:\Recovered Documents\Moringa\Module 5\Summative2\realwaste\realwaste-main\RealWaste\Metal\Metal_86.jpg,524,524,RGB,1.0,183.8,161.10085,26.192167,19.498264
Metal_87.jpg,Metal,D:\Recovered Documents\Moringa\Module 5\Summative2\realwaste\realwaste-main\RealWaste\Metal\Metal_87.jpg,524,524,RGB,1.0,199.5,162.7931,20.303001,14.493055
Metal_88.jpg,Metal,D:\Recovered Documents\Moringa\Module 5\Summative2\realwaste\realwaste-main\RealWaste\Metal\Metal_88.jpg,524,524,RGB,1.0,184.2,156.99768,26.940296,19.706163
Metal_89.jpg,Metal,D:\Recovered Documents\Moringa\Module 5\Summative2\realwaste\realwaste-main\RealWaste\Metal\Metal_89.jpg,524,524,RGB,1.0,165.8,164.51707,34.496204,25.42665
Metal_9.jpg,Metal,D:\Recovered Documents\Moringa\Module 5\Summative2\realwaste\realwaste-main\RealWaste\Metal\Metal_9.jpg,524,524,RGB,1.0,167.0,161.72179,50.086067,21.285156
Metal_90.jpg,Metal,D:\Recovered Documents\Moringa\Module 5\Summative2\realwaste\realwaste-main\RealWaste\Metal\Metal_90.jpg,524,524,RGB,1.0,135.4,133.57205,65.7903,27.890625
Metal_91.jpg,Metal,D:\Recovered Documents\Moringa\Module 5\Summative2\realwaste\realwaste-main\RealWaste\Metal\Metal_91.jpg,524,524,RGB,1.0,190.7,159.90654,35.66556,24.223091
Metal_92.jpg,Metal,D:\Recovered Documents\Moringa\Module 5\Summative2\realwaste\realwaste-main\RealWaste\Metal\Metal_92.jpg,524,524,RGB,1.0,197.8,156.16565,37.416977,37.786026
Metal_93.jpg,Metal,D:\Recovered Documents\Moringa\Module 5\Summative2\realwaste\realwaste-main\RealWaste\Metal\Metal_93.jpg,524,524,RGB,1.0,109.2,159.51678,33.76283,21.28342
Metal_94.jpg,Metal,D:\Recovered Documents\Moringa\Module 5\Summative2\realwaste\realwaste-main\RealWaste\Metal\Metal_94.jpg,524,524,RGB,1.0,98.0,159.76794,32.746708,22.442274
Metal_95.jpg,Metal,D:\Recovered Documents\Moringa\Module 5\Summative2\realwaste\realwaste-main\RealWaste\Metal\Metal_95.jpg,524,524,RGB,1.0,183.0,151.69574,36.67168,44.269966
Metal_96.jpg,Metal,D:\Recovered Documents\Moringa\Module 5\Summative2\realwaste\realwaste-main\RealWaste\Metal\Metal_96.jpg,524,524,RGB,1.0,174.3,163.80801,25.437548,12.292969
Metal_97.jpg,Metal,D:\Recovered Documents\Moringa\Module 5\Summative2\realwaste\realwaste-main\RealWaste\Metal\Metal_97.jpg,524,524,RGB,1.0,171.4,162.66913,25.842041,14.567274
Metal_98.jpg,Metal,D:\Recovered Documents\Moringa\Module 5\Summative2\realwaste\realwaste-main\RealWaste\Metal\Metal_98.jpg,524,524,RGB,1.0,178.3,165.7568,23.141525,10.697048
Metal_99.jpg,Metal,D:\Recovered Documents\Moringa\Module 5\Summative2\realwaste\realwaste-main\RealWaste\Metal\Metal_99.jpg,524,524,RGB,1.0,107.3,152.75781,48.88026,36.536457
Miscellaneous Trash_1.jpg,Miscellaneous Trash,D:\Recovered Documents\Moringa\Module 5\Summative2\realwaste\realwaste-main\RealWaste\Miscellaneous Trash\Miscellaneous Trash_1.jpg,524,524,RGB,1.0,108.7,152.93127,63.257366,18.222221
Miscellaneous Trash_10.jpg,Miscellaneous Trash,D:\Recovered Documents\Moringa\Module 5\Summative2\realwaste\realwaste-main\RealWaste\Miscellaneous Trash\Miscellaneous Trash_10.jpg,524,524,RGB,1.0,118.6,170.3588,21.194754,12.845052
Miscellaneous Trash_100.jpg,Miscellaneous Trash,D:\Recovered Documents\Moringa\Module 5\Summative2\realwaste\realwaste-main\RealWaste\Miscellaneous Trash\Miscellaneous Trash_100.jpg,524,524,RGB,1.0,89.7,169.90047,26.154335,8.911892
Miscellaneous Trash_101.jpg,Miscellaneous Trash,D:\Recovered Documents\Moringa\Module 5\Summative2\realwaste\realwaste-main\RealWaste\Miscellaneous Trash\Miscellaneous Trash_101.jpg,524,524,RGB,1.0,107.5,153.9848,64.26124,13.401042
Miscellaneous Trash_102.jpg,Miscellaneous Trash,D:\Recovered Documents\Moringa\Module 5\Summative2\realwaste\realwaste-main\RealWaste\Miscellaneous Trash\Miscellaneous Trash_102.jpg,524,524,RGB,1.0,99.2,168.49739,26.561964,9.516493
Miscellaneous Trash_103.jpg,Miscellaneous Trash,D:\Recovered Documents\Moringa\Module 5\Summative2\realwaste\realwaste-main\RealWaste\Miscellaneous Trash\Miscellaneous Trash_103.jpg,524,524,RGB,1.0,108.2,168.8792,25.953072,16.049479
Miscellaneous Trash_104.jpg,Miscellaneous Trash,D:\Recovered Documents\Moringa\Module 5\Summative2\realwaste\realwaste-main\RealWaste\Miscellaneous Trash\Miscellaneous Trash_104.jpg,524,524,RGB,1.0,106.4,166.32002,24.067883,10.474827
Miscellaneous Trash_105.jpg,Miscellaneous Trash,D:\Recovered Documents\Moringa\Module 5\Summative2\realwaste\realwaste-main\RealWaste\Miscellaneous Trash\Miscellaneous Trash_105.jpg,524,524,RGB,1.0,122.5,168.43272,27.37532,18.1046
Miscellaneous Trash_106.jpg,Miscellaneous Trash,D:\Recovered Documents\Moringa\Module 5\Summative2\realwaste\realwaste-main\RealWaste\Miscellaneous Trash\Miscellaneous Trash_106.jpg,524,524,RGB,1.0,104.8,164.94531,30.617393,19.104166
Miscellaneous Trash_107.jpg,Miscellaneous Trash,D:\Recovered Documents\Moringa\Module 5\Summative2\realwaste\realwaste-main\RealWaste\Miscellaneous Trash\Miscellaneous Trash_107.jpg,524,524,RGB,1.0,121.9,167.71355,26.972576,20.299913
Miscellaneous Trash_108.jpg,Miscellaneous Trash,D:\Recovered Documents\Moringa\Module 5\Summative2\realwaste\realwaste-main\RealWaste\Miscellaneous Trash\Miscellaneous Trash_108.jpg,524,524,RGB,1.0,125.5,169.81409,21.09145,11.639757
Miscellaneous Trash_109.jpg,Miscellaneous Trash,D:\Recovered Documents\Moringa\Module 5\Summative2\realwaste\realwaste-main\RealWaste\Miscellaneous Trash\Miscellaneous Trash_109.jpg,524,524,RGB,1.0,126.5,166.27618,21.597532,14.458333
Miscellaneous Trash_11.jpg,Miscellaneous Trash,D:\Recovered Documents\Moringa\Module 5\Summative2\realwaste\realwaste-main\RealWaste\Miscellaneous Trash\Miscellaneous Trash_11.jpg,524,524,RGB,1.0,131.0,162.32118,29.12399,20.6046
Miscellaneous Trash_110.jpg,Miscellaneous Trash,D:\Recovered Documents\Moringa\Module 5\Summative2\realwaste\realwaste-main\RealWaste\Miscellaneous Trash\Miscellaneous Trash_110.jpg,524,524,RGB,1.0,120.0,168.47498,25.692513,17.416666
Miscellaneous Trash_111.jpg,Miscellaneous Trash,D:\Recovered Documents\Moringa\Module 5\Summative2\realwaste\realwaste-main\RealWaste\Miscellaneous Trash\Miscellaneous Trash_111.jpg,524,524,RGB,1.0,99.1,162.47772,33.7023,22.536892
Miscellaneous Trash_112.jpg,Miscellaneous Trash,D:\Recovered Documents\Moringa\Module 5\Summative2\realwaste\realwaste-main\RealWaste\Miscellaneous Trash\Miscellaneous Trash_112.jpg,524,524,RGB,1.0,125.2,158.58984,43.788834,10.9088545
Miscellaneous Trash_113.jpg,Miscellaneous Trash,D:\Recovered Documents\Moringa\Module 5\Summative2\realwaste\realwaste-main\RealWaste\Miscellaneous Trash\Miscellaneous Trash_113.jpg,524,524,RGB,1.0,126.4,165.84288,48.5684,45.74566
Miscellaneous Trash_114.jpg,Miscellaneous Trash,D:\Recovered Documents\Moringa\Module 5\Summative2\realwaste\realwaste-main\RealWaste\Miscellaneous Trash\Miscellaneous Trash_114.jpg,524,524,RGB,1.0,101.3,165.17955,35.128433,22.453993
Miscellaneous Trash_115.jpg,Miscellaneous Trash,D:\Recovered Documents\Moringa\Module 5\Summative2\realwaste\realwaste-main\RealWaste\Miscellaneous Trash\Miscellaneous Trash_115.jpg,524,524,RGB,1.0,118.3,164.50839,31.56972,23.849827
Miscellaneous Trash_116.jpg,Miscellaneous Trash,D:\Recovered Documents\Moringa\Module 5\Summative2\realwaste\realwaste-main\RealWaste\Miscellaneous Trash\Miscellaneous Trash_116.jpg,524,524,RGB,1.0,112.7,167.49435,30.185661,21.782986
Miscellaneous Trash_117.jpg,Miscellaneous Trash,D:\Recovered Documents\Moringa\Module 5\Summative2\realwaste\realwaste-main\RealWaste\Miscellaneous Trash\Miscellaneous Trash_117.jpg,524,524,RGB,1.0,108.1,168.5029,26.537634,10.42882
Miscellaneous Trash_118.jpg,Miscellaneous Trash,D:\Recovered Documents\Moringa\Module 5\Summative2\realwaste\realwaste-main\RealWaste\Miscellaneous Trash\Miscellaneous Trash_118.jpg,524,524,RGB,1.0,122.0,165.97873,20.34519,6.8893228
Miscellaneous Trash_119.jpg,Miscellaneous Trash,D:\Recovered Documents\Moringa\Module 5\Summative2\realwaste\realwaste-main\RealWaste\Miscellaneous Trash\Miscellaneous Trash_119.jpg,524,524,RGB,1.0,118.0,171.86906,28.931932,16.132812
Miscellaneous Trash_12.jpg,Miscellaneous Trash,D:\Recovered Documents\Moringa\Module 5\Summative2\realwaste\realwaste-main\RealWaste\Miscellaneous Trash\Miscellaneous Trash_12.jpg,524,524,RGB,1.0,126.8,164.13585,31.174406,15.980903
Miscellaneous Trash_120.jpg,Miscellaneous Trash,D:\Recovered Documents\Moringa\Module 5\Summative2\realwaste\realwaste-main\RealWaste\Miscellaneous Trash\Miscellaneous Trash_120.jpg,524,524,RGB,1.0,129.9,166.96022,30.018581,26.258247
Miscellaneous Trash_121.jpg,Miscellaneous Trash,D:\Recovered Documents\Moringa\Module 5\Summative2\realwaste\realwaste-main\RealWaste\Miscellaneous Trash\Miscellaneous Trash_121.jpg,524,524,RGB,1.0,150.1,166.81554,36.134544,24.182291
Miscellaneous Trash_122.jpg,Miscellaneous Trash,D:\Recovered Documents\Moringa\Module 5\Summative2\realwaste\realwaste-main\RealWaste\Miscellaneous Trash\Miscellaneous Trash_122.jpg,524,524,RGB,1.0,152.8,166.75404,38.647736,21.169271
Miscellaneous Trash_123.jpg,Miscellaneous Trash,D:\Recovered Documents\Moringa\Module 5\Summative2\realwaste\realwaste-main\RealWaste\Miscellaneous Trash\Miscellaneous Trash_123.jpg,524,524,RGB,1.0,155.8,169.27777,46.21988,33.201824
Miscellaneous Trash_124.jpg,Miscellaneous Trash,D:\Recovered Documents\Moringa\Module 5\Summative2\realwaste\realwaste-main\RealWaste\Miscellaneous Trash\Miscellaneous Trash_124.jpg,524,524,RGB,1.0,119.8,162.84042,44.952026,49.681423
Miscellaneous Trash_125.jpg,Miscellaneous Trash,D:\Recovered Documents\Moringa\Module 5\Summative2\realwaste\realwaste-main\RealWaste\Miscellaneous Trash\Miscellaneous Trash_125.jpg,524,524,RGB,1.0,150.7,158.0557,33.373104,34.01606
Miscellaneous Trash_126.jpg,Miscellaneous Trash,D:\Recovered Documents\Moringa\Module 5\Summative2\realwaste\realwaste-main\RealWaste\Miscellaneous Trash\Miscellaneous Trash_126.jpg,524,524,RGB,1.0,115.9,165.12196,19.315838,10.6536455
Miscellaneous Trash_127.jpg,Miscellaneous Trash,D:\Recovered Documents\Moringa\Module 5\Summative2\realwaste\realwaste-main\RealWaste\Miscellaneous Trash\Miscellaneous Trash_127.jpg,524,524,RGB,1.0,125.5,158.27315,49.62418,18.410156
Miscellaneous Trash_128.jpg,Miscellaneous Trash,D:\Recovered Documents\Moringa\Module 5\Summative2\realwaste\realwaste-main\RealWaste\Miscellaneous Trash\Miscellaneous Trash_128.jpg,524,524,RGB,1.0,123.2,156.48004,51.046406,20.465279
Miscellaneous Trash_129.jpg,Miscellaneous Trash,D:\Recovered Documents\Moringa\Module 5\Summative2\realwaste\realwaste-main\RealWaste\Miscellaneous Trash\Miscellaneous Trash_129.jpg,524,524,RGB,1.0,102.6,163.82408,37.670082,26.711372
Miscellaneous Trash_13.jpg,Miscellaneous Trash,D:\Recovered Documents\Moringa\Module 5\Summative2\realwaste\realwaste-main\RealWaste\Miscellaneous Trash\Miscellaneous Trash_13.jpg,524,524,RGB,1.0,110.1,164.39583,56.08671,9.231337
Miscellaneous Trash_130.jpg,Miscellaneous Trash,D:\Recovered Documents\Moringa\Module 5\Summative2\realwaste\realwaste-main\RealWaste\Miscellaneous Trash\Miscellaneous Trash_130.jpg,524,524,RGB,1.0,104.1,165.72208,33.208977,20.564236
Miscellaneous Trash_131.jpg,Miscellaneous Trash,D:\Recovered Documents\Moringa\Module 5\Summative2\realwaste\realwaste-main\RealWaste\Miscellaneous Trash\Miscellaneous Trash_131.jpg,524,524,RGB,1.0,113.9,170.61067,28.032701,15.889323
Miscellaneous Trash_132.jpg,Miscellaneous Trash,D:\Recovered Documents\Moringa\Module 5\Summative2\realwaste\realwaste-main\RealWaste\Miscellaneous Trash\Miscellaneous Trash_132.jpg,524,524,RGB,1.0,135.0,169.18185,34.294952,16.291233
Miscellaneous Trash_133.jpg,Miscellaneous Trash,D:\Recovered Documents\Moringa\Module 5\Summative2\realwaste\realwaste-main\RealWaste\Miscellaneous Trash\Miscellaneous Trash_133.jpg,524,524,RGB,1.0,130.6,169.8983,34.804066,15.378472
Miscellaneous Trash_134.jpg,Miscellaneous Trash,D:\Recovered Documents\Moringa\Module 5\Summative2\realwaste\realwaste-main\RealWaste\Miscellaneous Trash\Miscellaneous Trash_134.jpg,524,524,RGB,1.0,141.9,160.03848,36.54478,27.875435
Miscellaneous Trash_135.jpg,Miscellaneous Trash,D:\Recovered Documents\Moringa\Module 5\Summative2\realwaste\realwaste-main\RealWaste\Miscellaneous Trash\Miscellaneous Trash_135.jpg,524,524,RGB,1.0,130.4,162.4864,52.544987,9.709636
Miscellaneous Trash_136.jpg,Miscellaneous Trash,D:\Recovered Documents\Moringa\Module 5\Summative2\realwaste\realwaste-main\RealWaste\Miscellaneous Trash\Miscellaneous Trash_136.jpg,524,524,RGB,1.0,139.6,163.8902,35.137554,24.647135
Miscellaneous Trash_137.jpg,Miscellaneous Trash,D:\Recovered Documents\Moringa\Module 5\Summative2\realwaste\realwaste-main\RealWaste\Miscellaneous Trash\Miscellaneous Trash_137.jpg,524,524,RGB,1.0,133.7,144.83102,63.319565,77.95703
Miscellaneous Trash_138.jpg,Miscellaneous Trash,D:\Recovered Documents\Moringa\Module 5\Summative2\realwaste\realwaste-main\RealWaste\Miscellaneous Trash\Miscellaneous Trash_138.jpg,524,524,RGB,1.0,130.8,143.39308,61.600307,73.40278
Miscellaneous Trash_139.jpg,Miscellaneous Trash,D:\Recovered Documents\Moringa\Module 5\Summative2\realwaste\realwaste-main\RealWaste\Miscellaneous Trash\Miscellaneous Trash_139.jpg,524,524,RGB,1.0,115.3,167.32523,55.731796,17.668404
Miscellaneous Trash_14.jpg,Miscellaneous Trash,D:\Recovered Documents\Moringa\Module 5\Summative2\realwaste\realwaste-main\RealWaste\Miscellaneous Trash\Miscellaneous Trash_14.jpg,524,524,RGB,1.0,112.5,168.39381,38.07035,25.018663
Miscellaneous Trash_140.jpg,Miscellaneous Trash,D:\Recovered Documents\Moringa\Module 5\Summative2\realwaste\realwaste-main\RealWaste\Miscellaneous Trash\Miscellaneous Trash_140.jpg,524,524,RGB,1.0,117.2,168.13933,51.64931,15.515625
Miscellaneous Trash_141.jpg,Miscellaneous Trash,D:\Recovered Documents\Moringa\Module 5\Summative2\realwaste\realwaste-main\RealWaste\Miscellaneous Trash\Miscellaneous Trash_141.jpg,524,524,RGB,1.0,126.1,167.93085,45.580772,18.887587
Miscellaneous Trash_142.jpg,Miscellaneous Trash,D:\Recovered Documents\Moringa\Module 5\Summative2\realwaste\realwaste-main\RealWaste\Miscellaneous Trash\Miscellaneous Trash_142.jpg,524,524,RGB,1.0,126.1,166.87384,35.894684,32.842014
Miscellaneous Trash_143.jpg,Miscellaneous Trash,D:\Recovered Documents\Moringa\Module 5\Summative2\realwaste\realwaste-main\RealWaste\Miscellaneous Trash\Miscellaneous Trash_143.jpg,524,524,RGB,1.0,122.6,169.98828,39.24649,12.874566
Miscellaneous Trash_144.jpg,Miscellaneous Trash,D:\Recovered Documents\Moringa\Module 5\Summative2\realwaste\realwaste-main\RealWaste\Miscellaneous Trash\Miscellaneous Trash_144.jpg,524,524,RGB,1.0,118.8,169.50955,35.62088,25.683594
Miscellaneous Trash_145.jpg,Miscellaneous Trash,D:\Recovered Documents\Moringa\Module 5\Summative2\realwaste\realwaste-main\RealWaste\Miscellaneous Trash\Miscellaneous Trash_145.jpg,524,524,RGB,1.0,103.4,147.8789,31.548698,26.266493
Miscellaneous Trash_146.jpg,Miscellaneous Trash,D:\Recovered Documents\Moringa\Module 5\Summative2\realwaste\realwaste-main\RealWaste\Miscellaneous Trash\Miscellaneous Trash_146.jpg,524,524,RGB,1.0,153.4,158.09607,34.752995,72.974396
Miscellaneous Trash_147.jpg,Miscellaneous Trash,D:\Recovered Documents\Moringa\Module 5\Summative2\realwaste\realwaste-main\RealWaste\Miscellaneous Trash\Miscellaneous Trash_147.jpg,524,524,RGB,1.0,107.0,156.65668,27.692753,23.73915
Miscellaneous Trash_148.jpg,Miscellaneous Trash,D:\Recovered Documents\Moringa\Module 5\Summative2\realwaste\realwaste-main\RealWaste\Miscellaneous Trash\Miscellaneous Trash_148.jpg,524,524,RGB,1.0,123.4,158.05064,61.984623,11.157552
Miscellaneous Trash_149.jpg,Miscellaneous Trash,D:\Recovered Documents\Moringa\Module 5\Summative2\realwaste\realwaste-main\RealWaste\Miscellaneous Trash\Miscellaneous Trash_149.jpg,524,524,RGB,1.0,136.6,160.03067,59.735825,8.681858
Miscellaneous Trash_15.jpg,Miscellaneous Trash,D:\Recovered Documents\Moringa\Module 5\Summative2\realwaste\realwaste-main\RealWaste\Miscellaneous Trash\Miscellaneous Trash_15.jpg,524,524,RGB,1.0,119.2,162.82552,52.044704,45.479168
Miscellaneous Trash_150.jpg,Miscellaneous Trash,D:\Recovered Documents\Moringa\Module 5\Summative2\realwaste\realwaste-main\RealWaste\Miscellaneous Trash\Miscellaneous Trash_150.jpg,524,524,RGB,1.0,141.8,161.12009,36.912254,22.584202
Miscellaneous Trash_151.jpg,Miscellaneous Trash,D:\Recovered Documents\Moringa\Module 5\Summative2\realwaste\realwaste-main\RealWaste\Miscellaneous Trash\Miscellaneous Trash_151.jpg,524,524,RGB,1.0,137.7,147.36053,73.412415,21.305122
Miscellaneous Trash_152.jpg,Miscellaneous Trash,D:\Recovered Documents\Moringa\Module 5\Summative2\realwaste\realwaste-main\RealWaste\Miscellaneous Trash\Miscellaneous Trash_152.jpg,524,524,RGB,1.0,129.8,160.126,30.71788,25.358072
Miscellaneous Trash_153.jpg,Miscellaneous Trash,D:\Recovered Documents\Moringa\Module 5\Summative2\realwaste\realwaste-main\RealWaste\Miscellaneous Trash\Miscellaneous Trash_153.jpg,524,524,RGB,1.0,123.8,164.04007,28.989561,20.878038
Miscellaneous Trash_154.jpg,Miscellaneous Trash,D:\Recovered Documents\Moringa\Module 5\Summative2\realwaste\realwaste-main\RealWaste\Miscellaneous Trash\Miscellaneous Trash_154.jpg,524,524,RGB,1.0,135.7,162.99074,26.215433,22.381945
Miscellaneous Trash_155.jpg,Miscellaneous Trash,D:\Recovered Documents\Moringa\Module 5\Summative2\realwaste\realwaste-main\RealWaste\Miscellaneous Trash\Miscellaneous Trash_155.jpg,524,524,RGB,1.0,136.6,160.18764,26.604097,24.561197
Miscellaneous Trash_156.jpg,Miscellaneous Trash,D:\Recovered Documents\Moringa\Module 5\Summative2\realwaste\realwaste-main\RealWaste\Miscellaneous Trash\Miscellaneous Trash_156.jpg,524,524,RGB,1.0,141.1,162.57379,30.654737,31.117622
Miscellaneous Trash_157.jpg,Miscellaneous Trash,D:\Recovered Documents\Moringa\Module 5\Summative2\realwaste\realwaste-main\RealWaste\Miscellaneous Trash\Miscellaneous Trash_157.jpg,524,524,RGB,1.0,131.9,167.2066,52.261887,10.400608
Miscellaneous Trash_158.jpg,Miscellaneous Trash,D:\Recovered Documents\Moringa\Module 5\Summative2\realwaste\realwaste-main\RealWaste\Miscellaneous Trash\Miscellaneous Trash_158.jpg,524,524,RGB,1.0,142.0,164.93272,33.910744,29.788628
Miscellaneous Trash_159.jpg,Miscellaneous Trash,D:\Recovered Documents\Moringa\Module 5\Summative2\realwaste\realwaste-main\RealWaste\Miscellaneous Trash\Miscellaneous Trash_159.jpg,524,524,RGB,1.0,145.7,158.49855,37.34334,32.201824
Miscellaneous Trash_16.jpg,Miscellaneous Trash,D:\Recovered Documents\Moringa\Module 5\Summative2\realwaste\realwaste-main\RealWaste\Miscellaneous Trash\Miscellaneous Trash_16.jpg,524,524,RGB,1.0,122.2,166.75578,48.379505,38.447918
Miscellaneous Trash_160.jpg,Miscellaneous Trash,D:\Recovered Documents\Moringa\Module 5\Summative2\realwaste\realwaste-main\RealWaste\Miscellaneous Trash\Miscellaneous Trash_160.jpg,524,524,RGB,1.0,133.6,166.15958,28.53527,19.824654
Miscellaneous Trash_161.jpg,Miscellaneous Trash,D:\Recovered Documents\Moringa\Module 5\Summative2\realwaste\realwaste-main\RealWaste\Miscellaneous Trash\Miscellaneous Trash_161.jpg,524,524,RGB,1.0,144.2,163.45197,33.99367,26.215712
Miscellaneous Trash_162.jpg,Miscellaneous Trash,D:\Recovered Documents\Moringa\Module 5\Summative2\realwaste\realwaste-main\RealWaste\Miscellaneous Trash\Miscellaneous Trash_162.jpg,524,524,RGB,1.0,147.2,150.45428,57.058636,19.55165
Miscellaneous Trash_163.jpg,Miscellaneous Trash,D:\Recovered Documents\Moringa\Module 5\Summative2\realwaste\realwaste-main\RealWaste\Miscellaneous Trash\Miscellaneous Trash_163.jpg,524,524,RGB,1.0,127.8,170.7348,34.64975,10.923611
Miscellaneous Trash_164.jpg,Miscellaneous Trash,D:\Recovered Documents\Moringa\Module 5\Summative2\realwaste\realwaste-main\RealWaste\Miscellaneous Trash\Miscellaneous Trash_164.jpg,524,524,RGB,1.0,151.7,156.21687,62.068577,76.77604
Miscellaneous Trash_165.jpg,Miscellaneous Trash,D:\Recovered Documents\Moringa\Module 5\Summative2\realwaste\realwaste-main\RealWaste\Miscellaneous Trash\Miscellaneous Trash_165.jpg,524,524,RGB,1.0,154.7,154.91768,63.112274,78.457466
Miscellaneous Trash_166.jpg,Miscellaneous Trash,D:\Recovered Documents\Moringa\Module 5\Summative2\realwaste\realwaste-main\RealWaste\Miscellaneous Trash\Miscellaneous Trash_166.jpg,524,524,RGB,1.0,142.7,143.90118,57.870316,15.848524
Miscellaneous Trash_167.jpg,Miscellaneous Trash,D:\Recovered Documents\Moringa\Module 5\Summative2\realwaste\realwaste-main\RealWaste\Miscellaneous Trash\Miscellaneous Trash_167.jpg,524,524,RGB,1.0,154.6,151.81741,56.520897,6.424045
Miscellaneous Trash_168.jpg,Miscellaneous Trash,D:\Recovered Documents\Moringa\Module 5\Summative2\realwaste\realwaste-main\RealWaste\Miscellaneous Trash\Miscellaneous Trash_168.jpg,524,524,RGB,1.0,126.8,172.59708,50.759872,8.051649
Miscellaneous Trash_169.jpg,Miscellaneous Trash,D:\Recovered Documents\Moringa\Module 5\Summative2\realwaste\realwaste-main\RealWaste\Miscellaneous Trash\Miscellaneous Trash_169.jpg,524,524,RGB,1.0,95.7,174.33536,25.036623,7.2916665
Miscellaneous Trash_17.jpg,Miscellaneous Trash,D:\Recovered Documents\Moringa\Module 5\Summative2\realwaste\realwaste-main\RealWaste\Miscellaneous Trash\Miscellaneous Trash_17.jpg,524,524,RGB,1.0,116.9,175.51071,17.868788,8.682292
Miscellaneous Trash_170.jpg,Miscellaneous Trash,D:\Recovered Documents\Moringa\Module 5\Summative2\realwaste\realwaste-main\RealWaste\Miscellaneous Trash\Miscellaneous Trash_170.jpg,524,524,RGB,1.0,99.3,174.6017,24.93809,7.3832464
Miscellaneous Trash_171.jpg,Miscellaneous Trash,D:\Recovered Documents\Moringa\Module 5\Summative2\realwaste\realwaste-main\RealWaste\Miscellaneous Trash\Miscellaneous Trash_171.jpg,524,524,RGB,1.0,102.6,173.80035,32.373077,9.934028
Miscellaneous Trash_172.jpg,Miscellaneous Trash,D:\Recovered Documents\Moringa\Module 5\Summative2\realwaste\realwaste-main\RealWaste\Miscellaneous Trash\Miscellaneous Trash_172.jpg,524,524,RGB,1.0,127.6,157.93098,68.05893,71.28212
Miscellaneous Trash_173.jpg,Miscellaneous Trash,D:\Recovered Documents\Moringa\Module 5\Summative2\realwaste\realwaste-main\RealWaste\Miscellaneous Trash\Miscellaneous Trash_173.jpg,524,524,RGB,1.0,126.2,161.55006,67.301796,65.0625
Miscellaneous Trash_174.jpg,Miscellaneous Trash,D:\Recovered Documents\Moringa\Module 5\Summative2\realwaste\realwaste-main\RealWaste\Miscellaneous Trash\Miscellaneous Trash_174.jpg,524,524,RGB,1.0,134.1,153.48192,68.926216,18.672743
Miscellaneous Trash_175.jpg,Miscellaneous Trash,D:\Recovered Documents\Moringa\Module 5\Summative2\realwaste\realwaste-main\RealWaste\Miscellaneous Trash\Miscellaneous Trash_175.jpg,524,524,RGB,1.0,126.1,166.38658,62.45423,54.890625
Miscellaneous Trash_176.jpg,Miscellaneous Trash,D:\Recovered Documents\Moringa\Module 5\Summative2\realwaste\realwaste-main\RealWaste\Miscellaneous Trash\Miscellaneous Trash_176.jpg,524,524,RGB,1.0,144.2,140.43431,68.20629,26.6454
Miscellaneous Trash_177.jpg,Miscellaneous Trash,D:\Recovered Documents\Moringa\Module 5\Summative2\realwaste\realwaste-main\RealWaste\Miscellaneous Trash\Miscellaneous Trash_177.jpg,524,524,RGB,1.0,124.8,154.05498,45.2036,10.036892
Miscellaneous Trash_178.jpg,Miscellaneous Trash,D:\Recovered Documents\Moringa\Module 5\Summative2\realwaste\realwaste-main\RealWaste\Miscellaneous Trash\Miscellaneous Trash_178.jpg,524,524,RGB,1.0,122.9,164.01736,20.407381,10.886285
Miscellaneous Trash_179.jpg,Miscellaneous Trash,D:\Recovered Documents\Moringa\Module 5\Summative2\realwaste\realwaste-main\RealWaste\Miscellaneous Trash\Miscellaneous Trash_179.jpg,524,524,RGB,1.0,136.7,170.93259,48.26466,10.171875
Miscellaneous Trash_18.jpg,Miscellaneous Trash,D:\Recovered Documents\Moringa\Module 5\Summative2\realwaste\realwaste-main\RealWaste\Miscellaneous Trash\Miscellaneous Trash_18.jpg,524,524,RGB,1.0,90.6,168.84882,35.985554,20.740452
Miscellaneous Trash_180.jpg,Miscellaneous Trash,D:\Recovered Documents\Moringa\Module 5\Summative2\realwaste\realwaste-main\RealWaste\Miscellaneous Trash\Miscellaneous Trash_180.jpg,524,524,RGB,1.0,117.8,152.6412,62.298794,15.356337
Miscellaneous Trash_181.jpg,Miscellaneous Trash,D:\Recovered Documents\Moringa\Module 5\Summative2\realwaste\realwaste-main\RealWaste\Miscellaneous Trash\Miscellaneous Trash_181.jpg,524,524,RGB,1.0,111.3,169.34332,57.79166,13.409288
Miscellaneous Trash_182.jpg,Miscellaneous Trash,D:\Recovered Documents\Moringa\Module 5\Summative2\realwaste\realwaste-main\RealWaste\Miscellaneous Trash\Miscellaneous Trash_182.jpg,524,524,RGB,1.0,127.3,167.22656,58.801018,10.319011
Miscellaneous Trash_183.jpg,Miscellaneous Trash,D:\Recovered Documents\Moringa\Module 5\Summative2\realwaste\realwaste-main\RealWaste\Miscellaneous Trash\Miscellaneous Trash_183.jpg,524,524,RGB,1.0,117.2,172.58926,48.990795,10.944879
Miscellaneous Trash_184.jpg,Miscellaneous Trash,D:\Recovered Documents\Moringa\Module 5\Summative2\realwaste\realwaste-main\RealWaste\Miscellaneous Trash\Miscellaneous Trash_184.jpg,524,524,RGB,1.0,127.7,142.13513,57.912895,16.329428
Miscellaneous Trash_185.jpg,Miscellaneous Trash,D:\Recovered Documents\Moringa\Module 5\Summative2\realwaste\realwaste-main\RealWaste\Miscellaneous Trash\Miscellaneous Trash_185.jpg,524,524,RGB,1.0,112.6,167.5489,58.939327,9.6588545
Miscellaneous Trash_186.jpg,Miscellaneous Trash,D:\Recovered Documents\Moringa\Module 5\Summative2\realwaste\realwaste-main\RealWaste\Miscellaneous Trash\Miscellaneous Trash_186.jpg,524,524,RGB,1.0,147.4,153.08493,50.672165,7.733507
Miscellaneous Trash_187.jpg,Miscellaneous Trash,D:\Recovered Documents\Moringa\Module 5\Summative2\realwaste\realwaste-main\RealWaste\Miscellaneous Trash\Miscellaneous Trash_187.jpg,524,524,RGB,1.0,123.3,168.31105,40.275837,36.306423
Miscellaneous Trash_188.jpg,Miscellaneous Trash,D:\Recovered Documents\Moringa\Module 5\Summative2\realwaste\realwaste-main\RealWaste\Miscellaneous Trash\Miscellaneous Trash_188.jpg,524,524,RGB,1.0,146.3,154.4213,54.952736,18.037327
Miscellaneous Trash_189.jpg,Miscellaneous Trash,D:\Recovered Documents\Moringa\Module 5\Summative2\realwaste\realwaste-main\RealWaste\Miscellaneous Trash\Miscellaneous Trash_189.jpg,524,524,RGB,1.0,106.4,155.50014,67.9694,20.08724
Miscellaneous Trash_19.jpg,Miscellaneous Trash,D:\Recovered Documents\Moringa\Module 5\Summative2\realwaste\realwaste-main\RealWaste\Miscellaneous Trash\Miscellaneous Trash_19.jpg,524,524,RGB,1.0,93.5,170.2704,48.674713,32.15842
Miscellaneous Trash_190.jpg,Miscellaneous Trash,D:\Recovered Documents\Moringa\Module 5\Summative2\realwaste\realwaste-main\RealWaste\Miscellaneous Trash\Miscellaneous Trash_190.jpg,524,524,RGB,1.0,119.4,162.1642,20.078703,7.985243
Miscellaneous Trash_191.jpg,Miscellaneous Trash,D:\Recovered Documents\Moringa\Module 5\Summative2\realwaste\realwaste-main\RealWaste\Miscellaneous Trash\Miscellaneous Trash_191.jpg,524,524,RGB,1.0,115.0,150.79152,70.13704,17.080296
Miscellaneous Trash_192.jpg,Miscellaneous Trash,D:\Recovered Documents\Moringa\Module 5\Summative2\realwaste\realwaste-main\RealWaste\Miscellaneous Trash\Miscellaneous Trash_192.jpg,524,524,RGB,1.0,126.8,165.89395,30.384966,12.687934
Miscellaneous Trash_193.jpg,Miscellaneous Trash,D:\Recovered Documents\Moringa\Module 5\Summative2\realwaste\realwaste-main\RealWaste\Miscellaneous Trash\Miscellaneous Trash_193.jpg,524,524,RGB,1.0,122.7,167.87038,36.25548,16.711372
Miscellaneous Trash_194.jpg,Miscellaneous Trash,D:\Recovered Documents\Moringa\Module 5\Summative2\realwaste\realwaste-main\RealWaste\Miscellaneous Trash\Miscellaneous Trash_194.jpg,524,524,RGB,1.0,106.5,148.8504,69.65219,20.46658
Miscellaneous Trash_195.jpg,Miscellaneous Trash,D:\Recovered Documents\Moringa\Module 5\Summative2\realwaste\realwaste-main\RealWaste\Miscellaneous Trash\Miscellaneous Trash_195.jpg,524,524,RGB,1.0,125.1,166.53038,40.042286,12.40625
Miscellaneous Trash_196.jpg,Miscellaneous Trash,D:\Recovered Documents\Moringa\Module 5\Summative2\realwaste\realwaste-main\RealWaste\Miscellaneous Trash\Miscellaneous Trash_196.jpg,524,524,RGB,1.0,116.8,167.85027,18.137377,7.247396
Miscellaneous Trash_197.jpg,Miscellaneous Trash,D:\Recovered Documents\Moringa\Module 5\Summative2\realwaste\realwaste-main\RealWaste\Miscellaneous Trash\Miscellaneous Trash_197.jpg,524,524,RGB,1.0,118.4,166.45413,16.665405,6.7573786
Miscellaneous Trash_198.jpg,Miscellaneous Trash,D:\Recovered Documents\Moringa\Module 5\Summative2\realwaste\realwaste-main\RealWaste\Miscellaneous Trash\Miscellaneous Trash_198.jpg,524,524,RGB,1.0,124.1,163.43982,28.6356,11.203993
Miscellaneous Trash_199.jpg,Miscellaneous Trash,D:\Recovered Documents\Moringa\Module 5\Summative2\realwaste\realwaste-main\RealWaste\Miscellaneous Trash\Miscellaneous Trash_199.jpg,524,524,RGB,1.0,120.7,166.79543,16.015873,4.8398438
Miscellaneous Trash_2.jpg,Miscellaneous Trash,D:\Recovered Documents\Moringa\Module 5\Summative2\realwaste\realwaste-main\RealWaste\Miscellaneous Trash\Miscellaneous Trash_2.jpg,524,524,RGB,1.0,132.4,159.89034,50.035378,11.197917
Miscellaneous Trash_20.jpg,Miscellaneous Trash,D:\Recovered Documents\Moringa\Module 5\Summative2\realwaste\realwaste-main\RealWaste\Miscellaneous Trash\Miscellaneous Trash_20.jpg,524,524,RGB,1.0,103.9,172.10735,45.28042,28.83507
Miscellaneous Trash_200.jpg,Miscellaneous Trash,D:\Recovered Documents\Moringa\Module 5\Summative2\realwaste\realwaste-main\RealWaste\Miscellaneous Trash\Miscellaneous Trash_200.jpg,524,524,RGB,1.0,111.2,162.26244,27.874693,8.228298
Miscellaneous Trash_201.jpg,Miscellaneous Trash,D:\Recovered Documents\Moringa\Module 5\Summative2\realwaste\realwaste-main\RealWaste\Miscellaneous Trash\Miscellaneous Trash_201.jpg,524,524,RGB,1.0,84.3,170.38107,37.139328,18.445312
Miscellaneous Trash_202.jpg,Miscellaneous Trash,D:\Recovered Documents\Moringa\Module 5\Summative2\realwaste\realwaste-main\RealWaste\Miscellaneous Trash\Miscellaneous Trash_202.jpg,524,524,RGB,1.0,121.0,166.88498,16.019726,5.2886286
Miscellaneous Trash_203.jpg,Miscellaneous Trash,D:\Recovered Documents\Moringa\Module 5\Summative2\realwaste\realwaste-main\RealWaste\Miscellaneous Trash\Miscellaneous Trash_203.jpg,524,524,RGB,1.0,119.8,166.85475,19.440363,8.3671875
Miscellaneous Trash_204.jpg,Miscellaneous Trash,D:\Recovered Documents\Moringa\Module 5\Summative2\realwaste\realwaste-main\RealWaste\Miscellaneous Trash\Miscellaneous Trash_204.jpg,524,524,RGB,1.0,123.2,165.64178,15.125617,7.4752603
Miscellaneous Trash_205.jpg,Miscellaneous Trash,D:\Recovered Documents\Moringa\Module 5\Summative2\realwaste\realwaste-main\RealWaste\Miscellaneous Trash\Miscellaneous Trash_205.jpg,524,524,RGB,1.0,117.5,165.07306,23.294966,6.564236
Miscellaneous Trash_206.jpg,Miscellaneous Trash,D:\Recovered Documents\Moringa\Module 5\Summative2\realwaste\realwaste-main\RealWaste\Miscellaneous Trash\Miscellaneous Trash_206.jpg,524,524,RGB,1.0,115.1,165.81757,24.619738,7.098524
Miscellaneous Trash_207.jpg,Miscellaneous Trash,D:\Recovered Documents\Moringa\Module 5\Summative2\realwaste\realwaste-main\RealWaste\Miscellaneous Trash\Miscellaneous Trash_207.jpg,524,524,RGB,1.0,125.9,165.60085,22.009493,7.5850697
Miscellaneous Trash_208.jpg,Miscellaneous Trash,D:\Recovered Documents\Moringa\Module 5\Summative2\realwaste\realwaste-main\RealWaste\Miscellaneous Trash\Miscellaneous Trash_208.jpg,524,524,RGB,1.0,122.6,165.20096,23.9903,8.911458
Miscellaneous Trash_209.jpg,Miscellaneous Trash,D:\Recovered Documents\Moringa\Module 5\Summative2\realwaste\realwaste-main\RealWaste\Miscellaneous Trash\Miscellaneous Trash_209.jpg,524,524,RGB,1.0,110.3,164.45935,29.127172,7.059896
Miscellaneous Trash_21.jpg,Miscellaneous Trash,D:\Recovered Documents\Moringa\Module 5\Summative2\realwaste\realwaste-main\RealWaste\Miscellaneous Trash\Miscellaneous Trash_21.jpg,524,524,RGB,1.0,121.1,169.4537,51.319843,38.95573
Miscellaneous Trash_210.jpg,Miscellaneous Trash,D:\Recovered Documents\Moringa\Module 5\Summative2\realwaste\realwaste-main\RealWaste\Miscellaneous Trash\Miscellaneous Trash_210.jpg,524,524,RGB,1.0,109.5,158.90263,39.642555,9.508246
Miscellaneous Trash_211.jpg,Miscellaneous Trash,D:\Recovered Documents\Moringa\Module 5\Summative2\realwaste\realwaste-main\RealWaste\Miscellaneous Trash\Miscellaneous Trash_211.jpg,524,524,RGB,1.0,130.9,149.53674,78.94699,24.858507
Miscellaneous Trash_212.jpg,Miscellaneous Trash,D:\Recovered Documents\Moringa\Module 5\Summative2\realwaste\realwaste-main\RealWaste\Miscellaneous Trash\Miscellaneous Trash_212.jpg,524,524,RGB,1.0,113.8,168.93764,27.213837,13.687066
Miscellaneous Trash_213.jpg,Miscellaneous Trash,D:\Recovered Documents\Moringa\Module 5\Summative2\realwaste\realwaste-main\RealWaste\Miscellaneous Trash\Miscellaneous Trash_213.jpg,524,524,RGB,1.0,126.0,132.53357,90.16121,46.3112
Miscellaneous Trash_214.jpg,Miscellaneous Trash,D:\Recovered Documents\Moringa\Module 5\Summative2\realwaste\realwaste-main\RealWaste\Miscellaneous Trash\Miscellaneous Trash_214.jpg,524,524,RGB,1.0,118.5,165.5638,44.160614,15.828559
Miscellaneous Trash_215.jpg,Miscellaneous Trash,D:\Recovered Documents\Moringa\Module 5\Summative2\realwaste\realwaste-main\RealWaste\Miscellaneous Trash\Miscellaneous Trash_215.jpg,524,524,RGB,1.0,114.3,151.87022,45.58612,53.427082
Miscellaneous Trash_216.jpg,Miscellaneous Trash,D:\Recovered Documents\Moringa\Module 5\Summative2\realwaste\realwaste-main\RealWaste\Miscellaneous Trash\Miscellaneous Trash_216.jpg,524,524,RGB,1.0,120.4,149.06221,46.546288,59.992622
Miscellaneous Trash_217.jpg,Miscellaneous Trash,D:\Recovered Documents\Moringa\Module 5\Summative2\realwaste\realwaste-main\RealWaste\Miscellaneous Trash\Miscellaneous Trash_217.jpg,524,524,RGB,1.0,115.9,163.39844,43.127354,30.82986
Miscellaneous Trash_218.jpg,Miscellaneous Trash,D:\Recovered Documents\Moringa\Module 5\Summative2\realwaste\realwaste-main\RealWaste\Miscellaneous Trash\Miscellaneous Trash_218.jpg,524,524,RGB,1.0,119.9,167.80598,39.18748,28.503038
Miscellaneous Trash_219.jpg,Miscellaneous Trash,D:\Recovered Documents\Moringa\Module 5\Summative2\realwaste\realwaste-main\RealWaste\Miscellaneous Trash\Miscellaneous Trash_219.jpg,524,524,RGB,1.0,139.4,160.38065,60.878002,66.108505
Miscellaneous Trash_22.jpg,Miscellaneous Trash,D:\Recovered Documents\Moringa\Module 5\Summative2\realwaste\realwaste-main\RealWaste\Miscellaneous Trash\Miscellaneous Trash_22.jpg,524,524,RGB,1.0,121.6,164.75607,52.725292,43.87587
Miscellaneous Trash_220.jpg,Miscellaneous Trash,D:\Recovered Documents\Moringa\Module 5\Summative2\realwaste\realwaste-main\RealWaste\Miscellaneous Trash\Miscellaneous Trash_220.jpg,524,524,RGB,1.0,129.4,169.51549,39.151787,14.795139
Miscellaneous Trash_221.jpg,Miscellaneous Trash,D:\Recovered Documents\Moringa\Module 5\Summative2\realwaste\realwaste-main\RealWaste\Miscellaneous Trash\Miscellaneous Trash_221.jpg,524,524,RGB,1.0,138.8,166.40002,53.659515,52.32639
Miscellaneous Trash_222.jpg,Miscellaneous Trash,D:\Recovered Documents\Moringa\Module 5\Summative2\realwaste\realwaste-main\RealWaste\Miscellaneous Trash\Miscellaneous Trash_222.jpg,524,524,RGB,1.0,127.3,173.31366,24.759115,6.563368
Miscellaneous Trash_223.jpg,Miscellaneous Trash,D:\Recovered Documents\Moringa\Module 5\Summative2\realwaste\realwaste-main\RealWaste\Miscellaneous Trash\Miscellaneous Trash_223.jpg,524,524,RGB,1.0,111.8,153.28993,65.774826,10.464844
Miscellaneous Trash_224.jpg,Miscellaneous Trash,D:\Recovered Documents\Moringa\Module 5\Summative2\realwaste\realwaste-main\RealWaste\Miscellaneous Trash\Miscellaneous Trash_224.jpg,524,524,RGB,1.0,120.9,167.73509,22.647396,8.056858
Miscellaneous Trash_225.jpg,Miscellaneous Trash,D:\Recovered Documents\Moringa\Module 5\Summative2\realwaste\realwaste-main\RealWaste\Miscellaneous Trash\Miscellaneous Trash_225.jpg,524,524,RGB,1.0,123.3,173.6386,28.135216,7.544271
Miscellaneous Trash_226.jpg,Miscellaneous Trash,D:\Recovered Documents\Moringa\Module 5\Summative2\realwaste\realwaste-main\RealWaste\Miscellaneous Trash\Miscellaneous Trash_226.jpg,524,524,RGB,1.0,138.8,170.94661,17.53542,9.555121
Miscellaneous Trash_227.jpg,Miscellaneous Trash,D:\Recovered Documents\Moringa\Module 5\Summative2\realwaste\realwaste-main\RealWaste\Miscellaneous Trash\Miscellaneous Trash_227.jpg,524,524,RGB,1.0,139.6,171.7633,19.185902,9.310329
Miscellaneous Trash_228.jpg,Miscellaneous Trash,D:\Recovered Documents\Moringa\Module 5\Summative2\realwaste\realwaste-main\RealWaste\Miscellaneous Trash\Miscellaneous Trash_228.jpg,524,524,RGB,1.0,132.4,167.47295,48.22927,13.558594
Miscellaneous Trash_229.jpg,Miscellaneous Trash,D:\Recovered Documents\Moringa\Module 5\Summative2\realwaste\realwaste-main\RealWaste\Miscellaneous Trash\Miscellaneous Trash_229.jpg,524,524,RGB,1.0,133.1,167.46976,48.919743,14.446614
Miscellaneous Trash_23.jpg,Miscellaneous Trash,D:\Recovered Documents\Moringa\Module 5\Summative2\realwaste\realwaste-main\RealWaste\Miscellaneous Trash\Miscellaneous Trash_23.jpg,524,524,RGB,1.0,111.7,159.27806,25.627924,20.244791
Miscellaneous Trash_230.jpg,Miscellaneous Trash,D:\Recovered Documents\Moringa\Module 5\Summative2\realwaste\realwaste-main\RealWaste\Miscellaneous Trash\Miscellaneous Trash_230.jpg,524,524,RGB,1.0,132.0,165.0285,50.954853,14.8671875
Miscellaneous Trash_231.jpg,Miscellaneous Trash,D:\Recovered Documents\Moringa\Module 5\Summative2\realwaste\realwaste-main\RealWaste\Miscellaneous Trash\Miscellaneous Trash_231.jpg,524,524,RGB,1.0,129.6,170.52415,19.559841,11.157986
Miscellaneous Trash_232.jpg,Miscellaneous Trash,D:\Recovered Documents\Moringa\Module 5\Summative2\realwaste\realwaste-main\RealWaste\Miscellaneous Trash\Miscellaneous Trash_232.jpg,524,524,RGB,1.0,121.9,170.70515,28.209776,15.773871
Miscellaneous Trash_233.jpg,Miscellaneous Trash,D:\Recovered Documents\Moringa\Module 5\Summative2\realwaste\realwaste-main\RealWaste\Miscellaneous Trash\Miscellaneous Trash_233.jpg,524,524,RGB,1.0,129.8,168.79701,22.48423,12.219618
Miscellaneous Trash_234.jpg,Miscellaneous Trash,D:\Recovered Documents\Moringa\Module 5\Summative2\realwaste\realwaste-main\RealWaste\Miscellaneous Trash\Miscellaneous Trash_234.jpg,524,524,RGB,1.0,152.5,158.08998,50.87038,39.369793
Miscellaneous Trash_235.jpg,Miscellaneous Trash,D:\Recovered Documents\Moringa\Module 5\Summative2\realwaste\realwaste-main\RealWaste\Miscellaneous Trash\Miscellaneous Trash_235.jpg,524,524,RGB,1.0,134.4,159.94661,31.202393,15.715278
Miscellaneous Trash_236.jpg,Miscellaneous Trash,D:\Recovered Documents\Moringa\Module 5\Summative2\realwaste\realwaste-main\RealWaste\Miscellaneous Trash\Miscellaneous Trash_236.jpg,524,524,RGB,1.0,121.6,166.83926,14.216968,5.7912326
Miscellaneous Trash_237.jpg,Miscellaneous Trash,D:\Recovered Documents\Moringa\Module 5\Summative2\realwaste\realwaste-main\RealWaste\Miscellaneous Trash\Miscellaneous Trash_237.jpg,524,524,RGB,1.0,142.2,164.18317,47.665905,33.182724
Miscellaneous Trash_238.jpg,Miscellaneous Trash,D:\Recovered Documents\Moringa\Module 5\Summative2\realwaste\realwaste-main\RealWaste\Miscellaneous Trash\Miscellaneous Trash_238.jpg,524,524,RGB,1.0,120.1,167.66277,14.2920265,5.169705
Miscellaneous Trash_239.jpg,Miscellaneous Trash,D:\Recovered Documents\Moringa\Module 5\Summative2\realwaste\realwaste-main\RealWaste\Miscellaneous Trash\Miscellaneous Trash_239.jpg,524,524,RGB,1.0,126.3,167.28241,14.894336,5.3493924
Miscellaneous Trash_24.jpg,Miscellaneous Trash,D:\Recovered Documents\Moringa\Module 5\Summative2\realwaste\realwaste-main\RealWaste\Miscellaneous Trash\Miscellaneous Trash_24.jpg,524,524,RGB,1.0,118.6,170.16956,44.339905,9.460504
Miscellaneous Trash_240.jpg,Miscellaneous Trash,D:\Recovered Documents\Moringa\Module 5\Summative2\realwaste\realwaste-main\RealWaste\Miscellaneous Trash\Miscellaneous Trash_240.jpg,524,524,RGB,1.0,123.2,166.46904,15.454969,5.3606772
Miscellaneous Trash_241.jpg,Miscellaneous Trash,D:\Recovered Documents\Moringa\Module 5\Summative2\realwaste\realwaste-main\RealWaste\Miscellaneous Trash\Miscellaneous Trash_241.jpg,524,524,RGB,1.0,117.1,165.41623,18.855635,5.936632
Miscellaneous Trash_242.jpg,Miscellaneous Trash,D:\Recovered Documents\Moringa\Module 5\Summative2\realwaste\realwaste-main\RealWaste\Miscellaneous Trash\Miscellaneous Trash_242.jpg,524,524,RGB,1.0,118.0,165.90741,19.11376,6.8645835
Miscellaneous Trash_243.jpg,Miscellaneous Trash,D:\Recovered Documents\Moringa\Module 5\Summative2\realwaste\realwaste-main\RealWaste\Miscellaneous Trash\Miscellaneous Trash_243.jpg,524,524,RGB,1.0,125.3,163.7445,22.92235,6.610243
Miscellaneous Trash_244.jpg,Miscellaneous Trash,D:\Recovered Documents\Moringa\Module 5\Summative2\realwaste\realwaste-main\RealWaste\Miscellaneous Trash\Miscellaneous Trash_244.jpg,524,524,RGB,1.0,124.3,163.88397,19.120995,8.557292
Miscellaneous Trash_245.jpg,Miscellaneous Trash,D:\Recovered Documents\Moringa\Module 5\Summative2\realwaste\realwaste-main\RealWaste\Miscellaneous Trash\Miscellaneous Trash_245.jpg,524,524,RGB,1.0,114.3,165.0881,20.70745,9.574219
Miscellaneous Trash_246.jpg,Miscellaneous Trash,D:\Recovered Documents\Moringa\Module 5\Summative2\realwaste\realwaste-main\RealWaste\Miscellaneous Trash\Miscellaneous Trash_246.jpg,524,524,RGB,1.0,122.2,168.33478,29.22834,13.37934
Miscellaneous Trash_247.jpg,Miscellaneous Trash,D:\Recovered Documents\Moringa\Module 5\Summative2\realwaste\realwaste-main\RealWaste\Miscellaneous Trash\Miscellaneous Trash_247.jpg,524,524,RGB,1.0,123.1,171.20949,27.04178,15.394531
Miscellaneous Trash_248.jpg,Miscellaneous Trash,D:\Recovered Documents\Moringa\Module 5\Summative2\realwaste\realwaste-main\RealWaste\Miscellaneous Trash\Miscellaneous Trash_248.jpg,524,524,RGB,1.0,125.7,172.03226,29.44105,16.07118
Miscellaneous Trash_249.jpg,Miscellaneous Trash,D:\Recovered Documents\Moringa\Module 5\Summative2\realwaste\realwaste-main\RealWaste\Miscellaneous Trash\Miscellaneous Trash_249.jpg,524,524,RGB,1.0,112.1,160.28284,58.41777,17.480034
Miscellaneous Trash_25.jpg,Miscellaneous Trash,D:\Recovered Documents\Moringa\Module 5\Summative2\realwaste\realwaste-main\RealWaste\Miscellaneous Trash\Miscellaneous Trash_25.jpg,524,524,RGB,1.0,122.2,170.52835,26.437773,14.834202
Miscellaneous Trash_250.jpg,Miscellaneous Trash,D:\Recovered Documents\Moringa\Module 5\Summative2\realwaste\realwaste-main\RealWaste\Miscellaneous Trash\Miscellaneous Trash_250.jpg,524,524,RGB,1.0,110.6,154.59027,61.918507,19.55599
Miscellaneous Trash_251.jpg,Miscellaneous Trash,D:\Recovered Documents\Moringa\Module 5\Summative2\realwaste\realwaste-main\RealWaste\Miscellaneous Trash\Miscellaneous Trash_251.jpg,524,524,RGB,1.0,140.1,158.71745,57.430458,7.5368924
Miscellaneous Trash_252.jpg,Miscellaneous Trash,D:\Recovered Documents\Moringa\Module 5\Summative2\realwaste\realwaste-main\RealWaste\Miscellaneous Trash\Miscellaneous Trash_252.jpg,524,524,RGB,1.0,154.1,142.47266,38.396503,57.674046
Miscellaneous Trash_253.jpg,Miscellaneous Trash,D:\Recovered Documents\Moringa\Module 5\Summative2\realwaste\realwaste-main\RealWaste\Miscellaneous Trash\Miscellaneous Trash_253.jpg,524,524,RGB,1.0,206.4,146.47324,33.9153,56.012154
Miscellaneous Trash_254.jpg,Miscellaneous Trash,D:\Recovered Documents\Moringa\Module 5\Summative2\realwaste\realwaste-main\RealWaste\Miscellaneous Trash\Miscellaneous Trash_254.jpg,524,524,RGB,1.0,149.5,153.57248,31.1782,34.42144
Miscellaneous Trash_255.jpg,Miscellaneous Trash,D:\Recovered Documents\Moringa\Module 5\Summative2\realwaste\realwaste-main\RealWaste\Miscellaneous Trash\Miscellaneous Trash_255.jpg,524,524,RGB,1.0,190.4,164.51765,33.090015,23.112413
Miscellaneous Trash_256.jpg,Miscellaneous Trash,D:\Recovered Documents\Moringa\Module 5\Summative2\realwaste\realwaste-main\RealWaste\Miscellaneous Trash\Miscellaneous Trash_256.jpg,524,524,RGB,1.0,153.4,151.89989,35.835155,53.528214
Miscellaneous Trash_257.jpg,Miscellaneous Trash,D:\Recovered Documents\Moringa\Module 5\Summative2\realwaste\realwaste-main\RealWaste\Miscellaneous Trash\Miscellaneous Trash_257.jpg,524,524,RGB,1.0,111.1,167.80685,54.25154,9.263454
Miscellaneous Trash_258.jpg,Miscellaneous Trash,D:\Recovered Documents\Moringa\Module 5\Summative2\realwaste\realwaste-main\RealWaste\Miscellaneous Trash\Miscellaneous Trash_258.jpg,524,524,RGB,1.0,154.0,158.28082,31.077744,45.290363
Miscellaneous Trash_259.jpg,Miscellaneous Trash,D:\Recovered Documents\Moringa\Module 5\Summative2\realwaste\realwaste-main\RealWaste\Miscellaneous Trash\Miscellaneous Trash_259.jpg,524,524,RGB,1.0,154.7,145.38904,33.690445,53.835503
Miscellaneous Trash_26.jpg,Miscellaneous Trash,D:\Recovered Documents\Moringa\Module 5\Summative2\realwaste\realwaste-main\RealWaste\Miscellaneous Trash\Miscellaneous Trash_26.jpg,524,524,RGB,1.0,126.6,156.88904,62.756084,19.57856
Miscellaneous Trash_260.jpg,Miscellaneous Trash,D:\Recovered Documents\Moringa\Module 5\Summative2\realwaste\realwaste-main\RealWaste\Miscellaneous Trash\Miscellaneous Trash_260.jpg,524,524,RGB,1.0,153.6,155.35808,32.76579,49.57769
Miscellaneous Trash_261.jpg,Miscellaneous Trash,D:\Recovered Documents\Moringa\Module 5\Summative2\realwaste\realwaste-main\RealWaste\Miscellaneous Trash\Miscellaneous Trash_261.jpg,524,524,RGB,1.0,145.5,144.31004,38.319523,57.94097
Miscellaneous Trash_262.jpg,Miscellaneous Trash,D:\Recovered Documents\Moringa\Module 5\Summative2\realwaste\realwaste-main\RealWaste\Miscellaneous Trash\Miscellaneous Trash_262.jpg,524,524,RGB,1.0,149.2,146.58261,36.416782,56.8546
Miscellaneous Trash_263.jpg,Miscellaneous Trash,D:\Recovered Documents\Moringa\Module 5\Summative2\realwaste\realwaste-main\RealWaste\Miscellaneous Trash\Miscellaneous Trash_263.jpg,524,524,RGB,1.0,157.0,149.5463,37.568104,48.95269
Miscellaneous Trash_264.jpg,Miscellaneous Trash,D:\Recovered Documents\Moringa\Module 5\Summative2\realwaste\realwaste-main\RealWaste\Miscellaneous Trash\Miscellaneous Trash_264.jpg,524,524,RGB,1.0,146.1,148.79587,34.271275,56.472656
Miscellaneous Trash_265.jpg,Miscellaneous Trash,D:\Recovered Documents\Moringa\Module 5\Summative2\realwaste\realwaste-main\RealWaste\Miscellaneous Trash\Miscellaneous Trash_265.jpg,524,524,RGB,1.0,145.5,139.08377,38.348904,56.192707
Miscellaneous Trash_266.jpg,Miscellaneous Trash,D:\Recovered Documents\Moringa\Module 5\Summative2\realwaste\realwaste-main\RealWaste\Miscellaneous Trash\Miscellaneous Trash_266.jpg,524,524,RGB,1.0,149.9,151.38324,36.973278,51.01823
Miscellaneous Trash_267.jpg,Miscellaneous Trash,D:\Recovered Documents\Moringa\Module 5\Summative2\realwaste\realwaste-main\RealWaste\Miscellaneous Trash\Miscellaneous Trash_267.jpg,524,524,RGB,1.0,148.9,149.93822,34.006046,51.39974
Miscellaneous Trash_268.jpg,Miscellaneous Trash,D:\Recovered Documents\Moringa\Module 5\Summative2\realwaste\realwaste-main\RealWaste\Miscellaneous Trash\Miscellaneous Trash_268.jpg,524,524,RGB,1.0,114.9,170.48828,30.280394,14.134983
Miscellaneous Trash_269.jpg,Miscellaneous Trash,D:\Recovered Documents\Moringa\Module 5\Summative2\realwaste\realwaste-main\RealWaste\Miscellaneous Trash\Miscellaneous Trash_269.jpg,524,524,RGB,1.0,149.0,148.53313,35.920124,42.93967
Miscellaneous Trash_27.jpg,Miscellaneous Trash,D:\Recovered Documents\Moringa\Module 5\Summative2\realwaste\realwaste-main\RealWaste\Miscellaneous Trash\Miscellaneous Trash_27.jpg,524,524,RGB,1.0,118.4,170.81654,21.646023,14.553386
Miscellaneous Trash_270.jpg,Miscellaneous Trash,D:\Recovered Documents\Moringa\Module 5\Summative2\realwaste\realwaste-main\RealWaste\Miscellaneous Trash\Miscellaneous Trash_270.jpg,524,524,RGB,1.0,149.7,156.02531,34.85434,45.647568
Miscellaneous Trash_271.jpg,Miscellaneous Trash,D:\Recovered Documents\Moringa\Module 5\Summative2\realwaste\realwaste-main\RealWaste\Miscellaneous Trash\Miscellaneous Trash_271.jpg,524,524,RGB,1.0,207.1,152.07408,33.962654,55.35894
Miscellaneous Trash_272.jpg,Miscellaneous Trash,D:\Recovered Documents\Moringa\Module 5\Summative2\realwaste\realwaste-main\RealWaste\Miscellaneous Trash\Miscellaneous Trash_272.jpg,524,524,RGB,1.0,168.6,168.67346,38.25387,35.70573
Miscellaneous Trash_273.jpg,Miscellaneous Trash,D:\Recovered Documents\Moringa\Module 5\Summative2\realwaste\realwaste-main\RealWaste\Miscellaneous Trash\Miscellaneous Trash_273.jpg,524,524,RGB,1.0,158.8,167.85605,39.754307,20.719618
Miscellaneous Trash_274.jpg,Miscellaneous Trash,D:\Recovered Documents\Moringa\Module 5\Summative2\realwaste\realwaste-main\RealWaste\Miscellaneous Trash\Miscellaneous Trash_274.jpg,524,524,RGB,1.0,151.0,166.21962,49.138393,28.606771
Miscellaneous Trash_275.jpg,Miscellaneous Trash,D:\Recovered Documents\Moringa\Module 5\Summative2\realwaste\realwaste-main\RealWaste\Miscellaneous Trash\Miscellaneous Trash_275.jpg,524,524,RGB,1.0,156.8,160.48871,54.151016,25.463541
Miscellaneous Trash_276.jpg,Miscellaneous Trash,D:\Recovered Documents\Moringa\Module 5\Summative2\realwaste\realwaste-main\RealWaste\Miscellaneous Trash\Miscellaneous Trash_276.jpg,524,524,RGB,1.0,131.6,151.36386,61.21609,39.81684
Miscellaneous Trash_277.jpg,Miscellaneous Trash,D:\Recovered Documents\Moringa\Module 5\Summative2\realwaste\realwaste-main\RealWaste\Miscellaneous Trash\Miscellaneous Trash_277.jpg,524,524,RGB,1.0,166.6,164.17346,27.340565,18.73915
Miscellaneous Trash_278.jpg,Miscellaneous Trash,D:\Recovered Documents\Moringa\Module 5\Summative2\realwaste\realwaste-main\RealWaste\Miscellaneous Trash\Miscellaneous Trash_278.jpg,524,524,RGB,1.0,174.6,166.73625,27.201126,23.823784
Miscellaneous Trash_279.jpg,Miscellaneous Trash,D:\Recovered Documents\Moringa\Module 5\Summative2\realwaste\realwaste-main\RealWaste\Miscellaneous Trash\Miscellaneous Trash_279.jpg,524,524,RGB,1.0,140.7,166.08752,49.441116,9.938368
Miscellaneous Trash_28.jpg,Miscellaneous Trash,D:\Recovered Documents\Moringa\Module 5\Summative2\realwaste\realwaste-main\RealWaste\Miscellaneous Trash\Miscellaneous Trash_28.jpg,524,524,RGB,1.0,105.2,167.85344,32.904922,11.590712
Miscellaneous Trash_280.jpg,Miscellaneous Trash,D:\Recovered Documents\Moringa\Module 5\Summative2\realwaste\realwaste-main\RealWaste\Miscellaneous Trash\Miscellaneous Trash_280.jpg,524,524,RGB,1.0,171.6,167.76186,25.81669,19.541666
Miscellaneous Trash_281.jpg,Miscellaneous Trash,D:\Recovered Documents\Moringa\Module 5\Summative2\realwaste\realwaste-main\RealWaste\Miscellaneous Trash\Miscellaneous Trash_281.jpg,524,524,RGB,1.0,164.5,167.97395,29.338955,19.953125
Miscellaneous Trash_282.jpg,Miscellaneous Trash,D:\Recovered Documents\Moringa\Module 5\Summative2\realwaste\realwaste-main\RealWaste\Miscellaneous Trash\Miscellaneous Trash_282.jpg,524,524,RGB,1.0,168.0,169.80614,29.03073,18.203125
Miscellaneous Trash_283.jpg,Miscellaneous Trash,D:\Recovered Documents\Moringa\Module 5\Summative2\realwaste\realwaste-main\RealWaste\Miscellaneous Trash\Miscellaneous Trash_283.jpg,524,524,RGB,1.0,152.8,152.16594,34.3247,32.614582
Miscellaneous Trash_284.jpg,Miscellaneous Trash,D:\Recovered Documents\Moringa\Module 5\Summative2\realwaste\realwaste-main\RealWaste\Miscellaneous Trash\Miscellaneous Trash_284.jpg,524,524,RGB,1.0,167.3,152.70848,49.861725,32.148438
Miscellaneous Trash_285.jpg,Miscellaneous Trash,D:\Recovered Documents\Moringa\Module 5\Summative2\realwaste\realwaste-main\RealWaste\Miscellaneous Trash\Miscellaneous Trash_285.jpg,524,524,RGB,1.0,150.9,154.98785,32.240593,32.622395
Miscellaneous Trash_286.jpg,Miscellaneous Trash,D:\Recovered Documents\Moringa\Module 5\Summative2\realwaste\realwaste-main\RealWaste\Miscellaneous Trash\Miscellaneous Trash_286.jpg,524,524,RGB,1.0,154.5,164.36111,52.899162,25.94401
Miscellaneous Trash_287.jpg,Miscellaneous Trash,D:\Recovered Documents\Moringa\Module 5\Summative2\realwaste\realwaste-main\RealWaste\Miscellaneous Trash\Miscellaneous Trash_287.jpg,524,524,RGB,1.0,182.1,161.49971,53.120003,33.21875
Miscellaneous Trash_288.jpg,Miscellaneous Trash,D:\Recovered Documents\Moringa\Module 5\Summative2\realwaste\realwaste-main\RealWaste\Miscellaneous Trash\Miscellaneous Trash_288.jpg,524,524,RGB,1.0,129.2,143.02547,56.900425,86.97222
Miscellaneous Trash_289.jpg,Miscellaneous Trash,D:\Recovered Documents\Moringa\Module 5\Summative2\realwaste\realwaste-main\RealWaste\Miscellaneous Trash\Miscellaneous Trash_289.jpg,524,524,RGB,1.0,168.1,161.82812,43.67011,22.220053
Miscellaneous Trash_29.jpg,Miscellaneous Trash,D:\Recovered Documents\Moringa\Module 5\Summative2\realwaste\realwaste-main\RealWaste\Miscellaneous Trash\Miscellaneous Trash_29.jpg,524,524,RGB,1.0,107.2,169.4294,37.70591,10.978298
Miscellaneous Trash_290.jpg,Miscellaneous Trash,D:\Recovered Documents\Moringa\Module 5\Summative2\realwaste\realwaste-main\RealWaste\Miscellaneous Trash\Miscellaneous Trash_290.jpg,524,524,RGB,1.0,100.7,167.27214,55.49969,10.208333
Miscellaneous Trash_291.jpg,Miscellaneous Trash,D:\Recovered Documents\Moringa\Module 5\Summative2\realwaste\realwaste-main\RealWaste\Miscellaneous Trash\Miscellaneous Trash_291.jpg,524,524,RGB,1.0,165.6,162.26462,43.710224,14.922743
Miscellaneous Trash_292.jpg,Miscellaneous Trash,D:\Recovered Documents\Moringa\Module 5\Summative2\realwaste\realwaste-main\RealWaste\Miscellaneous Trash\Miscellaneous Trash_292.jpg,524,524,RGB,1.0,163.8,162.92058,48.317947,16.283854
Miscellaneous Trash_293.jpg,Miscellaneous Trash,D:\Recovered Documents\Moringa\Module 5\Summative2\realwaste\realwaste-main\RealWaste\Miscellaneous Trash\Miscellaneous Trash_293.jpg,524,524,RGB,1.0,163.9,161.31989,47.486294,39.94401
Miscellaneous Trash_294.jpg,Miscellaneous Trash,D:\Recovered Documents\Moringa\Module 5\Summative2\realwaste\realwaste-main\RealWaste\Miscellaneous Trash\Miscellaneous Trash_294.jpg,524,524,RGB,1.0,162.6,162.23741,27.878866,31.085938
Miscellaneous Trash_295.jpg,Miscellaneous Trash,D:\Recovered Documents\Moringa\Module 5\Summative2\realwaste\realwaste-main\RealWaste\Miscellaneous Trash\Miscellaneous Trash_295.jpg,524,524,RGB,1.0,172.5,161.00203,46.846016,38.60634
Miscellaneous Trash_296.jpg,Miscellaneous Trash,D:\Recovered Documents\Moringa\Module 5\Summative2\realwaste\realwaste-main\RealWaste\Miscellaneous Trash\Miscellaneous Trash_296.jpg,524,524,RGB,1.0,147.0,154.04369,35.742256,33.369793
Miscellaneous Trash_297.jpg,Miscellaneous Trash,D:\Recovered Documents\Moringa\Module 5\Summative2\realwaste\realwaste-main\RealWaste\Miscellaneous Trash\Miscellaneous Trash_297.jpg,524,524,RGB,1.0,149.3,130.56728,44.577484,115.89931
Miscellaneous Trash_298.jpg,Miscellaneous Trash,D:\Recovered Documents\Moringa\Module 5\Summative2\realwaste\realwaste-main\RealWaste\Miscellaneous Trash\Miscellaneous Trash_298.jpg,524,524,RGB,1.0,150.0,139.15205,40.334843,38.51389
Miscellaneous Trash_299.jpg,Miscellaneous Trash,D:\Recovered Documents\Moringa\Module 5\Summative2\realwaste\realwaste-main\RealWaste\Miscellaneous Trash\Miscellaneous Trash_299.jpg,524,524,RGB,1.0,166.1,164.85056,33.3056,36.73394
Miscellaneous Trash_3.jpg,Miscellaneous Trash,D:\Recovered Documents\Moringa\Module 5\Summative2\realwaste\realwaste-main\RealWaste\Miscellaneous Trash\Miscellaneous Trash_3.jpg,524,524,RGB,1.0,109.9,168.98105,33.395832,23.146702
Miscellaneous Trash_30.jpg,Miscellaneous Trash,D:\Recovered Documents\Moringa\Module 5\Summative2\realwaste\realwaste-main\RealWaste\Miscellaneous Trash\Miscellaneous Trash_30.jpg,524,524,RGB,1.0,142.6,155.74045,57.10896,26.433159
Miscellaneous Trash_300.jpg,Miscellaneous Trash,D:\Recovered Documents\Moringa\Module 5\Summative2\realwaste\realwaste-main\RealWaste\Miscellaneous Trash\Miscellaneous Trash_300.jpg,524,524,RGB,1.0,160.0,138.62457,48.29665,48.06684
Miscellaneous Trash_301.jpg,Miscellaneous Trash,D:\Recovered Documents\Moringa\Module 5\Summative2\realwaste\realwaste-main\RealWaste\Miscellaneous Trash\Miscellaneous Trash_301.jpg,524,524,RGB,1.0,91.1,168.61964,46.585724,8.486546
Miscellaneous Trash_302.jpg,Miscellaneous Trash,D:\Recovered Documents\Moringa\Module 5\Summative2\realwaste\realwaste-main\RealWaste\Miscellaneous Trash\Miscellaneous Trash_302.jpg,524,524,RGB,1.0,205.1,164.2568,38.03147,14.551215
Miscellaneous Trash_303.jpg,Miscellaneous Trash,D:\Recovered Documents\Moringa\Module 5\Summative2\realwaste\realwaste-main\RealWaste\Miscellaneous Trash\Miscellaneous Trash_303.jpg,524,524,RGB,1.0,163.2,165.95052,37.86395,15.047309
Miscellaneous Trash_304.jpg,Miscellaneous Trash,D:\Recovered Documents\Moringa\Module 5\Summative2\realwaste\realwaste-main\RealWaste\Miscellaneous Trash\Miscellaneous Trash_304.jpg,524,524,RGB,1.0,193.7,162.22165,39.255203,25.975695
Miscellaneous Trash_305.jpg,Miscellaneous Trash,D:\Recovered Documents\Moringa\Module 5\Summative2\realwaste\realwaste-main\RealWaste\Miscellaneous Trash\Miscellaneous Trash_305.jpg,524,524,RGB,1.0,183.2,153.59505,52.7566,54.543404
Miscellaneous Trash_306.jpg,Miscellaneous Trash,D:\Recovered Documents\Moringa\Module 5\Summative2\realwaste\realwaste-main\RealWaste\Miscellaneous Trash\Miscellaneous Trash_306.jpg,524,524,RGB,1.0,182.6,156.75984,54.121494,50.851128
Miscellaneous Trash_307.jpg,Miscellaneous Trash,D:\Recovered Documents\Moringa\Module 5\Summative2\realwaste\realwaste-main\RealWaste\Miscellaneous Trash\Miscellaneous Trash_307.jpg,524,524,RGB,1.0,180.1,166.35721,34.1179,20.101128
Miscellaneous Trash_308.jpg,Miscellaneous Trash,D:\Recovered Documents\Moringa\Module 5\Summative2\realwaste\realwaste-main\RealWaste\Miscellaneous Trash\Miscellaneous Trash_308.jpg,524,524,RGB,1.0,146.0,153.55672,36.167717,34.15408
Miscellaneous Trash_309.jpg,Miscellaneous Trash,D:\Recovered Documents\Moringa\Module 5\Summative2\realwaste\realwaste-main\RealWaste\Miscellaneous Trash\Miscellaneous Trash_309.jpg,524,524,RGB,1.0,151.7,160.61154,34.13621,29.879341
Miscellaneous Trash_31.jpg,Miscellaneous Trash,D:\Recovered Documents\Moringa\Module 5\Summative2\realwaste\realwaste-main\RealWaste\Miscellaneous Trash\Miscellaneous Trash_31.jpg,524,524,RGB,1.0,139.5,164.08,55.567345,22.9579
Miscellaneous Trash_310.jpg,Miscellaneous Trash,D:\Recovered Documents\Moringa\Module 5\Summative2\realwaste\realwaste-main\RealWaste\Miscellaneous Trash\Miscellaneous Trash_310.jpg,524,524,RGB,1.0,153.0,165.17174,34.33755,30.911892
Miscellaneous Trash_311.jpg,Miscellaneous Trash,D:\Recovered Documents\Moringa\Module 5\Summative2\realwaste\realwaste-main\RealWaste\Miscellaneous Trash\Miscellaneous Trash_311.jpg,524,524,RGB,1.0,154.4,158.66406,30.236057,26.380209
Miscellaneous Trash_312.jpg,Miscellaneous Trash,D:\Recovered Documents\Moringa\Module 5\Summative2\realwaste\realwaste-main\RealWaste\Miscellaneous Trash\Miscellaneous Trash_312.jpg,524,524,RGB,1.0,119.9,159.77618,57.612663,12.302517
Miscellaneous Trash_313.jpg,Miscellaneous Trash,D:\Recovered Documents\Moringa\Module 5\Summative2\realwaste\realwaste-main\RealWaste\Miscellaneous Trash\Miscellaneous Trash_313.jpg,524,524,RGB,1.0,147.9,159.46094,33.881947,32.74349
Miscellaneous Trash_314.jpg,Miscellaneous Trash,D:\Recovered Documents\Moringa\Module 5\Summative2\realwaste\realwaste-main\RealWaste\Miscellaneous Trash\Miscellaneous Trash_314.jpg,524,524,RGB,1.0,154.9,171.20833,39.079742,25.646267
Miscellaneous Trash_315.jpg,Miscellaneous Trash,D:\Recovered Documents\Moringa\Module 5\Summative2\realwaste\realwaste-main\RealWaste\Miscellaneous Trash\Miscellaneous Trash_315.jpg,524,524,RGB,1.0,151.2,152.22627,29.974651,32.161026
Miscellaneous Trash_316.jpg,Miscellaneous Trash,D:\Recovered Documents\Moringa\Module 5\Summative2\realwaste\realwaste-main\RealWaste\Miscellaneous Trash\Miscellaneous Trash_316.jpg,524,524,RGB,1.0,166.1,156.25926,27.149101,33.398872
Miscellaneous Trash_317.jpg,Miscellaneous Trash,D:\Recovered Documents\Moringa\Module 5\Summative2\realwaste\realwaste-main\RealWaste\Miscellaneous Trash\Miscellaneous Trash_317.jpg,524,524,RGB,1.0,157.9,157.02705,30.313236,31.469618
Miscellaneous Trash_318.jpg,Miscellaneous Trash,D:\Recovered Documents\Moringa\Module 5\Summative2\realwaste\realwaste-main\RealWaste\Miscellaneous Trash\Miscellaneous Trash_318.jpg,524,524,RGB,1.0,171.1,167.7827,24.126047,20.360678
Miscellaneous Trash_319.jpg,Miscellaneous Trash,D:\Recovered Documents\Moringa\Module 5\Summative2\realwaste\realwaste-main\RealWaste\Miscellaneous Trash\Miscellaneous Trash_319.jpg,524,524,RGB,1.0,170.6,167.05078,26.435438,22.529947
Miscellaneous Trash_32.jpg,Miscellaneous Trash,D:\Recovered Documents\Moringa\Module 5\Summative2\realwaste\realwaste-main\RealWaste\Miscellaneous Trash\Miscellaneous Trash_32.jpg,524,524,RGB,1.0,140.3,166.10027,52.024147,22.641493
Miscellaneous Trash_320.jpg,Miscellaneous Trash,D:\Recovered Documents\Moringa\Module 5\Summative2\realwaste\realwaste-main\RealWaste\Miscellaneous Trash\Miscellaneous Trash_320.jpg,524,524,RGB,1.0,174.3,165.29398,26.819557,21.917969
Miscellaneous Trash_321.jpg,Miscellaneous Trash,D:\Recovered Documents\Moringa\Module 5\Summative2\realwaste\realwaste-main\RealWaste\Miscellaneous Trash\Miscellaneous Trash_321.jpg,524,524,RGB,1.0,198.8,163.46094,49.526676,30.537327
Miscellaneous Trash_322.jpg,Miscellaneous Trash,D:\Recovered Documents\Moringa\Module 5\Summative2\realwaste\realwaste-main\RealWaste\Miscellaneous Trash\Miscellaneous Trash_322.jpg,524,524,RGB,1.0,186.4,156.25,46.32113,47.744793
Miscellaneous Trash_323.jpg,Miscellaneous Trash,D:\Recovered Documents\Moringa\Module 5\Summative2\realwaste\realwaste-main\RealWaste\Miscellaneous Trash\Miscellaneous Trash_323.jpg,524,524,RGB,1.0,127.3,166.32219,51.934277,9.484809
Miscellaneous Trash_324.jpg,Miscellaneous Trash,D:\Recovered Documents\Moringa\Module 5\Summative2\realwaste\realwaste-main\RealWaste\Miscellaneous Trash\Miscellaneous Trash_324.jpg,524,524,RGB,1.0,197.8,161.58478,48.8839,34.451824
Miscellaneous Trash_325.jpg,Miscellaneous Trash,D:\Recovered Documents\Moringa\Module 5\Summative2\realwaste\realwaste-main\RealWaste\Miscellaneous Trash\Miscellaneous Trash_325.jpg,524,524,RGB,1.0,192.6,159.32436,43.73323,40.68663
Miscellaneous Trash_326.jpg,Miscellaneous Trash,D:\Recovered Documents\Moringa\Module 5\Summative2\realwaste\realwaste-main\RealWaste\Miscellaneous Trash\Miscellaneous Trash_326.jpg,524,524,RGB,1.0,190.8,157.46152,43.5577,42.026474
Miscellaneous Trash_327.jpg,Miscellaneous Trash,D:\Recovered Documents\Moringa\Module 5\Summative2\realwaste\realwaste-main\RealWaste\Miscellaneous Trash\Miscellaneous Trash_327.jpg,524,524,RGB,1.0,193.2,159.4388,50.746708,37.993923
Miscellaneous Trash_328.jpg,Miscellaneous Trash,D:\Recovered Documents\Moringa\Module 5\Summative2\realwaste\realwaste-main\RealWaste\Miscellaneous Trash\Miscellaneous Trash_328.jpg,524,524,RGB,1.0,197.5,158.9566,41.99923,38.53342
Miscellaneous Trash_329.jpg,Miscellaneous Trash,D:\Recovered Documents\Moringa\Module 5\Summative2\realwaste\realwaste-main\RealWaste\Miscellaneous Trash\Miscellaneous Trash_329.jpg,524,524,RGB,1.0,195.1,166.23741,32.892998,19.23264
Miscellaneous Trash_33.jpg,Miscellaneous Trash,D:\Recovered Documents\Moringa\Module 5\Summative2\realwaste\realwaste-main\RealWaste\Miscellaneous Trash\Miscellaneous Trash_33.jpg,524,524,RGB,1.0,133.1,158.7785,53.049297,32.54384
Miscellaneous Trash_330.jpg,Miscellaneous Trash,D:\Recovered Documents\Moringa\Module 5\Summative2\realwaste\realwaste-main\RealWaste\Miscellaneous Trash\Miscellaneous Trash_330.jpg,524,524,RGB,1.0,189.5,166.19864,33.797028,19.759115
Miscellaneous Trash_331.jpg,Miscellaneous Trash,D:\Recovered Documents\Moringa\Module 5\Summative2\realwaste\realwaste-main\RealWaste\Miscellaneous Trash\Miscellaneous Trash_331.jpg,524,524,RGB,1.0,190.4,160.95428,50.875095,38.704426
Miscellaneous Trash_332.jpg,Miscellaneous Trash,D:\Recovered Documents\Moringa\Module 5\Summative2\realwaste\realwaste-main\RealWaste\Miscellaneous Trash\Miscellaneous Trash_332.jpg,524,524,RGB,1.0,159.6,155.46889,54.70113,52.80903
Miscellaneous Trash_333.jpg,Miscellaneous Trash,D:\Recovered Documents\Moringa\Module 5\Summative2\realwaste\realwaste-main\RealWaste\Miscellaneous Trash\Miscellaneous Trash_333.jpg,524,524,RGB,1.0,156.1,154.22656,54.021633,52.114582
Miscellaneous Trash_334.jpg,Miscellaneous Trash,D:\Recovered Documents\Moringa\Module 5\Summative2\realwaste\realwaste-main\RealWaste\Miscellaneous Trash\Miscellaneous Trash_334.jpg,524,524,RGB,1.0,108.6,132.0013,70.729256,23.694445
Miscellaneous Trash_335.jpg,Miscellaneous Trash,D:\Recovered Documents\Moringa\Module 5\Summative2\realwaste\realwaste-main\RealWaste\Miscellaneous Trash\Miscellaneous Trash_335.jpg,524,524,RGB,1.0,123.3,165.05252,52.183292,10.168403
Miscellaneous Trash_336.jpg,Miscellaneous Trash,D:\Recovered Documents\Moringa\Module 5\Summative2\realwaste\realwaste-main\RealWaste\Miscellaneous Trash\Miscellaneous Trash_336.jpg,524,524,RGB,1.0,188.3,164.90973,32.85764,23.130642
Miscellaneous Trash_337.jpg,Miscellaneous Trash,D:\Recovered Documents\Moringa\Module 5\Summative2\realwaste\realwaste-main\RealWaste\Miscellaneous Trash\Miscellaneous Trash_337.jpg,524,524,RGB,1.0,188.1,167.77402,36.69406,18.837673
Miscellaneous Trash_338.jpg,Miscellaneous Trash,D:\Recovered Documents\Moringa\Module 5\Summative2\realwaste\realwaste-main\RealWaste\Miscellaneous Trash\Miscellaneous Trash_338.jpg,524,524,RGB,1.0,170.6,160.55672,55.537106,25.738716
Miscellaneous Trash_339.jpg,Miscellaneous Trash,D:\Recovered Documents\Moringa\Module 5\Summative2\realwaste\realwaste-main\RealWaste\Miscellaneous Trash\Miscellaneous Trash_339.jpg,524,524,RGB,1.0,185.7,164.29803,24.020716,11.318577
Miscellaneous Trash_34.jpg,Miscellaneous Trash,D:\Recovered Documents\Moringa\Module 5\Summative2\realwaste\realwaste-main\RealWaste\Miscellaneous Trash\Miscellaneous Trash_34.jpg,524,524,RGB,1.0,127.0,146.06047,50.12045,35.569443
Miscellaneous Trash_340.jpg,Miscellaneous Trash,D:\Recovered Documents\Moringa\Module 5\Summative2\realwaste\realwaste-main\RealWaste\Miscellaneous Trash\Miscellaneous Trash_340.jpg,524,524,RGB,1.0,203.7,165.03226,39.09275,13.809028
Miscellaneous Trash_341.jpg,Miscellaneous Trash,D:\Recovered Documents\Moringa\Module 5\Summative2\realwaste\realwaste-main\RealWaste\Miscellaneous Trash\Miscellaneous Trash_341.jpg,524,524,RGB,1.0,193.4,166.90163,24.84771,17.36849
Miscellaneous Trash_342.jpg,Miscellaneous Trash,D:\Recovered Documents\Moringa\Module 5\Summative2\realwaste\realwaste-main\RealWaste\Miscellaneous Trash\Miscellaneous Trash_342.jpg,524,524,RGB,1.0,179.7,155.87167,39.2714,35.965714
Miscellaneous Trash_343.jpg,Miscellaneous Trash,D:\Recovered Documents\Moringa\Module 5\Summative2\realwaste\realwaste-main\RealWaste\Miscellaneous Trash\Miscellaneous Trash_343.jpg,524,524,RGB,1.0,187.3,150.95804,48.75789,22.435764
Miscellaneous Trash_344.jpg,Miscellaneous Trash,D:\Recovered Documents\Moringa\Module 5\Summative2\realwaste\realwaste-main\RealWaste\Miscellaneous Trash\Miscellaneous Trash_344.jpg,524,524,RGB,1.0,184.1,169.17,27.222279,14.12934
Miscellaneous Trash_345.jpg,Miscellaneous Trash,D:\Recovered Documents\Moringa\Module 5\Summative2\realwaste\realwaste-main\RealWaste\Miscellaneous Trash\Miscellaneous Trash_345.jpg,524,524,RGB,1.0,173.4,161.43591,35.247395,31.583767
Miscellaneous Trash_346.jpg,Miscellaneous Trash,D:\Recovered Documents\Moringa\Module 5\Summative2\realwaste\realwaste-main\RealWaste\Miscellaneous Trash\Miscellaneous Trash_346.jpg,524,524,RGB,1.0,148.6,159.13339,45.20551,12.894965
Miscellaneous Trash_347.jpg,Miscellaneous Trash,D:\Recovered Documents\Moringa\Module 5\Summative2\realwaste\realwaste-main\RealWaste\Miscellaneous Trash\Miscellaneous Trash_347.jpg,524,524,RGB,1.0,184.7,161.92216,36.57946,32.925346
Miscellaneous Trash_348.jpg,Miscellaneous Trash,D:\Recovered Documents\Moringa\Module 5\Summative2\realwaste\realwaste-main\RealWaste\Miscellaneous Trash\Miscellaneous Trash_348.jpg,524,524,RGB,1.0,175.9,164.59332,36.591637,40.44097
Miscellaneous Trash_349.jpg,Miscellaneous Trash,D:\Recovered Documents\Moringa\Module 5\Summative2\realwaste\realwaste-main\RealWaste\Miscellaneous Trash\Miscellaneous Trash_349.jpg,524,524,RGB,1.0,189.6,150.25795,48.593136,36.244793
Miscellaneous Trash_35.jpg,Miscellaneous Trash,D:\Recovered Documents\Moringa\Module 5\Summative2\realwaste\realwaste-main\RealWaste\Miscellaneous Trash\Miscellaneous Trash_35.jpg,524,524,RGB,1.0,133.3,160.33897,51.409355,13.321614
Miscellaneous Trash_350.jpg,Miscellaneous Trash,D:\Recovered Documents\Moringa\Module 5\Summative2\realwaste\realwaste-main\RealWaste\Miscellaneous Trash\Miscellaneous Trash_350.jpg,524,524,RGB,1.0,176.3,158.53719,41.98182,52.348957
Miscellaneous Trash_351.jpg,Miscellaneous Trash,D:\Recovered Documents\Moringa\Module 5\Summative2\realwaste\realwaste-main\RealWaste\Miscellaneous Trash\Miscellaneous Trash_351.jpg,524,524,RGB,1.0,184.9,153.96281,54.88545,52.159286
Miscellaneous Trash_352.jpg,Miscellaneous Trash,D:\Recovered Documents\Moringa\Module 5\Summative2\realwaste\realwaste-main\RealWaste\Miscellaneous Trash\Miscellaneous Trash_352.jpg,524,524,RGB,1.0,148.1,149.3261,52.894444,73.10156
Miscellaneous Trash_353.jpg,Miscellaneous Trash,D:\Recovered Documents\Moringa\Module 5\Summative2\realwaste\realwaste-main\RealWaste\Miscellaneous Trash\Miscellaneous Trash_353.jpg,524,524,RGB,1.0,178.7,158.68692,40.857513,45.920574
Miscellaneous Trash_354.jpg,Miscellaneous Trash,D:\Recovered Documents\Moringa\Module 5\Summative2\realwaste\realwaste-main\RealWaste\Miscellaneous Trash\Miscellaneous Trash_354.jpg,524,524,RGB,1.0,191.5,165.75853,21.451536,11.051215
Miscellaneous Trash_355.jpg,Miscellaneous Trash,D:\Recovered Documents\Moringa\Module 5\Summative2\realwaste\realwaste-main\RealWaste\Miscellaneous Trash\Miscellaneous Trash_355.jpg,524,524,RGB,1.0,178.5,153.30975,57.156925,57.18316
Miscellaneous Trash_356.jpg,Miscellaneous Trash,D:\Recovered Documents\Moringa\Module 5\Summative2\realwaste\realwaste-main\RealWaste\Miscellaneous Trash\Miscellaneous Trash_356.jpg,524,524,RGB,1.0,134.3,154.61632,57.96654,24.999565
Miscellaneous Trash_357.jpg,Miscellaneous Trash,D:\Recovered Documents\Moringa\Module 5\Summative2\realwaste\realwaste-main\RealWaste\Miscellaneous Trash\Miscellaneous Trash_357.jpg,524,524,RGB,1.0,127.8,164.89496,45.01117,9.4869795
Miscellaneous Trash_358.jpg,Miscellaneous Trash,D:\Recovered Documents\Moringa\Module 5\Summative2\realwaste\realwaste-main\RealWaste\Miscellaneous Trash\Miscellaneous Trash_358.jpg,524,524,RGB,1.0,149.4,146.3452,66.626366,30.965712
Miscellaneous Trash_359.jpg,Miscellaneous Trash,D:\Recovered Documents\Moringa\Module 5\Summative2\realwaste\realwaste-main\RealWaste\Miscellaneous Trash\Miscellaneous Trash_359.jpg,524,524,RGB,1.0,196.3,159.95168,43.554146,35.474827
Miscellaneous Trash_36.jpg,Miscellaneous Trash,D:\Recovered Documents\Moringa\Module 5\Summative2\realwaste\realwaste-main\RealWaste\Miscellaneous Trash\Miscellaneous Trash_36.jpg,524,524,RGB,1.0,132.2,162.15755,47.99219,36.59245
Miscellaneous Trash_360.jpg,Miscellaneous Trash,D:\Recovered Documents\Moringa\Module 5\Summative2\realwaste\realwaste-main\RealWaste\Miscellaneous Trash\Miscellaneous Trash_360.jpg,524,524,RGB,1.0,199.2,160.93504,42.569702,31.318142
Miscellaneous Trash_361.jpg,Miscellaneous Trash,D:\Recovered Documents\Moringa\Module 5\Summative2\realwaste\realwaste-main\RealWaste\Miscellaneous Trash\Miscellaneous Trash_361.jpg,524,524,RGB,1.0,170.9,164.47786,42.77183,17.075087
Miscellaneous Trash_362.jpg,Miscellaneous Trash,D:\Recovered Documents\Moringa\Module 5\Summative2\realwaste\realwaste-main\RealWaste\Miscellaneous Trash\Miscellaneous Trash_362.jpg,524,524,RGB,1.0,208.3,163.55469,39.482662,39.09375
Miscellaneous Trash_363.jpg,Miscellaneous Trash,D:\Recovered Documents\Moringa\Module 5\Summative2\realwaste\realwaste-main\RealWaste\Miscellaneous Trash\Miscellaneous Trash_363.jpg,524,524,RGB,1.0,202.6,163.9948,35.38198,19.375
Miscellaneous Trash_364.jpg,Miscellaneous Trash,D:\Recovered Documents\Moringa\Module 5\Summative2\realwaste\realwaste-main\RealWaste\Miscellaneous Trash\Miscellaneous Trash_364.jpg,524,524,RGB,1.0,172.8,150.45067,50.38169,91.91276
Miscellaneous Trash_365.jpg,Miscellaneous Trash,D:\Recovered Documents\Moringa\Module 5\Summative2\realwaste\realwaste-main\RealWaste\Miscellaneous Trash\Miscellaneous Trash_365.jpg,524,524,RGB,1.0,180.0,153.69328,47.949894,89.20096
Miscellaneous Trash_366.jpg,Miscellaneous Trash,D:\Recovered Documents\Moringa\Module 5\Summative2\realwaste\realwaste-main\RealWaste\Miscellaneous Trash\Miscellaneous Trash_366.jpg,524,524,RGB,1.0,198.2,162.82799,32.644245,14.932292
Miscellaneous Trash_367.jpg,Miscellaneous Trash,D:\Recovered Documents\Moringa\Module 5\Summative2\realwaste\realwaste-main\RealWaste\Miscellaneous Trash\Miscellaneous Trash_367.jpg,524,524,RGB,1.0,175.6,154.48076,49.845886,84.812935
Miscellaneous Trash_368.jpg,Miscellaneous Trash,D:\Recovered Documents\Moringa\Module 5\Summative2\realwaste\realwaste-main\RealWaste\Miscellaneous Trash\Miscellaneous Trash_368.jpg,524,524,RGB,1.0,143.9,156.2257,58.60163,15.715278
Miscellaneous Trash_369.jpg,Miscellaneous Trash,D:\Recovered Documents\Moringa\Module 5\Summative2\realwaste\realwaste-main\RealWaste\Miscellaneous Trash\Miscellaneous Trash_369.jpg,524,524,RGB,1.0,193.1,165.86603,31.415607,14.434462
Miscellaneous Trash_37.jpg,Miscellaneous Trash,D:\Recovered Documents\Moringa\Module 5\Summative2\realwaste\realwaste-main\RealWaste\Miscellaneous Trash\Miscellaneous Trash_37.jpg,524,524,RGB,1.0,129.7,166.37819,46.81786,31.980469
Miscellaneous Trash_370.jpg,Miscellaneous Trash,D:\Recovered Documents\Moringa\Module 5\Summative2\realwaste\realwaste-main\RealWaste\Miscellaneous Trash\Miscellaneous Trash_370.jpg,524,524,RGB,1.0,195.7,165.89034,19.607517,14.939236
Miscellaneous Trash_371.jpg,Miscellaneous Trash,D:\Recovered Documents\Moringa\Module 5\Summative2\realwaste\realwaste-main\RealWaste\Miscellaneous Trash\Miscellaneous Trash_371.jpg,524,524,RGB,1.0,205.6,159.1752,42.729843,26.298178
Miscellaneous Trash_372.jpg,Miscellaneous Trash,D:\Recovered Documents\Moringa\Module 5\Summative2\realwaste\realwaste-main\RealWaste\Miscellaneous Trash\Miscellaneous Trash_372.jpg,524,524,RGB,1.0,234.7,149.96107,40.33348,24.000435
Miscellaneous Trash_373.jpg,Miscellaneous Trash,D:\Recovered Documents\Moringa\Module 5\Summative2\realwaste\realwaste-main\RealWaste\Miscellaneous Trash\Miscellaneous Trash_373.jpg,524,524,RGB,1.0,194.5,161.53906,16.166206,12.859375
Miscellaneous Trash_374.jpg,Miscellaneous Trash,D:\Recovered Documents\Moringa\Module 5\Summative2\realwaste\realwaste-main\RealWaste\Miscellaneous Trash\Miscellaneous Trash_374.jpg,524,524,RGB,1.0,183.1,180.09201,19.325293,9.644097
Miscellaneous Trash_375.jpg,Miscellaneous Trash,D:\Recovered Documents\Moringa\Module 5\Summative2\realwaste\realwaste-main\RealWaste\Miscellaneous Trash\Miscellaneous Trash_375.jpg,524,524,RGB,1.0,198.0,169.50087,19.786102,7.6028647
Miscellaneous Trash_376.jpg,Miscellaneous Trash,D:\Recovered Documents\Moringa\Module 5\Summative2\realwaste\realwaste-main\RealWaste\Miscellaneous Trash\Miscellaneous Trash_376.jpg,524,524,RGB,1.0,184.5,182.40973,20.252756,13.935329
Miscellaneous Trash_377.jpg,Miscellaneous Trash,D:\Recovered Documents\Moringa\Module 5\Summative2\realwaste\realwaste-main\RealWaste\Miscellaneous Trash\Miscellaneous Trash_377.jpg,524,524,RGB,1.0,194.3,171.03024,18.205482,7.3988714
Miscellaneous Trash_378.jpg,Miscellaneous Trash,D:\Recovered Documents\Moringa\Module 5\Summative2\realwaste\realwaste-main\RealWaste\Miscellaneous Trash\Miscellaneous Trash_378.jpg,524,524,RGB,1.0,190.3,177.94083,17.655449,8.043837
Miscellaneous Trash_379.jpg,Miscellaneous Trash,D:\Recovered Documents\Moringa\Module 5\Summative2\realwaste\realwaste-main\RealWaste\Miscellaneous Trash\Miscellaneous Trash_379.jpg,524,524,RGB,1.0,140.4,157.72989,36.563534,32.176216
Miscellaneous Trash_38.jpg,Miscellaneous Trash,D:\Recovered Documents\Moringa\Module 5\Summative2\realwaste\realwaste-main\RealWaste\Miscellaneous Trash\Miscellaneous Trash_38.jpg,524,524,RGB,1.0,87.5,170.56511,32.21159,15.865017
Miscellaneous Trash_380.jpg,Miscellaneous Trash,D:\Recovered Documents\Moringa\Module 5\Summative2\realwaste\realwaste-main\RealWaste\Miscellaneous Trash\Miscellaneous Trash_380.jpg,524,524,RGB,1.0,189.0,158.23987,56.578594,26.065104
Miscellaneous Trash_381.jpg,Miscellaneous Trash,D:\Recovered Documents\Moringa\Module 5\Summative2\realwaste\realwaste-main\RealWaste\Miscellaneous Trash\Miscellaneous Trash_381.jpg,524,524,RGB,1.0,185.1,160.26201,58.65067,27.269096
Miscellaneous Trash_382.jpg,Miscellaneous Trash,D:\Recovered Documents\Moringa\Module 5\Summative2\realwaste\realwaste-main\RealWaste\Miscellaneous Trash\Miscellaneous Trash_382.jpg,524,524,RGB,1.0,189.7,147.15335,66.36763,20.000435
Miscellaneous Trash_383.jpg,Miscellaneous Trash,D:\Recovered Documents\Moringa\Module 5\Summative2\realwaste\realwaste-main\RealWaste\Miscellaneous Trash\Miscellaneous Trash_383.jpg,524,524,RGB,1.0,179.7,148.13715,63.74588,21.346354
Miscellaneous Trash_384.jpg,Miscellaneous Trash,D:\Recovered Documents\Moringa\Module 5\Summative2\realwaste\realwaste-main\RealWaste\Miscellaneous Trash\Miscellaneous Trash_384.jpg,524,524,RGB,1.0,181.4,148.99841,64.93275,16.126736
Miscellaneous Trash_385.jpg,Miscellaneous Trash,D:\Recovered Documents\Moringa\Module 5\Summative2\realwaste\realwaste-main\RealWaste\Miscellaneous Trash\Miscellaneous Trash_385.jpg,524,524,RGB,1.0,183.1,168.48337,35.90807,27.228733
Miscellaneous Trash_386.jpg,Miscellaneous Trash,D:\Recovered Documents\Moringa\Module 5\Summative2\realwaste\realwaste-main\RealWaste\Miscellaneous Trash\Miscellaneous Trash_386.jpg,524,524,RGB,1.0,190.2,167.29196,25.740051,10.444879
Miscellaneous Trash_387.jpg,Miscellaneous Trash,D:\Recovered Documents\Moringa\Module 5\Summative2\realwaste\realwaste-main\RealWaste\Miscellaneous Trash\Miscellaneous Trash_387.jpg,524,524,RGB,1.0,194.0,164.54543,25.85658,9.556423
Miscellaneous Trash_388.jpg,Miscellaneous Trash,D:\Recovered Documents\Moringa\Module 5\Summative2\realwaste\realwaste-main\RealWaste\Miscellaneous Trash\Miscellaneous Trash_388.jpg,524,524,RGB,1.0,164.2,166.97585,33.624565,12.559462
Miscellaneous Trash_389.jpg,Miscellaneous Trash,D:\Recovered Documents\Moringa\Module 5\Summative2\realwaste\realwaste-main\RealWaste\Miscellaneous Trash\Miscellaneous Trash_389.jpg,524,524,RGB,1.0,196.2,166.36009,28.780989,9.269097
Miscellaneous Trash_39.jpg,Miscellaneous Trash,D:\Recovered Documents\Moringa\Module 5\Summative2\realwaste\realwaste-main\RealWaste\Miscellaneous Trash\Miscellaneous Trash_39.jpg,524,524,RGB,1.0,96.3,169.8196,50.89691,26.305555
Miscellaneous Trash_390.jpg,Miscellaneous Trash,D:\Recovered Documents\Moringa\Module 5\Summative2\realwaste\realwaste-main\RealWaste\Miscellaneous Trash\Miscellaneous Trash_390.jpg,524,524,RGB,1.0,103.1,165.22482,40.000313,25.526476
Miscellaneous Trash_391.jpg,Miscellaneous Trash,D:\Recovered Documents\Moringa\Module 5\Summative2\realwaste\realwaste-main\RealWaste\Miscellaneous Trash\Miscellaneous Trash_391.jpg,524,524,RGB,1.0,167.2,166.81134,38.48241,16.447916
Miscellaneous Trash_392.jpg,Miscellaneous Trash,D:\Recovered Documents\Moringa\Module 5\Summative2\realwaste\realwaste-main\RealWaste\Miscellaneous Trash\Miscellaneous Trash_392.jpg,524,524,RGB,1.0,178.8,166.05382,47.818634,19.276476
Miscellaneous Trash_393.jpg,Miscellaneous Trash,D:\Recovered Documents\Moringa\Module 5\Summative2\realwaste\realwaste-main\RealWaste\Miscellaneous Trash\Miscellaneous Trash_393.jpg,524,524,RGB,1.0,169.6,162.98538,45.285896,19.230904
Miscellaneous Trash_394.jpg,Miscellaneous Trash,D:\Recovered Documents\Moringa\Module 5\Summative2\realwaste\realwaste-main\RealWaste\Miscellaneous Trash\Miscellaneous Trash_394.jpg,524,524,RGB,1.0,173.3,165.32986,52.23255,17.79644
Miscellaneous Trash_395.jpg,Miscellaneous Trash,D:\Recovered Documents\Moringa\Module 5\Summative2\realwaste\realwaste-main\RealWaste\Miscellaneous Trash\Miscellaneous Trash_395.jpg,524,524,RGB,1.0,146.8,162.46803,53.938602,20.759548
Miscellaneous Trash_396.jpg,Miscellaneous Trash,D:\Recovered Documents\Moringa\Module 5\Summative2\realwaste\realwaste-main\RealWaste\Miscellaneous Trash\Miscellaneous Trash_396.jpg,524,524,RGB,1.0,152.0,166.72049,46.86611,22.003906
Miscellaneous Trash_397.jpg,Miscellaneous Trash,D:\Recovered Documents\Moringa\Module 5\Summative2\realwaste\realwaste-main\RealWaste\Miscellaneous Trash\Miscellaneous Trash_397.jpg,524,524,RGB,1.0,123.0,167.71165,41.24267,19.557726
Miscellaneous Trash_398.jpg,Miscellaneous Trash,D:\Recovered Documents\Moringa\Module 5\Summative2\realwaste\realwaste-main\RealWaste\Miscellaneous Trash\Miscellaneous Trash_398.jpg,524,524,RGB,1.0,178.5,165.03632,48.327595,28.010416
Miscellaneous Trash_399.jpg,Miscellaneous Trash,D:\Recovered Documents\Moringa\Module 5\Summative2\realwaste\realwaste-main\RealWaste\Miscellaneous Trash\Miscellaneous Trash_399.jpg,524,524,RGB,1.0,182.5,159.23424,61.289223,25.029514
Miscellaneous Trash_4.jpg,Miscellaneous Trash,D:\Recovered Documents\Moringa\Module 5\Summative2\realwaste\realwaste-main\RealWaste\Miscellaneous Trash\Miscellaneous Trash_4.jpg,524,524,RGB,1.0,141.5,155.04485,36.671158,32.857204
Miscellaneous Trash_40.jpg,Miscellaneous Trash,D:\Recovered Documents\Moringa\Module 5\Summative2\realwaste\realwaste-main\RealWaste\Miscellaneous Trash\Miscellaneous Trash_40.jpg,524,524,RGB,1.0,149.6,161.12645,30.90922,34.557724
Miscellaneous Trash_400.jpg,Miscellaneous Trash,D:\Recovered Documents\Moringa\Module 5\Summative2\realwaste\realwaste-main\RealWaste\Miscellaneous Trash\Miscellaneous Trash_400.jpg,524,524,RGB,1.0,182.0,156.1603,63.413338,27.09375
Miscellaneous Trash_401.jpg,Miscellaneous Trash,D:\Recovered Documents\Moringa\Module 5\Summative2\realwaste\realwaste-main\RealWaste\Miscellaneous Trash\Miscellaneous Trash_401.jpg,524,524,RGB,1.0,92.3,170.38007,33.446556,15.951389
Miscellaneous Trash_402.jpg,Miscellaneous Trash,D:\Recovered Documents\Moringa\Module 5\Summative2\realwaste\realwaste-main\RealWaste\Miscellaneous Trash\Miscellaneous Trash_402.jpg,524,524,RGB,1.0,176.7,172.17795,35.630974,15.583767
Miscellaneous Trash_403.jpg,Miscellaneous Trash,D:\Recovered Documents\Moringa\Module 5\Summative2\realwaste\realwaste-main\RealWaste\Miscellaneous Trash\Miscellaneous Trash_403.jpg,524,524,RGB,1.0,182.0,167.42694,37.677177,17.559029
Miscellaneous Trash_404.jpg,Miscellaneous Trash,D:\Recovered Documents\Moringa\Module 5\Summative2\realwaste\realwaste-main\RealWaste\Miscellaneous Trash\Miscellaneous Trash_404.jpg,524,524,RGB,1.0,184.2,160.33087,25.432678,51.680557
Miscellaneous Trash_405.jpg,Miscellaneous Trash,D:\Recovered Documents\Moringa\Module 5\Summative2\realwaste\realwaste-main\RealWaste\Miscellaneous Trash\Miscellaneous Trash_405.jpg,524,524,RGB,1.0,148.4,145.91739,70.57873,29.179253
Miscellaneous Trash_406.jpg,Miscellaneous Trash,D:\Recovered Documents\Moringa\Module 5\Summative2\realwaste\realwaste-main\RealWaste\Miscellaneous Trash\Miscellaneous Trash_406.jpg,524,524,RGB,1.0,151.7,146.23018,69.44871,30.211372
Miscellaneous Trash_407.jpg,Miscellaneous Trash,D:\Recovered Documents\Moringa\Module 5\Summative2\realwaste\realwaste-main\RealWaste\Miscellaneous Trash\Miscellaneous Trash_407.jpg,524,524,RGB,1.0,151.1,148.86299,66.1131,27.694445
Miscellaneous Trash_408.jpg,Miscellaneous Trash,D:\Recovered Documents\Moringa\Module 5\Summative2\realwaste\realwaste-main\RealWaste\Miscellaneous Trash\Miscellaneous Trash_408.jpg,524,524,RGB,1.0,164.3,164.77301,25.231174,24.040365
Miscellaneous Trash_409.jpg,Miscellaneous Trash,D:\Recovered Documents\Moringa\Module 5\Summative2\realwaste\realwaste-main\RealWaste\Miscellaneous Trash\Miscellaneous Trash_409.jpg,524,524,RGB,1.0,156.8,144.6114,38.20843,39.76606
Miscellaneous Trash_41.jpg,Miscellaneous Trash,D:\Recovered Documents\Moringa\Module 5\Summative2\realwaste\realwaste-main\RealWaste\Miscellaneous Trash\Miscellaneous Trash_41.jpg,524,524,RGB,1.0,151.8,145.56207,74.926094,36.85894
Miscellaneous Trash_410.jpg,Miscellaneous Trash,D:\Recovered Documents\Moringa\Module 5\Summative2\realwaste\realwaste-main\RealWaste\Miscellaneous Trash\Miscellaneous Trash_410.jpg,524,524,RGB,1.0,165.1,162.34607,24.675604,26.5421
Miscellaneous Trash_411.jpg,Miscellaneous Trash,D:\Recovered Documents\Moringa\Module 5\Summative2\realwaste\realwaste-main\RealWaste\Miscellaneous Trash\Miscellaneous Trash_411.jpg,524,524,RGB,1.0,136.6,152.0965,39.849045,35.819878
Miscellaneous Trash_412.jpg,Miscellaneous Trash,D:\Recovered Documents\Moringa\Module 5\Summative2\realwaste\realwaste-main\RealWaste\Miscellaneous Trash\Miscellaneous Trash_412.jpg,524,524,RGB,1.0,116.8,151.80946,69.73265,25.725695
Miscellaneous Trash_413.jpg,Miscellaneous Trash,D:\Recovered Documents\Moringa\Module 5\Summative2\realwaste\realwaste-main\RealWaste\Miscellaneous Trash\Miscellaneous Trash_413.jpg,524,524,RGB,1.0,188.9,153.82451,32.443474,52.84158
Miscellaneous Trash_414.jpg,Miscellaneous Trash,D:\Recovered Documents\Moringa\Module 5\Summative2\realwaste\realwaste-main\RealWaste\Miscellaneous Trash\Miscellaneous Trash_414.jpg,524,524,RGB,1.0,202.0,151.30643,42.48946,64.769966
Miscellaneous Trash_415.jpg,Miscellaneous Trash,D:\Recovered Documents\Moringa\Module 5\Summative2\realwaste\realwaste-main\RealWaste\Miscellaneous Trash\Miscellaneous Trash_415.jpg,524,524,RGB,1.0,173.9,158.28993,46.681812,48.472656
Miscellaneous Trash_416.jpg,Miscellaneous Trash,D:\Recovered Documents\Moringa\Module 5\Summative2\realwaste\realwaste-main\RealWaste\Miscellaneous Trash\Miscellaneous Trash_416.jpg,524,524,RGB,1.0,176.6,156.45529,48.9156,49.617622
Miscellaneous Trash_417.jpg,Miscellaneous Trash,D:\Recovered Documents\Moringa\Module 5\Summative2\realwaste\realwaste-main\RealWaste\Miscellaneous Trash\Miscellaneous Trash_417.jpg,524,524,RGB,1.0,166.2,163.16927,24.20951,20.39236
Miscellaneous Trash_418.jpg,Miscellaneous Trash,D:\Recovered Documents\Moringa\Module 5\Summative2\realwaste\realwaste-main\RealWaste\Miscellaneous Trash\Miscellaneous Trash_418.jpg,524,524,RGB,1.0,141.8,143.14973,40.95158,62.914932
Miscellaneous Trash_419.jpg,Miscellaneous Trash,D:\Recovered Documents\Moringa\Module 5\Summative2\realwaste\realwaste-main\RealWaste\Miscellaneous Trash\Miscellaneous Trash_419.jpg,524,524,RGB,1.0,147.5,145.68866,36.4572,63.00651
Miscellaneous Trash_42.jpg,Miscellaneous Trash,D:\Recovered Documents\Moringa\Module 5\Summative2\realwaste\realwaste-main\RealWaste\Miscellaneous Trash\Miscellaneous Trash_42.jpg,524,524,RGB,1.0,147.8,154.94373,59.50741,44.661026
Miscellaneous Trash_420.jpg,Miscellaneous Trash,D:\Recovered Documents\Moringa\Module 5\Summative2\realwaste\realwaste-main\RealWaste\Miscellaneous Trash\Miscellaneous Trash_420.jpg,524,524,RGB,1.0,147.7,140.8316,39.13252,63.96528
Miscellaneous Trash_421.jpg,Miscellaneous Trash,D:\Recovered Documents\Moringa\Module 5\Summative2\realwaste\realwaste-main\RealWaste\Miscellaneous Trash\Miscellaneous Trash_421.jpg,524,524,RGB,1.0,151.1,139.39049,38.897583,58.470486
Miscellaneous Trash_422.jpg,Miscellaneous Trash,D:\Recovered Documents\Moringa\Module 5\Summative2\realwaste\realwaste-main\RealWaste\Miscellaneous Trash\Miscellaneous Trash_422.jpg,524,524,RGB,1.0,145.6,141.38498,35.98716,59.08203
Miscellaneous Trash_423.jpg,Miscellaneous Trash,D:\Recovered Documents\Moringa\Module 5\Summative2\realwaste\realwaste-main\RealWaste\Miscellaneous Trash\Miscellaneous Trash_423.jpg,524,524,RGB,1.0,167.6,162.92549,44.127567,16.86632
Miscellaneous Trash_424.jpg,Miscellaneous Trash,D:\Recovered Documents\Moringa\Module 5\Summative2\realwaste\realwaste-main\RealWaste\Miscellaneous Trash\Miscellaneous Trash_424.jpg,524,524,RGB,1.0,151.3,141.96962,38.49106,56.42231
Miscellaneous Trash_425.jpg,Miscellaneous Trash,D:\Recovered Documents\Moringa\Module 5\Summative2\realwaste\realwaste-main\RealWaste\Miscellaneous Trash\Miscellaneous Trash_425.jpg,524,524,RGB,1.0,147.0,145.06366,38.21779,60.71788
Miscellaneous Trash_426.jpg,Miscellaneous Trash,D:\Recovered Documents\Moringa\Module 5\Summative2\realwaste\realwaste-main\RealWaste\Miscellaneous Trash\Miscellaneous Trash_426.jpg,524,524,RGB,1.0,165.1,164.18185,27.813154,37.615017
Miscellaneous Trash_427.jpg,Miscellaneous Trash,D:\Recovered Documents\Moringa\Module 5\Summative2\realwaste\realwaste-main\RealWaste\Miscellaneous Trash\Miscellaneous Trash_427.jpg,524,524,RGB,1.0,173.0,156.96123,48.082706,41.964844
Miscellaneous Trash_428.jpg,Miscellaneous Trash,D:\Recovered Documents\Moringa\Module 5\Summative2\realwaste\realwaste-main\RealWaste\Miscellaneous Trash\Miscellaneous Trash_428.jpg,524,524,RGB,1.0,164.0,164.13875,51.050163,23.684029
Miscellaneous Trash_429.jpg,Miscellaneous Trash,D:\Recovered Documents\Moringa\Module 5\Summative2\realwaste\realwaste-main\RealWaste\Miscellaneous Trash\Miscellaneous Trash_429.jpg,524,524,RGB,1.0,180.9,135.8219,38.57509,68.38455
Miscellaneous Trash_43.jpg,Miscellaneous Trash,D:\Recovered Documents\Moringa\Module 5\Summative2\realwaste\realwaste-main\RealWaste\Miscellaneous Trash\Miscellaneous Trash_43.jpg,524,524,RGB,1.0,147.8,147.15538,68.25026,42.31033
Miscellaneous Trash_430.jpg,Miscellaneous Trash,D:\Recovered Documents\Moringa\Module 5\Summative2\realwaste\realwaste-main\RealWaste\Miscellaneous Trash\Miscellaneous Trash_430.jpg,524,524,RGB,1.0,209.6,154.22482,41.487473,55.083767
Miscellaneous Trash_431.jpg,Miscellaneous Trash,D:\Recovered Documents\Moringa\Module 5\Summative2\realwaste\realwaste-main\RealWaste\Miscellaneous Trash\Miscellaneous Trash_431.jpg,524,524,RGB,1.0,203.4,154.65596,39.649384,56.015625
Miscellaneous Trash_432.jpg,Miscellaneous Trash,D:\Recovered Documents\Moringa\Module 5\Summative2\realwaste\realwaste-main\RealWaste\Miscellaneous Trash\Miscellaneous Trash_432.jpg,524,524,RGB,1.0,209.9,156.94864,35.58446,57.75
Miscellaneous Trash_433.jpg,Miscellaneous Trash,D:\Recovered Documents\Moringa\Module 5\Summative2\realwaste\realwaste-main\RealWaste\Miscellaneous Trash\Miscellaneous Trash_433.jpg,524,524,RGB,1.0,199.6,153.34998,40.169804,48.539497
Miscellaneous Trash_434.jpg,Miscellaneous Trash,D:\Recovered Documents\Moringa\Module 5\Summative2\realwaste\realwaste-main\RealWaste\Miscellaneous Trash\Miscellaneous Trash_434.jpg,524,524,RGB,1.0,191.7,169.77315,31.191483,9.134983
Miscellaneous Trash_435.jpg,Miscellaneous Trash,D:\Recovered Documents\Moringa\Module 5\Summative2\realwaste\realwaste-main\RealWaste\Miscellaneous Trash\Miscellaneous Trash_435.jpg,524,524,RGB,1.0,187.9,154.64049,42.547962,53.234375
Miscellaneous Trash_436.jpg,Miscellaneous Trash,D:\Recovered Documents\Moringa\Module 5\Summative2\realwaste\realwaste-main\RealWaste\Miscellaneous Trash\Miscellaneous Trash_436.jpg,524,524,RGB,1.0,197.1,150.38007,34.409008,47.41797
Miscellaneous Trash_437.jpg,Miscellaneous Trash,D:\Recovered Documents\Moringa\Module 5\Summative2\realwaste\realwaste-main\RealWaste\Miscellaneous Trash\Miscellaneous Trash_437.jpg,524,524,RGB,1.0,144.0,151.69199,36.045647,93.989586
Miscellaneous Trash_438.jpg,Miscellaneous Trash,D:\Recovered Documents\Moringa\Module 5\Summative2\realwaste\realwaste-main\RealWaste\Miscellaneous Trash\Miscellaneous Trash_438.jpg,524,524,RGB,1.0,190.9,130.99681,39.90097,63.078125
Miscellaneous Trash_439.jpg,Miscellaneous Trash,D:\Recovered Documents\Moringa\Module 5\Summative2\realwaste\realwaste-main\RealWaste\Miscellaneous Trash\Miscellaneous Trash_439.jpg,524,524,RGB,1.0,147.9,146.09505,33.48687,55.2079
Miscellaneous Trash_44.jpg,Miscellaneous Trash,D:\Recovered Documents\Moringa\Module 5\Summative2\realwaste\realwaste-main\RealWaste\Miscellaneous Trash\Miscellaneous Trash_44.jpg,524,524,RGB,1.0,152.0,169.31857,34.22629,29.174046
Miscellaneous Trash_440.jpg,Miscellaneous Trash,D:\Recovered Documents\Moringa\Module 5\Summative2\realwaste\realwaste-main\RealWaste\Miscellaneous Trash\Miscellaneous Trash_440.jpg,524,524,RGB,1.0,183.9,159.83131,26.340328,48.49349
Miscellaneous Trash_441.jpg,Miscellaneous Trash,D:\Recovered Documents\Moringa\Module 5\Summative2\realwaste\realwaste-main\RealWaste\Miscellaneous Trash\Miscellaneous Trash_441.jpg,524,524,RGB,1.0,115.5,137.60793,70.50597,18.510416
Miscellaneous Trash_442.jpg,Miscellaneous Trash,D:\Recovered Documents\Moringa\Module 5\Summative2\realwaste\realwaste-main\RealWaste\Miscellaneous Trash\Miscellaneous Trash_442.jpg,524,524,RGB,1.0,199.4,161.43678,46.472828,30.485243
Miscellaneous Trash_443.jpg,Miscellaneous Trash,D:\Recovered Documents\Moringa\Module 5\Summative2\realwaste\realwaste-main\RealWaste\Miscellaneous Trash\Miscellaneous Trash_443.jpg,524,524,RGB,1.0,205.9,165.29123,45.420444,19.08507
Miscellaneous Trash_444.jpg,Miscellaneous Trash,D:\Recovered Documents\Moringa\Module 5\Summative2\realwaste\realwaste-main\RealWaste\Miscellaneous Trash\Miscellaneous Trash_444.jpg,524,524,RGB,1.0,212.7,164.03139,41.26571,23.829428
Miscellaneous Trash_445.jpg,Miscellaneous Trash,D:\Recovered Documents\Moringa\Module 5\Summative2\realwaste\realwaste-main\RealWaste\Miscellaneous Trash\Miscellaneous Trash_445.jpg,524,524,RGB,1.0,209.9,160.08087,47.43086,23.19401
Miscellaneous Trash_446.jpg,Miscellaneous Trash,D:\Recovered Documents\Moringa\Module 5\Summative2\realwaste\realwaste-main\RealWaste\Miscellaneous Trash\Miscellaneous Trash_446.jpg,524,524,RGB,1.0,208.0,159.12022,41.631294,19.424913
Miscellaneous Trash_447.jpg,Miscellaneous Trash,D:\Recovered Documents\Moringa\Module 5\Summative2\realwaste\realwaste-main\RealWaste\Miscellaneous Trash\Miscellaneous Trash_447.jpg,524,524,RGB,1.0,201.2,162.57509,28.472593,17.821615
Miscellaneous Trash_448.jpg,Miscellaneous Trash,D:\Recovered Documents\Moringa\Module 5\Summative2\realwaste\realwaste-main\RealWaste\Miscellaneous Trash\Miscellaneous Trash_448.jpg,524,524,RGB,1.0,202.9,157.69402,34.970047,19.188803
Miscellaneous Trash_449.jpg,Miscellaneous Trash,D:\Recovered Documents\Moringa\Module 5\Summative2\realwaste\realwaste-main\RealWaste\Miscellaneous Trash\Miscellaneous Trash_449.jpg,524,524,RGB,1.0,203.3,158.89265,33.876675,17.068577
Miscellaneous Trash_45.jpg,Miscellaneous Trash,D:\Recovered Documents\Moringa\Module 5\Summative2\realwaste\realwaste-main\RealWaste\Miscellaneous Trash\Miscellaneous Trash_45.jpg,524,524,RGB,1.0,176.9,147.9906,47.85403,29.605904
Miscellaneous Trash_450.jpg,Miscellaneous Trash,D:\Recovered Documents\Moringa\Module 5\Summative2\realwaste\realwaste-main\RealWaste\Miscellaneous Trash\Miscellaneous Trash_450.jpg,524,524,RGB,1.0,198.8,161.4848,34.16769,21.924046
Miscellaneous Trash_451.jpg,Miscellaneous Trash,D:\Recovered Documents\Moringa\Module 5\Summative2\realwaste\realwaste-main\RealWaste\Miscellaneous Trash\Miscellaneous Trash_451.jpg,524,524,RGB,1.0,165.6,149.26389,39.67,39.756077
Miscellaneous Trash_452.jpg,Miscellaneous Trash,D:\Recovered Documents\Moringa\Module 5\Summative2\realwaste\realwaste-main\RealWaste\Miscellaneous Trash\Miscellaneous Trash_452.jpg,524,524,RGB,1.0,146.5,161.14989,41.691807,13.211805
Miscellaneous Trash_453.jpg,Miscellaneous Trash,D:\Recovered Documents\Moringa\Module 5\Summative2\realwaste\realwaste-main\RealWaste\Miscellaneous Trash\Miscellaneous Trash_453.jpg,524,524,RGB,1.0,228.8,151.99596,43.500443,46.224827
Miscellaneous Trash_454.jpg,Miscellaneous Trash,D:\Recovered Documents\Moringa\Module 5\Summative2\realwaste\realwaste-main\RealWaste\Miscellaneous Trash\Miscellaneous Trash_454.jpg,524,524,RGB,1.0,228.6,163.90495,21.070074,12.664496
Miscellaneous Trash_455.jpg,Miscellaneous Trash,D:\Recovered Documents\Moringa\Module 5\Summative2\realwaste\realwaste-main\RealWaste\Miscellaneous Trash\Miscellaneous Trash_455.jpg,524,524,RGB,1.0,231.3,156.6823,24.930325,18.359375
Miscellaneous Trash_456.jpg,Miscellaneous Trash,D:\Recovered Documents\Moringa\Module 5\Summative2\realwaste\realwaste-main\RealWaste\Miscellaneous Trash\Miscellaneous Trash_456.jpg,524,524,RGB,1.0,233.3,148.63744,43.077213,22.955296
Miscellaneous Trash_457.jpg,Miscellaneous Trash,D:\Recovered Documents\Moringa\Module 5\Summative2\realwaste\realwaste-main\RealWaste\Miscellaneous Trash\Miscellaneous Trash_457.jpg,524,524,RGB,1.0,234.0,150.00578,44.005554,23.937065
Miscellaneous Trash_458.jpg,Miscellaneous Trash,D:\Recovered Documents\Moringa\Module 5\Summative2\realwaste\realwaste-main\RealWaste\Miscellaneous Trash\Miscellaneous Trash_458.jpg,524,524,RGB,1.0,221.6,152.02386,43.710762,21.941841
Miscellaneous Trash_459.jpg,Miscellaneous Trash,D:\Recovered Documents\Moringa\Module 5\Summative2\realwaste\realwaste-main\RealWaste\Miscellaneous Trash\Miscellaneous Trash_459.jpg,524,524,RGB,1.0,223.2,153.86038,42.4547,23.941841
Miscellaneous Trash_46.jpg,Miscellaneous Trash,D:\Recovered Documents\Moringa\Module 5\Summative2\realwaste\realwaste-main\RealWaste\Miscellaneous Trash\Miscellaneous Trash_46.jpg,524,524,RGB,1.0,124.7,163.55411,48.524,11.953993
Miscellaneous Trash_460.jpg,Miscellaneous Trash,D:\Recovered Documents\Moringa\Module 5\Summative2\realwaste\realwaste-main\RealWaste\Miscellaneous Trash\Miscellaneous Trash_460.jpg,524,524,RGB,1.0,190.9,163.84982,34.572567,18.532553
Miscellaneous Trash_461.jpg,Miscellaneous Trash,D:\Recovered Documents\Moringa\Module 5\Summative2\realwaste\realwaste-main\RealWaste\Miscellaneous Trash\Miscellaneous Trash_461.jpg,524,524,RGB,1.0,198.3,167.38759,24.0077,17.522135
Miscellaneous Trash_462.jpg,Miscellaneous Trash,D:\Recovered Documents\Moringa\Module 5\Summative2\realwaste\realwaste-main\RealWaste\Miscellaneous Trash\Miscellaneous Trash_462.jpg,524,524,RGB,1.0,185.8,151.94199,51.585796,74.13498
Miscellaneous Trash_463.jpg,Miscellaneous Trash,D:\Recovered Documents\Moringa\Module 5\Summative2\realwaste\realwaste-main\RealWaste\Miscellaneous Trash\Miscellaneous Trash_463.jpg,524,524,RGB,1.0,134.3,163.94199,49.9794,12.713976
Miscellaneous Trash_464.jpg,Miscellaneous Trash,D:\Recovered Documents\Moringa\Module 5\Summative2\realwaste\realwaste-main\RealWaste\Miscellaneous Trash\Miscellaneous Trash_464.jpg,524,524,RGB,1.0,170.0,168.98293,40.13428,27.621094
Miscellaneous Trash_465.jpg,Miscellaneous Trash,D:\Recovered Documents\Moringa\Module 5\Summative2\realwaste\realwaste-main\RealWaste\Miscellaneous Trash\Miscellaneous Trash_465.jpg,524,524,RGB,1.0,226.6,153.29167,36.142532,15.879774
Miscellaneous Trash_466.jpg,Miscellaneous Trash,D:\Recovered Documents\Moringa\Module 5\Summative2\realwaste\realwaste-main\RealWaste\Miscellaneous Trash\Miscellaneous Trash_466.jpg,524,524,RGB,1.0,221.3,149.11473,41.046677,19.800346
Miscellaneous Trash_467.jpg,Miscellaneous Trash,D:\Recovered Documents\Moringa\Module 5\Summative2\realwaste\realwaste-main\RealWaste\Miscellaneous Trash\Miscellaneous Trash_467.jpg,524,524,RGB,1.0,213.3,151.19502,49.97237,27.163628
Miscellaneous Trash_468.jpg,Miscellaneous Trash,D:\Recovered Documents\Moringa\Module 5\Summative2\realwaste\realwaste-main\RealWaste\Miscellaneous Trash\Miscellaneous Trash_468.jpg,524,524,RGB,1.0,207.9,153.19676,50.109406,23.869791
Miscellaneous Trash_469.jpg,Miscellaneous Trash,D:\Recovered Documents\Moringa\Module 5\Summative2\realwaste\realwaste-main\RealWaste\Miscellaneous Trash\Miscellaneous Trash_469.jpg,524,524,RGB,1.0,205.0,160.88817,27.448418,19.675346
Miscellaneous Trash_47.jpg,Miscellaneous Trash,D:\Recovered Documents\Moringa\Module 5\Summative2\realwaste\realwaste-main\RealWaste\Miscellaneous Trash\Miscellaneous Trash_47.jpg,524,524,RGB,1.0,151.2,170.53053,33.718803,24.641928
Miscellaneous Trash_470.jpg,Miscellaneous Trash,D:\Recovered Documents\Moringa\Module 5\Summative2\realwaste\realwaste-main\RealWaste\Miscellaneous Trash\Miscellaneous Trash_470.jpg,524,524,RGB,1.0,192.0,156.37587,28.957369,27.776476
Miscellaneous Trash_471.jpg,Miscellaneous Trash,D:\Recovered Documents\Moringa\Module 5\Summative2\realwaste\realwaste-main\RealWaste\Miscellaneous Trash\Miscellaneous Trash_471.jpg,524,524,RGB,1.0,186.7,163.5,23.762169,18.121094
Miscellaneous Trash_472.jpg,Miscellaneous Trash,D:\Recovered Documents\Moringa\Module 5\Summative2\realwaste\realwaste-main\RealWaste\Miscellaneous Trash\Miscellaneous Trash_472.jpg,524,524,RGB,1.0,204.4,160.92592,45.988895,26.913195
Miscellaneous Trash_473.jpg,Miscellaneous Trash,D:\Recovered Documents\Moringa\Module 5\Summative2\realwaste\realwaste-main\RealWaste\Miscellaneous Trash\Miscellaneous Trash_473.jpg,524,524,RGB,1.0,208.1,163.8086,36.97065,16.71875
Miscellaneous Trash_474.jpg,Miscellaneous Trash,D:\Recovered Documents\Moringa\Module 5\Summative2\realwaste\realwaste-main\RealWaste\Miscellaneous Trash\Miscellaneous Trash_474.jpg,524,524,RGB,1.0,137.7,163.45602,47.9681,12.500434
Miscellaneous Trash_475.jpg,Miscellaneous Trash,D:\Recovered Documents\Moringa\Module 5\Summative2\realwaste\realwaste-main\RealWaste\Miscellaneous Trash\Miscellaneous Trash_475.jpg,524,524,RGB,1.0,125.0,158.1156,40.26954,33.136284
Miscellaneous Trash_476.jpg,Miscellaneous Trash,D:\Recovered Documents\Moringa\Module 5\Summative2\realwaste\realwaste-main\RealWaste\Miscellaneous Trash\Miscellaneous Trash_476.jpg,524,524,RGB,1.0,107.7,167.10692,21.723076,11.006945
Miscellaneous Trash_477.jpg,Miscellaneous Trash,D:\Recovered Documents\Moringa\Module 5\Summative2\realwaste\realwaste-main\RealWaste\Miscellaneous Trash\Miscellaneous Trash_477.jpg,524,524,RGB,1.0,119.5,170.32364,20.797716,10.604167
Miscellaneous Trash_478.jpg,Miscellaneous Trash,D:\Recovered Documents\Moringa\Module 5\Summative2\realwaste\realwaste-main\RealWaste\Miscellaneous Trash\Miscellaneous Trash_478.jpg,524,524,RGB,1.0,109.3,167.49797,24.857208,9.779079
Miscellaneous Trash_479.jpg,Miscellaneous Trash,D:\Recovered Documents\Moringa\Module 5\Summative2\realwaste\realwaste-main\RealWaste\Miscellaneous Trash\Miscellaneous Trash_479.jpg,524,524,RGB,1.0,113.6,167.13947,26.952166,12.394965
Miscellaneous Trash_48.jpg,Miscellaneous Trash,D:\Recovered Documents\Moringa\Module 5\Summative2\realwaste\realwaste-main\RealWaste\Miscellaneous Trash\Miscellaneous Trash_48.jpg,524,524,RGB,1.0,184.1,144.00623,38.642704,26.26736
Miscellaneous Trash_480.jpg,Miscellaneous Trash,D:\Recovered Documents\Moringa\Module 5\Summative2\realwaste\realwaste-main\RealWaste\Miscellaneous Trash\Miscellaneous Trash_480.jpg,524,524,RGB,1.0,117.6,171.14163,29.29391,13.088108
Miscellaneous Trash_481.jpg,Miscellaneous Trash,D:\Recovered Documents\Moringa\Module 5\Summative2\realwaste\realwaste-main\RealWaste\Miscellaneous Trash\Miscellaneous Trash_481.jpg,524,524,RGB,1.0,114.6,166.80194,21.59033,10.9765625
Miscellaneous Trash_482.jpg,Miscellaneous Trash,D:\Recovered Documents\Moringa\Module 5\Summative2\realwaste\realwaste-main\RealWaste\Miscellaneous Trash\Miscellaneous Trash_482.jpg,524,524,RGB,1.0,115.9,170.65234,30.363695,13.786892
Miscellaneous Trash_483.jpg,Miscellaneous Trash,D:\Recovered Documents\Moringa\Module 5\Summative2\realwaste\realwaste-main\RealWaste\Miscellaneous Trash\Miscellaneous Trash_483.jpg,524,524,RGB,1.0,108.1,161.94719,28.142134,10.2473955
Miscellaneous Trash_484.jpg,Miscellaneous Trash,D:\Recovered Documents\Moringa\Module 5\Summative2\realwaste\realwaste-main\RealWaste\Miscellaneous Trash\Miscellaneous Trash_484.jpg,524,524,RGB,1.0,108.4,158.67288,30.027605,10.212673
Miscellaneous Trash_485.jpg,Miscellaneous Trash,D:\Recovered Documents\Moringa\Module 5\Summative2\realwaste\realwaste-main\RealWaste\Miscellaneous Trash\Miscellaneous Trash_485.jpg,524,524,RGB,1.0,128.2,165.20212,47.255703,10.7109375
Miscellaneous Trash_486.jpg,Miscellaneous Trash,D:\Recovered Documents\Moringa\Module 5\Summative2\realwaste\realwaste-main\RealWaste\Miscellaneous Trash\Miscellaneous Trash_486.jpg,524,524,RGB,1.0,99.1,168.67723,30.601925,10.987413
Miscellaneous Trash_487.jpg,Miscellaneous Trash,D:\Recovered Documents\Moringa\Module 5\Summative2\realwaste\realwaste-main\RealWaste\Miscellaneous Trash\Miscellaneous Trash_487.jpg,524,524,RGB,1.0,110.3,168.09563,33.34252,20.496962
Miscellaneous Trash_488.jpg,Miscellaneous Trash,D:\Recovered Documents\Moringa\Module 5\Summative2\realwaste\realwaste-main\RealWaste\Miscellaneous Trash\Miscellaneous Trash_488.jpg,524,524,RGB,1.0,125.6,147.40683,64.88999,81.327255
Miscellaneous Trash_489.jpg,Miscellaneous Trash,D:\Recovered Documents\Moringa\Module 5\Summative2\realwaste\realwaste-main\RealWaste\Miscellaneous Trash\Miscellaneous Trash_489.jpg,524,524,RGB,1.0,127.9,144.32306,64.87029,94.375
Miscellaneous Trash_49.jpg,Miscellaneous Trash,D:\Recovered Documents\Moringa\Module 5\Summative2\realwaste\realwaste-main\RealWaste\Miscellaneous Trash\Miscellaneous Trash_49.jpg,524,524,RGB,1.0,171.5,143.62558,44.339645,23.700521
Miscellaneous Trash_490.jpg,Miscellaneous Trash,D:\Recovered Documents\Moringa\Module 5\Summative2\realwaste\realwaste-main\RealWaste\Miscellaneous Trash\Miscellaneous Trash_490.jpg,524,524,RGB,1.0,124.3,162.84216,41.027496,38.67014
Miscellaneous Trash_491.jpg,Miscellaneous Trash,D:\Recovered Documents\Moringa\Module 5\Summative2\realwaste\realwaste-main\RealWaste\Miscellaneous Trash\Miscellaneous Trash_491.jpg,524,524,RGB,1.0,88.0,159.7963,44.183308,33.193142
Miscellaneous Trash_492.jpg,Miscellaneous Trash,D:\Recovered Documents\Moringa\Module 5\Summative2\realwaste\realwaste-main\RealWaste\Miscellaneous Trash\Miscellaneous Trash_492.jpg,524,524,RGB,1.0,100.7,165.80165,27.823874,17.478733
Miscellaneous Trash_493.jpg,Miscellaneous Trash,D:\Recovered Documents\Moringa\Module 5\Summative2\realwaste\realwaste-main\RealWaste\Miscellaneous Trash\Miscellaneous Trash_493.jpg,524,524,RGB,1.0,101.0,166.24377,26.665983,18.768663
Miscellaneous Trash_494.jpg,Miscellaneous Trash,D:\Recovered Documents\Moringa\Module 5\Summative2\realwaste\realwaste-main\RealWaste\Miscellaneous Trash\Miscellaneous Trash_494.jpg,524,524,RGB,1.0,99.5,167.11053,28.332975,17.21224
Miscellaneous Trash_495.jpg,Miscellaneous Trash,D:\Recovered Documents\Moringa\Module 5\Summative2\realwaste\realwaste-main\RealWaste\Miscellaneous Trash\Miscellaneous Trash_495.jpg,524,524,RGB,1.0,111.8,167.39511,26.345072,16.980904
Miscellaneous Trash_5.jpg,Miscellaneous Trash,D:\Recovered Documents\Moringa\Module 5\Summative2\realwaste\realwaste-main\RealWaste\Miscellaneous Trash\Miscellaneous Trash_5.jpg,524,524,RGB,1.0,146.8,152.42448,44.460995,40.59809
Miscellaneous Trash_50.jpg,Miscellaneous Trash,D:\Recovered Documents\Moringa\Module 5\Summative2\realwaste\realwaste-main\RealWaste\Miscellaneous Trash\Miscellaneous Trash_50.jpg,524,524,RGB,1.0,161.4,157.4375,34.61475,38.782986
Miscellaneous Trash_51.jpg,Miscellaneous Trash,D:\Recovered Documents\Moringa\Module 5\Summative2\realwaste\realwaste-main\RealWaste\Miscellaneous Trash\Miscellaneous Trash_51.jpg,524,524,RGB,1.0,117.3,168.73785,53.915394,30.589844
Miscellaneous Trash_52.jpg,Miscellaneous Trash,D:\Recovered Documents\Moringa\Module 5\Summative2\realwaste\realwaste-main\RealWaste\Miscellaneous Trash\Miscellaneous Trash_52.jpg,524,524,RGB,1.0,106.4,172.73293,35.343624,9.583333
Miscellaneous Trash_53.jpg,Miscellaneous Trash,D:\Recovered Documents\Moringa\Module 5\Summative2\realwaste\realwaste-main\RealWaste\Miscellaneous Trash\Miscellaneous Trash_53.jpg,524,524,RGB,1.0,108.1,170.9346,33.998734,21.08507
Miscellaneous Trash_54.jpg,Miscellaneous Trash,D:\Recovered Documents\Moringa\Module 5\Summative2\realwaste\realwaste-main\RealWaste\Miscellaneous Trash\Miscellaneous Trash_54.jpg,524,524,RGB,1.0,102.7,170.83998,33.166332,9.875
Miscellaneous Trash_55.jpg,Miscellaneous Trash,D:\Recovered Documents\Moringa\Module 5\Summative2\realwaste\realwaste-main\RealWaste\Miscellaneous Trash\Miscellaneous Trash_55.jpg,524,524,RGB,1.0,108.5,171.5288,37.839092,21.852865
Miscellaneous Trash_56.jpg,Miscellaneous Trash,D:\Recovered Documents\Moringa\Module 5\Summative2\realwaste\realwaste-main\RealWaste\Miscellaneous Trash\Miscellaneous Trash_56.jpg,524,524,RGB,1.0,108.6,171.7163,35.577526,8.640191
Miscellaneous Trash_57.jpg,Miscellaneous Trash,D:\Recovered Documents\Moringa\Module 5\Summative2\realwaste\realwaste-main\RealWaste\Miscellaneous Trash\Miscellaneous Trash_57.jpg,524,524,RGB,1.0,123.8,168.9796,49.853863,10.352864
Miscellaneous Trash_58.jpg,Miscellaneous Trash,D:\Recovered Documents\Moringa\Module 5\Summative2\realwaste\realwaste-main\RealWaste\Miscellaneous Trash\Miscellaneous Trash_58.jpg,524,524,RGB,1.0,107.3,165.47252,30.873964,13.061198
Miscellaneous Trash_59.jpg,Miscellaneous Trash,D:\Recovered Documents\Moringa\Module 5\Summative2\realwaste\realwaste-main\RealWaste\Miscellaneous Trash\Miscellaneous Trash_59.jpg,524,524,RGB,1.0,98.9,164.82089,24.917486,9.454427
Miscellaneous Trash_6.jpg,Miscellaneous Trash,D:\Recovered Documents\Moringa\Module 5\Summative2\realwaste\realwaste-main\RealWaste\Miscellaneous Trash\Miscellaneous Trash_6.jpg,524,524,RGB,1.0,134.6,151.97975,35.91196,31.28993
Miscellaneous Trash_60.jpg,Miscellaneous Trash,D:\Recovered Documents\Moringa\Module 5\Summative2\realwaste\realwaste-main\RealWaste\Miscellaneous Trash\Miscellaneous Trash_60.jpg,524,524,RGB,1.0,106.3,160.79398,31.107525,11.330296
Miscellaneous Trash_61.jpg,Miscellaneous Trash,D:\Recovered Documents\Moringa\Module 5\Summative2\realwaste\realwaste-main\RealWaste\Miscellaneous Trash\Miscellaneous Trash_61.jpg,524,524,RGB,1.0,92.4,166.9579,48.04134,16.717447
Miscellaneous Trash_62.jpg,Miscellaneous Trash,D:\Recovered Documents\Moringa\Module 5\Summative2\realwaste\realwaste-main\RealWaste\Miscellaneous Trash\Miscellaneous Trash_62.jpg,524,524,RGB,1.0,155.5,142.59418,70.499146,27.70269
Miscellaneous Trash_63.jpg,Miscellaneous Trash,D:\Recovered Documents\Moringa\Module 5\Summative2\realwaste\realwaste-main\RealWaste\Miscellaneous Trash\Miscellaneous Trash_63.jpg,524,524,RGB,1.0,105.2,169.2921,39.949493,13.2630205
Miscellaneous Trash_64.jpg,Miscellaneous Trash,D:\Recovered Documents\Moringa\Module 5\Summative2\realwaste\realwaste-main\RealWaste\Miscellaneous Trash\Miscellaneous Trash_64.jpg,524,524,RGB,1.0,129.8,126.88846,83.6522,43.037327
Miscellaneous Trash_65.jpg,Miscellaneous Trash,D:\Recovered Documents\Moringa\Module 5\Summative2\realwaste\realwaste-main\RealWaste\Miscellaneous Trash\Miscellaneous Trash_65.jpg,524,524,RGB,1.0,138.2,130.92926,82.53907,33.860676
Miscellaneous Trash_66.jpg,Miscellaneous Trash,D:\Recovered Documents\Moringa\Module 5\Summative2\realwaste\realwaste-main\RealWaste\Miscellaneous Trash\Miscellaneous Trash_66.jpg,524,524,RGB,1.0,122.4,166.2037,29.725365,23.179688
Miscellaneous Trash_67.jpg,Miscellaneous Trash,D:\Recovered Documents\Moringa\Module 5\Summative2\realwaste\realwaste-main\RealWaste\Miscellaneous Trash\Miscellaneous Trash_67.jpg,524,524,RGB,1.0,126.4,163.51505,27.475542,23.145834
Miscellaneous Trash_68.jpg,Miscellaneous Trash,D:\Recovered Documents\Moringa\Module 5\Summative2\realwaste\realwaste-main\RealWaste\Miscellaneous Trash\Miscellaneous Trash_68.jpg,524,524,RGB,1.0,126.7,165.99031,45.446194,13.557726
Miscellaneous Trash_69.jpg,Miscellaneous Trash,D:\Recovered Documents\Moringa\Module 5\Summative2\realwaste\realwaste-main\RealWaste\Miscellaneous Trash\Miscellaneous Trash_69.jpg,524,524,RGB,1.0,142.6,146.76418,69.41544,20.086805
Miscellaneous Trash_7.jpg,Miscellaneous Trash,D:\Recovered Documents\Moringa\Module 5\Summative2\realwaste\realwaste-main\RealWaste\Miscellaneous Trash\Miscellaneous Trash_7.jpg,524,524,RGB,1.0,134.7,155.7092,40.800255,29.559896
Miscellaneous Trash_70.jpg,Miscellaneous Trash,D:\Recovered Documents\Moringa\Module 5\Summative2\realwaste\realwaste-main\RealWaste\Miscellaneous Trash\Miscellaneous Trash_70.jpg,524,524,RGB,1.0,104.6,174.01692,28.474762,13.1380205
Miscellaneous Trash_71.jpg,Miscellaneous Trash,D:\Recovered Documents\Moringa\Module 5\Summative2\realwaste\realwaste-main\RealWaste\Miscellaneous Trash\Miscellaneous Trash_71.jpg,524,524,RGB,1.0,101.1,173.82132,32.594036,18.20139
Miscellaneous Trash_72.jpg,Miscellaneous Trash,D:\Recovered Documents\Moringa\Module 5\Summative2\realwaste\realwaste-main\RealWaste\Miscellaneous Trash\Miscellaneous Trash_72.jpg,524,524,RGB,1.0,102.6,169.04962,28.47962,11.735243
Miscellaneous Trash_73.jpg,Miscellaneous Trash,D:\Recovered Documents\Moringa\Module 5\Summative2\realwaste\realwaste-main\RealWaste\Miscellaneous Trash\Miscellaneous Trash_73.jpg,524,524,RGB,1.0,106.7,172.9281,29.466263,7.812934
Miscellaneous Trash_74.jpg,Miscellaneous Trash,D:\Recovered Documents\Moringa\Module 5\Summative2\realwaste\realwaste-main\RealWaste\Miscellaneous Trash\Miscellaneous Trash_74.jpg,524,524,RGB,1.0,96.6,166.40842,27.549377,9.937066
Miscellaneous Trash_75.jpg,Miscellaneous Trash,D:\Recovered Documents\Moringa\Module 5\Summative2\realwaste\realwaste-main\RealWaste\Miscellaneous Trash\Miscellaneous Trash_75.jpg,524,524,RGB,1.0,108.4,168.64076,27.039936,10.051649
Miscellaneous Trash_76.jpg,Miscellaneous Trash,D:\Recovered Documents\Moringa\Module 5\Summative2\realwaste\realwaste-main\RealWaste\Miscellaneous Trash\Miscellaneous Trash_76.jpg,524,524,RGB,1.0,104.1,172.329,21.339672,8.860243
Miscellaneous Trash_77.jpg,Miscellaneous Trash,D:\Recovered Documents\Moringa\Module 5\Summative2\realwaste\realwaste-main\RealWaste\Miscellaneous Trash\Miscellaneous Trash_77.jpg,524,524,RGB,1.0,125.5,159.05931,58.82965,40.774307
Miscellaneous Trash_78.jpg,Miscellaneous Trash,D:\Recovered Documents\Moringa\Module 5\Summative2\realwaste\realwaste-main\RealWaste\Miscellaneous Trash\Miscellaneous Trash_78.jpg,524,524,RGB,1.0,129.7,157.91174,53.666744,43.933594
Miscellaneous Trash_79.jpg,Miscellaneous Trash,D:\Recovered Documents\Moringa\Module 5\Summative2\realwaste\realwaste-main\RealWaste\Miscellaneous Trash\Miscellaneous Trash_79.jpg,524,524,RGB,1.0,111.7,154.83768,66.47013,20.121962
Miscellaneous Trash_8.jpg,Miscellaneous Trash,D:\Recovered Documents\Moringa\Module 5\Summative2\realwaste\realwaste-main\RealWaste\Miscellaneous Trash\Miscellaneous Trash_8.jpg,524,524,RGB,1.0,123.0,167.82018,14.328263,10.922743
Miscellaneous Trash_80.jpg,Miscellaneous Trash,D:\Recovered Documents\Moringa\Module 5\Summative2\realwaste\realwaste-main\RealWaste\Miscellaneous Trash\Miscellaneous Trash_80.jpg,524,524,RGB,1.0,117.3,165.5667,21.746851,9.707031
Miscellaneous Trash_81.jpg,Miscellaneous Trash,D:\Recovered Documents\Moringa\Module 5\Summative2\realwaste\realwaste-main\RealWaste\Miscellaneous Trash\Miscellaneous Trash_81.jpg,524,524,RGB,1.0,133.7,156.27893,53.336758,43.83116
Miscellaneous Trash_82.jpg,Miscellaneous Trash,D:\Recovered Documents\Moringa\Module 5\Summative2\realwaste\realwaste-main\RealWaste\Miscellaneous Trash\Miscellaneous Trash_82.jpg,524,524,RGB,1.0,113.2,163.78893,26.262758,15.392796
Miscellaneous Trash_83.jpg,Miscellaneous Trash,D:\Recovered Documents\Moringa\Module 5\Summative2\realwaste\realwaste-main\RealWaste\Miscellaneous Trash\Miscellaneous Trash_83.jpg,524,524,RGB,1.0,114.7,166.79442,25.183847,15.567708
Miscellaneous Trash_84.jpg,Miscellaneous Trash,D:\Recovered Documents\Moringa\Module 5\Summative2\realwaste\realwaste-main\RealWaste\Miscellaneous Trash\Miscellaneous Trash_84.jpg,524,524,RGB,1.0,98.1,167.00607,23.912806,10.851996
Miscellaneous Trash_85.jpg,Miscellaneous Trash,D:\Recovered Documents\Moringa\Module 5\Summative2\realwaste\realwaste-main\RealWaste\Miscellaneous Trash\Miscellaneous Trash_85.jpg,524,524,RGB,1.0,119.7,162.0635,30.054905,20.07335
Miscellaneous Trash_86.jpg,Miscellaneous Trash,D:\Recovered Documents\Moringa\Module 5\Summative2\realwaste\realwaste-main\RealWaste\Miscellaneous Trash\Miscellaneous Trash_86.jpg,524,524,RGB,1.0,113.6,151.62297,34.09285,22.12283
Miscellaneous Trash_87.jpg,Miscellaneous Trash,D:\Recovered Documents\Moringa\Module 5\Summative2\realwaste\realwaste-main\RealWaste\Miscellaneous Trash\Miscellaneous Trash_87.jpg,524,524,RGB,1.0,121.2,164.50491,23.951061,17.830729
Miscellaneous Trash_88.jpg,Miscellaneous Trash,D:\Recovered Documents\Moringa\Module 5\Summative2\realwaste\realwaste-main\RealWaste\Miscellaneous Trash\Miscellaneous Trash_88.jpg,524,524,RGB,1.0,115.4,154.24913,44.694527,34.833332
Miscellaneous Trash_89.jpg,Miscellaneous Trash,D:\Recovered Documents\Moringa\Module 5\Summative2\realwaste\realwaste-main\RealWaste\Miscellaneous Trash\Miscellaneous Trash_89.jpg,524,524,RGB,1.0,108.9,156.7552,33.794407,27.391928
Miscellaneous Trash_9.jpg,Miscellaneous Trash,D:\Recovered Documents\Moringa\Module 5\Summative2\realwaste\realwaste-main\RealWaste\Miscellaneous Trash\Miscellaneous Trash_9.jpg,524,524,RGB,1.0,86.9,152.68172,39.446274,28.701822
Miscellaneous Trash_90.jpg,Miscellaneous Trash,D:\Recovered Documents\Moringa\Module 5\Summative2\realwaste\realwaste-main\RealWaste\Miscellaneous Trash\Miscellaneous Trash_90.jpg,524,524,RGB,1.0,114.6,150.87486,65.93645,15.010417
Miscellaneous Trash_91.jpg,Miscellaneous Trash,D:\Recovered Documents\Moringa\Module 5\Summative2\realwaste\realwaste-main\RealWaste\Miscellaneous Trash\Miscellaneous Trash_91.jpg,524,524,RGB,1.0,119.1,164.79933,22.287106,15.554254
Miscellaneous Trash_92.jpg,Miscellaneous Trash,D:\Recovered Documents\Moringa\Module 5\Summative2\realwaste\realwaste-main\RealWaste\Miscellaneous Trash\Miscellaneous Trash_92.jpg,524,524,RGB,1.0,113.3,169.44112,36.818012,16.429253
Miscellaneous Trash_93.jpg,Miscellaneous Trash,D:\Recovered Documents\Moringa\Module 5\Summative2\realwaste\realwaste-main\RealWaste\Miscellaneous Trash\Miscellaneous Trash_93.jpg,524,524,RGB,1.0,119.5,163.3381,23.142183,14.167535
Miscellaneous Trash_94.jpg,Miscellaneous Trash,D:\Recovered Documents\Moringa\Module 5\Summative2\realwaste\realwaste-main\RealWaste\Miscellaneous Trash\Miscellaneous Trash_94.jpg,524,524,RGB,1.0,117.6,164.98105,23.399517,14.352864
Miscellaneous Trash_95.jpg,Miscellaneous Trash,D:\Recovered Documents\Moringa\Module 5\Summative2\realwaste\realwaste-main\RealWaste\Miscellaneous Trash\Miscellaneous Trash_95.jpg,524,524,RGB,1.0,114.7,166.91145,24.230272,13.027344
Miscellaneous Trash_96.jpg,Miscellaneous Trash,D:\Recovered Documents\Moringa\Module 5\Summative2\realwaste\realwaste-main\RealWaste\Miscellaneous Trash\Miscellaneous Trash_96.jpg,524,524,RGB,1.0,117.3,163.77864,26.942575,14.845921
Miscellaneous Trash_97.jpg,Miscellaneous Trash,D:\Recovered Documents\Moringa\Module 5\Summative2\realwaste\realwaste-main\RealWaste\Miscellaneous Trash\Miscellaneous Trash_97.jpg,524,524,RGB,1.0,113.9,167.19112,28.930029,11.756945
Miscellaneous Trash_98.jpg,Miscellaneous Trash,D:\Recovered Documents\Moringa\Module 5\Summative2\realwaste\realwaste-main\RealWaste\Miscellaneous Trash\Miscellaneous Trash_98.jpg,524,524,RGB,1.0,100.0,164.77415,44.929344,16.549046
Miscellaneous Trash_99.jpg,Miscellaneous Trash,D:\Recovered Documents\Moringa\Module 5\Summative2\realwaste\realwaste-main\RealWaste\Miscellaneous Trash\Miscellaneous Trash_99.jpg,524,524,RGB,1.0,119.8,169.20717,19.386122,11.963976
Paper_1.jpg,Paper,D:\Recovered Documents\Moringa\Module 5\Summative2\realwaste\realwaste-main\RealWaste\Paper\Paper_1.jpg,524,524,RGB,1.0,132.7,144.94025,52.880753,44.59722
Paper_10.jpg,Paper,D:\Recovered Documents\Moringa\Module 5\Summative2\realwaste\realwaste-main\RealWaste\Paper\Paper_10.jpg,524,524,RGB,1.0,160.1,146.9446,41.132584,44.002605
Paper_100.jpg,Paper,D:\Recovered Documents\Moringa\Module 5\Summative2\realwaste\realwaste-main\RealWaste\Paper\Paper_100.jpg,524,524,RGB,1.0,188.9,151.26881,32.45061,47.03342
Paper_101.jpg,Paper,D:\Recovered Documents\Moringa\Module 5\Summative2\realwaste\realwaste-main\RealWaste\Paper\Paper_101.jpg,524,524,RGB,1.0,120.9,159.59114,32.333378,43.868057
Paper_102.jpg,Paper,D:\Recovered Documents\Moringa\Module 5\Summative2\realwaste\realwaste-main\RealWaste\Paper\Paper_102.jpg,524,524,RGB,1.0,193.3,163.20052,24.144745,30.054688
Paper_103.jpg,Paper,D:\Recovered Documents\Moringa\Module 5\Summative2\realwaste\realwaste-main\RealWaste\Paper\Paper_103.jpg,524,524,RGB,1.0,180.4,150.71701,32.993004,28.03776
Paper_104.jpg,Paper,D:\Recovered Documents\Moringa\Module 5\Summative2\realwaste\realwaste-main\RealWaste\Paper\Paper_104.jpg,524,524,RGB,1.0,199.0,156.2992,23.999544,23.731771
Paper_105.jpg,Paper,D:\Recovered Documents\Moringa\Module 5\Summative2\realwaste\realwaste-main\RealWaste\Paper\Paper_105.jpg,524,524,RGB,1.0,194.4,158.80179,21.48307,24.844185
Paper_106.jpg,Paper,D:\Recovered Documents\Moringa\Module 5\Summative2\realwaste\realwaste-main\RealWaste\Paper\Paper_106.jpg,524,524,RGB,1.0,199.2,159.51779,21.061129,26.898438
Paper_107.jpg,Paper,D:\Recovered Documents\Moringa\Module 5\Summative2\realwaste\realwaste-main\RealWaste\Paper\Paper_107.jpg,524,524,RGB,1.0,192.8,155.27806,31.33547,22.640625
Paper_108.jpg,Paper,D:\Recovered Documents\Moringa\Module 5\Summative2\realwaste\realwaste-main\RealWaste\Paper\Paper_108.jpg,524,524,RGB,1.0,129.5,155.86632,39.81617,63.89236
Paper_109.jpg,Paper,D:\Recovered Documents\Moringa\Module 5\Summative2\realwaste\realwaste-main\RealWaste\Paper\Paper_109.jpg,524,524,RGB,1.0,99.6,160.60634,37.348118,58.552082
Paper_11.jpg,Paper,D:\Recovered Documents\Moringa\Module 5\Summative2\realwaste\realwaste-main\RealWaste\Paper\Paper_11.jpg,524,524,RGB,1.0,136.9,148.40134,40.819023,40.62847
Paper_110.jpg,Paper,D:\Recovered Documents\Moringa\Module 5\Summative2\realwaste\realwaste-main\RealWaste\Paper\Paper_110.jpg,524,524,RGB,1.0,181.2,153.63933,34.413475,35.756943
Paper_111.jpg,Paper,D:\Recovered Documents\Moringa\Module 5\Summative2\realwaste\realwaste-main\RealWaste\Paper\Paper_111.jpg,524,524,RGB,1.0,131.1,155.27502,46.988503,62.340714
Paper_112.jpg,Paper,D:\Recovered Documents\Moringa\Module 5\Summative2\realwaste\realwaste-main\RealWaste\Paper\Paper_112.jpg,524,524,RGB,1.0,135.3,149.07147,35.301716,43.04861
Paper_113.jpg,Paper,D:\Recovered Documents\Moringa\Module 5\Summative2\realwaste\realwaste-main\RealWaste\Paper\Paper_113.jpg,524,524,RGB,1.0,107.3,137.66087,41.603138,41.977432
Paper_114.jpg,Paper,D:\Recovered Documents\Moringa\Module 5\Summative2\realwaste\realwaste-main\RealWaste\Paper\Paper_114.jpg,524,524,RGB,1.0,190.5,153.65697,34.453125,26.333334
Paper_115.jpg,Paper,D:\Recovered Documents\Moringa\Module 5\Summative2\realwaste\realwaste-main\RealWaste\Paper\Paper_115.jpg,524,524,RGB,1.0,166.1,166.13629,27.203115,33.159286
Paper_116.jpg,Paper,D:\Recovered Documents\Moringa\Module 5\Summative2\realwaste\realwaste-main\RealWaste\Paper\Paper_116.jpg,524,524,RGB,1.0,181.7,154.9304,37.29854,34.1454
Paper_117.jpg,Paper,D:\Recovered Documents\Moringa\Module 5\Summative2\realwaste\realwaste-main\RealWaste\Paper\Paper_117.jpg,524,524,RGB,1.0,171.2,160.5243,35.189835,28.080296
Paper_118.jpg,Paper,D:\Recovered Documents\Moringa\Module 5\Summative2\realwaste\realwaste-main\RealWaste\Paper\Paper_118.jpg,524,524,RGB,1.0,180.3,169.90524,31.350475,26.554688
Paper_119.jpg,Paper,D:\Recovered Documents\Moringa\Module 5\Summative2\realwaste\realwaste-main\RealWaste\Paper\Paper_119.jpg,524,524,RGB,1.0,176.2,147.9307,41.20484,63.79384
Paper_12.jpg,Paper,D:\Recovered Documents\Moringa\Module 5\Summative2\realwaste\realwaste-main\RealWaste\Paper\Paper_12.jpg,524,524,RGB,1.0,159.8,156.77531,45.15215,41.11241
Paper_120.jpg,Paper,D:\Recovered Documents\Moringa\Module 5\Summative2\realwaste\realwaste-main\RealWaste\Paper\Paper_120.jpg,524,524,RGB,1.0,195.4,144.6742,38.069077,46.46745
Paper_121.jpg,Paper,D:\Recovered Documents\Moringa\Module 5\Summative2\realwaste\realwaste-main\RealWaste\Paper\Paper_121.jpg,524,524,RGB,1.0,165.5,153.69647,31.25746,40.969185
Paper_122.jpg,Paper,D:\Recovered Documents\Moringa\Module 5\Summative2\realwaste\realwaste-main\RealWaste\Paper\Paper_122.jpg,524,524,RGB,1.0,97.4,165.26027,42.56979,41.184895
Paper_123.jpg,Paper,D:\Recovered Documents\Moringa\Module 5\Summative2\realwaste\realwaste-main\RealWaste\Paper\Paper_123.jpg,524,524,RGB,1.0,85.3,156.88252,53.07779,43.1033
Paper_124.jpg,Paper,D:\Recovered Documents\Moringa\Module 5\Summative2\realwaste\realwaste-main\RealWaste\Paper\Paper_124.jpg,524,524,RGB,1.0,103.6,158.34462,31.741398,33.80599
Paper_125.jpg,Paper,D:\Recovered Documents\Moringa\Module 5\Summative2\realwaste\realwaste-main\RealWaste\Paper\Paper_125.jpg,524,524,RGB,1.0,84.0,157.7879,41.70659,38.054688
Paper_126.jpg,Paper,D:\Recovered Documents\Moringa\Module 5\Summative2\realwaste\realwaste-main\RealWaste\Paper\Paper_126.jpg,524,524,RGB,1.0,106.7,158.2212,52.55002,45.3342
Paper_127.jpg,Paper,D:\Recovered Documents\Moringa\Module 5\Summative2\realwaste\realwaste-main\RealWaste\Paper\Paper_127.jpg,524,524,RGB,1.0,64.9,149.15076,34.157272,54.196182
Paper_128.jpg,Paper,D:\Recovered Documents\Moringa\Module 5\Summative2\realwaste\realwaste-main\RealWaste\Paper\Paper_128.jpg,524,524,RGB,1.0,107.2,153.33652,48.074203,45.15538
Paper_129.jpg,Paper,D:\Recovered Documents\Moringa\Module 5\Summative2\realwaste\realwaste-main\RealWaste\Paper\Paper_129.jpg,524,524,RGB,1.0,69.4,151.6004,44.295033,78.79991
Paper_13.jpg,Paper,D:\Recovered Documents\Moringa\Module 5\Summative2\realwaste\realwaste-main\RealWaste\Paper\Paper_13.jpg,524,524,RGB,1.0,147.4,144.02692,44.531372,49.703995
Paper_130.jpg,Paper,D:\Recovered Documents\Moringa\Module 5\Summative2\realwaste\realwaste-main\RealWaste\Paper\Paper_130.jpg,524,524,RGB,1.0,80.3,152.71455,26.955517,42.611546
Paper_131.jpg,Paper,D:\Recovered Documents\Moringa\Module 5\Summative2\realwaste\realwaste-main\RealWaste\Paper\Paper_131.jpg,524,524,RGB,1.0,78.1,152.73727,32.79591,55.367188
Paper_132.jpg,Paper,D:\Recovered Documents\Moringa\Module 5\Summative2\realwaste\realwaste-main\RealWaste\Paper\Paper_132.jpg,524,524,RGB,1.0,79.1,153.87978,35.59593,66.671005
Paper_133.jpg,Paper,D:\Recovered Documents\Moringa\Module 5\Summative2\realwaste\realwaste-main\RealWaste\Paper\Paper_133.jpg,524,524,RGB,1.0,93.9,161.58652,30.360123,43.977863
Paper_134.jpg,Paper,D:\Recovered Documents\Moringa\Module 5\Summative2\realwaste\realwaste-main\RealWaste\Paper\Paper_134.jpg,524,524,RGB,1.0,93.8,150.75578,34.55225,60.831596
Paper_135.jpg,Paper,D:\Recovered Documents\Moringa\Module 5\Summative2\realwaste\realwaste-main\RealWaste\Paper\Paper_135.jpg,524,524,RGB,1.0,101.4,152.00232,32.140537,35.658855
Paper_136.jpg,Paper,D:\Recovered Documents\Moringa\Module 5\Summative2\realwaste\realwaste-main\RealWaste\Paper\Paper_136.jpg,524,524,RGB,1.0,77.1,152.14569,27.031183,43.820312
Paper_137.jpg,Paper,D:\Recovered Documents\Moringa\Module 5\Summative2\realwaste\realwaste-main\RealWaste\Paper\Paper_137.jpg,524,524,RGB,1.0,100.2,139.66768,35.385265,60.712673
Paper_138.jpg,Paper,D:\Recovered Documents\Moringa\Module 5\Summative2\realwaste\realwaste-main\RealWaste\Paper\Paper_138.jpg,524,524,RGB,1.0,109.2,161.32784,48.629143,35.968315
Paper_139.jpg,Paper,D:\Recovered Documents\Moringa\Module 5\Summative2\realwaste\realwaste-main\RealWaste\Paper\Paper_139.jpg,524,524,RGB,1.0,115.9,158.46759,42.069405,15.166667
Paper_14.jpg,Paper,D:\Recovered Documents\Moringa\Module 5\Summative2\realwaste\realwaste-main\RealWaste\Paper\Paper_14.jpg,524,524,RGB,1.0,147.5,153.66449,43.243958,36.413628
Paper_140.jpg,Paper,D:\Recovered Documents\Moringa\Module 5\Summative2\realwaste\realwaste-main\RealWaste\Paper\Paper_140.jpg,524,524,RGB,1.0,78.7,148.69344,34.464462,69.16059
Paper_141.jpg,Paper,D:\Recovered Documents\Moringa\Module 5\Summative2\realwaste\realwaste-main\RealWaste\Paper\Paper_141.jpg,524,524,RGB,1.0,205.7,150.31047,34.731304,49.661892
Paper_142.jpg,Paper,D:\Recovered Documents\Moringa\Module 5\Summative2\realwaste\realwaste-main\RealWaste\Paper\Paper_142.jpg,524,524,RGB,1.0,116.0,158.5923,37.28834,45.15538
Paper_143.jpg,Paper,D:\Recovered Documents\Moringa\Module 5\Summative2\realwaste\realwaste-main\RealWaste\Paper\Paper_143.jpg,524,524,RGB,1.0,117.8,162.14482,40.99133,45.303387
Paper_144.jpg,Paper,D:\Recovered Documents\Moringa\Module 5\Summative2\realwaste\realwaste-main\RealWaste\Paper\Paper_144.jpg,524,524,RGB,1.0,90.2,149.90857,28.777367,61.11111
Paper_145.jpg,Paper,D:\Recovered Documents\Moringa\Module 5\Summative2\realwaste\realwaste-main\RealWaste\Paper\Paper_145.jpg,524,524,RGB,1.0,95.1,149.9281,36.749016,54.715714
Paper_146.jpg,Paper,D:\Recovered Documents\Moringa\Module 5\Summative2\realwaste\realwaste-main\RealWaste\Paper\Paper_146.jpg,524,524,RGB,1.0,108.5,151.10027,34.96039,31.522135
Paper_147.jpg,Paper,D:\Recovered Documents\Moringa\Module 5\Summative2\realwaste\realwaste-main\RealWaste\Paper\Paper_147.jpg,524,524,RGB,1.0,105.3,165.92506,43.426678,50.588108
Paper_148.jpg,Paper,D:\Recovered Documents\Moringa\Module 5\Summative2\realwaste\realwaste-main\RealWaste\Paper\Paper_148.jpg,524,524,RGB,1.0,150.0,154.37009,47.291603,68.374565
Paper_149.jpg,Paper,D:\Recovered Documents\Moringa\Module 5\Summative2\realwaste\realwaste-main\RealWaste\Paper\Paper_149.jpg,524,524,RGB,1.0,124.5,163.5677,38.55022,45.6046
Paper_15.jpg,Paper,D:\Recovered Documents\Moringa\Module 5\Summative2\realwaste\realwaste-main\RealWaste\Paper\Paper_15.jpg,524,524,RGB,1.0,147.8,147.5136,38.523514,21.98394
Paper_150.jpg,Paper,D:\Recovered Documents\Moringa\Module 5\Summative2\realwaste\realwaste-main\RealWaste\Paper\Paper_150.jpg,524,524,RGB,1.0,106.7,161.31192,47.931873,54.736546
Paper_151.jpg,Paper,D:\Recovered Documents\Moringa\Module 5\Summative2\realwaste\realwaste-main\RealWaste\Paper\Paper_151.jpg,524,524,RGB,1.0,135.9,157.4537,46.29021,62.338543
Paper_152.jpg,Paper,D:\Recovered Documents\Moringa\Module 5\Summative2\realwaste\realwaste-main\RealWaste\Paper\Paper_152.jpg,524,524,RGB,1.0,125.9,162.72772,31.820728,50.596355
Paper_153.jpg,Paper,D:\Recovered Documents\Moringa\Module 5\Summative2\realwaste\realwaste-main\RealWaste\Paper\Paper_153.jpg,524,524,RGB,1.0,110.0,165.77634,28.643528,39.665363
Paper_154.jpg,Paper,D:\Recovered Documents\Moringa\Module 5\Summative2\realwaste\realwaste-main\RealWaste\Paper\Paper_154.jpg,524,524,RGB,1.0,118.7,164.05627,38.931744,40.652344
Paper_155.jpg,Paper,D:\Recovered Documents\Moringa\Module 5\Summative2\realwaste\realwaste-main\RealWaste\Paper\Paper_155.jpg,524,524,RGB,1.0,87.0,161.42375,50.77446,43.528645
Paper_156.jpg,Paper,D:\Recovered Documents\Moringa\Module 5\Summative2\realwaste\realwaste-main\RealWaste\Paper\Paper_156.jpg,524,524,RGB,1.0,89.2,163.25072,33.2537,39.842014
Paper_157.jpg,Paper,D:\Recovered Documents\Moringa\Module 5\Summative2\realwaste\realwaste-main\RealWaste\Paper\Paper_157.jpg,524,524,RGB,1.0,123.6,160.4569,20.771517,12.982639
Paper_158.jpg,Paper,D:\Recovered Documents\Moringa\Module 5\Summative2\realwaste\realwaste-main\RealWaste\Paper\Paper_158.jpg,524,524,RGB,1.0,198.8,156.49696,32.09641,40.704426
Paper_159.jpg,Paper,D:\Recovered Documents\Moringa\Module 5\Summative2\realwaste\realwaste-main\RealWaste\Paper\Paper_159.jpg,524,524,RGB,1.0,121.1,161.45862,46.384396,65.38238
Paper_16.jpg,Paper,D:\Recovered Documents\Moringa\Module 5\Summative2\realwaste\realwaste-main\RealWaste\Paper\Paper_16.jpg,524,524,RGB,1.0,137.1,156.874,39.23789,19.263021
Paper_160.jpg,Paper,D:\Recovered Documents\Moringa\Module 5\Summative2\realwaste\realwaste-main\RealWaste\Paper\Paper_160.jpg,524,524,RGB,1.0,126.7,145.28299,33.921,64.21658
Paper_161.jpg,Paper,D:\Recovered Documents\Moringa\Module 5\Summative2\realwaste\realwaste-main\RealWaste\Paper\Paper_161.jpg,524,524,RGB,1.0,113.5,154.79413,41.089558,56.84028
Paper_162.jpg,Paper,D:\Recovered Documents\Moringa\Module 5\Summative2\realwaste\realwaste-main\RealWaste\Paper\Paper_162.jpg,524,524,RGB,1.0,85.6,154.78284,30.14139,52.084637
Paper_163.jpg,Paper,D:\Recovered Documents\Moringa\Module 5\Summative2\realwaste\realwaste-main\RealWaste\Paper\Paper_163.jpg,524,524,RGB,1.0,88.0,154.84866,31.734198,53.90625
Paper_164.jpg,Paper,D:\Recovered Documents\Moringa\Module 5\Summative2\realwaste\realwaste-main\RealWaste\Paper\Paper_164.jpg,524,524,RGB,1.0,83.8,153.00565,32.70615,57.056423
Paper_165.jpg,Paper,D:\Recovered Documents\Moringa\Module 5\Summative2\realwaste\realwaste-main\RealWaste\Paper\Paper_165.jpg,524,524,RGB,1.0,91.0,160.9796,51.71189,62.379776
Paper_166.jpg,Paper,D:\Recovered Documents\Moringa\Module 5\Summative2\realwaste\realwaste-main\RealWaste\Paper\Paper_166.jpg,524,524,RGB,1.0,112.8,158.67998,39.836185,58.9592
Paper_167.jpg,Paper,D:\Recovered Documents\Moringa\Module 5\Summative2\realwaste\realwaste-main\RealWaste\Paper\Paper_167.jpg,524,524,RGB,1.0,109.9,161.88252,51.86767,55.359375
Paper_168.jpg,Paper,D:\Recovered Documents\Moringa\Module 5\Summative2\realwaste\realwaste-main\RealWaste\Paper\Paper_168.jpg,524,524,RGB,1.0,122.7,161.56221,18.66016,12.144097
Paper_169.jpg,Paper,D:\Recovered Documents\Moringa\Module 5\Summative2\realwaste\realwaste-main\RealWaste\Paper\Paper_169.jpg,524,524,RGB,1.0,109.9,156.86256,57.079224,59.935764
Paper_17.jpg,Paper,D:\Recovered Documents\Moringa\Module 5\Summative2\realwaste\realwaste-main\RealWaste\Paper\Paper_17.jpg,524,524,RGB,1.0,123.5,167.21165,41.34871,16.998697
Paper_170.jpg,Paper,D:\Recovered Documents\Moringa\Module 5\Summative2\realwaste\realwaste-main\RealWaste\Paper\Paper_170.jpg,524,524,RGB,1.0,121.1,149.47989,41.868645,53.162327
Paper_171.jpg,Paper,D:\Recovered Documents\Moringa\Module 5\Summative2\realwaste\realwaste-main\RealWaste\Paper\Paper_171.jpg,524,524,RGB,1.0,121.6,158.83739,41.188152,58.39236
Paper_172.jpg,Paper,D:\Recovered Documents\Moringa\Module 5\Summative2\realwaste\realwaste-main\RealWaste\Paper\Paper_172.jpg,524,524,RGB,1.0,91.7,145.97614,37.84283,67.568146
Paper_173.jpg,Paper,D:\Recovered Documents\Moringa\Module 5\Summative2\realwaste\realwaste-main\RealWaste\Paper\Paper_173.jpg,524,524,RGB,1.0,119.0,165.11212,50.06843,12.636719
Paper_174.jpg,Paper,D:\Recovered Documents\Moringa\Module 5\Summative2\realwaste\realwaste-main\RealWaste\Paper\Paper_174.jpg,524,524,RGB,1.0,92.3,150.94705,32.96425,30.077257
Paper_175.jpg,Paper,D:\Recovered Documents\Moringa\Module 5\Summative2\realwaste\realwaste-main\RealWaste\Paper\Paper_175.jpg,524,524,RGB,1.0,98.1,159.86342,38.496693,51.140625
Paper_176.jpg,Paper,D:\Recovered Documents\Moringa\Module 5\Summative2\realwaste\realwaste-main\RealWaste\Paper\Paper_176.jpg,524,524,RGB,1.0,107.1,157.51447,35.682316,59.751736
Paper_177.jpg,Paper,D:\Recovered Documents\Moringa\Module 5\Summative2\realwaste\realwaste-main\RealWaste\Paper\Paper_177.jpg,524,524,RGB,1.0,109.9,151.09766,42.16698,63.450954
Paper_178.jpg,Paper,D:\Recovered Documents\Moringa\Module 5\Summative2\realwaste\realwaste-main\RealWaste\Paper\Paper_178.jpg,524,524,RGB,1.0,89.0,164.5382,33.739307,48.6237
Paper_179.jpg,Paper,D:\Recovered Documents\Moringa\Module 5\Summative2\realwaste\realwaste-main\RealWaste\Paper\Paper_179.jpg,524,524,RGB,1.0,106.1,151.1904,29.154793,39.18403
Paper_18.jpg,Paper,D:\Recovered Documents\Moringa\Module 5\Summative2\realwaste\realwaste-main\RealWaste\Paper\Paper_18.jpg,524,524,RGB,1.0,135.3,151.16797,50.721523,44.690105
Paper_180.jpg,Paper,D:\Recovered Documents\Moringa\Module 5\Summative2\realwaste\realwaste-main\RealWaste\Paper\Paper_180.jpg,524,524,RGB,1.0,115.4,152.42174,53.075638,74.55643
Paper_181.jpg,Paper,D:\Recovered Documents\Moringa\Module 5\Summative2\realwaste\realwaste-main\RealWaste\Paper\Paper_181.jpg,524,524,RGB,1.0,111.5,151.09837,38.772396,59.963108
Paper_182.jpg,Paper,D:\Recovered Documents\Moringa\Module 5\Summative2\realwaste\realwaste-main\RealWaste\Paper\Paper_182.jpg,524,524,RGB,1.0,116.0,153.63107,41.06233,68.109375
Paper_183.jpg,Paper,D:\Recovered Documents\Moringa\Module 5\Summative2\realwaste\realwaste-main\RealWaste\Paper\Paper_183.jpg,524,524,RGB,1.0,119.5,159.98712,30.354708,45.182293
Paper_184.jpg,Paper,D:\Recovered Documents\Moringa\Module 5\Summative2\realwaste\realwaste-main\RealWaste\Paper\Paper_184.jpg,524,524,RGB,1.0,124.8,150.5962,42.508263,58.544704
Paper_185.jpg,Paper,D:\Recovered Documents\Moringa\Module 5\Summative2\realwaste\realwaste-main\RealWaste\Paper\Paper_185.jpg,524,524,RGB,1.0,87.1,159.90842,29.502243,30.5204
Paper_186.jpg,Paper,D:\Recovered Documents\Moringa\Module 5\Summative2\realwaste\realwaste-main\RealWaste\Paper\Paper_186.jpg,524,524,RGB,1.0,119.6,158.77951,36.80586,54.630642
Paper_187.jpg,Paper,D:\Recovered Documents\Moringa\Module 5\Summative2\realwaste\realwaste-main\RealWaste\Paper\Paper_187.jpg,524,524,RGB,1.0,99.9,156.7202,29.51596,49.901474
Paper_188.jpg,Paper,D:\Recovered Documents\Moringa\Module 5\Summative2\realwaste\realwaste-main\RealWaste\Paper\Paper_188.jpg,524,524,RGB,1.0,99.6,157.09158,33.64379,48.726562
Paper_189.jpg,Paper,D:\Recovered Documents\Moringa\Module 5\Summative2\realwaste\realwaste-main\RealWaste\Paper\Paper_189.jpg,524,524,RGB,1.0,126.6,155.90147,47.625393,58.911457
Paper_19.jpg,Paper,D:\Recovered Documents\Moringa\Module 5\Summative2\realwaste\realwaste-main\RealWaste\Paper\Paper_19.jpg,524,524,RGB,1.0,143.7,155.2691,44.673615,14.5338545
Paper_190.jpg,Paper,D:\Recovered Documents\Moringa\Module 5\Summative2\realwaste\realwaste-main\RealWaste\Paper\Paper_190.jpg,524,524,RGB,1.0,179.6,133.06728,44.565067,77.00217
Paper_191.jpg,Paper,D:\Recovered Documents\Moringa\Module 5\Summative2\realwaste\realwaste-main\RealWaste\Paper\Paper_191.jpg,524,524,RGB,1.0,78.2,145.55556,36.310146,78.25
Paper_192.jpg,Paper,D:\Recovered Documents\Moringa\Module 5\Summative2\realwaste\realwaste-main\RealWaste\Paper\Paper_192.jpg,524,524,RGB,1.0,123.7,161.55368,46.177116,54.76302
Paper_193.jpg,Paper,D:\Recovered Documents\Moringa\Module 5\Summative2\realwaste\realwaste-main\RealWaste\Paper\Paper_193.jpg,524,524,RGB,1.0,145.0,147.64525,46.125553,71.80816
Paper_194.jpg,Paper,D:\Recovered Documents\Moringa\Module 5\Summative2\realwaste\realwaste-main\RealWaste\Paper\Paper_194.jpg,524,524,RGB,1.0,125.4,147.3112,38.779537,72.046875
Paper_195.jpg,Paper,D:\Recovered Documents\Moringa\Module 5\Summative2\realwaste\realwaste-main\RealWaste\Paper\Paper_195.jpg,524,524,RGB,1.0,92.8,166.08955,49.562725,51.1671
Paper_196.jpg,Paper,D:\Recovered Documents\Moringa\Module 5\Summative2\realwaste\realwaste-main\RealWaste\Paper\Paper_196.jpg,524,524,RGB,1.0,93.4,165.35143,45.26263,49.617188
Paper_197.jpg,Paper,D:\Recovered Documents\Moringa\Module 5\Summative2\realwaste\realwaste-main\RealWaste\Paper\Paper_197.jpg,524,524,RGB,1.0,79.8,154.87326,29.478273,59.42578
Paper_198.jpg,Paper,D:\Recovered Documents\Moringa\Module 5\Summative2\realwaste\realwaste-main\RealWaste\Paper\Paper_198.jpg,524,524,RGB,1.0,111.3,159.136,41.638096,52.156685
Paper_199.jpg,Paper,D:\Recovered Documents\Moringa\Module 5\Summative2\realwaste\realwaste-main\RealWaste\Paper\Paper_199.jpg,524,524,RGB,1.0,83.6,154.84795,31.790735,55.97092
Paper_2.jpg,Paper,D:\Recovered Documents\Moringa\Module 5\Summative2\realwaste\realwaste-main\RealWaste\Paper\Paper_2.jpg,524,524,RGB,1.0,139.8,143.57596,45.04129,50.346355
Paper_20.jpg,Paper,D:\Recovered Documents\Moringa\Module 5\Summative2\realwaste\realwaste-main\RealWaste\Paper\Paper_20.jpg,524,524,RGB,1.0,137.1,159.38007,35.187233,40.59592
Paper_200.jpg,Paper,D:\Recovered Documents\Moringa\Module 5\Summative2\realwaste\realwaste-main\RealWaste\Paper\Paper_200.jpg,524,524,RGB,1.0,95.2,135.98929,47.31684,88.40278
Paper_201.jpg,Paper,D:\Recovered Documents\Moringa\Module 5\Summative2\realwaste\realwaste-main\RealWaste\Paper\Paper_201.jpg,524,524,RGB,1.0,122.0,156.09303,27.43228,38.510418
Paper_202.jpg,Paper,D:\Recovered Documents\Moringa\Module 5\Summative2\realwaste\realwaste-main\RealWaste\Paper\Paper_202.jpg,524,524,RGB,1.0,109.3,148.15248,45.24989,79.0434
Paper_203.jpg,Paper,D:\Recovered Documents\Moringa\Module 5\Summative2\realwaste\realwaste-main\RealWaste\Paper\Paper_203.jpg,524,524,RGB,1.0,109.2,154.27966,44.70062,58.40755
Paper_204.jpg,Paper,D:\Recovered Documents\Moringa\Module 5\Summative2\realwaste\realwaste-main\RealWaste\Paper\Paper_204.jpg,524,524,RGB,1.0,102.3,165.45052,36.390453,48.166233
Paper_205.jpg,Paper,D:\Recovered Documents\Moringa\Module 5\Summative2\realwaste\realwaste-main\RealWaste\Paper\Paper_205.jpg,524,524,RGB,1.0,116.2,154.57408,45.30399,64.780815
Paper_206.jpg,Paper,D:\Recovered Documents\Moringa\Module 5\Summative2\realwaste\realwaste-main\RealWaste\Paper\Paper_206.jpg,524,524,RGB,1.0,97.2,157.67433,49.469803,22.018663
Paper_207.jpg,Paper,D:\Recovered Documents\Moringa\Module 5\Summative2\realwaste\realwaste-main\RealWaste\Paper\Paper_207.jpg,524,524,RGB,1.0,145.7,143.068,50.773067,28.584635
Paper_208.jpg,Paper,D:\Recovered Documents\Moringa\Module 5\Summative2\realwaste\realwaste-main\RealWaste\Paper\Paper_208.jpg,524,524,RGB,1.0,204.2,140.58955,38.5389,61.337673
Paper_209.jpg,Paper,D:\Recovered Documents\Moringa\Module 5\Summative2\realwaste\realwaste-main\RealWaste\Paper\Paper_209.jpg,524,524,RGB,1.0,102.5,163.62949,50.69719,44.619793
Paper_21.jpg,Paper,D:\Recovered Documents\Moringa\Module 5\Summative2\realwaste\realwaste-main\RealWaste\Paper\Paper_21.jpg,524,524,RGB,1.0,155.0,144.6114,41.43336,58.71788
Paper_210.jpg,Paper,D:\Recovered Documents\Moringa\Module 5\Summative2\realwaste\realwaste-main\RealWaste\Paper\Paper_210.jpg,524,524,RGB,1.0,78.1,150.73886,34.16481,70.82769
Paper_211.jpg,Paper,D:\Recovered Documents\Moringa\Module 5\Summative2\realwaste\realwaste-main\RealWaste\Paper\Paper_211.jpg,524,524,RGB,1.0,95.0,146.8054,34.42758,75.36806
Paper_212.jpg,Paper,D:\Recovered Documents\Moringa\Module 5\Summative2\realwaste\realwaste-main\RealWaste\Paper\Paper_212.jpg,524,524,RGB,1.0,171.2,133.1493,39.545887,93.91016
Paper_213.jpg,Paper,D:\Recovered Documents\Moringa\Module 5\Summative2\realwaste\realwaste-main\RealWaste\Paper\Paper_213.jpg,524,524,RGB,1.0,99.8,161.09723,48.399586,47.04644
Paper_214.jpg,Paper,D:\Recovered Documents\Moringa\Module 5\Summative2\realwaste\realwaste-main\RealWaste\Paper\Paper_214.jpg,524,524,RGB,1.0,91.7,145.2244,33.057007,67.59982
Paper_215.jpg,Paper,D:\Recovered Documents\Moringa\Module 5\Summative2\realwaste\realwaste-main\RealWaste\Paper\Paper_215.jpg,524,524,RGB,1.0,208.0,134.6263,38.859016,59.917534
Paper_216.jpg,Paper,D:\Recovered Documents\Moringa\Module 5\Summative2\realwaste\realwaste-main\RealWaste\Paper\Paper_216.jpg,524,524,RGB,1.0,89.4,149.52344,30.666399,68.3355
Paper_217.jpg,Paper,D:\Recovered Documents\Moringa\Module 5\Summative2\realwaste\realwaste-main\RealWaste\Paper\Paper_217.jpg,524,524,RGB,1.0,91.1,144.74377,35.442905,75.71094
Paper_218.jpg,Paper,D:\Recovered Documents\Moringa\Module 5\Summative2\realwaste\realwaste-main\RealWaste\Paper\Paper_218.jpg,524,524,RGB,1.0,120.9,159.68317,44.186806,52.788628
Paper_219.jpg,Paper,D:\Recovered Documents\Moringa\Module 5\Summative2\realwaste\realwaste-main\RealWaste\Paper\Paper_219.jpg,524,524,RGB,1.0,74.7,142.83145,36.86863,83.04557
Paper_22.jpg,Paper,D:\Recovered Documents\Moringa\Module 5\Summative2\realwaste\realwaste-main\RealWaste\Paper\Paper_22.jpg,524,524,RGB,1.0,101.2,149.89496,29.006376,36.68533
Paper_220.jpg,Paper,D:\Recovered Documents\Moringa\Module 5\Summative2\realwaste\realwaste-main\RealWaste\Paper\Paper_220.jpg,524,524,RGB,1.0,81.8,145.0994,37.87999,74.55425
Paper_221.jpg,Paper,D:\Recovered Documents\Moringa\Module 5\Summative2\realwaste\realwaste-main\RealWaste\Paper\Paper_221.jpg,524,524,RGB,1.0,89.9,141.7529,34.92321,80.85287
Paper_222.jpg,Paper,D:\Recovered Documents\Moringa\Module 5\Summative2\realwaste\realwaste-main\RealWaste\Paper\Paper_222.jpg,524,524,RGB,1.0,105.7,152.5042,40.93537,62.87847
Paper_223.jpg,Paper,D:\Recovered Documents\Moringa\Module 5\Summative2\realwaste\realwaste-main\RealWaste\Paper\Paper_223.jpg,524,524,RGB,1.0,111.6,150.3886,43.085537,41.18403
Paper_224.jpg,Paper,D:\Recovered Documents\Moringa\Module 5\Summative2\realwaste\realwaste-main\RealWaste\Paper\Paper_224.jpg,524,524,RGB,1.0,128.5,158.4365,31.657555,38.875435
Paper_225.jpg,Paper,D:\Recovered Documents\Moringa\Module 5\Summative2\realwaste\realwaste-main\RealWaste\Paper\Paper_225.jpg,524,524,RGB,1.0,119.5,160.18822,48.4079,31.964409
Paper_226.jpg,Paper,D:\Recovered Documents\Moringa\Module 5\Summative2\realwaste\realwaste-main\RealWaste\Paper\Paper_226.jpg,524,524,RGB,1.0,103.9,154.61835,33.76358,22.740017
Paper_227.jpg,Paper,D:\Recovered Documents\Moringa\Module 5\Summative2\realwaste\realwaste-main\RealWaste\Paper\Paper_227.jpg,524,524,RGB,1.0,96.9,142.18793,40.45171,33.71658
Paper_228.jpg,Paper,D:\Recovered Documents\Moringa\Module 5\Summative2\realwaste\realwaste-main\RealWaste\Paper\Paper_228.jpg,524,524,RGB,1.0,111.3,153.47005,32.817688,37.269096
Paper_229.jpg,Paper,D:\Recovered Documents\Moringa\Module 5\Summative2\realwaste\realwaste-main\RealWaste\Paper\Paper_229.jpg,524,524,RGB,1.0,90.8,138.1904,38.20829,40.602432
Paper_23.jpg,Paper,D:\Recovered Documents\Moringa\Module 5\Summative2\realwaste\realwaste-main\RealWaste\Paper\Paper_23.jpg,524,524,RGB,1.0,163.4,144.62659,44.851894,65.53385
Paper_230.jpg,Paper,D:\Recovered Documents\Moringa\Module 5\Summative2\realwaste\realwaste-main\RealWaste\Paper\Paper_230.jpg,524,524,RGB,1.0,99.2,153.72107,42.65132,17.575087
Paper_231.jpg,Paper,D:\Recovered Documents\Moringa\Module 5\Summative2\realwaste\realwaste-main\RealWaste\Paper\Paper_231.jpg,524,524,RGB,1.0,143.4,151.42346,35.57831,28.82986
Paper_232.jpg,Paper,D:\Recovered Documents\Moringa\Module 5\Summative2\realwaste\realwaste-main\RealWaste\Paper\Paper_232.jpg,524,524,RGB,1.0,103.0,154.82234,34.399048,25.523438
Paper_233.jpg,Paper,D:\Recovered Documents\Moringa\Module 5\Summative2\realwaste\realwaste-main\RealWaste\Paper\Paper_233.jpg,524,524,RGB,1.0,137.1,153.91219,35.167637,35.591145
Paper_234.jpg,Paper,D:\Recovered Documents\Moringa\Module 5\Summative2\realwaste\realwaste-main\RealWaste\Paper\Paper_234.jpg,524,524,RGB,1.0,114.2,140.87196,38.11039,36.140625
Paper_235.jpg,Paper,D:\Recovered Documents\Moringa\Module 5\Summative2\realwaste\realwaste-main\RealWaste\Paper\Paper_235.jpg,524,524,RGB,1.0,121.7,155.93895,33.503616,25.575087
Paper_236.jpg,Paper,D:\Recovered Documents\Moringa\Module 5\Summative2\realwaste\realwaste-main\RealWaste\Paper\Paper_236.jpg,524,524,RGB,1.0,98.3,152.04123,32.474552,29.665798
Paper_237.jpg,Paper,D:\Recovered Documents\Moringa\Module 5\Summative2\realwaste\realwaste-main\RealWaste\Paper\Paper_237.jpg,524,524,RGB,1.0,108.1,141.75246,38.22965,33.09158
Paper_238.jpg,Paper,D:\Recovered Documents\Moringa\Module 5\Summative2\realwaste\realwaste-main\RealWaste\Paper\Paper_238.jpg,524,524,RGB,1.0,120.7,159.28429,53.5155,33.406685
Paper_239.jpg,Paper,D:\Recovered Documents\Moringa\Module 5\Summative2\realwaste\realwaste-main\RealWaste\Paper\Paper_239.jpg,524,524,RGB,1.0,83.8,146.13455,37.356415,31.578125
Paper_24.jpg,Paper,D:\Recovered Documents\Moringa\Module 5\Summative2\realwaste\realwaste-main\RealWaste\Paper\Paper_24.jpg,524,524,RGB,1.0,111.8,142.37268,40.63497,53.46658
Paper_240.jpg,Paper,D:\Recovered Documents\Moringa\Module 5\Summative2\realwaste\realwaste-main\RealWaste\Paper\Paper_240.jpg,524,524,RGB,1.0,118.9,159.48567,55.25986,35.814236
Paper_241.jpg,Paper,D:\Recovered Documents\Moringa\Module 5\Summative2\realwaste\realwaste-main\RealWaste\Paper\Paper_241.jpg,524,524,RGB,1.0,111.1,147.44069,36.813667,35.053387
Paper_242.jpg,Paper,D:\Recovered Documents\Moringa\Module 5\Summative2\realwaste\realwaste-main\RealWaste\Paper\Paper_242.jpg,524,524,RGB,1.0,103.5,157.36299,43.552715,25.273003
Paper_243.jpg,Paper,D:\Recovered Documents\Moringa\Module 5\Summative2\realwaste\realwaste-main\RealWaste\Paper\Paper_243.jpg,524,524,RGB,1.0,112.8,139.13542,41.284523,26.844618
Paper_244.jpg,Paper,D:\Recovered Documents\Moringa\Module 5\Summative2\realwaste\realwaste-main\RealWaste\Paper\Paper_244.jpg,524,524,RGB,1.0,99.9,144.42274,43.377094,24.932291
Paper_245.jpg,Paper,D:\Recovered Documents\Moringa\Module 5\Summative2\realwaste\realwaste-main\RealWaste\Paper\Paper_245.jpg,524,524,RGB,1.0,106.4,150.40422,32.892475,17.304253
Paper_246.jpg,Paper,D:\Recovered Documents\Moringa\Module 5\Summative2\realwaste\realwaste-main\RealWaste\Paper\Paper_246.jpg,524,524,RGB,1.0,129.2,161.41739,34.441666,24.427952
Paper_247.jpg,Paper,D:\Recovered Documents\Moringa\Module 5\Summative2\realwaste\realwaste-main\RealWaste\Paper\Paper_247.jpg,524,524,RGB,1.0,92.3,142.82219,44.04614,23.496962
Paper_248.jpg,Paper,D:\Recovered Documents\Moringa\Module 5\Summative2\realwaste\realwaste-main\RealWaste\Paper\Paper_248.jpg,524,524,RGB,1.0,97.8,142.75043,46.41971,32.119793
Paper_249.jpg,Paper,D:\Recovered Documents\Moringa\Module 5\Summative2\realwaste\realwaste-main\RealWaste\Paper\Paper_249.jpg,524,524,RGB,1.0,95.4,152.807,32.223717,21.42231
Paper_25.jpg,Paper,D:\Recovered Documents\Moringa\Module 5\Summative2\realwaste\realwaste-main\RealWaste\Paper\Paper_25.jpg,524,524,RGB,1.0,155.5,164.96051,33.974514,42.163628
Paper_250.jpg,Paper,D:\Recovered Documents\Moringa\Module 5\Summative2\realwaste\realwaste-main\RealWaste\Paper\Paper_250.jpg,524,524,RGB,1.0,117.4,154.07118,49.8908,22.682291
Paper_251.jpg,Paper,D:\Recovered Documents\Moringa\Module 5\Summative2\realwaste\realwaste-main\RealWaste\Paper\Paper_251.jpg,524,524,RGB,1.0,111.3,153.5246,52.87598,23.5829
Paper_252.jpg,Paper,D:\Recovered Documents\Moringa\Module 5\Summative2\realwaste\realwaste-main\RealWaste\Paper\Paper_252.jpg,524,524,RGB,1.0,104.3,161.01158,35.63604,23.061197
Paper_253.jpg,Paper,D:\Recovered Documents\Moringa\Module 5\Summative2\realwaste\realwaste-main\RealWaste\Paper\Paper_253.jpg,524,524,RGB,1.0,124.1,151.12167,41.035873,39.10894
Paper_254.jpg,Paper,D:\Recovered Documents\Moringa\Module 5\Summative2\realwaste\realwaste-main\RealWaste\Paper\Paper_254.jpg,524,524,RGB,1.0,104.3,156.59737,41.53767,30.45269
Paper_255.jpg,Paper,D:\Recovered Documents\Moringa\Module 5\Summative2\realwaste\realwaste-main\RealWaste\Paper\Paper_255.jpg,524,524,RGB,1.0,107.7,156.95674,28.94432,11.608941
Paper_256.jpg,Paper,D:\Recovered Documents\Moringa\Module 5\Summative2\realwaste\realwaste-main\RealWaste\Paper\Paper_256.jpg,524,524,RGB,1.0,129.5,149.44777,46.42911,45.791233
Paper_257.jpg,Paper,D:\Recovered Documents\Moringa\Module 5\Summative2\realwaste\realwaste-main\RealWaste\Paper\Paper_257.jpg,524,524,RGB,1.0,115.1,155.30208,26.011387,7.311632
Paper_258.jpg,Paper,D:\Recovered Documents\Moringa\Module 5\Summative2\realwaste\realwaste-main\RealWaste\Paper\Paper_258.jpg,524,524,RGB,1.0,104.5,161.09013,29.97783,9.582899
Paper_259.jpg,Paper,D:\Recovered Documents\Moringa\Module 5\Summative2\realwaste\realwaste-main\RealWaste\Paper\Paper_259.jpg,524,524,RGB,1.0,118.6,155.08478,43.956104,16.174913
Paper_26.jpg,Paper,D:\Recovered Documents\Moringa\Module 5\Summative2\realwaste\realwaste-main\RealWaste\Paper\Paper_26.jpg,524,524,RGB,1.0,122.3,150.68793,41.42542,22.866753
Paper_260.jpg,Paper,D:\Recovered Documents\Moringa\Module 5\Summative2\realwaste\realwaste-main\RealWaste\Paper\Paper_260.jpg,524,524,RGB,1.0,117.8,157.5923,47.531494,16.5
Paper_261.jpg,Paper,D:\Recovered Documents\Moringa\Module 5\Summative2\realwaste\realwaste-main\RealWaste\Paper\Paper_261.jpg,524,524,RGB,1.0,110.6,153.4362,38.78561,21.900608
Paper_262.jpg,Paper,D:\Recovered Documents\Moringa\Module 5\Summative2\realwaste\realwaste-main\RealWaste\Paper\Paper_262.jpg,524,524,RGB,1.0,101.5,158.41985,35.099476,17.437065
Paper_263.jpg,Paper,D:\Recovered Documents\Moringa\Module 5\Summative2\realwaste\realwaste-main\RealWaste\Paper\Paper_263.jpg,524,524,RGB,1.0,115.2,160.96962,30.786924,21.656685
Paper_264.jpg,Paper,D:\Recovered Documents\Moringa\Module 5\Summative2\realwaste\realwaste-main\RealWaste\Paper\Paper_264.jpg,524,524,RGB,1.0,105.3,164.02618,24.594378,6.9791665
Paper_265.jpg,Paper,D:\Recovered Documents\Moringa\Module 5\Summative2\realwaste\realwaste-main\RealWaste\Paper\Paper_265.jpg,524,524,RGB,1.0,99.2,148.40813,38.441307,29.498697
Paper_266.jpg,Paper,D:\Recovered Documents\Moringa\Module 5\Summative2\realwaste\realwaste-main\RealWaste\Paper\Paper_266.jpg,524,524,RGB,1.0,99.2,158.44011,25.19152,11.199653
Paper_267.jpg,Paper,D:\Recovered Documents\Moringa\Module 5\Summative2\realwaste\realwaste-main\RealWaste\Paper\Paper_267.jpg,524,524,RGB,1.0,111.8,156.48625,30.692266,18.526909
Paper_268.jpg,Paper,D:\Recovered Documents\Moringa\Module 5\Summative2\realwaste\realwaste-main\RealWaste\Paper\Paper_268.jpg,524,524,RGB,1.0,111.2,145.0165,63.95163,74.7474
Paper_269.jpg,Paper,D:\Recovered Documents\Moringa\Module 5\Summative2\realwaste\realwaste-main\RealWaste\Paper\Paper_269.jpg,524,524,RGB,1.0,94.6,152.93938,31.828861,14.957465
Paper_27.jpg,Paper,D:\Recovered Documents\Moringa\Module 5\Summative2\realwaste\realwaste-main\RealWaste\Paper\Paper_27.jpg,524,524,RGB,1.0,115.9,152.50665,45.266228,23.347656
Paper_270.jpg,Paper,D:\Recovered Documents\Moringa\Module 5\Summative2\realwaste\realwaste-main\RealWaste\Paper\Paper_270.jpg,524,524,RGB,1.0,98.1,152.93822,32.018803,14.546875
Paper_271.jpg,Paper,D:\Recovered Documents\Moringa\Module 5\Summative2\realwaste\realwaste-main\RealWaste\Paper\Paper_271.jpg,524,524,RGB,1.0,97.5,155.30801,31.902042,10.671007
Paper_272.jpg,Paper,D:\Recovered Documents\Moringa\Module 5\Summative2\realwaste\realwaste-main\RealWaste\Paper\Paper_272.jpg,524,524,RGB,1.0,114.2,152.23756,54.704124,53.24566
Paper_273.jpg,Paper,D:\Recovered Documents\Moringa\Module 5\Summative2\realwaste\realwaste-main\RealWaste\Paper\Paper_273.jpg,524,524,RGB,1.0,106.5,160.68098,54.937626,40.39974
Paper_274.jpg,Paper,D:\Recovered Documents\Moringa\Module 5\Summative2\realwaste\realwaste-main\RealWaste\Paper\Paper_274.jpg,524,524,RGB,1.0,158.7,162.0842,29.018032,13.430555
Paper_275.jpg,Paper,D:\Recovered Documents\Moringa\Module 5\Summative2\realwaste\realwaste-main\RealWaste\Paper\Paper_275.jpg,524,524,RGB,1.0,114.7,154.3235,51.831814,43.657986
Paper_276.jpg,Paper,D:\Recovered Documents\Moringa\Module 5\Summative2\realwaste\realwaste-main\RealWaste\Paper\Paper_276.jpg,524,524,RGB,1.0,115.8,152.12833,56.428616,46.273438
Paper_277.jpg,Paper,D:\Recovered Documents\Moringa\Module 5\Summative2\realwaste\realwaste-main\RealWaste\Paper\Paper_277.jpg,524,524,RGB,1.0,120.1,140.45341,52.330273,57.421005
Paper_278.jpg,Paper,D:\Recovered Documents\Moringa\Module 5\Summative2\realwaste\realwaste-main\RealWaste\Paper\Paper_278.jpg,524,524,RGB,1.0,125.0,146.69489,57.939068,54.304253
Paper_279.jpg,Paper,D:\Recovered Documents\Moringa\Module 5\Summative2\realwaste\realwaste-main\RealWaste\Paper\Paper_279.jpg,524,524,RGB,1.0,123.3,149.61632,30.813095,38.181423
Paper_28.jpg,Paper,D:\Recovered Documents\Moringa\Module 5\Summative2\realwaste\realwaste-main\RealWaste\Paper\Paper_28.jpg,524,524,RGB,1.0,99.6,151.06018,33.2849,38.963108
Paper_280.jpg,Paper,D:\Recovered Documents\Moringa\Module 5\Summative2\realwaste\realwaste-main\RealWaste\Paper\Paper_280.jpg,524,524,RGB,1.0,117.6,145.99652,62.81335,59.92448
Paper_281.jpg,Paper,D:\Recovered Documents\Moringa\Module 5\Summative2\realwaste\realwaste-main\RealWaste\Paper\Paper_281.jpg,524,524,RGB,1.0,135.0,139.69965,63.587856,66.11502
Paper_282.jpg,Paper,D:\Recovered Documents\Moringa\Module 5\Summative2\realwaste\realwaste-main\RealWaste\Paper\Paper_282.jpg,524,524,RGB,1.0,109.2,155.1208,51.220757,47.6888
Paper_283.jpg,Paper,D:\Recovered Documents\Moringa\Module 5\Summative2\realwaste\realwaste-main\RealWaste\Paper\Paper_283.jpg,524,524,RGB,1.0,126.1,151.3802,56.943348,41.757378
Paper_284.jpg,Paper,D:\Recovered Documents\Moringa\Module 5\Summative2\realwaste\realwaste-main\RealWaste\Paper\Paper_284.jpg,524,524,RGB,1.0,111.7,152.11314,55.834743,48.759983
Paper_285.jpg,Paper,D:\Recovered Documents\Moringa\Module 5\Summative2\realwaste\realwaste-main\RealWaste\Paper\Paper_285.jpg,524,524,RGB,1.0,109.9,155.45935,53.96809,42.33941
Paper_286.jpg,Paper,D:\Recovered Documents\Moringa\Module 5\Summative2\realwaste\realwaste-main\RealWaste\Paper\Paper_286.jpg,524,524,RGB,1.0,110.8,151.99551,53.57766,42.37066
Paper_287.jpg,Paper,D:\Recovered Documents\Moringa\Module 5\Summative2\realwaste\realwaste-main\RealWaste\Paper\Paper_287.jpg,524,524,RGB,1.0,125.8,155.88686,44.45958,38.476562
Paper_288.jpg,Paper,D:\Recovered Documents\Moringa\Module 5\Summative2\realwaste\realwaste-main\RealWaste\Paper\Paper_288.jpg,524,524,RGB,1.0,122.8,143.60344,49.590534,73.082466
Paper_289.jpg,Paper,D:\Recovered Documents\Moringa\Module 5\Summative2\realwaste\realwaste-main\RealWaste\Paper\Paper_289.jpg,524,524,RGB,1.0,90.3,148.31453,31.87226,64.479164
Paper_29.jpg,Paper,D:\Recovered Documents\Moringa\Module 5\Summative2\realwaste\realwaste-main\RealWaste\Paper\Paper_29.jpg,524,524,RGB,1.0,104.0,160.33522,30.79598,37.83073
Paper_290.jpg,Paper,D:\Recovered Documents\Moringa\Module 5\Summative2\realwaste\realwaste-main\RealWaste\Paper\Paper_290.jpg,524,524,RGB,1.0,112.3,139.09288,67.75152,44.288628
Paper_291.jpg,Paper,D:\Recovered Documents\Moringa\Module 5\Summative2\realwaste\realwaste-main\RealWaste\Paper\Paper_291.jpg,524,524,RGB,1.0,116.2,146.88136,39.288567,33.82769
Paper_292.jpg,Paper,D:\Recovered Documents\Moringa\Module 5\Summative2\realwaste\realwaste-main\RealWaste\Paper\Paper_292.jpg,524,524,RGB,1.0,113.6,160.7636,36.59013,12.9192705
Paper_293.jpg,Paper,D:\Recovered Documents\Moringa\Module 5\Summative2\realwaste\realwaste-main\RealWaste\Paper\Paper_293.jpg,524,524,RGB,1.0,107.2,146.60143,44.864685,23.581596
Paper_294.jpg,Paper,D:\Recovered Documents\Moringa\Module 5\Summative2\realwaste\realwaste-main\RealWaste\Paper\Paper_294.jpg,524,524,RGB,1.0,103.1,141.65639,46.632362,24.10894
Paper_295.jpg,Paper,D:\Recovered Documents\Moringa\Module 5\Summative2\realwaste\realwaste-main\RealWaste\Paper\Paper_295.jpg,524,524,RGB,1.0,114.3,149.43967,36.991123,24.293837
Paper_296.jpg,Paper,D:\Recovered Documents\Moringa\Module 5\Summative2\realwaste\realwaste-main\RealWaste\Paper\Paper_296.jpg,524,524,RGB,1.0,117.2,151.51837,34.92757,36.197918
Paper_297.jpg,Paper,D:\Recovered Documents\Moringa\Module 5\Summative2\realwaste\realwaste-main\RealWaste\Paper\Paper_297.jpg,524,524,RGB,1.0,167.8,146.10706,36.623302,73.11719
Paper_298.jpg,Paper,D:\Recovered Documents\Moringa\Module 5\Summative2\realwaste\realwaste-main\RealWaste\Paper\Paper_298.jpg,524,524,RGB,1.0,95.8,139.296,43.97007,46.315536
Paper_299.jpg,Paper,D:\Recovered Documents\Moringa\Module 5\Summative2\realwaste\realwaste-main\RealWaste\Paper\Paper_299.jpg,524,524,RGB,1.0,103.5,159.20428,27.646017,11.7682295
Paper_3.jpg,Paper,D:\Recovered Documents\Moringa\Module 5\Summative2\realwaste\realwaste-main\RealWaste\Paper\Paper_3.jpg,524,524,RGB,1.0,107.2,143.43938,31.154442,37.883247
Paper_30.jpg,Paper,D:\Recovered Documents\Moringa\Module 5\Summative2\realwaste\realwaste-main\RealWaste\Paper\Paper_30.jpg,524,524,RGB,1.0,120.9,167.61125,43.040215,24.241753
Paper_300.jpg,Paper,D:\Recovered Documents\Moringa\Module 5\Summative2\realwaste\realwaste-main\RealWaste\Paper\Paper_300.jpg,524,524,RGB,1.0,101.0,141.51663,38.77598,26.999565
Paper_301.jpg,Paper,D:\Recovered Documents\Moringa\Module 5\Summative2\realwaste\realwaste-main\RealWaste\Paper\Paper_301.jpg,524,524,RGB,1.0,112.7,146.06279,62.62756,69.443146
Paper_302.jpg,Paper,D:\Recovered Documents\Moringa\Module 5\Summative2\realwaste\realwaste-main\RealWaste\Paper\Paper_302.jpg,524,524,RGB,1.0,110.1,150.66652,30.283575,17.32118
Paper_303.jpg,Paper,D:\Recovered Documents\Moringa\Module 5\Summative2\realwaste\realwaste-main\RealWaste\Paper\Paper_303.jpg,524,524,RGB,1.0,107.1,143.47498,38.11952,19.154947
Paper_304.jpg,Paper,D:\Recovered Documents\Moringa\Module 5\Summative2\realwaste\realwaste-main\RealWaste\Paper\Paper_304.jpg,524,524,RGB,1.0,116.2,154.44127,49.122253,21.425346
Paper_305.jpg,Paper,D:\Recovered Documents\Moringa\Module 5\Summative2\realwaste\realwaste-main\RealWaste\Paper\Paper_305.jpg,524,524,RGB,1.0,134.3,150.25853,58.078083,37.531685
Paper_306.jpg,Paper,D:\Recovered Documents\Moringa\Module 5\Summative2\realwaste\realwaste-main\RealWaste\Paper\Paper_306.jpg,524,524,RGB,1.0,109.0,169.51736,54.65671,11.732204
Paper_307.jpg,Paper,D:\Recovered Documents\Moringa\Module 5\Summative2\realwaste\realwaste-main\RealWaste\Paper\Paper_307.jpg,524,524,RGB,1.0,177.7,161.95255,34.335712,23.113716
Paper_308.jpg,Paper,D:\Recovered Documents\Moringa\Module 5\Summative2\realwaste\realwaste-main\RealWaste\Paper\Paper_308.jpg,524,524,RGB,1.0,163.4,161.41971,25.985489,24.488716
Paper_309.jpg,Paper,D:\Recovered Documents\Moringa\Module 5\Summative2\realwaste\realwaste-main\RealWaste\Paper\Paper_309.jpg,524,524,RGB,1.0,113.2,144.82364,52.122498,35.85894
Paper_31.jpg,Paper,D:\Recovered Documents\Moringa\Module 5\Summative2\realwaste\realwaste-main\RealWaste\Paper\Paper_31.jpg,524,524,RGB,1.0,151.4,146.39034,51.908127,29.165798
Paper_310.jpg,Paper,D:\Recovered Documents\Moringa\Module 5\Summative2\realwaste\realwaste-main\RealWaste\Paper\Paper_310.jpg,524,524,RGB,1.0,116.3,153.2694,43.918835,27.558594
Paper_311.jpg,Paper,D:\Recovered Documents\Moringa\Module 5\Summative2\realwaste\realwaste-main\RealWaste\Paper\Paper_311.jpg,524,524,RGB,1.0,146.0,147.79384,40.955902,38.740017
Paper_312.jpg,Paper,D:\Recovered Documents\Moringa\Module 5\Summative2\realwaste\realwaste-main\RealWaste\Paper\Paper_312.jpg,524,524,RGB,1.0,112.9,163.3821,25.862103,12.157986
Paper_313.jpg,Paper,D:\Recovered Documents\Moringa\Module 5\Summative2\realwaste\realwaste-main\RealWaste\Paper\Paper_313.jpg,524,524,RGB,1.0,136.9,143.8669,43.847862,38.525173
Paper_314.jpg,Paper,D:\Recovered Documents\Moringa\Module 5\Summative2\realwaste\realwaste-main\RealWaste\Paper\Paper_314.jpg,524,524,RGB,1.0,135.1,147.7989,65.29388,19.165365
Paper_315.jpg,Paper,D:\Recovered Documents\Moringa\Module 5\Summative2\realwaste\realwaste-main\RealWaste\Paper\Paper_315.jpg,524,524,RGB,1.0,142.0,146.57799,64.6601,27.03993
Paper_316.jpg,Paper,D:\Recovered Documents\Moringa\Module 5\Summative2\realwaste\realwaste-main\RealWaste\Paper\Paper_316.jpg,524,524,RGB,1.0,138.6,135.22556,48.064686,43.026043
Paper_317.jpg,Paper,D:\Recovered Documents\Moringa\Module 5\Summative2\realwaste\realwaste-main\RealWaste\Paper\Paper_317.jpg,524,524,RGB,1.0,113.6,151.4806,34.1338,31.743923
Paper_318.jpg,Paper,D:\Recovered Documents\Moringa\Module 5\Summative2\realwaste\realwaste-main\RealWaste\Paper\Paper_318.jpg,524,524,RGB,1.0,108.4,152.0489,33.54037,24.76606
Paper_319.jpg,Paper,D:\Recovered Documents\Moringa\Module 5\Summative2\realwaste\realwaste-main\RealWaste\Paper\Paper_319.jpg,524,524,RGB,1.0,135.4,146.1713,38.865826,31.535591
Paper_32.jpg,Paper,D:\Recovered Documents\Moringa\Module 5\Summative2\realwaste\realwaste-main\RealWaste\Paper\Paper_32.jpg,524,524,RGB,1.0,147.1,147.99422,49.92431,47.699654
Paper_320.jpg,Paper,D:\Recovered Documents\Moringa\Module 5\Summative2\realwaste\realwaste-main\RealWaste\Paper\Paper_320.jpg,524,524,RGB,1.0,99.7,155.15031,36.87292,26.990885
Paper_321.jpg,Paper,D:\Recovered Documents\Moringa\Module 5\Summative2\realwaste\realwaste-main\RealWaste\Paper\Paper_321.jpg,524,524,RGB,1.0,146.2,147.51143,45.165974,43.51259
Paper_322.jpg,Paper,D:\Recovered Documents\Moringa\Module 5\Summative2\realwaste\realwaste-main\RealWaste\Paper\Paper_322.jpg,524,524,RGB,1.0,156.6,148.39049,43.142597,55.55816
Paper_323.jpg,Paper,D:\Recovered Documents\Moringa\Module 5\Summative2\realwaste\realwaste-main\RealWaste\Paper\Paper_323.jpg,524,524,RGB,1.0,119.1,156.76302,20.135393,31.855034
Paper_324.jpg,Paper,D:\Recovered Documents\Moringa\Module 5\Summative2\realwaste\realwaste-main\RealWaste\Paper\Paper_324.jpg,524,524,RGB,1.0,105.6,164.6509,45.12636,20.209635
Paper_325.jpg,Paper,D:\Recovered Documents\Moringa\Module 5\Summative2\realwaste\realwaste-main\RealWaste\Paper\Paper_325.jpg,524,524,RGB,1.0,142.0,157.17043,58.905766,60.196182
Paper_326.jpg,Paper,D:\Recovered Documents\Moringa\Module 5\Summative2\realwaste\realwaste-main\RealWaste\Paper\Paper_326.jpg,524,524,RGB,1.0,97.4,143.22975,45.268517,51.315536
Paper_327.jpg,Paper,D:\Recovered Documents\Moringa\Module 5\Summative2\realwaste\realwaste-main\RealWaste\Paper\Paper_327.jpg,524,524,RGB,1.0,97.5,164.72975,38.795643,18.063803
Paper_328.jpg,Paper,D:\Recovered Documents\Moringa\Module 5\Summative2\realwaste\realwaste-main\RealWaste\Paper\Paper_328.jpg,524,524,RGB,1.0,152.6,154.88252,54.223846,28.111546
Paper_329.jpg,Paper,D:\Recovered Documents\Moringa\Module 5\Summative2\realwaste\realwaste-main\RealWaste\Paper\Paper_329.jpg,524,524,RGB,1.0,118.5,145.01085,54.177956,27.306858
Paper_33.jpg,Paper,D:\Recovered Documents\Moringa\Module 5\Summative2\realwaste\realwaste-main\RealWaste\Paper\Paper_33.jpg,524,524,RGB,1.0,106.8,157.32567,30.15584,26.209635
Paper_330.jpg,Paper,D:\Recovered Documents\Moringa\Module 5\Summative2\realwaste\realwaste-main\RealWaste\Paper\Paper_330.jpg,524,524,RGB,1.0,101.8,148.284,36.20291,27.613281
Paper_331.jpg,Paper,D:\Recovered Documents\Moringa\Module 5\Summative2\realwaste\realwaste-main\RealWaste\Paper\Paper_331.jpg,524,524,RGB,1.0,121.6,155.63078,46.75174,25.235678
Paper_332.jpg,Paper,D:\Recovered Documents\Moringa\Module 5\Summative2\realwaste\realwaste-main\RealWaste\Paper\Paper_332.jpg,524,524,RGB,1.0,115.3,158.2746,39.825043,21.255209
Paper_333.jpg,Paper,D:\Recovered Documents\Moringa\Module 5\Summative2\realwaste\realwaste-main\RealWaste\Paper\Paper_333.jpg,524,524,RGB,1.0,147.7,152.79991,43.572094,36.0217
Paper_334.jpg,Paper,D:\Recovered Documents\Moringa\Module 5\Summative2\realwaste\realwaste-main\RealWaste\Paper\Paper_334.jpg,524,524,RGB,1.0,131.1,156.44518,43.196285,33.730904
Paper_335.jpg,Paper,D:\Recovered Documents\Moringa\Module 5\Summative2\realwaste\realwaste-main\RealWaste\Paper\Paper_335.jpg,524,524,RGB,1.0,111.4,162.23857,23.009106,11.970921
Paper_336.jpg,Paper,D:\Recovered Documents\Moringa\Module 5\Summative2\realwaste\realwaste-main\RealWaste\Paper\Paper_336.jpg,524,524,RGB,1.0,142.1,151.16623,50.172043,39.15755
Paper_337.jpg,Paper,D:\Recovered Documents\Moringa\Module 5\Summative2\realwaste\realwaste-main\RealWaste\Paper\Paper_337.jpg,524,524,RGB,1.0,125.5,152.26476,54.128082,29.887587
Paper_338.jpg,Paper,D:\Recovered Documents\Moringa\Module 5\Summative2\realwaste\realwaste-main\RealWaste\Paper\Paper_338.jpg,524,524,RGB,1.0,151.5,170.49652,42.804516,34.854168
Paper_339.jpg,Paper,D:\Recovered Documents\Moringa\Module 5\Summative2\realwaste\realwaste-main\RealWaste\Paper\Paper_339.jpg,524,524,RGB,1.0,152.2,155.22223,45.53966,38.495224
Paper_34.jpg,Paper,D:\Recovered Documents\Moringa\Module 5\Summative2\realwaste\realwaste-main\RealWaste\Paper\Paper_34.jpg,524,524,RGB,1.0,130.4,145.09607,55.917522,59.614582
Paper_340.jpg,Paper,D:\Recovered Documents\Moringa\Module 5\Summative2\realwaste\realwaste-main\RealWaste\Paper\Paper_340.jpg,524,524,RGB,1.0,109.1,145.59114,42.700546,32.43967
Paper_341.jpg,Paper,D:\Recovered Documents\Moringa\Module 5\Summative2\realwaste\realwaste-main\RealWaste\Paper\Paper_341.jpg,524,524,RGB,1.0,146.7,134.53067,43.810852,48.727432
Paper_342.jpg,Paper,D:\Recovered Documents\Moringa\Module 5\Summative2\realwaste\realwaste-main\RealWaste\Paper\Paper_342.jpg,524,524,RGB,1.0,106.0,144.7445,40.489475,40.75087
Paper_343.jpg,Paper,D:\Recovered Documents\Moringa\Module 5\Summative2\realwaste\realwaste-main\RealWaste\Paper\Paper_343.jpg,524,524,RGB,1.0,142.0,146.6098,47.734344,52.3546
Paper_344.jpg,Paper,D:\Recovered Documents\Moringa\Module 5\Summative2\realwaste\realwaste-main\RealWaste\Paper\Paper_344.jpg,524,524,RGB,1.0,92.5,159.67058,36.786804,41.65755
Paper_345.jpg,Paper,D:\Recovered Documents\Moringa\Module 5\Summative2\realwaste\realwaste-main\RealWaste\Paper\Paper_345.jpg,524,524,RGB,1.0,170.2,157.4511,34.1967,30.773003
Paper_346.jpg,Paper,D:\Recovered Documents\Moringa\Module 5\Summative2\realwaste\realwaste-main\RealWaste\Paper\Paper_346.jpg,524,524,RGB,1.0,111.3,148.43156,29.795677,41.37934
Paper_347.jpg,Paper,D:\Recovered Documents\Moringa\Module 5\Summative2\realwaste\realwaste-main\RealWaste\Paper\Paper_347.jpg,524,524,RGB,1.0,179.8,152.8015,33.555275,47.679253
Paper_348.jpg,Paper,D:\Recovered Documents\Moringa\Module 5\Summative2\realwaste\realwaste-main\RealWaste\Paper\Paper_348.jpg,524,524,RGB,1.0,162.1,153.24768,37.918232,26.02474
Paper_349.jpg,Paper,D:\Recovered Documents\Moringa\Module 5\Summative2\realwaste\realwaste-main\RealWaste\Paper\Paper_349.jpg,524,524,RGB,1.0,157.1,151.66002,37.34506,24.306423
Paper_35.jpg,Paper,D:\Recovered Documents\Moringa\Module 5\Summative2\realwaste\realwaste-main\RealWaste\Paper\Paper_35.jpg,524,524,RGB,1.0,124.2,150.48727,45.199203,27.399305
Paper_350.jpg,Paper,D:\Recovered Documents\Moringa\Module 5\Summative2\realwaste\realwaste-main\RealWaste\Paper\Paper_350.jpg,524,524,RGB,1.0,130.5,129.66449,46.129932,59.319443
Paper_351.jpg,Paper,D:\Recovered Documents\Moringa\Module 5\Summative2\realwaste\realwaste-main\RealWaste\Paper\Paper_351.jpg,524,524,RGB,1.0,130.6,137.1088,38.62924,51.39236
Paper_352.jpg,Paper,D:\Recovered Documents\Moringa\Module 5\Summative2\realwaste\realwaste-main\RealWaste\Paper\Paper_352.jpg,524,524,RGB,1.0,125.8,146.17578,39.27449,61.003036
Paper_353.jpg,Paper,D:\Recovered Documents\Moringa\Module 5\Summative2\realwaste\realwaste-main\RealWaste\Paper\Paper_353.jpg,524,524,RGB,1.0,123.9,148.61719,42.553852,59.102432
Paper_354.jpg,Paper,D:\Recovered Documents\Moringa\Module 5\Summative2\realwaste\realwaste-main\RealWaste\Paper\Paper_354.jpg,524,524,RGB,1.0,148.9,148.30556,36.418167,31.845053
Paper_355.jpg,Paper,D:\Recovered Documents\Moringa\Module 5\Summative2\realwaste\realwaste-main\RealWaste\Paper\Paper_355.jpg,524,524,RGB,1.0,143.6,137.83739,36.548225,34.197483
Paper_356.jpg,Paper,D:\Recovered Documents\Moringa\Module 5\Summative2\realwaste\realwaste-main\RealWaste\Paper\Paper_356.jpg,524,524,RGB,1.0,117.4,139.4767,37.299976,62.101997
Paper_357.jpg,Paper,D:\Recovered Documents\Moringa\Module 5\Summative2\realwaste\realwaste-main\RealWaste\Paper\Paper_357.jpg,524,524,RGB,1.0,105.0,155.89525,36.514965,32.043404
Paper_358.jpg,Paper,D:\Recovered Documents\Moringa\Module 5\Summative2\realwaste\realwaste-main\RealWaste\Paper\Paper_358.jpg,524,524,RGB,1.0,138.4,138.17926,42.361343,57.535156
Paper_359.jpg,Paper,D:\Recovered Documents\Moringa\Module 5\Summative2\realwaste\realwaste-main\RealWaste\Paper\Paper_359.jpg,524,524,RGB,1.0,132.6,133.98958,41.635918,66.96962
Paper_36.jpg,Paper,D:\Recovered Documents\Moringa\Module 5\Summative2\realwaste\realwaste-main\RealWaste\Paper\Paper_36.jpg,524,524,RGB,1.0,134.1,151.0871,66.51498,45.026474
Paper_360.jpg,Paper,D:\Recovered Documents\Moringa\Module 5\Summative2\realwaste\realwaste-main\RealWaste\Paper\Paper_360.jpg,524,524,RGB,1.0,143.9,139.86935,35.79167,35.222656
Paper_361.jpg,Paper,D:\Recovered Documents\Moringa\Module 5\Summative2\realwaste\realwaste-main\RealWaste\Paper\Paper_361.jpg,524,524,RGB,1.0,143.9,160.06844,37.4741,27.68967
Paper_362.jpg,Paper,D:\Recovered Documents\Moringa\Module 5\Summative2\realwaste\realwaste-main\RealWaste\Paper\Paper_362.jpg,524,524,RGB,1.0,141.1,162.78748,36.67272,26.988716
Paper_363.jpg,Paper,D:\Recovered Documents\Moringa\Module 5\Summative2\realwaste\realwaste-main\RealWaste\Paper\Paper_363.jpg,524,524,RGB,1.0,148.9,165.67781,35.713238,21.304253
Paper_364.jpg,Paper,D:\Recovered Documents\Moringa\Module 5\Summative2\realwaste\realwaste-main\RealWaste\Paper\Paper_364.jpg,524,524,RGB,1.0,155.4,163.15784,30.754293,23.769531
Paper_365.jpg,Paper,D:\Recovered Documents\Moringa\Module 5\Summative2\realwaste\realwaste-main\RealWaste\Paper\Paper_365.jpg,524,524,RGB,1.0,148.3,137.24103,38.196274,96.857635
Paper_366.jpg,Paper,D:\Recovered Documents\Moringa\Module 5\Summative2\realwaste\realwaste-main\RealWaste\Paper\Paper_366.jpg,524,524,RGB,1.0,153.6,159.63268,32.551315,25.942709
Paper_367.jpg,Paper,D:\Recovered Documents\Moringa\Module 5\Summative2\realwaste\realwaste-main\RealWaste\Paper\Paper_367.jpg,524,524,RGB,1.0,157.2,141.59389,37.389923,98.583336
Paper_368.jpg,Paper,D:\Recovered Documents\Moringa\Module 5\Summative2\realwaste\realwaste-main\RealWaste\Paper\Paper_368.jpg,524,524,RGB,1.0,136.8,159.31438,34.53927,35.157986
Paper_369.jpg,Paper,D:\Recovered Documents\Moringa\Module 5\Summative2\realwaste\realwaste-main\RealWaste\Paper\Paper_369.jpg,524,524,RGB,1.0,139.4,160.31004,34.513878,24.398003
Paper_37.jpg,Paper,D:\Recovered Documents\Moringa\Module 5\Summative2\realwaste\realwaste-main\RealWaste\Paper\Paper_37.jpg,524,524,RGB,1.0,111.9,150.22424,30.724041,37.216145
Paper_370.jpg,Paper,D:\Recovered Documents\Moringa\Module 5\Summative2\realwaste\realwaste-main\RealWaste\Paper\Paper_370.jpg,524,524,RGB,1.0,141.8,156.1483,29.931406,23.435764
Paper_371.jpg,Paper,D:\Recovered Documents\Moringa\Module 5\Summative2\realwaste\realwaste-main\RealWaste\Paper\Paper_371.jpg,524,524,RGB,1.0,150.6,156.53674,29.498953,22.467882
Paper_372.jpg,Paper,D:\Recovered Documents\Moringa\Module 5\Summative2\realwaste\realwaste-main\RealWaste\Paper\Paper_372.jpg,524,524,RGB,1.0,140.9,161.2652,33.37025,24.365017
Paper_373.jpg,Paper,D:\Recovered Documents\Moringa\Module 5\Summative2\realwaste\realwaste-main\RealWaste\Paper\Paper_373.jpg,524,524,RGB,1.0,154.8,165.38382,35.273724,24.019966
Paper_374.jpg,Paper,D:\Recovered Documents\Moringa\Module 5\Summative2\realwaste\realwaste-main\RealWaste\Paper\Paper_374.jpg,524,524,RGB,1.0,185.8,142.69241,54.386692,80.06033
Paper_375.jpg,Paper,D:\Recovered Documents\Moringa\Module 5\Summative2\realwaste\realwaste-main\RealWaste\Paper\Paper_375.jpg,524,524,RGB,1.0,133.7,167.02835,35.797256,20.86415
Paper_376.jpg,Paper,D:\Recovered Documents\Moringa\Module 5\Summative2\realwaste\realwaste-main\RealWaste\Paper\Paper_376.jpg,524,524,RGB,1.0,157.1,166.78877,34.66596,13.502171
Paper_377.jpg,Paper,D:\Recovered Documents\Moringa\Module 5\Summative2\realwaste\realwaste-main\RealWaste\Paper\Paper_377.jpg,524,524,RGB,1.0,196.6,158.17087,17.134533,16.559462
Paper_378.jpg,Paper,D:\Recovered Documents\Moringa\Module 5\Summative2\realwaste\realwaste-main\RealWaste\Paper\Paper_378.jpg,524,524,RGB,1.0,185.4,163.41826,30.303112,12.108073
Paper_379.jpg,Paper,D:\Recovered Documents\Moringa\Module 5\Summative2\realwaste\realwaste-main\RealWaste\Paper\Paper_379.jpg,524,524,RGB,1.0,127.6,158.24783,31.494604,29.661892
Paper_38.jpg,Paper,D:\Recovered Documents\Moringa\Module 5\Summative2\realwaste\realwaste-main\RealWaste\Paper\Paper_38.jpg,524,524,RGB,1.0,132.4,155.05556,32.643856,24.333334
Paper_380.jpg,Paper,D:\Recovered Documents\Moringa\Module 5\Summative2\realwaste\realwaste-main\RealWaste\Paper\Paper_380.jpg,524,524,RGB,1.0,182.4,165.79817,23.75584,10.773004
Paper_381.jpg,Paper,D:\Recovered Documents\Moringa\Module 5\Summative2\realwaste\realwaste-main\RealWaste\Paper\Paper_381.jpg,524,524,RGB,1.0,191.0,161.38007,27.92646,17.071615
Paper_382.jpg,Paper,D:\Recovered Documents\Moringa\Module 5\Summative2\realwaste\realwaste-main\RealWaste\Paper\Paper_382.jpg,524,524,RGB,1.0,185.1,159.57018,28.385675,24.78776
Paper_383.jpg,Paper,D:\Recovered Documents\Moringa\Module 5\Summative2\realwaste\realwaste-main\RealWaste\Paper\Paper_383.jpg,524,524,RGB,1.0,168.3,165.4281,35.162045,21.606337
Paper_384.jpg,Paper,D:\Recovered Documents\Moringa\Module 5\Summative2\realwaste\realwaste-main\RealWaste\Paper\Paper_384.jpg,524,524,RGB,1.0,155.4,165.7215,36.000168,22.043404
Paper_385.jpg,Paper,D:\Recovered Documents\Moringa\Module 5\Summative2\realwaste\realwaste-main\RealWaste\Paper\Paper_385.jpg,524,524,RGB,1.0,163.1,143.38324,38.64598,55.96745
Paper_386.jpg,Paper,D:\Recovered Documents\Moringa\Module 5\Summative2\realwaste\realwaste-main\RealWaste\Paper\Paper_386.jpg,524,524,RGB,1.0,186.6,165.84808,18.342344,17.911459
Paper_387.jpg,Paper,D:\Recovered Documents\Moringa\Module 5\Summative2\realwaste\realwaste-main\RealWaste\Paper\Paper_387.jpg,524,524,RGB,1.0,181.9,159.44821,24.748466,33.791233
Paper_388.jpg,Paper,D:\Recovered Documents\Moringa\Module 5\Summative2\realwaste\realwaste-main\RealWaste\Paper\Paper_388.jpg,524,524,RGB,1.0,184.9,137.21803,39.91433,58.09462
Paper_389.jpg,Paper,D:\Recovered Documents\Moringa\Module 5\Summative2\realwaste\realwaste-main\RealWaste\Paper\Paper_389.jpg,524,524,RGB,1.0,195.4,158.30743,23.338955,33.975693
Paper_39.jpg,Paper,D:\Recovered Documents\Moringa\Module 5\Summative2\realwaste\realwaste-main\RealWaste\Paper\Paper_39.jpg,524,524,RGB,1.0,121.2,152.86502,28.764849,38.087673
Paper_390.jpg,Paper,D:\Recovered Documents\Moringa\Module 5\Summative2\realwaste\realwaste-main\RealWaste\Paper\Paper_390.jpg,524,524,RGB,1.0,115.0,162.02705,28.705994,24.376303
Paper_391.jpg,Paper,D:\Recovered Documents\Moringa\Module 5\Summative2\realwaste\realwaste-main\RealWaste\Paper\Paper_391.jpg,524,524,RGB,1.0,196.5,161.37848,27.337969,36.431423
Paper_392.jpg,Paper,D:\Recovered Documents\Moringa\Module 5\Summative2\realwaste\realwaste-main\RealWaste\Paper\Paper_392.jpg,524,524,RGB,1.0,139.8,162.15277,35.2928,24.67361
Paper_393.jpg,Paper,D:\Recovered Documents\Moringa\Module 5\Summative2\realwaste\realwaste-main\RealWaste\Paper\Paper_393.jpg,524,524,RGB,1.0,184.7,135.7335,44.804356,84.80643
Paper_394.jpg,Paper,D:\Recovered Documents\Moringa\Module 5\Summative2\realwaste\realwaste-main\RealWaste\Paper\Paper_394.jpg,524,524,RGB,1.0,157.8,152.0638,47.123688,76.10287
Paper_395.jpg,Paper,D:\Recovered Documents\Moringa\Module 5\Summative2\realwaste\realwaste-main\RealWaste\Paper\Paper_395.jpg,524,524,RGB,1.0,165.2,162.18156,36.12397,29.694445
Paper_396.jpg,Paper,D:\Recovered Documents\Moringa\Module 5\Summative2\realwaste\realwaste-main\RealWaste\Paper\Paper_396.jpg,524,524,RGB,1.0,160.0,166.86067,34.658604,21.261284
Paper_397.jpg,Paper,D:\Recovered Documents\Moringa\Module 5\Summative2\realwaste\realwaste-main\RealWaste\Paper\Paper_397.jpg,524,524,RGB,1.0,179.5,136.78096,38.693333,62.8125
Paper_398.jpg,Paper,D:\Recovered Documents\Moringa\Module 5\Summative2\realwaste\realwaste-main\RealWaste\Paper\Paper_398.jpg,524,524,RGB,1.0,147.9,158.15306,30.08781,24.941841
Paper_399.jpg,Paper,D:\Recovered Documents\Moringa\Module 5\Summative2\realwaste\realwaste-main\RealWaste\Paper\Paper_399.jpg,524,524,RGB,1.0,150.1,157.23785,27.895487,24.766928
Paper_4.jpg,Paper,D:\Recovered Documents\Moringa\Module 5\Summative2\realwaste\realwaste-main\RealWaste\Paper\Paper_4.jpg,524,524,RGB,1.0,91.0,140.9077,41.559757,42.93099
Paper_40.jpg,Paper,D:\Recovered Documents\Moringa\Module 5\Summative2\realwaste\realwaste-main\RealWaste\Paper\Paper_40.jpg,524,524,RGB,1.0,133.7,157.58102,43.20845,35.882812
Paper_400.jpg,Paper,D:\Recovered Documents\Moringa\Module 5\Summative2\realwaste\realwaste-main\RealWaste\Paper\Paper_400.jpg,524,524,RGB,1.0,167.9,159.07784,26.303738,25.891928
Paper_401.jpg,Paper,D:\Recovered Documents\Moringa\Module 5\Summative2\realwaste\realwaste-main\RealWaste\Paper\Paper_401.jpg,524,524,RGB,1.0,86.2,155.17506,38.509544,32.101128
Paper_402.jpg,Paper,D:\Recovered Documents\Moringa\Module 5\Summative2\realwaste\realwaste-main\RealWaste\Paper\Paper_402.jpg,524,524,RGB,1.0,168.0,159.34808,25.545406,25.334635
Paper_403.jpg,Paper,D:\Recovered Documents\Moringa\Module 5\Summative2\realwaste\realwaste-main\RealWaste\Paper\Paper_403.jpg,524,524,RGB,1.0,167.4,171.15031,38.754,31.477865
Paper_404.jpg,Paper,D:\Recovered Documents\Moringa\Module 5\Summative2\realwaste\realwaste-main\RealWaste\Paper\Paper_404.jpg,524,524,RGB,1.0,174.4,170.74667,38.063793,27.878906
Paper_405.jpg,Paper,D:\Recovered Documents\Moringa\Module 5\Summative2\realwaste\realwaste-main\RealWaste\Paper\Paper_405.jpg,524,524,RGB,1.0,176.4,162.24277,45.09464,37.460503
Paper_406.jpg,Paper,D:\Recovered Documents\Moringa\Module 5\Summative2\realwaste\realwaste-main\RealWaste\Paper\Paper_406.jpg,524,524,RGB,1.0,170.2,163.92448,41.408257,42.20356
Paper_407.jpg,Paper,D:\Recovered Documents\Moringa\Module 5\Summative2\realwaste\realwaste-main\RealWaste\Paper\Paper_407.jpg,524,524,RGB,1.0,196.1,137.4142,36.613518,65.00825
Paper_408.jpg,Paper,D:\Recovered Documents\Moringa\Module 5\Summative2\realwaste\realwaste-main\RealWaste\Paper\Paper_408.jpg,524,524,RGB,1.0,206.1,136.62529,33.759453,58.246094
Paper_409.jpg,Paper,D:\Recovered Documents\Moringa\Module 5\Summative2\realwaste\realwaste-main\RealWaste\Paper\Paper_409.jpg,524,524,RGB,1.0,153.4,141.95183,43.219128,55.751736
Paper_41.jpg,Paper,D:\Recovered Documents\Moringa\Module 5\Summative2\realwaste\realwaste-main\RealWaste\Paper\Paper_41.jpg,524,524,RGB,1.0,112.9,155.80455,29.558565,38.74653
Paper_410.jpg,Paper,D:\Recovered Documents\Moringa\Module 5\Summative2\realwaste\realwaste-main\RealWaste\Paper\Paper_410.jpg,524,524,RGB,1.0,157.0,143.99768,38.132774,49.01302
Paper_411.jpg,Paper,D:\Recovered Documents\Moringa\Module 5\Summative2\realwaste\realwaste-main\RealWaste\Paper\Paper_411.jpg,524,524,RGB,1.0,168.8,150.89005,32.44206,32.331596
Paper_412.jpg,Paper,D:\Recovered Documents\Moringa\Module 5\Summative2\realwaste\realwaste-main\RealWaste\Paper\Paper_412.jpg,524,524,RGB,1.0,119.8,161.60417,22.918898,25.263454
Paper_413.jpg,Paper,D:\Recovered Documents\Moringa\Module 5\Summative2\realwaste\realwaste-main\RealWaste\Paper\Paper_413.jpg,524,524,RGB,1.0,178.8,149.43866,37.066574,40.053818
Paper_414.jpg,Paper,D:\Recovered Documents\Moringa\Module 5\Summative2\realwaste\realwaste-main\RealWaste\Paper\Paper_414.jpg,524,524,RGB,1.0,151.8,136.33826,39.98194,44.490017
Paper_415.jpg,Paper,D:\Recovered Documents\Moringa\Module 5\Summative2\realwaste\realwaste-main\RealWaste\Paper\Paper_415.jpg,524,524,RGB,1.0,165.7,152.33652,35.182125,41.713108
Paper_416.jpg,Paper,D:\Recovered Documents\Moringa\Module 5\Summative2\realwaste\realwaste-main\RealWaste\Paper\Paper_416.jpg,524,524,RGB,1.0,159.1,144.80989,31.653656,43.09722
Paper_417.jpg,Paper,D:\Recovered Documents\Moringa\Module 5\Summative2\realwaste\realwaste-main\RealWaste\Paper\Paper_417.jpg,524,524,RGB,1.0,170.8,147.79398,35.22313,47.544704
Paper_418.jpg,Paper,D:\Recovered Documents\Moringa\Module 5\Summative2\realwaste\realwaste-main\RealWaste\Paper\Paper_418.jpg,524,524,RGB,1.0,180.5,147.04803,41.62546,46.781685
Paper_419.jpg,Paper,D:\Recovered Documents\Moringa\Module 5\Summative2\realwaste\realwaste-main\RealWaste\Paper\Paper_419.jpg,524,524,RGB,1.0,183.3,144.59288,41.6071,45.723957
Paper_42.jpg,Paper,D:\Recovered Documents\Moringa\Module 5\Summative2\realwaste\realwaste-main\RealWaste\Paper\Paper_42.jpg,524,524,RGB,1.0,129.4,151.36531,41.02731,31.931858
Paper_420.jpg,Paper,D:\Recovered Documents\Moringa\Module 5\Summative2\realwaste\realwaste-main\RealWaste\Paper\Paper_420.jpg,524,524,RGB,1.0,182.1,147.40393,38.8152,42.524307
Paper_421.jpg,Paper,D:\Recovered Documents\Moringa\Module 5\Summative2\realwaste\realwaste-main\RealWaste\Paper\Paper_421.jpg,524,524,RGB,1.0,174.8,145.06308,38.862022,37.2513
Paper_422.jpg,Paper,D:\Recovered Documents\Moringa\Module 5\Summative2\realwaste\realwaste-main\RealWaste\Paper\Paper_422.jpg,524,524,RGB,1.0,173.2,163.8491,25.928223,40.390625
Paper_423.jpg,Paper,D:\Recovered Documents\Moringa\Module 5\Summative2\realwaste\realwaste-main\RealWaste\Paper\Paper_423.jpg,524,524,RGB,1.0,100.2,143.78761,37.17768,44.92795
Paper_424.jpg,Paper,D:\Recovered Documents\Moringa\Module 5\Summative2\realwaste\realwaste-main\RealWaste\Paper\Paper_424.jpg,524,524,RGB,1.0,199.5,148.29254,44.921017,50.740017
Paper_425.jpg,Paper,D:\Recovered Documents\Moringa\Module 5\Summative2\realwaste\realwaste-main\RealWaste\Paper\Paper_425.jpg,524,524,RGB,1.0,199.6,150.69502,37.44132,45.687065
Paper_426.jpg,Paper,D:\Recovered Documents\Moringa\Module 5\Summative2\realwaste\realwaste-main\RealWaste\Paper\Paper_426.jpg,524,524,RGB,1.0,82.1,153.34187,25.56538,42.950954
Paper_427.jpg,Paper,D:\Recovered Documents\Moringa\Module 5\Summative2\realwaste\realwaste-main\RealWaste\Paper\Paper_427.jpg,524,524,RGB,1.0,150.8,165.31264,36.556103,17.605034
Paper_428.jpg,Paper,D:\Recovered Documents\Moringa\Module 5\Summative2\realwaste\realwaste-main\RealWaste\Paper\Paper_428.jpg,524,524,RGB,1.0,195.1,139.82306,42.849384,62.823784
Paper_429.jpg,Paper,D:\Recovered Documents\Moringa\Module 5\Summative2\realwaste\realwaste-main\RealWaste\Paper\Paper_429.jpg,524,524,RGB,1.0,170.0,154.26433,33.68079,40.270832
Paper_43.jpg,Paper,D:\Recovered Documents\Moringa\Module 5\Summative2\realwaste\realwaste-main\RealWaste\Paper\Paper_43.jpg,524,524,RGB,1.0,113.3,160.17549,25.330359,17.96875
Paper_430.jpg,Paper,D:\Recovered Documents\Moringa\Module 5\Summative2\realwaste\realwaste-main\RealWaste\Paper\Paper_430.jpg,524,524,RGB,1.0,182.6,152.47469,33.936024,49.960503
Paper_431.jpg,Paper,D:\Recovered Documents\Moringa\Module 5\Summative2\realwaste\realwaste-main\RealWaste\Paper\Paper_431.jpg,524,524,RGB,1.0,176.0,144.45949,45.775257,85.02951
Paper_432.jpg,Paper,D:\Recovered Documents\Moringa\Module 5\Summative2\realwaste\realwaste-main\RealWaste\Paper\Paper_432.jpg,524,524,RGB,1.0,130.2,148.28154,38.499504,94.54123
Paper_433.jpg,Paper,D:\Recovered Documents\Moringa\Module 5\Summative2\realwaste\realwaste-main\RealWaste\Paper\Paper_433.jpg,524,524,RGB,1.0,144.3,150.29674,36.88603,95.71484
Paper_434.jpg,Paper,D:\Recovered Documents\Moringa\Module 5\Summative2\realwaste\realwaste-main\RealWaste\Paper\Paper_434.jpg,524,524,RGB,1.0,111.4,157.59563,24.938475,34.107204
Paper_435.jpg,Paper,D:\Recovered Documents\Moringa\Module 5\Summative2\realwaste\realwaste-main\RealWaste\Paper\Paper_435.jpg,524,524,RGB,1.0,146.3,157.88686,39.922836,20.171875
Paper_436.jpg,Paper,D:\Recovered Documents\Moringa\Module 5\Summative2\realwaste\realwaste-main\RealWaste\Paper\Paper_436.jpg,524,524,RGB,1.0,192.2,142.33998,46.719635,69.21354
Paper_437.jpg,Paper,D:\Recovered Documents\Moringa\Module 5\Summative2\realwaste\realwaste-main\RealWaste\Paper\Paper_437.jpg,524,524,RGB,1.0,198.9,140.76056,52.480927,41.22005
Paper_438.jpg,Paper,D:\Recovered Documents\Moringa\Module 5\Summative2\realwaste\realwaste-main\RealWaste\Paper\Paper_438.jpg,524,524,RGB,1.0,147.2,139.97598,35.9989,86.238716
Paper_439.jpg,Paper,D:\Recovered Documents\Moringa\Module 5\Summative2\realwaste\realwaste-main\RealWaste\Paper\Paper_439.jpg,524,524,RGB,1.0,128.4,134.68547,46.123363,112.19141
Paper_44.jpg,Paper,D:\Recovered Documents\Moringa\Module 5\Summative2\realwaste\realwaste-main\RealWaste\Paper\Paper_44.jpg,524,524,RGB,1.0,153.9,153.99855,40.75247,16.104166
Paper_440.jpg,Paper,D:\Recovered Documents\Moringa\Module 5\Summative2\realwaste\realwaste-main\RealWaste\Paper\Paper_440.jpg,524,524,RGB,1.0,120.2,134.26027,47.355915,118.29384
Paper_441.jpg,Paper,D:\Recovered Documents\Moringa\Module 5\Summative2\realwaste\realwaste-main\RealWaste\Paper\Paper_441.jpg,524,524,RGB,1.0,133.4,137.81699,43.002827,109.15451
Paper_442.jpg,Paper,D:\Recovered Documents\Moringa\Module 5\Summative2\realwaste\realwaste-main\RealWaste\Paper\Paper_442.jpg,524,524,RGB,1.0,143.1,134.86328,43.13778,109.161026
Paper_443.jpg,Paper,D:\Recovered Documents\Moringa\Module 5\Summative2\realwaste\realwaste-main\RealWaste\Paper\Paper_443.jpg,524,524,RGB,1.0,161.6,135.31178,40.82157,88.00694
Paper_444.jpg,Paper,D:\Recovered Documents\Moringa\Module 5\Summative2\realwaste\realwaste-main\RealWaste\Paper\Paper_444.jpg,524,524,RGB,1.0,136.3,135.75261,47.044117,115.23047
Paper_445.jpg,Paper,D:\Recovered Documents\Moringa\Module 5\Summative2\realwaste\realwaste-main\RealWaste\Paper\Paper_445.jpg,524,524,RGB,1.0,115.6,151.84853,42.45467,34.3112
Paper_446.jpg,Paper,D:\Recovered Documents\Moringa\Module 5\Summative2\realwaste\realwaste-main\RealWaste\Paper\Paper_446.jpg,524,524,RGB,1.0,149.6,143.79355,41.754707,65.33768
Paper_447.jpg,Paper,D:\Recovered Documents\Moringa\Module 5\Summative2\realwaste\realwaste-main\RealWaste\Paper\Paper_447.jpg,524,524,RGB,1.0,156.7,135.818,39.229275,89.50217
Paper_448.jpg,Paper,D:\Recovered Documents\Moringa\Module 5\Summative2\realwaste\realwaste-main\RealWaste\Paper\Paper_448.jpg,524,524,RGB,1.0,126.1,148.13136,32.840935,38.948784
Paper_449.jpg,Paper,D:\Recovered Documents\Moringa\Module 5\Summative2\realwaste\realwaste-main\RealWaste\Paper\Paper_449.jpg,524,524,RGB,1.0,101.3,147.71165,37.478275,41.178387
Paper_45.jpg,Paper,D:\Recovered Documents\Moringa\Module 5\Summative2\realwaste\realwaste-main\RealWaste\Paper\Paper_45.jpg,524,524,RGB,1.0,140.8,163.36676,36.953945,21.230034
Paper_450.jpg,Paper,D:\Recovered Documents\Moringa\Module 5\Summative2\realwaste\realwaste-main\RealWaste\Paper\Paper_450.jpg,524,524,RGB,1.0,101.4,151.09953,35.525387,37.98177
Paper_451.jpg,Paper,D:\Recovered Documents\Moringa\Module 5\Summative2\realwaste\realwaste-main\RealWaste\Paper\Paper_451.jpg,524,524,RGB,1.0,146.8,143.27185,37.048252,93.17231
Paper_452.jpg,Paper,D:\Recovered Documents\Moringa\Module 5\Summative2\realwaste\realwaste-main\RealWaste\Paper\Paper_452.jpg,524,524,RGB,1.0,115.7,159.41855,27.492266,21.839844
Paper_453.jpg,Paper,D:\Recovered Documents\Moringa\Module 5\Summative2\realwaste\realwaste-main\RealWaste\Paper\Paper_453.jpg,524,524,RGB,1.0,115.6,156.9446,22.759365,25.869791
Paper_454.jpg,Paper,D:\Recovered Documents\Moringa\Module 5\Summative2\realwaste\realwaste-main\RealWaste\Paper\Paper_454.jpg,524,524,RGB,1.0,105.8,138.81786,34.282246,45.79514
Paper_455.jpg,Paper,D:\Recovered Documents\Moringa\Module 5\Summative2\realwaste\realwaste-main\RealWaste\Paper\Paper_455.jpg,524,524,RGB,1.0,125.4,153.21368,33.101818,27.235678
Paper_456.jpg,Paper,D:\Recovered Documents\Moringa\Module 5\Summative2\realwaste\realwaste-main\RealWaste\Paper\Paper_456.jpg,524,524,RGB,1.0,121.1,150.64005,28.354176,39.92491
Paper_457.jpg,Paper,D:\Recovered Documents\Moringa\Module 5\Summative2\realwaste\realwaste-main\RealWaste\Paper\Paper_457.jpg,524,524,RGB,1.0,132.0,147.60446,34.399277,38.68533
Paper_458.jpg,Paper,D:\Recovered Documents\Moringa\Module 5\Summative2\realwaste\realwaste-main\RealWaste\Paper\Paper_458.jpg,524,524,RGB,1.0,120.9,166.04933,39.235657,17.238716
Paper_459.jpg,Paper,D:\Recovered Documents\Moringa\Module 5\Summative2\realwaste\realwaste-main\RealWaste\Paper\Paper_459.jpg,524,524,RGB,1.0,135.0,162.10286,32.847935,17.131945
Paper_46.jpg,Paper,D:\Recovered Documents\Moringa\Module 5\Summative2\realwaste\realwaste-main\RealWaste\Paper\Paper_46.jpg,524,524,RGB,1.0,119.6,158.11125,31.301872,32.59028
Paper_460.jpg,Paper,D:\Recovered Documents\Moringa\Module 5\Summative2\realwaste\realwaste-main\RealWaste\Paper\Paper_460.jpg,524,524,RGB,1.0,105.5,145.63686,38.03957,38.967014
Paper_461.jpg,Paper,D:\Recovered Documents\Moringa\Module 5\Summative2\realwaste\realwaste-main\RealWaste\Paper\Paper_461.jpg,524,524,RGB,1.0,80.3,149.30035,37.557995,31.482204
Paper_462.jpg,Paper,D:\Recovered Documents\Moringa\Module 5\Summative2\realwaste\realwaste-main\RealWaste\Paper\Paper_462.jpg,524,524,RGB,1.0,125.1,143.29701,36.760353,36.51606
Paper_463.jpg,Paper,D:\Recovered Documents\Moringa\Module 5\Summative2\realwaste\realwaste-main\RealWaste\Paper\Paper_463.jpg,524,524,RGB,1.0,90.6,144.78096,39.447544,37.63889
Paper_464.jpg,Paper,D:\Recovered Documents\Moringa\Module 5\Summative2\realwaste\realwaste-main\RealWaste\Paper\Paper_464.jpg,524,524,RGB,1.0,102.2,145.54181,36.89716,26.367622
Paper_465.jpg,Paper,D:\Recovered Documents\Moringa\Module 5\Summative2\realwaste\realwaste-main\RealWaste\Paper\Paper_465.jpg,524,524,RGB,1.0,93.4,153.6807,29.985699,29.611546
Paper_466.jpg,Paper,D:\Recovered Documents\Moringa\Module 5\Summative2\realwaste\realwaste-main\RealWaste\Paper\Paper_466.jpg,524,524,RGB,1.0,83.8,146.3287,39.19262,35.086807
Paper_467.jpg,Paper,D:\Recovered Documents\Moringa\Module 5\Summative2\realwaste\realwaste-main\RealWaste\Paper\Paper_467.jpg,524,524,RGB,1.0,134.3,151.90668,35.898304,47.383247
Paper_468.jpg,Paper,D:\Recovered Documents\Moringa\Module 5\Summative2\realwaste\realwaste-main\RealWaste\Paper\Paper_468.jpg,524,524,RGB,1.0,142.9,134.59578,54.00215,70.44575
Paper_469.jpg,Paper,D:\Recovered Documents\Moringa\Module 5\Summative2\realwaste\realwaste-main\RealWaste\Paper\Paper_469.jpg,524,524,RGB,1.0,124.7,161.33203,23.556782,19.266928
Paper_47.jpg,Paper,D:\Recovered Documents\Moringa\Module 5\Summative2\realwaste\realwaste-main\RealWaste\Paper\Paper_47.jpg,524,524,RGB,1.0,131.5,147.88007,46.09511,22.904514
Paper_470.jpg,Paper,D:\Recovered Documents\Moringa\Module 5\Summative2\realwaste\realwaste-main\RealWaste\Paper\Paper_470.jpg,524,524,RGB,1.0,138.9,158.58998,34.96125,35.660156
Paper_471.jpg,Paper,D:\Recovered Documents\Moringa\Module 5\Summative2\realwaste\realwaste-main\RealWaste\Paper\Paper_471.jpg,524,524,RGB,1.0,87.2,162.78964,36.03546,26.481771
Paper_472.jpg,Paper,D:\Recovered Documents\Moringa\Module 5\Summative2\realwaste\realwaste-main\RealWaste\Paper\Paper_472.jpg,524,524,RGB,1.0,159.1,150.57263,44.24715,29.102865
Paper_473.jpg,Paper,D:\Recovered Documents\Moringa\Module 5\Summative2\realwaste\realwaste-main\RealWaste\Paper\Paper_473.jpg,524,524,RGB,1.0,111.7,143.07335,50.270573,41.533855
Paper_474.jpg,Paper,D:\Recovered Documents\Moringa\Module 5\Summative2\realwaste\realwaste-main\RealWaste\Paper\Paper_474.jpg,524,524,RGB,1.0,121.0,159.74855,31.414776,12.733073
Paper_475.jpg,Paper,D:\Recovered Documents\Moringa\Module 5\Summative2\realwaste\realwaste-main\RealWaste\Paper\Paper_475.jpg,524,524,RGB,1.0,116.9,155.35344,41.559055,20.976128
Paper_476.jpg,Paper,D:\Recovered Documents\Moringa\Module 5\Summative2\realwaste\realwaste-main\RealWaste\Paper\Paper_476.jpg,524,524,RGB,1.0,141.8,146.2432,45.72428,34.12066
Paper_477.jpg,Paper,D:\Recovered Documents\Moringa\Module 5\Summative2\realwaste\realwaste-main\RealWaste\Paper\Paper_477.jpg,524,524,RGB,1.0,130.1,141.35909,50.32549,29.405815
Paper_478.jpg,Paper,D:\Recovered Documents\Moringa\Module 5\Summative2\realwaste\realwaste-main\RealWaste\Paper\Paper_478.jpg,524,524,RGB,1.0,159.0,148.23814,56.056923,35.738716
Paper_479.jpg,Paper,D:\Recovered Documents\Moringa\Module 5\Summative2\realwaste\realwaste-main\RealWaste\Paper\Paper_479.jpg,524,524,RGB,1.0,138.8,142.55035,34.90692,41.832466
Paper_48.jpg,Paper,D:\Recovered Documents\Moringa\Module 5\Summative2\realwaste\realwaste-main\RealWaste\Paper\Paper_48.jpg,524,524,RGB,1.0,128.3,151.21701,42.37973,35.599827
Paper_480.jpg,Paper,D:\Recovered Documents\Moringa\Module 5\Summative2\realwaste\realwaste-main\RealWaste\Paper\Paper_480.jpg,524,524,RGB,1.0,98.4,159.3371,42.328114,20.098524
Paper_481.jpg,Paper,D:\Recovered Documents\Moringa\Module 5\Summative2\realwaste\realwaste-main\RealWaste\Paper\Paper_481.jpg,524,524,RGB,1.0,135.1,150.39005,52.169937,33.786892
Paper_482.jpg,Paper,D:\Recovered Documents\Moringa\Module 5\Summative2\realwaste\realwaste-main\RealWaste\Paper\Paper_482.jpg,524,524,RGB,1.0,138.1,152.4333,32.685204,34.62283
Paper_483.jpg,Paper,D:\Recovered Documents\Moringa\Module 5\Summative2\realwaste\realwaste-main\RealWaste\Paper\Paper_483.jpg,524,524,RGB,1.0,139.9,151.91927,51.452553,49.5
Paper_484.jpg,Paper,D:\Recovered Documents\Moringa\Module 5\Summative2\realwaste\realwaste-main\RealWaste\Paper\Paper_484.jpg,524,524,RGB,1.0,129.5,153.87674,41.268887,21.559462
Paper_485.jpg,Paper,D:\Recovered Documents\Moringa\Module 5\Summative2\realwaste\realwaste-main\RealWaste\Paper\Paper_485.jpg,524,524,RGB,1.0,110.2,146.8802,66.06096,37.76259
Paper_486.jpg,Paper,D:\Recovered Documents\Moringa\Module 5\Summative2\realwaste\realwaste-main\RealWaste\Paper\Paper_486.jpg,524,524,RGB,1.0,155.9,149.32712,40.584484,25.18099
Paper_487.jpg,Paper,D:\Recovered Documents\Moringa\Module 5\Summative2\realwaste\realwaste-main\RealWaste\Paper\Paper_487.jpg,524,524,RGB,1.0,138.7,152.07957,38.55745,90.302086
Paper_488.jpg,Paper,D:\Recovered Documents\Moringa\Module 5\Summative2\realwaste\realwaste-main\RealWaste\Paper\Paper_488.jpg,524,524,RGB,1.0,125.2,145.50998,43.80047,38.849827
Paper_489.jpg,Paper,D:\Recovered Documents\Moringa\Module 5\Summative2\realwaste\realwaste-main\RealWaste\Paper\Paper_489.jpg,524,524,RGB,1.0,101.3,151.43098,50.298084,41.052082
Paper_49.jpg,Paper,D:\Recovered Documents\Moringa\Module 5\Summative2\realwaste\realwaste-main\RealWaste\Paper\Paper_49.jpg,524,524,RGB,1.0,127.4,149.45255,45.531063,50.807724
Paper_490.jpg,Paper,D:\Recovered Documents\Moringa\Module 5\Summative2\realwaste\realwaste-main\RealWaste\Paper\Paper_490.jpg,524,524,RGB,1.0,113.1,140.87138,54.226894,67.977
Paper_491.jpg,Paper,D:\Recovered Documents\Moringa\Module 5\Summative2\realwaste\realwaste-main\RealWaste\Paper\Paper_491.jpg,524,524,RGB,1.0,124.6,142.20544,58.569706,61.875435
Paper_492.jpg,Paper,D:\Recovered Documents\Moringa\Module 5\Summative2\realwaste\realwaste-main\RealWaste\Paper\Paper_492.jpg,524,524,RGB,1.0,107.8,143.12051,51.979828,45.588543
Paper_493.jpg,Paper,D:\Recovered Documents\Moringa\Module 5\Summative2\realwaste\realwaste-main\RealWaste\Paper\Paper_493.jpg,524,524,RGB,1.0,100.3,152.28603,48.236122,29.260416
Paper_494.jpg,Paper,D:\Recovered Documents\Moringa\Module 5\Summative2\realwaste\realwaste-main\RealWaste\Paper\Paper_494.jpg,524,524,RGB,1.0,105.1,138.22627,42.658142,30.755209
Paper_495.jpg,Paper,D:\Recovered Documents\Moringa\Module 5\Summative2\realwaste\realwaste-main\RealWaste\Paper\Paper_495.jpg,524,524,RGB,1.0,100.4,139.93996,46.87778,23.401476
Paper_496.jpg,Paper,D:\Recovered Documents\Moringa\Module 5\Summative2\realwaste\realwaste-main\RealWaste\Paper\Paper_496.jpg,524,524,RGB,1.0,105.0,148.32697,36.27686,19.792969
Paper_497.jpg,Paper,D:\Recovered Documents\Moringa\Module 5\Summative2\realwaste\realwaste-main\RealWaste\Paper\Paper_497.jpg,524,524,RGB,1.0,118.8,142.18967,49.451218,55.471786
Paper_498.jpg,Paper,D:\Recovered Documents\Moringa\Module 5\Summative2\realwaste\realwaste-main\RealWaste\Paper\Paper_498.jpg,524,524,RGB,1.0,133.5,160.03935,34.048153,26.226997
Paper_499.jpg,Paper,D:\Recovered Documents\Moringa\Module 5\Summative2\realwaste\realwaste-main\RealWaste\Paper\Paper_499.jpg,524,524,RGB,1.0,109.3,148.09433,34.516327,35.079426
Paper_5.jpg,Paper,D:\Recovered Documents\Moringa\Module 5\Summative2\realwaste\realwaste-main\RealWaste\Paper\Paper_5.jpg,524,524,RGB,1.0,116.1,161.15813,16.271301,12.284722
Paper_50.jpg,Paper,D:\Recovered Documents\Moringa\Module 5\Summative2\realwaste\realwaste-main\RealWaste\Paper\Paper_50.jpg,524,524,RGB,1.0,132.7,160.00319,33.77455,20.880209
Paper_500.jpg,Paper,D:\Recovered Documents\Moringa\Module 5\Summative2\realwaste\realwaste-main\RealWaste\Paper\Paper_500.jpg,524,524,RGB,1.0,107.4,154.14857,35.334354,29.14236
Paper_51.jpg,Paper,D:\Recovered Documents\Moringa\Module 5\Summative2\realwaste\realwaste-main\RealWaste\Paper\Paper_51.jpg,524,524,RGB,1.0,131.8,154.41971,38.662624,18.78993
Paper_52.jpg,Paper,D:\Recovered Documents\Moringa\Module 5\Summative2\realwaste\realwaste-main\RealWaste\Paper\Paper_52.jpg,524,524,RGB,1.0,148.5,143.56989,44.344482,48.446182
Paper_53.jpg,Paper,D:\Recovered Documents\Moringa\Module 5\Summative2\realwaste\realwaste-main\RealWaste\Paper\Paper_53.jpg,524,524,RGB,1.0,119.2,154.70544,46.126408,47.34809
Paper_54.jpg,Paper,D:\Recovered Documents\Moringa\Module 5\Summative2\realwaste\realwaste-main\RealWaste\Paper\Paper_54.jpg,524,524,RGB,1.0,112.0,158.91045,26.105965,35.102432
Paper_55.jpg,Paper,D:\Recovered Documents\Moringa\Module 5\Summative2\realwaste\realwaste-main\RealWaste\Paper\Paper_55.jpg,524,524,RGB,1.0,110.5,155.58536,26.305954,35.866318
Paper_56.jpg,Paper,D:\Recovered Documents\Moringa\Module 5\Summative2\realwaste\realwaste-main\RealWaste\Paper\Paper_56.jpg,524,524,RGB,1.0,109.1,157.6211,27.668427,35.95616
Paper_57.jpg,Paper,D:\Recovered Documents\Moringa\Module 5\Summative2\realwaste\realwaste-main\RealWaste\Paper\Paper_57.jpg,524,524,RGB,1.0,110.8,156.0094,34.348854,31.197916
Paper_58.jpg,Paper,D:\Recovered Documents\Moringa\Module 5\Summative2\realwaste\realwaste-main\RealWaste\Paper\Paper_58.jpg,524,524,RGB,1.0,150.1,158.11806,35.72727,85.894966
Paper_59.jpg,Paper,D:\Recovered Documents\Moringa\Module 5\Summative2\realwaste\realwaste-main\RealWaste\Paper\Paper_59.jpg,524,524,RGB,1.0,183.5,135.84056,42.8268,83.17925
Paper_6.jpg,Paper,D:\Recovered Documents\Moringa\Module 5\Summative2\realwaste\realwaste-main\RealWaste\Paper\Paper_6.jpg,524,524,RGB,1.0,139.1,158.44763,43.5942,21.298178
Paper_60.jpg,Paper,D:\Recovered Documents\Moringa\Module 5\Summative2\realwaste\realwaste-main\RealWaste\Paper\Paper_60.jpg,524,524,RGB,1.0,110.5,156.5233,24.783155,34.34158
Paper_61.jpg,Paper,D:\Recovered Documents\Moringa\Module 5\Summative2\realwaste\realwaste-main\RealWaste\Paper\Paper_61.jpg,524,524,RGB,1.0,111.7,159.28154,32.892807,34.09462
Paper_62.jpg,Paper,D:\Recovered Documents\Moringa\Module 5\Summative2\realwaste\realwaste-main\RealWaste\Paper\Paper_62.jpg,524,524,RGB,1.0,108.9,144.51114,37.79611,44.29297
Paper_63.jpg,Paper,D:\Recovered Documents\Moringa\Module 5\Summative2\realwaste\realwaste-main\RealWaste\Paper\Paper_63.jpg,524,524,RGB,1.0,151.0,157.68243,35.46225,87.45616
Paper_64.jpg,Paper,D:\Recovered Documents\Moringa\Module 5\Summative2\realwaste\realwaste-main\RealWaste\Paper\Paper_64.jpg,524,524,RGB,1.0,119.0,150.87486,26.455357,40.0638
Paper_65.jpg,Paper,D:\Recovered Documents\Moringa\Module 5\Summative2\realwaste\realwaste-main\RealWaste\Paper\Paper_65.jpg,524,524,RGB,1.0,104.5,164.35576,33.39614,28.447483
Paper_66.jpg,Paper,D:\Recovered Documents\Moringa\Module 5\Summative2\realwaste\realwaste-main\RealWaste\Paper\Paper_66.jpg,524,524,RGB,1.0,113.6,154.10214,38.488476,27.009548
Paper_67.jpg,Paper,D:\Recovered Documents\Moringa\Module 5\Summative2\realwaste\realwaste-main\RealWaste\Paper\Paper_67.jpg,524,524,RGB,1.0,173.0,138.99161,48.102043,82.30946
Paper_68.jpg,Paper,D:\Recovered Documents\Moringa\Module 5\Summative2\realwaste\realwaste-main\RealWaste\Paper\Paper_68.jpg,524,524,RGB,1.0,136.4,163.27127,35.488106,42.20703
Paper_69.jpg,Paper,D:\Recovered Documents\Moringa\Module 5\Summative2\realwaste\realwaste-main\RealWaste\Paper\Paper_69.jpg,524,524,RGB,1.0,117.3,162.23785,31.747522,30.913195
Paper_7.jpg,Paper,D:\Recovered Documents\Moringa\Module 5\Summative2\realwaste\realwaste-main\RealWaste\Paper\Paper_7.jpg,524,524,RGB,1.0,148.2,160.17897,36.94202,15.774739
Paper_70.jpg,Paper,D:\Recovered Documents\Moringa\Module 5\Summative2\realwaste\realwaste-main\RealWaste\Paper\Paper_70.jpg,524,524,RGB,1.0,93.3,153.62529,36.346233,38.11415
Paper_71.jpg,Paper,D:\Recovered Documents\Moringa\Module 5\Summative2\realwaste\realwaste-main\RealWaste\Paper\Paper_71.jpg,524,524,RGB,1.0,118.7,160.11096,24.407965,22.190971
Paper_72.jpg,Paper,D:\Recovered Documents\Moringa\Module 5\Summative2\realwaste\realwaste-main\RealWaste\Paper\Paper_72.jpg,524,524,RGB,1.0,107.4,152.82335,34.30587,38.836807
Paper_73.jpg,Paper,D:\Recovered Documents\Moringa\Module 5\Summative2\realwaste\realwaste-main\RealWaste\Paper\Paper_73.jpg,524,524,RGB,1.0,148.1,135.94241,42.2922,73.9592
Paper_74.jpg,Paper,D:\Recovered Documents\Moringa\Module 5\Summative2\realwaste\realwaste-main\RealWaste\Paper\Paper_74.jpg,524,524,RGB,1.0,171.0,137.44661,38.25682,53.892796
Paper_75.jpg,Paper,D:\Recovered Documents\Moringa\Module 5\Summative2\realwaste\realwaste-main\RealWaste\Paper\Paper_75.jpg,524,524,RGB,1.0,91.6,158.57277,35.57587,38.031685
Paper_76.jpg,Paper,D:\Recovered Documents\Moringa\Module 5\Summative2\realwaste\realwaste-main\RealWaste\Paper\Paper_76.jpg,524,524,RGB,1.0,128.6,164.3381,26.769741,10.83507
Paper_77.jpg,Paper,D:\Recovered Documents\Moringa\Module 5\Summative2\realwaste\realwaste-main\RealWaste\Paper\Paper_77.jpg,524,524,RGB,1.0,124.2,158.30266,36.0196,36.27995
Paper_78.jpg,Paper,D:\Recovered Documents\Moringa\Module 5\Summative2\realwaste\realwaste-main\RealWaste\Paper\Paper_78.jpg,524,524,RGB,1.0,117.2,156.69922,23.647316,22.665798
Paper_79.jpg,Paper,D:\Recovered Documents\Moringa\Module 5\Summative2\realwaste\realwaste-main\RealWaste\Paper\Paper_79.jpg,524,524,RGB,1.0,111.7,135.87862,33.784283,45.569443
Paper_8.jpg,Paper,D:\Recovered Documents\Moringa\Module 5\Summative2\realwaste\realwaste-main\RealWaste\Paper\Paper_8.jpg,524,524,RGB,1.0,126.5,145.1237,48.525867,44.28212
Paper_80.jpg,Paper,D:\Recovered Documents\Moringa\Module 5\Summative2\realwaste\realwaste-main\RealWaste\Paper\Paper_80.jpg,524,524,RGB,1.0,109.5,150.63991,33.517307,24.798178
Paper_81.jpg,Paper,D:\Recovered Documents\Moringa\Module 5\Summative2\realwaste\realwaste-main\RealWaste\Paper\Paper_81.jpg,524,524,RGB,1.0,132.8,150.76982,39.398186,40.80903
Paper_82.jpg,Paper,D:\Recovered Documents\Moringa\Module 5\Summative2\realwaste\realwaste-main\RealWaste\Paper\Paper_82.jpg,524,524,RGB,1.0,98.6,148.79355,35.78191,40.078125
Paper_83.jpg,Paper,D:\Recovered Documents\Moringa\Module 5\Summative2\realwaste\realwaste-main\RealWaste\Paper\Paper_83.jpg,524,524,RGB,1.0,132.6,144.52531,49.544033,49.96875
Paper_84.jpg,Paper,D:\Recovered Documents\Moringa\Module 5\Summative2\realwaste\realwaste-main\RealWaste\Paper\Paper_84.jpg,524,524,RGB,1.0,102.7,160.75578,46.268055,51.671005
Paper_85.jpg,Paper,D:\Recovered Documents\Moringa\Module 5\Summative2\realwaste\realwaste-main\RealWaste\Paper\Paper_85.jpg,524,524,RGB,1.0,88.2,150.69025,30.833138,58.554688
Paper_86.jpg,Paper,D:\Recovered Documents\Moringa\Module 5\Summative2\realwaste\realwaste-main\RealWaste\Paper\Paper_86.jpg,524,524,RGB,1.0,114.8,154.77444,42.021328,60.539932
Paper_87.jpg,Paper,D:\Recovered Documents\Moringa\Module 5\Summative2\realwaste\realwaste-main\RealWaste\Paper\Paper_87.jpg,524,524,RGB,1.0,188.6,159.93924,23.047106,13.257379
Paper_88.jpg,Paper,D:\Recovered Documents\Moringa\Module 5\Summative2\realwaste\realwaste-main\RealWaste\Paper\Paper_88.jpg,524,524,RGB,1.0,158.1,134.54123,40.81443,84.97743
Paper_89.jpg,Paper,D:\Recovered Documents\Moringa\Module 5\Summative2\realwaste\realwaste-main\RealWaste\Paper\Paper_89.jpg,524,524,RGB,1.0,168.6,159.75853,23.846266,39.97092
Paper_9.jpg,Paper,D:\Recovered Documents\Moringa\Module 5\Summative2\realwaste\realwaste-main\RealWaste\Paper\Paper_9.jpg,524,524,RGB,1.0,133.1,154.59201,39.103443,23.13151
Paper_90.jpg,Paper,D:\Recovered Documents\Moringa\Module 5\Summative2\realwaste\realwaste-main\RealWaste\Paper\Paper_90.jpg,524,524,RGB,1.0,110.3,152.84808,26.315617,36.947483
Paper_91.jpg,Paper,D:\Recovered Documents\Moringa\Module 5\Summative2\realwaste\realwaste-main\RealWaste\Paper\Paper_91.jpg,524,524,RGB,1.0,165.1,161.14973,24.246628,40.068577
Paper_92.jpg,Paper,D:\Recovered Documents\Moringa\Module 5\Summative2\realwaste\realwaste-main\RealWaste\Paper\Paper_92.jpg,524,524,RGB,1.0,155.0,136.23944,43.2882,93.74826
Paper_93.jpg,Paper,D:\Recovered Documents\Moringa\Module 5\Summative2\realwaste\realwaste-main\RealWaste\Paper\Paper_93.jpg,524,524,RGB,1.0,145.5,163.53748,26.822819,43.235245
Paper_94.jpg,Paper,D:\Recovered Documents\Moringa\Module 5\Summative2\realwaste\realwaste-main\RealWaste\Paper\Paper_94.jpg,524,524,RGB,1.0,155.9,134.59375,43.53706,93.59201
Paper_95.jpg,Paper,D:\Recovered Documents\Moringa\Module 5\Summative2\realwaste\realwaste-main\RealWaste\Paper\Paper_95.jpg,524,524,RGB,1.0,153.2,165.99957,27.512384,44.253036
Paper_96.jpg,Paper,D:\Recovered Documents\Moringa\Module 5\Summative2\realwaste\realwaste-main\RealWaste\Paper\Paper_96.jpg,524,524,RGB,1.0,152.9,137.94199,46.90972,89.604164
Paper_97.jpg,Paper,D:\Recovered Documents\Moringa\Module 5\Summative2\realwaste\realwaste-main\RealWaste\Paper\Paper_97.jpg,524,524,RGB,1.0,160.1,136.1946,37.973606,56.658855
Paper_98.jpg,Paper,D:\Recovered Documents\Moringa\Module 5\Summative2\realwaste\realwaste-main\RealWaste\Paper\Paper_98.jpg,524,524,RGB,1.0,172.3,145.88744,51.167496,37.486546
Paper_99.jpg,Paper,D:\Recovered Documents\Moringa\Module 5\Summative2\realwaste\realwaste-main\RealWaste\Paper\Paper_99.jpg,524,524,RGB,1.0,185.4,150.98538,35.061787,45.027344
Plastic_1.jpg,Plastic,D:\Recovered Documents\Moringa\Module 5\Summative2\realwaste\realwaste-main\RealWaste\Plastic\Plastic_1.jpg,524,524,RGB,1.0,153.2,146.07683,40.838943,62.30816
Plastic_10.jpg,Plastic,D:\Recovered Documents\Moringa\Module 5\Summative2\realwaste\realwaste-main\RealWaste\Plastic\Plastic_10.jpg,524,524,RGB,1.0,142.0,152.77835,40.81011,79.05252
Plastic_100.jpg,Plastic,D:\Recovered Documents\Moringa\Module 5\Summative2\realwaste\realwaste-main\RealWaste\Plastic\Plastic_100.jpg,524,524,RGB,1.0,97.5,158.74406,36.973145,32.982204
Plastic_101.jpg,Plastic,D:\Recovered Documents\Moringa\Module 5\Summative2\realwaste\realwaste-main\RealWaste\Plastic\Plastic_101.jpg,524,524,RGB,1.0,89.3,142.568,43.786472,95.7474
Plastic_102.jpg,Plastic,D:\Recovered Documents\Moringa\Module 5\Summative2\realwaste\realwaste-main\RealWaste\Plastic\Plastic_102.jpg,524,524,RGB,1.0,110.0,158.64207,25.21774,10.177952
Plastic_103.jpg,Plastic,D:\Recovered Documents\Moringa\Module 5\Summative2\realwaste\realwaste-main\RealWaste\Plastic\Plastic_103.jpg,524,524,RGB,1.0,134.0,162.55902,53.34426,15.577691
Plastic_104.jpg,Plastic,D:\Recovered Documents\Moringa\Module 5\Summative2\realwaste\realwaste-main\RealWaste\Plastic\Plastic_104.jpg,524,524,RGB,1.0,133.3,144.77777,69.94358,24.215712
Plastic_105.jpg,Plastic,D:\Recovered Documents\Moringa\Module 5\Summative2\realwaste\realwaste-main\RealWaste\Plastic\Plastic_105.jpg,524,524,RGB,1.0,140.4,161.22989,54.768066,17.575521
Plastic_106.jpg,Plastic,D:\Recovered Documents\Moringa\Module 5\Summative2\realwaste\realwaste-main\RealWaste\Plastic\Plastic_106.jpg,524,524,RGB,1.0,131.2,143.85228,66.43554,25.32639
Plastic_107.jpg,Plastic,D:\Recovered Documents\Moringa\Module 5\Summative2\realwaste\realwaste-main\RealWaste\Plastic\Plastic_107.jpg,524,524,RGB,1.0,129.0,140.89915,64.27799,26.24132
Plastic_108.jpg,Plastic,D:\Recovered Documents\Moringa\Module 5\Summative2\realwaste\realwaste-main\RealWaste\Plastic\Plastic_108.jpg,524,524,RGB,1.0,119.4,159.66493,64.078964,25.739584
Plastic_109.jpg,Plastic,D:\Recovered Documents\Moringa\Module 5\Summative2\realwaste\realwaste-main\RealWaste\Plastic\Plastic_109.jpg,524,524,RGB,1.0,121.8,165.76953,56.8312,20.706163
Plastic_11.jpg,Plastic,D:\Recovered Documents\Moringa\Module 5\Summative2\realwaste\realwaste-main\RealWaste\Plastic\Plastic_11.jpg,524,524,RGB,1.0,143.3,132.58348,41.297928,108.998695
Plastic_110.jpg,Plastic,D:\Recovered Documents\Moringa\Module 5\Summative2\realwaste\realwaste-main\RealWaste\Plastic\Plastic_110.jpg,524,524,RGB,1.0,126.5,165.77357,48.01046,15.489149
Plastic_111.jpg,Plastic,D:\Recovered Documents\Moringa\Module 5\Summative2\realwaste\realwaste-main\RealWaste\Plastic\Plastic_111.jpg,524,524,RGB,1.0,131.1,154.22699,64.323784,20.355904
Plastic_112.jpg,Plastic,D:\Recovered Documents\Moringa\Module 5\Summative2\realwaste\realwaste-main\RealWaste\Plastic\Plastic_112.jpg,524,524,RGB,1.0,158.4,155.1211,36.85829,55.250435
Plastic_113.jpg,Plastic,D:\Recovered Documents\Moringa\Module 5\Summative2\realwaste\realwaste-main\RealWaste\Plastic\Plastic_113.jpg,524,524,RGB,1.0,130.2,147.53168,37.530354,91.44662
Plastic_114.jpg,Plastic,D:\Recovered Documents\Moringa\Module 5\Summative2\realwaste\realwaste-main\RealWaste\Plastic\Plastic_114.jpg,524,524,RGB,1.0,134.4,144.90929,67.71917,30.639322
Plastic_115.jpg,Plastic,D:\Recovered Documents\Moringa\Module 5\Summative2\realwaste\realwaste-main\RealWaste\Plastic\Plastic_115.jpg,524,524,RGB,1.0,145.2,160.94386,56.847816,20.842882
Plastic_116.jpg,Plastic,D:\Recovered Documents\Moringa\Module 5\Summative2\realwaste\realwaste-main\RealWaste\Plastic\Plastic_116.jpg,524,524,RGB,1.0,120.4,150.09274,74.89565,30.951822
Plastic_117.jpg,Plastic,D:\Recovered Documents\Moringa\Module 5\Summative2\realwaste\realwaste-main\RealWaste\Plastic\Plastic_117.jpg,524,524,RGB,1.0,102.6,160.943,35.495106,23.130209
Plastic_118.jpg,Plastic,D:\Recovered Documents\Moringa\Module 5\Summative2\realwaste\realwaste-main\RealWaste\Plastic\Plastic_118.jpg,524,524,RGB,1.0,173.4,156.14005,27.16186,76.31467
Plastic_119.jpg,Plastic,D:\Recovered Documents\Moringa\Module 5\Summative2\realwaste\realwaste-main\RealWaste\Plastic\Plastic_119.jpg,524,524,RGB,1.0,102.6,164.77705,26.949238,17.757378
Plastic_12.jpg,Plastic,D:\Recovered Documents\Moringa\Module 5\Summative2\realwaste\realwaste-main\RealWaste\Plastic\Plastic_12.jpg,524,524,RGB,1.0,120.2,148.30194,46.45876,84.551216
Plastic_120.jpg,Plastic,D:\Recovered Documents\Moringa\Module 5\Summative2\realwaste\realwaste-main\RealWaste\Plastic\Plastic_120.jpg,524,524,RGB,1.0,114.8,154.42969,36.886166,95.14106
Plastic_121.jpg,Plastic,D:\Recovered Documents\Moringa\Module 5\Summative2\realwaste\realwaste-main\RealWaste\Plastic\Plastic_121.jpg,524,524,RGB,1.0,69.9,157.69373,62.303288,25.166666
Plastic_122.jpg,Plastic,D:\Recovered Documents\Moringa\Module 5\Summative2\realwaste\realwaste-main\RealWaste\Plastic\Plastic_122.jpg,524,524,RGB,1.0,137.8,167.65886,25.031502,21.278212
Plastic_123.jpg,Plastic,D:\Recovered Documents\Moringa\Module 5\Summative2\realwaste\realwaste-main\RealWaste\Plastic\Plastic_123.jpg,524,524,RGB,1.0,79.5,165.22165,41.8089,28.200087
Plastic_124.jpg,Plastic,D:\Recovered Documents\Moringa\Module 5\Summative2\realwaste\realwaste-main\RealWaste\Plastic\Plastic_124.jpg,524,524,RGB,1.0,68.3,160.1127,43.488945,88.63585
Plastic_125.jpg,Plastic,D:\Recovered Documents\Moringa\Module 5\Summative2\realwaste\realwaste-main\RealWaste\Plastic\Plastic_125.jpg,524,524,RGB,1.0,77.5,165.61761,32.707294,17.70139
Plastic_126.jpg,Plastic,D:\Recovered Documents\Moringa\Module 5\Summative2\realwaste\realwaste-main\RealWaste\Plastic\Plastic_126.jpg,524,524,RGB,1.0,111.2,163.50623,32.353344,20.835938
Plastic_127.jpg,Plastic,D:\Recovered Documents\Moringa\Module 5\Summative2\realwaste\realwaste-main\RealWaste\Plastic\Plastic_127.jpg,524,524,RGB,1.0,118.0,164.11661,32.694023,19.978733
Plastic_128.jpg,Plastic,D:\Recovered Documents\Moringa\Module 5\Summative2\realwaste\realwaste-main\RealWaste\Plastic\Plastic_128.jpg,524,524,RGB,1.0,109.9,163.55902,23.898973,16.39236
Plastic_129.jpg,Plastic,D:\Recovered Documents\Moringa\Module 5\Summative2\realwaste\realwaste-main\RealWaste\Plastic\Plastic_129.jpg,524,524,RGB,1.0,118.1,157.33781,34.249023,28.12717
Plastic_13.jpg,Plastic,D:\Recovered Documents\Moringa\Module 5\Summative2\realwaste\realwaste-main\RealWaste\Plastic\Plastic_13.jpg,524,524,RGB,1.0,155.5,155.44357,55.86821,83.07552
Plastic_130.jpg,Plastic,D:\Recovered Documents\Moringa\Module 5\Summative2\realwaste\realwaste-main\RealWaste\Plastic\Plastic_130.jpg,524,524,RGB,1.0,99.8,159.62833,24.142168,14.766059
Plastic_131.jpg,Plastic,D:\Recovered Documents\Moringa\Module 5\Summative2\realwaste\realwaste-main\RealWaste\Plastic\Plastic_131.jpg,524,524,RGB,1.0,101.7,162.99623,25.895311,15.074653
Plastic_132.jpg,Plastic,D:\Recovered Documents\Moringa\Module 5\Summative2\realwaste\realwaste-main\RealWaste\Plastic\Plastic_132.jpg,524,524,RGB,1.0,102.1,163.56915,26.739254,16.06033
Plastic_133.jpg,Plastic,D:\Recovered Documents\Moringa\Module 5\Summative2\realwaste\realwaste-main\RealWaste\Plastic\Plastic_133.jpg,524,524,RGB,1.0,100.7,159.41203,27.51082,15.862847
Plastic_134.jpg,Plastic,D:\Recovered Documents\Moringa\Module 5\Summative2\realwaste\realwaste-main\RealWaste\Plastic\Plastic_134.jpg,524,524,RGB,1.0,116.0,163.06989,32.011795,34.52778
Plastic_135.jpg,Plastic,D:\Recovered Documents\Moringa\Module 5\Summative2\realwaste\realwaste-main\RealWaste\Plastic\Plastic_135.jpg,524,524,RGB,1.0,139.8,149.22482,39.555637,89.651474
Plastic_136.jpg,Plastic,D:\Recovered Documents\Moringa\Module 5\Summative2\realwaste\realwaste-main\RealWaste\Plastic\Plastic_136.jpg,524,524,RGB,1.0,120.1,159.20703,35.36654,44.13759
Plastic_137.jpg,Plastic,D:\Recovered Documents\Moringa\Module 5\Summative2\realwaste\realwaste-main\RealWaste\Plastic\Plastic_137.jpg,524,524,RGB,1.0,96.0,156.72034,30.971004,18.61849
Plastic_138.jpg,Plastic,D:\Recovered Documents\Moringa\Module 5\Summative2\realwaste\realwaste-main\RealWaste\Plastic\Plastic_138.jpg,524,524,RGB,1.0,114.1,153.46484,31.085123,27.197916
Plastic_139.jpg,Plastic,D:\Recovered Documents\Moringa\Module 5\Summative2\realwaste\realwaste-main\RealWaste\Plastic\Plastic_139.jpg,524,524,RGB,1.0,108.0,162.68475,55.11709,20.812065
Plastic_14.jpg,Plastic,D:\Recovered Documents\Moringa\Module 5\Summative2\realwaste\realwaste-main\RealWaste\Plastic\Plastic_14.jpg,524,524,RGB,1.0,150.6,153.73409,44.842197,83.84028
Plastic_140.jpg,Plastic,D:\Recovered Documents\Moringa\Module 5\Summative2\realwaste\realwaste-main\RealWaste\Plastic\Plastic_140.jpg,524,524,RGB,1.0,82.5,161.16942,28.697073,12.414496
Plastic_141.jpg,Plastic,D:\Recovered Documents\Moringa\Module 5\Summative2\realwaste\realwaste-main\RealWaste\Plastic\Plastic_141.jpg,524,524,RGB,1.0,100.9,171.2772,36.132404,12.9557295
Plastic_142.jpg,Plastic,D:\Recovered Documents\Moringa\Module 5\Summative2\realwaste\realwaste-main\RealWaste\Plastic\Plastic_142.jpg,524,524,RGB,1.0,114.8,164.08058,27.096552,13.104167
Plastic_143.jpg,Plastic,D:\Recovered Documents\Moringa\Module 5\Summative2\realwaste\realwaste-main\RealWaste\Plastic\Plastic_143.jpg,524,524,RGB,1.0,122.4,168.41074,27.64108,11.271702
Plastic_144.jpg,Plastic,D:\Recovered Documents\Moringa\Module 5\Summative2\realwaste\realwaste-main\RealWaste\Plastic\Plastic_144.jpg,524,524,RGB,1.0,122.3,167.64685,39.307022,16.54514
Plastic_145.jpg,Plastic,D:\Recovered Documents\Moringa\Module 5\Summative2\realwaste\realwaste-main\RealWaste\Plastic\Plastic_145.jpg,524,524,RGB,1.0,110.7,158.6373,24.047033,11.572483
Plastic_146.jpg,Plastic,D:\Recovered Documents\Moringa\Module 5\Summative2\realwaste\realwaste-main\RealWaste\Plastic\Plastic_146.jpg,524,524,RGB,1.0,141.0,147.13542,41.95777,87.23698
Plastic_147.jpg,Plastic,D:\Recovered Documents\Moringa\Module 5\Summative2\realwaste\realwaste-main\RealWaste\Plastic\Plastic_147.jpg,524,524,RGB,1.0,111.9,164.59752,20.866398,8.310764
Plastic_148.jpg,Plastic,D:\Recovered Documents\Moringa\Module 5\Summative2\realwaste\realwaste-main\RealWaste\Plastic\Plastic_148.jpg,524,524,RGB,1.0,114.8,168.69864,40.416527,16.326822
Plastic_149.jpg,Plastic,D:\Recovered Documents\Moringa\Module 5\Summative2\realwaste\realwaste-main\RealWaste\Plastic\Plastic_149.jpg,524,524,RGB,1.0,77.9,168.89105,42.09856,19.26389
Plastic_15.jpg,Plastic,D:\Recovered Documents\Moringa\Module 5\Summative2\realwaste\realwaste-main\RealWaste\Plastic\Plastic_15.jpg,524,524,RGB,1.0,145.0,156.8371,41.39213,66.735245
Plastic_150.jpg,Plastic,D:\Recovered Documents\Moringa\Module 5\Summative2\realwaste\realwaste-main\RealWaste\Plastic\Plastic_150.jpg,524,524,RGB,1.0,116.1,160.82321,29.275852,18.144096
Plastic_151.jpg,Plastic,D:\Recovered Documents\Moringa\Module 5\Summative2\realwaste\realwaste-main\RealWaste\Plastic\Plastic_151.jpg,524,524,RGB,1.0,121.2,166.45486,25.901913,15.939236
Plastic_152.jpg,Plastic,D:\Recovered Documents\Moringa\Module 5\Summative2\realwaste\realwaste-main\RealWaste\Plastic\Plastic_152.jpg,524,524,RGB,1.0,127.0,150.03732,72.33148,107.817276
Plastic_153.jpg,Plastic,D:\Recovered Documents\Moringa\Module 5\Summative2\realwaste\realwaste-main\RealWaste\Plastic\Plastic_153.jpg,524,524,RGB,1.0,134.1,149.17839,75.19709,109.69575
Plastic_154.jpg,Plastic,D:\Recovered Documents\Moringa\Module 5\Summative2\realwaste\realwaste-main\RealWaste\Plastic\Plastic_154.jpg,524,524,RGB,1.0,138.7,143.42058,73.965,120.207466
Plastic_155.jpg,Plastic,D:\Recovered Documents\Moringa\Module 5\Summative2\realwaste\realwaste-main\RealWaste\Plastic\Plastic_155.jpg,524,524,RGB,1.0,133.1,161.35388,38.483482,19.017796
Plastic_156.jpg,Plastic,D:\Recovered Documents\Moringa\Module 5\Summative2\realwaste\realwaste-main\RealWaste\Plastic\Plastic_156.jpg,524,524,RGB,1.0,118.8,157.64134,28.614693,14.206163
Plastic_157.jpg,Plastic,D:\Recovered Documents\Moringa\Module 5\Summative2\realwaste\realwaste-main\RealWaste\Plastic\Plastic_157.jpg,524,524,RGB,1.0,114.6,148.82103,37.37377,95.25434
Plastic_158.jpg,Plastic,D:\Recovered Documents\Moringa\Module 5\Summative2\realwaste\realwaste-main\RealWaste\Plastic\Plastic_158.jpg,524,524,RGB,1.0,130.4,157.89265,43.858776,26.9375
Plastic_159.jpg,Plastic,D:\Recovered Documents\Moringa\Module 5\Summative2\realwaste\realwaste-main\RealWaste\Plastic\Plastic_159.jpg,524,524,RGB,1.0,144.0,147.96107,31.777903,22.898872
Plastic_16.jpg,Plastic,D:\Recovered Documents\Moringa\Module 5\Summative2\realwaste\realwaste-main\RealWaste\Plastic\Plastic_16.jpg,524,524,RGB,1.0,118.1,150.60228,41.435303,80.40972
Plastic_160.jpg,Plastic,D:\Recovered Documents\Moringa\Module 5\Summative2\realwaste\realwaste-main\RealWaste\Plastic\Plastic_160.jpg,524,524,RGB,1.0,119.9,166.19083,37.542385,16.220053
Plastic_161.jpg,Plastic,D:\Recovered Documents\Moringa\Module 5\Summative2\realwaste\realwaste-main\RealWaste\Plastic\Plastic_161.jpg,524,524,RGB,1.0,112.0,164.40118,38.769264,16.364584
Plastic_162.jpg,Plastic,D:\Recovered Documents\Moringa\Module 5\Summative2\realwaste\realwaste-main\RealWaste\Plastic\Plastic_162.jpg,524,524,RGB,1.0,117.2,157.05685,61.252914,23.447916
Plastic_163.jpg,Plastic,D:\Recovered Documents\Moringa\Module 5\Summative2\realwaste\realwaste-main\RealWaste\Plastic\Plastic_163.jpg,524,524,RGB,1.0,121.8,157.62949,62.249184,21.204428
Plastic_164.jpg,Plastic,D:\Recovered Documents\Moringa\Module 5\Summative2\realwaste\realwaste-main\RealWaste\Plastic\Plastic_164.jpg,524,524,RGB,1.0,128.1,151.27966,26.169743,11.1119795
Plastic_165.jpg,Plastic,D:\Recovered Documents\Moringa\Module 5\Summative2\realwaste\realwaste-main\RealWaste\Plastic\Plastic_165.jpg,524,524,RGB,1.0,125.8,150.78545,22.63501,11.360677
Plastic_166.jpg,Plastic,D:\Recovered Documents\Moringa\Module 5\Summative2\realwaste\realwaste-main\RealWaste\Plastic\Plastic_166.jpg,524,524,RGB,1.0,110.2,158.84953,27.50679,20.726128
Plastic_167.jpg,Plastic,D:\Recovered Documents\Moringa\Module 5\Summative2\realwaste\realwaste-main\RealWaste\Plastic\Plastic_167.jpg,524,524,RGB,1.0,110.8,164.52286,22.541027,20.134115
Plastic_168.jpg,Plastic,D:\Recovered Documents\Moringa\Module 5\Summative2\realwaste\realwaste-main\RealWaste\Plastic\Plastic_168.jpg,524,524,RGB,1.0,114.3,146.18822,39.493156,96.67882
Plastic_169.jpg,Plastic,D:\Recovered Documents\Moringa\Module 5\Summative2\realwaste\realwaste-main\RealWaste\Plastic\Plastic_169.jpg,524,524,RGB,1.0,117.4,160.78761,34.952065,29.950087
Plastic_17.jpg,Plastic,D:\Recovered Documents\Moringa\Module 5\Summative2\realwaste\realwaste-main\RealWaste\Plastic\Plastic_17.jpg,524,524,RGB,1.0,144.1,153.51534,37.71804,73.6224
Plastic_170.jpg,Plastic,D:\Recovered Documents\Moringa\Module 5\Summative2\realwaste\realwaste-main\RealWaste\Plastic\Plastic_170.jpg,524,524,RGB,1.0,134.8,168.21976,37.548195,15.046007
Plastic_171.jpg,Plastic,D:\Recovered Documents\Moringa\Module 5\Summative2\realwaste\realwaste-main\RealWaste\Plastic\Plastic_171.jpg,524,524,RGB,1.0,130.4,161.57741,63.643833,20.332031
Plastic_172.jpg,Plastic,D:\Recovered Documents\Moringa\Module 5\Summative2\realwaste\realwaste-main\RealWaste\Plastic\Plastic_172.jpg,524,524,RGB,1.0,95.5,158.83464,26.895706,16.075087
Plastic_173.jpg,Plastic,D:\Recovered Documents\Moringa\Module 5\Summative2\realwaste\realwaste-main\RealWaste\Plastic\Plastic_173.jpg,524,524,RGB,1.0,93.0,161.5434,24.145414,11.715712
Plastic_174.jpg,Plastic,D:\Recovered Documents\Moringa\Module 5\Summative2\realwaste\realwaste-main\RealWaste\Plastic\Plastic_174.jpg,524,524,RGB,1.0,93.8,164.7869,21.206045,12.746094
Plastic_175.jpg,Plastic,D:\Recovered Documents\Moringa\Module 5\Summative2\realwaste\realwaste-main\RealWaste\Plastic\Plastic_175.jpg,524,524,RGB,1.0,110.8,168.32683,46.432507,16.668404
Plastic_176.jpg,Plastic,D:\Recovered Documents\Moringa\Module 5\Summative2\realwaste\realwaste-main\RealWaste\Plastic\Plastic_176.jpg,524,524,RGB,1.0,115.0,155.29875,65.44405,21.802517
Plastic_177.jpg,Plastic,D:\Recovered Documents\Moringa\Module 5\Summative2\realwaste\realwaste-main\RealWaste\Plastic\Plastic_177.jpg,524,524,RGB,1.0,126.2,164.06712,52.96866,16.119791
Plastic_178.jpg,Plastic,D:\Recovered Documents\Moringa\Module 5\Summative2\realwaste\realwaste-main\RealWaste\Plastic\Plastic_178.jpg,524,524,RGB,1.0,127.9,147.61864,71.55262,21.610678
Plastic_179.jpg,Plastic,D:\Recovered Documents\Moringa\Module 5\Summative2\realwaste\realwaste-main\RealWaste\Plastic\Plastic_179.jpg,524,524,RGB,1.0,129.5,157.11212,39.055267,82.01085
Plastic_18.jpg,Plastic,D:\Recovered Documents\Moringa\Module 5\Summative2\realwaste\realwaste-main\RealWaste\Plastic\Plastic_18.jpg,524,524,RGB,1.0,137.0,156.93895,34.80037,76.01953
Plastic_180.jpg,Plastic,D:\Recovered Documents\Moringa\Module 5\Summative2\realwaste\realwaste-main\RealWaste\Plastic\Plastic_180.jpg,524,524,RGB,1.0,117.7,145.08826,75.36325,34.26953
Plastic_181.jpg,Plastic,D:\Recovered Documents\Moringa\Module 5\Summative2\realwaste\realwaste-main\RealWaste\Plastic\Plastic_181.jpg,524,524,RGB,1.0,143.1,155.50188,63.005005,19.990885
Plastic_182.jpg,Plastic,D:\Recovered Documents\Moringa\Module 5\Summative2\realwaste\realwaste-main\RealWaste\Plastic\Plastic_182.jpg,524,524,RGB,1.0,123.3,140.95457,38.95453,45.182293
Plastic_183.jpg,Plastic,D:\Recovered Documents\Moringa\Module 5\Summative2\realwaste\realwaste-main\RealWaste\Plastic\Plastic_183.jpg,524,524,RGB,1.0,113.0,164.40567,30.87791,18.18099
Plastic_184.jpg,Plastic,D:\Recovered Documents\Moringa\Module 5\Summative2\realwaste\realwaste-main\RealWaste\Plastic\Plastic_184.jpg,524,524,RGB,1.0,114.0,159.39424,27.531061,13.222222
Plastic_185.jpg,Plastic,D:\Recovered Documents\Moringa\Module 5\Summative2\realwaste\realwaste-main\RealWaste\Plastic\Plastic_185.jpg,524,524,RGB,1.0,118.5,163.44011,25.861778,21.080729
Plastic_186.jpg,Plastic,D:\Recovered Documents\Moringa\Module 5\Summative2\realwaste\realwaste-main\RealWaste\Plastic\Plastic_186.jpg,524,524,RGB,1.0,119.6,158.5884,63.095,23.651476
Plastic_187.jpg,Plastic,D:\Recovered Documents\Moringa\Module 5\Summative2\realwaste\realwaste-main\RealWaste\Plastic\Plastic_187.jpg,524,524,RGB,1.0,114.3,159.32132,27.50025,14.315972
Plastic_188.jpg,Plastic,D:\Recovered Documents\Moringa\Module 5\Summative2\realwaste\realwaste-main\RealWaste\Plastic\Plastic_188.jpg,524,524,RGB,1.0,122.0,148.90567,28.194479,12.9375
Plastic_189.jpg,Plastic,D:\Recovered Documents\Moringa\Module 5\Summative2\realwaste\realwaste-main\RealWaste\Plastic\Plastic_189.jpg,524,524,RGB,1.0,111.7,168.27618,29.665833,15.884983
Plastic_19.jpg,Plastic,D:\Recovered Documents\Moringa\Module 5\Summative2\realwaste\realwaste-main\RealWaste\Plastic\Plastic_19.jpg,524,524,RGB,1.0,149.1,154.85966,34.646755,77.812935
Plastic_190.jpg,Plastic,D:\Recovered Documents\Moringa\Module 5\Summative2\realwaste\realwaste-main\RealWaste\Plastic\Plastic_190.jpg,524,524,RGB,1.0,116.4,148.22728,39.27754,96.0816
Plastic_191.jpg,Plastic,D:\Recovered Documents\Moringa\Module 5\Summative2\realwaste\realwaste-main\RealWaste\Plastic\Plastic_191.jpg,524,524,RGB,1.0,124.8,151.05194,27.662285,12.236546
Plastic_192.jpg,Plastic,D:\Recovered Documents\Moringa\Module 5\Summative2\realwaste\realwaste-main\RealWaste\Plastic\Plastic_192.jpg,524,524,RGB,1.0,135.6,163.73538,31.806623,16.791233
Plastic_193.jpg,Plastic,D:\Recovered Documents\Moringa\Module 5\Summative2\realwaste\realwaste-main\RealWaste\Plastic\Plastic_193.jpg,524,524,RGB,1.0,118.1,165.02098,20.147755,12.296875
Plastic_194.jpg,Plastic,D:\Recovered Documents\Moringa\Module 5\Summative2\realwaste\realwaste-main\RealWaste\Plastic\Plastic_194.jpg,524,524,RGB,1.0,121.0,161.87775,23.236696,12.743923
Plastic_195.jpg,Plastic,D:\Recovered Documents\Moringa\Module 5\Summative2\realwaste\realwaste-main\RealWaste\Plastic\Plastic_195.jpg,524,524,RGB,1.0,125.5,160.57379,69.821655,87.51172
Plastic_196.jpg,Plastic,D:\Recovered Documents\Moringa\Module 5\Summative2\realwaste\realwaste-main\RealWaste\Plastic\Plastic_196.jpg,524,524,RGB,1.0,133.8,146.6681,72.15534,110.52431
Plastic_197.jpg,Plastic,D:\Recovered Documents\Moringa\Module 5\Summative2\realwaste\realwaste-main\RealWaste\Plastic\Plastic_197.jpg,524,524,RGB,1.0,97.7,164.80339,35.36038,9.748264
Plastic_198.jpg,Plastic,D:\Recovered Documents\Moringa\Module 5\Summative2\realwaste\realwaste-main\RealWaste\Plastic\Plastic_198.jpg,524,524,RGB,1.0,122.4,174.19328,33.15714,15.6536455
Plastic_199.jpg,Plastic,D:\Recovered Documents\Moringa\Module 5\Summative2\realwaste\realwaste-main\RealWaste\Plastic\Plastic_199.jpg,524,524,RGB,1.0,126.0,169.8721,30.20767,15.481337
Plastic_2.jpg,Plastic,D:\Recovered Documents\Moringa\Module 5\Summative2\realwaste\realwaste-main\RealWaste\Plastic\Plastic_2.jpg,524,524,RGB,1.0,158.4,150.32826,42.487556,55.803818
Plastic_20.jpg,Plastic,D:\Recovered Documents\Moringa\Module 5\Summative2\realwaste\realwaste-main\RealWaste\Plastic\Plastic_20.jpg,524,524,RGB,1.0,159.9,151.83333,31.152128,76.86675
Plastic_200.jpg,Plastic,D:\Recovered Documents\Moringa\Module 5\Summative2\realwaste\realwaste-main\RealWaste\Plastic\Plastic_200.jpg,524,524,RGB,1.0,120.5,165.39612,32.01625,12.038195
Plastic_201.jpg,Plastic,D:\Recovered Documents\Moringa\Module 5\Summative2\realwaste\realwaste-main\RealWaste\Plastic\Plastic_201.jpg,524,524,RGB,1.0,116.8,147.1059,39.011665,94.0217
Plastic_202.jpg,Plastic,D:\Recovered Documents\Moringa\Module 5\Summative2\realwaste\realwaste-main\RealWaste\Plastic\Plastic_202.jpg,524,524,RGB,1.0,111.8,167.97005,31.52904,15.605903
Plastic_203.jpg,Plastic,D:\Recovered Documents\Moringa\Module 5\Summative2\realwaste\realwaste-main\RealWaste\Plastic\Plastic_203.jpg,524,524,RGB,1.0,116.0,160.32379,27.786657,17.712673
Plastic_204.jpg,Plastic,D:\Recovered Documents\Moringa\Module 5\Summative2\realwaste\realwaste-main\RealWaste\Plastic\Plastic_204.jpg,524,524,RGB,1.0,118.6,160.64134,60.97603,23.880642
Plastic_205.jpg,Plastic,D:\Recovered Documents\Moringa\Module 5\Summative2\realwaste\realwaste-main\RealWaste\Plastic\Plastic_205.jpg,524,524,RGB,1.0,119.1,156.79572,63.521725,23.409721
Plastic_206.jpg,Plastic,D:\Recovered Documents\Moringa\Module 5\Summative2\realwaste\realwaste-main\RealWaste\Plastic\Plastic_206.jpg,524,524,RGB,1.0,123.0,174.1538,34.83188,17.859375
Plastic_207.jpg,Plastic,D:\Recovered Documents\Moringa\Module 5\Summative2\realwaste\realwaste-main\RealWaste\Plastic\Plastic_207.jpg,524,524,RGB,1.0,107.1,168.88239,18.105015,11.293837
Plastic_208.jpg,Plastic,D:\Recovered Documents\Moringa\Module 5\Summative2\realwaste\realwaste-main\RealWaste\Plastic\Plastic_208.jpg,524,524,RGB,1.0,121.9,172.78558,31.500414,15.981337
Plastic_209.jpg,Plastic,D:\Recovered Documents\Moringa\Module 5\Summative2\realwaste\realwaste-main\RealWaste\Plastic\Plastic_209.jpg,524,524,RGB,1.0,124.4,163.99913,28.271547,15.094184
Plastic_21.jpg,Plastic,D:\Recovered Documents\Moringa\Module 5\Summative2\realwaste\realwaste-main\RealWaste\Plastic\Plastic_21.jpg,524,524,RGB,1.0,169.4,160.92462,28.577343,60.317707
Plastic_210.jpg,Plastic,D:\Recovered Documents\Moringa\Module 5\Summative2\realwaste\realwaste-main\RealWaste\Plastic\Plastic_210.jpg,524,524,RGB,1.0,125.9,161.30006,31.584442,18.614584
Plastic_211.jpg,Plastic,D:\Recovered Documents\Moringa\Module 5\Summative2\realwaste\realwaste-main\RealWaste\Plastic\Plastic_211.jpg,524,524,RGB,1.0,124.1,156.3873,32.136284,20.053385
Plastic_212.jpg,Plastic,D:\Recovered Documents\Moringa\Module 5\Summative2\realwaste\realwaste-main\RealWaste\Plastic\Plastic_212.jpg,524,524,RGB,1.0,99.5,151.41725,58.510094,80.95573
Plastic_213.jpg,Plastic,D:\Recovered Documents\Moringa\Module 5\Summative2\realwaste\realwaste-main\RealWaste\Plastic\Plastic_213.jpg,524,524,RGB,1.0,92.9,157.05585,38.18078,21.614584
Plastic_214.jpg,Plastic,D:\Recovered Documents\Moringa\Module 5\Summative2\realwaste\realwaste-main\RealWaste\Plastic\Plastic_214.jpg,524,524,RGB,1.0,130.8,148.36877,36.22365,23.762587
Plastic_215.jpg,Plastic,D:\Recovered Documents\Moringa\Module 5\Summative2\realwaste\realwaste-main\RealWaste\Plastic\Plastic_215.jpg,524,524,RGB,1.0,105.1,163.81467,32.137714,10.378906
Plastic_216.jpg,Plastic,D:\Recovered Documents\Moringa\Module 5\Summative2\realwaste\realwaste-main\RealWaste\Plastic\Plastic_216.jpg,524,524,RGB,1.0,107.7,171.23337,24.494827,7.296875
Plastic_217.jpg,Plastic,D:\Recovered Documents\Moringa\Module 5\Summative2\realwaste\realwaste-main\RealWaste\Plastic\Plastic_217.jpg,524,524,RGB,1.0,102.5,171.75594,26.291159,6.658854
Plastic_218.jpg,Plastic,D:\Recovered Documents\Moringa\Module 5\Summative2\realwaste\realwaste-main\RealWaste\Plastic\Plastic_218.jpg,524,524,RGB,1.0,91.5,174.25882,31.690655,5.8085938
Plastic_219.jpg,Plastic,D:\Recovered Documents\Moringa\Module 5\Summative2\realwaste\realwaste-main\RealWaste\Plastic\Plastic_219.jpg,524,524,RGB,1.0,116.1,168.14381,23.544699,5.346354
Plastic_22.jpg,Plastic,D:\Recovered Documents\Moringa\Module 5\Summative2\realwaste\realwaste-main\RealWaste\Plastic\Plastic_22.jpg,524,524,RGB,1.0,172.4,157.8617,31.976772,73.77387
Plastic_220.jpg,Plastic,D:\Recovered Documents\Moringa\Module 5\Summative2\realwaste\realwaste-main\RealWaste\Plastic\Plastic_220.jpg,524,524,RGB,1.0,96.0,172.29587,40.478245,8.458333
Plastic_221.jpg,Plastic,D:\Recovered Documents\Moringa\Module 5\Summative2\realwaste\realwaste-main\RealWaste\Plastic\Plastic_221.jpg,524,524,RGB,1.0,94.4,174.00478,37.25005,7.06684
Plastic_222.jpg,Plastic,D:\Recovered Documents\Moringa\Module 5\Summative2\realwaste\realwaste-main\RealWaste\Plastic\Plastic_222.jpg,524,524,RGB,1.0,100.8,161.6522,19.438076,5.0121527
Plastic_223.jpg,Plastic,D:\Recovered Documents\Moringa\Module 5\Summative2\realwaste\realwaste-main\RealWaste\Plastic\Plastic_223.jpg,524,524,RGB,1.0,160.5,156.99638,35.193336,54.14366
Plastic_224.jpg,Plastic,D:\Recovered Documents\Moringa\Module 5\Summative2\realwaste\realwaste-main\RealWaste\Plastic\Plastic_224.jpg,524,524,RGB,1.0,128.9,157.92535,55.859737,70.9171
Plastic_225.jpg,Plastic,D:\Recovered Documents\Moringa\Module 5\Summative2\realwaste\realwaste-main\RealWaste\Plastic\Plastic_225.jpg,524,524,RGB,1.0,103.2,165.39163,23.997282,3.3324652
Plastic_226.jpg,Plastic,D:\Recovered Documents\Moringa\Module 5\Summative2\realwaste\realwaste-main\RealWaste\Plastic\Plastic_226.jpg,524,524,RGB,1.0,101.7,165.20442,29.565924,12.304254
Plastic_227.jpg,Plastic,D:\Recovered Documents\Moringa\Module 5\Summative2\realwaste\realwaste-main\RealWaste\Plastic\Plastic_227.jpg,524,524,RGB,1.0,77.8,162.93085,23.818964,5.4635415
Plastic_228.jpg,Plastic,D:\Recovered Documents\Moringa\Module 5\Summative2\realwaste\realwaste-main\RealWaste\Plastic\Plastic_228.jpg,524,524,RGB,1.0,84.1,162.26534,21.66872,4.8467884
Plastic_229.jpg,Plastic,D:\Recovered Documents\Moringa\Module 5\Summative2\realwaste\realwaste-main\RealWaste\Plastic\Plastic_229.jpg,524,524,RGB,1.0,106.4,172.02386,25.882357,5.2304688
Plastic_23.jpg,Plastic,D:\Recovered Documents\Moringa\Module 5\Summative2\realwaste\realwaste-main\RealWaste\Plastic\Plastic_23.jpg,524,524,RGB,1.0,156.4,160.13469,28.324648,65.801216
Plastic_230.jpg,Plastic,D:\Recovered Documents\Moringa\Module 5\Summative2\realwaste\realwaste-main\RealWaste\Plastic\Plastic_230.jpg,524,524,RGB,1.0,93.9,172.81279,34.629646,6.1974826
Plastic_231.jpg,Plastic,D:\Recovered Documents\Moringa\Module 5\Summative2\realwaste\realwaste-main\RealWaste\Plastic\Plastic_231.jpg,524,524,RGB,1.0,121.5,164.29051,30.44889,16.91493
Plastic_232.jpg,Plastic,D:\Recovered Documents\Moringa\Module 5\Summative2\realwaste\realwaste-main\RealWaste\Plastic\Plastic_232.jpg,524,524,RGB,1.0,115.4,162.78574,26.919575,14.126302
Plastic_233.jpg,Plastic,D:\Recovered Documents\Moringa\Module 5\Summative2\realwaste\realwaste-main\RealWaste\Plastic\Plastic_233.jpg,524,524,RGB,1.0,117.4,162.11676,22.433397,18.506945
Plastic_234.jpg,Plastic,D:\Recovered Documents\Moringa\Module 5\Summative2\realwaste\realwaste-main\RealWaste\Plastic\Plastic_234.jpg,524,524,RGB,1.0,82.7,163.91826,35.45618,19.42361
Plastic_235.jpg,Plastic,D:\Recovered Documents\Moringa\Module 5\Summative2\realwaste\realwaste-main\RealWaste\Plastic\Plastic_235.jpg,524,524,RGB,1.0,155.2,153.78357,37.577896,90.13672
Plastic_236.jpg,Plastic,D:\Recovered Documents\Moringa\Module 5\Summative2\realwaste\realwaste-main\RealWaste\Plastic\Plastic_236.jpg,524,524,RGB,1.0,83.3,165.6331,27.673578,13.437066
Plastic_237.jpg,Plastic,D:\Recovered Documents\Moringa\Module 5\Summative2\realwaste\realwaste-main\RealWaste\Plastic\Plastic_237.jpg,524,524,RGB,1.0,112.1,164.30281,32.579334,16.318142
Plastic_238.jpg,Plastic,D:\Recovered Documents\Moringa\Module 5\Summative2\realwaste\realwaste-main\RealWaste\Plastic\Plastic_238.jpg,524,524,RGB,1.0,115.3,164.5638,25.743128,16.703125
Plastic_239.jpg,Plastic,D:\Recovered Documents\Moringa\Module 5\Summative2\realwaste\realwaste-main\RealWaste\Plastic\Plastic_239.jpg,524,524,RGB,1.0,88.9,163.59679,24.709316,9.746962
Plastic_24.jpg,Plastic,D:\Recovered Documents\Moringa\Module 5\Summative2\realwaste\realwaste-main\RealWaste\Plastic\Plastic_24.jpg,524,524,RGB,1.0,142.2,156.12514,55.881935,83.88715
Plastic_240.jpg,Plastic,D:\Recovered Documents\Moringa\Module 5\Summative2\realwaste\realwaste-main\RealWaste\Plastic\Plastic_240.jpg,524,524,RGB,1.0,90.9,154.79529,65.0754,40.810764
Plastic_241.jpg,Plastic,D:\Recovered Documents\Moringa\Module 5\Summative2\realwaste\realwaste-main\RealWaste\Plastic\Plastic_241.jpg,524,524,RGB,1.0,93.0,166.77922,51.582825,36.966145
Plastic_242.jpg,Plastic,D:\Recovered Documents\Moringa\Module 5\Summative2\realwaste\realwaste-main\RealWaste\Plastic\Plastic_242.jpg,524,524,RGB,1.0,108.3,170.12268,42.901966,19.518229
Plastic_243.jpg,Plastic,D:\Recovered Documents\Moringa\Module 5\Summative2\realwaste\realwaste-main\RealWaste\Plastic\Plastic_243.jpg,524,524,RGB,1.0,110.4,154.24045,67.91614,48.744358
Plastic_244.jpg,Plastic,D:\Recovered Documents\Moringa\Module 5\Summative2\realwaste\realwaste-main\RealWaste\Plastic\Plastic_244.jpg,524,524,RGB,1.0,103.1,159.69792,70.55034,44.230904
Plastic_245.jpg,Plastic,D:\Recovered Documents\Moringa\Module 5\Summative2\realwaste\realwaste-main\RealWaste\Plastic\Plastic_245.jpg,524,524,RGB,1.0,124.9,147.30194,69.1756,51.383247
Plastic_246.jpg,Plastic,D:\Recovered Documents\Moringa\Module 5\Summative2\realwaste\realwaste-main\RealWaste\Plastic\Plastic_246.jpg,524,524,RGB,1.0,144.7,146.73424,39.254707,92.02821
Plastic_247.jpg,Plastic,D:\Recovered Documents\Moringa\Module 5\Summative2\realwaste\realwaste-main\RealWaste\Plastic\Plastic_247.jpg,524,524,RGB,1.0,110.0,168.35533,61.100918,19.52257
Plastic_248.jpg,Plastic,D:\Recovered Documents\Moringa\Module 5\Summative2\realwaste\realwaste-main\RealWaste\Plastic\Plastic_248.jpg,524,524,RGB,1.0,76.4,154.44922,38.15139,22.533854
Plastic_249.jpg,Plastic,D:\Recovered Documents\Moringa\Module 5\Summative2\realwaste\realwaste-main\RealWaste\Plastic\Plastic_249.jpg,524,524,RGB,1.0,125.6,170.05295,56.34368,12.016059
Plastic_25.jpg,Plastic,D:\Recovered Documents\Moringa\Module 5\Summative2\realwaste\realwaste-main\RealWaste\Plastic\Plastic_25.jpg,524,524,RGB,1.0,144.7,160.03053,53.25739,77.69965
Plastic_250.jpg,Plastic,D:\Recovered Documents\Moringa\Module 5\Summative2\realwaste\realwaste-main\RealWaste\Plastic\Plastic_250.jpg,524,524,RGB,1.0,100.0,169.08232,21.994726,3.751302
Plastic_251.jpg,Plastic,D:\Recovered Documents\Moringa\Module 5\Summative2\realwaste\realwaste-main\RealWaste\Plastic\Plastic_251.jpg,524,524,RGB,1.0,104.9,170.42274,25.167904,4.936632
Plastic_252.jpg,Plastic,D:\Recovered Documents\Moringa\Module 5\Summative2\realwaste\realwaste-main\RealWaste\Plastic\Plastic_252.jpg,524,524,RGB,1.0,86.8,175.41985,22.004358,7.292101
Plastic_253.jpg,Plastic,D:\Recovered Documents\Moringa\Module 5\Summative2\realwaste\realwaste-main\RealWaste\Plastic\Plastic_253.jpg,524,524,RGB,1.0,106.6,170.06482,27.832317,7.6280384
Plastic_254.jpg,Plastic,D:\Recovered Documents\Moringa\Module 5\Summative2\realwaste\realwaste-main\RealWaste\Plastic\Plastic_254.jpg,524,524,RGB,1.0,107.1,171.7448,24.211206,2.8650174
Plastic_255.jpg,Plastic,D:\Recovered Documents\Moringa\Module 5\Summative2\realwaste\realwaste-main\RealWaste\Plastic\Plastic_255.jpg,524,524,RGB,1.0,98.7,172.07928,27.811096,4.239149
Plastic_256.jpg,Plastic,D:\Recovered Documents\Moringa\Module 5\Summative2\realwaste\realwaste-main\RealWaste\Plastic\Plastic_256.jpg,524,524,RGB,1.0,99.1,172.38788,30.134434,8.46007
Plastic_257.jpg,Plastic,D:\Recovered Documents\Moringa\Module 5\Summative2\realwaste\realwaste-main\RealWaste\Plastic\Plastic_257.jpg,524,524,RGB,1.0,150.6,155.51143,49.525013,88.985245
Plastic_258.jpg,Plastic,D:\Recovered Documents\Moringa\Module 5\Summative2\realwaste\realwaste-main\RealWaste\Plastic\Plastic_258.jpg,524,524,RGB,1.0,107.0,159.73842,27.883617,7.6614585
Plastic_259.jpg,Plastic,D:\Recovered Documents\Moringa\Module 5\Summative2\realwaste\realwaste-main\RealWaste\Plastic\Plastic_259.jpg,524,524,RGB,1.0,101.2,166.6344,23.203554,7.201389
Plastic_26.jpg,Plastic,D:\Recovered Documents\Moringa\Module 5\Summative2\realwaste\realwaste-main\RealWaste\Plastic\Plastic_26.jpg,524,524,RGB,1.0,155.7,155.13715,30.93603,65.97266
Plastic_260.jpg,Plastic,D:\Recovered Documents\Moringa\Module 5\Summative2\realwaste\realwaste-main\RealWaste\Plastic\Plastic_260.jpg,524,524,RGB,1.0,82.4,169.56873,22.422453,5.7087674
Plastic_261.jpg,Plastic,D:\Recovered Documents\Moringa\Module 5\Summative2\realwaste\realwaste-main\RealWaste\Plastic\Plastic_261.jpg,524,524,RGB,1.0,97.9,167.08087,25.093395,7.986111
Plastic_262.jpg,Plastic,D:\Recovered Documents\Moringa\Module 5\Summative2\realwaste\realwaste-main\RealWaste\Plastic\Plastic_262.jpg,524,524,RGB,1.0,123.7,159.9987,24.013876,16.437935
Plastic_263.jpg,Plastic,D:\Recovered Documents\Moringa\Module 5\Summative2\realwaste\realwaste-main\RealWaste\Plastic\Plastic_263.jpg,524,524,RGB,1.0,174.5,164.73235,21.47394,17.384983
Plastic_264.jpg,Plastic,D:\Recovered Documents\Moringa\Module 5\Summative2\realwaste\realwaste-main\RealWaste\Plastic\Plastic_264.jpg,524,524,RGB,1.0,98.5,164.7448,29.22172,16.41493
Plastic_265.jpg,Plastic,D:\Recovered Documents\Moringa\Module 5\Summative2\realwaste\realwaste-main\RealWaste\Plastic\Plastic_265.jpg,524,524,RGB,1.0,97.9,161.03096,40.20521,39.950954
Plastic_266.jpg,Plastic,D:\Recovered Documents\Moringa\Module 5\Summative2\realwaste\realwaste-main\RealWaste\Plastic\Plastic_266.jpg,524,524,RGB,1.0,174.3,158.44893,29.629892,21.80165
Plastic_267.jpg,Plastic,D:\Recovered Documents\Moringa\Module 5\Summative2\realwaste\realwaste-main\RealWaste\Plastic\Plastic_267.jpg,524,524,RGB,1.0,150.3,152.66348,34.814457,34.021267
Plastic_268.jpg,Plastic,D:\Recovered Documents\Moringa\Module 5\Summative2\realwaste\realwaste-main\RealWaste\Plastic\Plastic_268.jpg,524,524,RGB,1.0,174.8,143.91464,42.284214,76.72135
Plastic_269.jpg,Plastic,D:\Recovered Documents\Moringa\Module 5\Summative2\realwaste\realwaste-main\RealWaste\Plastic\Plastic_269.jpg,524,524,RGB,1.0,152.3,156.9498,25.867474,19.845053
Plastic_27.jpg,Plastic,D:\Recovered Documents\Moringa\Module 5\Summative2\realwaste\realwaste-main\RealWaste\Plastic\Plastic_27.jpg,524,524,RGB,1.0,95.5,151.34895,32.197395,74.82075
Plastic_270.jpg,Plastic,D:\Recovered Documents\Moringa\Module 5\Summative2\realwaste\realwaste-main\RealWaste\Plastic\Plastic_270.jpg,524,524,RGB,1.0,160.4,154.40205,26.14194,29.7921
Plastic_271.jpg,Plastic,D:\Recovered Documents\Moringa\Module 5\Summative2\realwaste\realwaste-main\RealWaste\Plastic\Plastic_271.jpg,524,524,RGB,1.0,174.0,167.63802,35.5911,17.510416
Plastic_272.jpg,Plastic,D:\Recovered Documents\Moringa\Module 5\Summative2\realwaste\realwaste-main\RealWaste\Plastic\Plastic_272.jpg,524,524,RGB,1.0,181.2,160.9971,46.50246,19.588541
Plastic_273.jpg,Plastic,D:\Recovered Documents\Moringa\Module 5\Summative2\realwaste\realwaste-main\RealWaste\Plastic\Plastic_273.jpg,524,524,RGB,1.0,170.0,158.99377,28.018152,22.56901
Plastic_274.jpg,Plastic,D:\Recovered Documents\Moringa\Module 5\Summative2\realwaste\realwaste-main\RealWaste\Plastic\Plastic_274.jpg,524,524,RGB,1.0,157.1,155.31728,31.772137,33.78472
Plastic_275.jpg,Plastic,D:\Recovered Documents\Moringa\Module 5\Summative2\realwaste\realwaste-main\RealWaste\Plastic\Plastic_275.jpg,524,524,RGB,1.0,184.5,152.2665,43.57938,31.118923
Plastic_276.jpg,Plastic,D:\Recovered Documents\Moringa\Module 5\Summative2\realwaste\realwaste-main\RealWaste\Plastic\Plastic_276.jpg,524,524,RGB,1.0,114.6,151.3695,69.261826,29.261284
Plastic_277.jpg,Plastic,D:\Recovered Documents\Moringa\Module 5\Summative2\realwaste\realwaste-main\RealWaste\Plastic\Plastic_277.jpg,524,524,RGB,1.0,95.1,153.1033,29.28237,17.800346
Plastic_278.jpg,Plastic,D:\Recovered Documents\Moringa\Module 5\Summative2\realwaste\realwaste-main\RealWaste\Plastic\Plastic_278.jpg,524,524,RGB,1.0,90.4,164.85286,42.179024,19.248697
Plastic_279.jpg,Plastic,D:\Recovered Documents\Moringa\Module 5\Summative2\realwaste\realwaste-main\RealWaste\Plastic\Plastic_279.jpg,524,524,RGB,1.0,168.5,144.3248,41.89309,67.66797
Plastic_28.jpg,Plastic,D:\Recovered Documents\Moringa\Module 5\Summative2\realwaste\realwaste-main\RealWaste\Plastic\Plastic_28.jpg,524,524,RGB,1.0,153.6,150.07942,33.38521,70.91797
Plastic_280.jpg,Plastic,D:\Recovered Documents\Moringa\Module 5\Summative2\realwaste\realwaste-main\RealWaste\Plastic\Plastic_280.jpg,524,524,RGB,1.0,126.6,159.8206,34.265923,19.845053
Plastic_281.jpg,Plastic,D:\Recovered Documents\Moringa\Module 5\Summative2\realwaste\realwaste-main\RealWaste\Plastic\Plastic_281.jpg,524,524,RGB,1.0,183.0,155.66493,47.06827,42.794704
Plastic_282.jpg,Plastic,D:\Recovered Documents\Moringa\Module 5\Summative2\realwaste\realwaste-main\RealWaste\Plastic\Plastic_282.jpg,524,524,RGB,1.0,185.5,152.86806,33.51614,38.302517
Plastic_283.jpg,Plastic,D:\Recovered Documents\Moringa\Module 5\Summative2\realwaste\realwaste-main\RealWaste\Plastic\Plastic_283.jpg,524,524,RGB,1.0,134.0,169.04326,26.32441,20.73264
Plastic_284.jpg,Plastic,D:\Recovered Documents\Moringa\Module 5\Summative2\realwaste\realwaste-main\RealWaste\Plastic\Plastic_284.jpg,524,524,RGB,1.0,166.3,156.5392,25.858973,27.813368
Plastic_285.jpg,Plastic,D:\Recovered Documents\Moringa\Module 5\Summative2\realwaste\realwaste-main\RealWaste\Plastic\Plastic_285.jpg,524,524,RGB,1.0,152.7,150.42145,31.404253,22.879774
Plastic_286.jpg,Plastic,D:\Recovered Documents\Moringa\Module 5\Summative2\realwaste\realwaste-main\RealWaste\Plastic\Plastic_286.jpg,524,524,RGB,1.0,147.0,161.9877,39.910995,31.403212
Plastic_287.jpg,Plastic,D:\Recovered Documents\Moringa\Module 5\Summative2\realwaste\realwaste-main\RealWaste\Plastic\Plastic_287.jpg,524,524,RGB,1.0,183.0,154.01881,31.458609,25.036024
Plastic_288.jpg,Plastic,D:\Recovered Documents\Moringa\Module 5\Summative2\realwaste\realwaste-main\RealWaste\Plastic\Plastic_288.jpg,524,524,RGB,1.0,184.9,162.86183,34.32333,33.4796
Plastic_289.jpg,Plastic,D:\Recovered Documents\Moringa\Module 5\Summative2\realwaste\realwaste-main\RealWaste\Plastic\Plastic_289.jpg,524,524,RGB,1.0,108.9,168.87457,39.762966,29.256945
Plastic_29.jpg,Plastic,D:\Recovered Documents\Moringa\Module 5\Summative2\realwaste\realwaste-main\RealWaste\Plastic\Plastic_29.jpg,524,524,RGB,1.0,166.5,157.2228,56.782047,79.14193
Plastic_290.jpg,Plastic,D:\Recovered Documents\Moringa\Module 5\Summative2\realwaste\realwaste-main\RealWaste\Plastic\Plastic_290.jpg,524,524,RGB,1.0,171.4,144.84837,40.295113,57.45486
Plastic_291.jpg,Plastic,D:\Recovered Documents\Moringa\Module 5\Summative2\realwaste\realwaste-main\RealWaste\Plastic\Plastic_291.jpg,524,524,RGB,1.0,181.1,163.61864,40.649826,31.141493
Plastic_292.jpg,Plastic,D:\Recovered Documents\Moringa\Module 5\Summative2\realwaste\realwaste-main\RealWaste\Plastic\Plastic_292.jpg,524,524,RGB,1.0,184.1,166.19589,23.686804,19.995659
Plastic_293.jpg,Plastic,D:\Recovered Documents\Moringa\Module 5\Summative2\realwaste\realwaste-main\RealWaste\Plastic\Plastic_293.jpg,524,524,RGB,1.0,208.7,160.66261,23.392488,24.217447
Plastic_294.jpg,Plastic,D:\Recovered Documents\Moringa\Module 5\Summative2\realwaste\realwaste-main\RealWaste\Plastic\Plastic_294.jpg,524,524,RGB,1.0,210.6,162.07668,24.328865,25.897135
Plastic_295.jpg,Plastic,D:\Recovered Documents\Moringa\Module 5\Summative2\realwaste\realwaste-main\RealWaste\Plastic\Plastic_295.jpg,524,524,RGB,1.0,181.2,155.74364,30.83124,27.161892
Plastic_296.jpg,Plastic,D:\Recovered Documents\Moringa\Module 5\Summative2\realwaste\realwaste-main\RealWaste\Plastic\Plastic_296.jpg,524,524,RGB,1.0,123.1,156.6114,34.191376,22.501736
Plastic_297.jpg,Plastic,D:\Recovered Documents\Moringa\Module 5\Summative2\realwaste\realwaste-main\RealWaste\Plastic\Plastic_297.jpg,524,524,RGB,1.0,153.9,157.82596,36.388187,37.662327
Plastic_298.jpg,Plastic,D:\Recovered Documents\Moringa\Module 5\Summative2\realwaste\realwaste-main\RealWaste\Plastic\Plastic_298.jpg,524,524,RGB,1.0,160.7,163.91913,31.524025,37.195747
Plastic_299.jpg,Plastic,D:\Recovered Documents\Moringa\Module 5\Summative2\realwaste\realwaste-main\RealWaste\Plastic\Plastic_299.jpg,524,524,RGB,1.0,140.4,151.84837,37.03172,44.437935
Plastic_3.jpg,Plastic,D:\Recovered Documents\Moringa\Module 5\Summative2\realwaste\realwaste-main\RealWaste\Plastic\Plastic_3.jpg,524,524,RGB,1.0,143.9,149.25116,44.389275,104.00521
Plastic_30.jpg,Plastic,D:\Recovered Documents\Moringa\Module 5\Summative2\realwaste\realwaste-main\RealWaste\Plastic\Plastic_30.jpg,524,524,RGB,1.0,150.0,157.99464,50.8406,76.755646
Plastic_300.jpg,Plastic,D:\Recovered Documents\Moringa\Module 5\Summative2\realwaste\realwaste-main\RealWaste\Plastic\Plastic_300.jpg,524,524,RGB,1.0,135.7,150.99667,37.479572,44.249565
Plastic_301.jpg,Plastic,D:\Recovered Documents\Moringa\Module 5\Summative2\realwaste\realwaste-main\RealWaste\Plastic\Plastic_301.jpg,524,524,RGB,1.0,135.5,144.99509,38.21219,96.24913
Plastic_302.jpg,Plastic,D:\Recovered Documents\Moringa\Module 5\Summative2\realwaste\realwaste-main\RealWaste\Plastic\Plastic_302.jpg,524,524,RGB,1.0,140.6,149.56554,35.688595,49.28559
Plastic_303.jpg,Plastic,D:\Recovered Documents\Moringa\Module 5\Summative2\realwaste\realwaste-main\RealWaste\Plastic\Plastic_303.jpg,524,524,RGB,1.0,93.6,161.5573,31.028038,38.12717
Plastic_304.jpg,Plastic,D:\Recovered Documents\Moringa\Module 5\Summative2\realwaste\realwaste-main\RealWaste\Plastic\Plastic_304.jpg,524,524,RGB,1.0,151.3,157.08897,36.31054,36.056858
Plastic_305.jpg,Plastic,D:\Recovered Documents\Moringa\Module 5\Summative2\realwaste\realwaste-main\RealWaste\Plastic\Plastic_305.jpg,524,524,RGB,1.0,155.1,160.8044,30.548407,40.178818
Plastic_306.jpg,Plastic,D:\Recovered Documents\Moringa\Module 5\Summative2\realwaste\realwaste-main\RealWaste\Plastic\Plastic_306.jpg,524,524,RGB,1.0,162.0,153.04283,33.052505,27.238716
Plastic_307.jpg,Plastic,D:\Recovered Documents\Moringa\Module 5\Summative2\realwaste\realwaste-main\RealWaste\Plastic\Plastic_307.jpg,524,524,RGB,1.0,149.7,146.24538,42.901447,36.178818
Plastic_308.jpg,Plastic,D:\Recovered Documents\Moringa\Module 5\Summative2\realwaste\realwaste-main\RealWaste\Plastic\Plastic_308.jpg,524,524,RGB,1.0,109.1,155.35228,33.025486,27.255209
Plastic_309.jpg,Plastic,D:\Recovered Documents\Moringa\Module 5\Summative2\realwaste\realwaste-main\RealWaste\Plastic\Plastic_309.jpg,524,524,RGB,1.0,153.6,148.02663,35.775856,31.240452
Plastic_31.jpg,Plastic,D:\Recovered Documents\Moringa\Module 5\Summative2\realwaste\realwaste-main\RealWaste\Plastic\Plastic_31.jpg,524,524,RGB,1.0,126.7,158.47395,37.95111,26.480469
Plastic_310.jpg,Plastic,D:\Recovered Documents\Moringa\Module 5\Summative2\realwaste\realwaste-main\RealWaste\Plastic\Plastic_310.jpg,524,524,RGB,1.0,141.2,159.3779,30.632555,24.707031
Plastic_311.jpg,Plastic,D:\Recovered Documents\Moringa\Module 5\Summative2\realwaste\realwaste-main\RealWaste\Plastic\Plastic_311.jpg,524,524,RGB,1.0,159.4,152.76924,39.778214,43.139755
Plastic_312.jpg,Plastic,D:\Recovered Documents\Moringa\Module 5\Summative2\realwaste\realwaste-main\RealWaste\Plastic\Plastic_312.jpg,524,524,RGB,1.0,148.5,150.60634,38.011864,88.552086
Plastic_313.jpg,Plastic,D:\Recovered Documents\Moringa\Module 5\Summative2\realwaste\realwaste-main\RealWaste\Plastic\Plastic_313.jpg,524,524,RGB,1.0,99.7,171.3287,37.524734,6.83941
Plastic_314.jpg,Plastic,D:\Recovered Documents\Moringa\Module 5\Summative2\realwaste\realwaste-main\RealWaste\Plastic\Plastic_314.jpg,524,524,RGB,1.0,143.2,156.57002,31.311985,22.477865
Plastic_315.jpg,Plastic,D:\Recovered Documents\Moringa\Module 5\Summative2\realwaste\realwaste-main\RealWaste\Plastic\Plastic_315.jpg,524,524,RGB,1.0,186.7,154.3682,56.13808,29.01606
Plastic_316.jpg,Plastic,D:\Recovered Documents\Moringa\Module 5\Summative2\realwaste\realwaste-main\RealWaste\Plastic\Plastic_316.jpg,524,524,RGB,1.0,214.8,142.47902,62.606426,27.144096
Plastic_317.jpg,Plastic,D:\Recovered Documents\Moringa\Module 5\Summative2\realwaste\realwaste-main\RealWaste\Plastic\Plastic_317.jpg,524,524,RGB,1.0,187.0,154.71513,57.79897,31.699654
Plastic_318.jpg,Plastic,D:\Recovered Documents\Moringa\Module 5\Summative2\realwaste\realwaste-main\RealWaste\Plastic\Plastic_318.jpg,524,524,RGB,1.0,188.6,135.68953,67.94941,36.505642
Plastic_319.jpg,Plastic,D:\Recovered Documents\Moringa\Module 5\Summative2\realwaste\realwaste-main\RealWaste\Plastic\Plastic_319.jpg,524,524,RGB,1.0,195.6,164.29688,21.440516,15.625434
Plastic_32.jpg,Plastic,D:\Recovered Documents\Moringa\Module 5\Summative2\realwaste\realwaste-main\RealWaste\Plastic\Plastic_32.jpg,524,524,RGB,1.0,159.7,154.9184,33.910023,36.610245
Plastic_320.jpg,Plastic,D:\Recovered Documents\Moringa\Module 5\Summative2\realwaste\realwaste-main\RealWaste\Plastic\Plastic_320.jpg,524,524,RGB,1.0,197.3,164.52922,26.343666,18.51085
Plastic_321.jpg,Plastic,D:\Recovered Documents\Moringa\Module 5\Summative2\realwaste\realwaste-main\RealWaste\Plastic\Plastic_321.jpg,524,524,RGB,1.0,200.2,164.96774,32.834866,14.907552
Plastic_322.jpg,Plastic,D:\Recovered Documents\Moringa\Module 5\Summative2\realwaste\realwaste-main\RealWaste\Plastic\Plastic_322.jpg,524,524,RGB,1.0,198.8,164.55426,31.995144,17.003906
Plastic_323.jpg,Plastic,D:\Recovered Documents\Moringa\Module 5\Summative2\realwaste\realwaste-main\RealWaste\Plastic\Plastic_323.jpg,524,524,RGB,1.0,152.2,150.29369,34.21831,90.41363
Plastic_324.jpg,Plastic,D:\Recovered Documents\Moringa\Module 5\Summative2\realwaste\realwaste-main\RealWaste\Plastic\Plastic_324.jpg,524,524,RGB,1.0,195.7,165.02402,39.544792,18.064236
Plastic_325.jpg,Plastic,D:\Recovered Documents\Moringa\Module 5\Summative2\realwaste\realwaste-main\RealWaste\Plastic\Plastic_325.jpg,524,524,RGB,1.0,207.6,162.44734,31.097212,25.253906
Plastic_326.jpg,Plastic,D:\Recovered Documents\Moringa\Module 5\Summative2\realwaste\realwaste-main\RealWaste\Plastic\Plastic_326.jpg,524,524,RGB,1.0,98.1,166.90668,23.539974,8.0755205
Plastic_327.jpg,Plastic,D:\Recovered Documents\Moringa\Module 5\Summative2\realwaste\realwaste-main\RealWaste\Plastic\Plastic_327.jpg,524,524,RGB,1.0,159.1,154.29283,43.49885,34.25955
Plastic_328.jpg,Plastic,D:\Recovered Documents\Moringa\Module 5\Summative2\realwaste\realwaste-main\RealWaste\Plastic\Plastic_328.jpg,524,524,RGB,1.0,160.2,154.7733,38.609924,36.945312
Plastic_329.jpg,Plastic,D:\Recovered Documents\Moringa\Module 5\Summative2\realwaste\realwaste-main\RealWaste\Plastic\Plastic_329.jpg,524,524,RGB,1.0,149.5,149.14685,45.775524,35.734375
Plastic_33.jpg,Plastic,D:\Recovered Documents\Moringa\Module 5\Summative2\realwaste\realwaste-main\RealWaste\Plastic\Plastic_33.jpg,524,524,RGB,1.0,142.4,163.25911,42.857277,32.95703
Plastic_330.jpg,Plastic,D:\Recovered Documents\Moringa\Module 5\Summative2\realwaste\realwaste-main\RealWaste\Plastic\Plastic_330.jpg,524,524,RGB,1.0,126.2,163.31134,38.133354,27.541233
Plastic_331.jpg,Plastic,D:\Recovered Documents\Moringa\Module 5\Summative2\realwaste\realwaste-main\RealWaste\Plastic\Plastic_331.jpg,524,524,RGB,1.0,98.4,155.13339,40.36827,58.554253
Plastic_332.jpg,Plastic,D:\Recovered Documents\Moringa\Module 5\Summative2\realwaste\realwaste-main\RealWaste\Plastic\Plastic_332.jpg,524,524,RGB,1.0,153.0,148.81424,42.595047,60.13151
Plastic_333.jpg,Plastic,D:\Recovered Documents\Moringa\Module 5\Summative2\realwaste\realwaste-main\RealWaste\Plastic\Plastic_333.jpg,524,524,RGB,1.0,114.9,159.39192,36.151115,43.88672
Plastic_334.jpg,Plastic,D:\Recovered Documents\Moringa\Module 5\Summative2\realwaste\realwaste-main\RealWaste\Plastic\Plastic_334.jpg,524,524,RGB,1.0,155.1,151.42245,39.359974,67.0434
Plastic_335.jpg,Plastic,D:\Recovered Documents\Moringa\Module 5\Summative2\realwaste\realwaste-main\RealWaste\Plastic\Plastic_335.jpg,524,524,RGB,1.0,135.6,157.22598,36.4105,74.56076
Plastic_336.jpg,Plastic,D:\Recovered Documents\Moringa\Module 5\Summative2\realwaste\realwaste-main\RealWaste\Plastic\Plastic_336.jpg,524,524,RGB,1.0,146.0,145.67982,42.379665,44.15755
Plastic_337.jpg,Plastic,D:\Recovered Documents\Moringa\Module 5\Summative2\realwaste\realwaste-main\RealWaste\Plastic\Plastic_337.jpg,524,524,RGB,1.0,156.5,158.48886,40.587128,38.81467
Plastic_338.jpg,Plastic,D:\Recovered Documents\Moringa\Module 5\Summative2\realwaste\realwaste-main\RealWaste\Plastic\Plastic_338.jpg,524,524,RGB,1.0,137.9,158.94603,40.07928,45.71962
Plastic_339.jpg,Plastic,D:\Recovered Documents\Moringa\Module 5\Summative2\realwaste\realwaste-main\RealWaste\Plastic\Plastic_339.jpg,524,524,RGB,1.0,121.5,161.70341,35.336384,13.951389
Plastic_34.jpg,Plastic,D:\Recovered Documents\Moringa\Module 5\Summative2\realwaste\realwaste-main\RealWaste\Plastic\Plastic_34.jpg,524,524,RGB,1.0,154.2,159.66638,34.46381,31.585503
Plastic_340.jpg,Plastic,D:\Recovered Documents\Moringa\Module 5\Summative2\realwaste\realwaste-main\RealWaste\Plastic\Plastic_340.jpg,524,524,RGB,1.0,147.2,156.39178,39.077625,14.609375
Plastic_341.jpg,Plastic,D:\Recovered Documents\Moringa\Module 5\Summative2\realwaste\realwaste-main\RealWaste\Plastic\Plastic_341.jpg,524,524,RGB,1.0,132.7,164.89902,42.382774,17.019966
Plastic_342.jpg,Plastic,D:\Recovered Documents\Moringa\Module 5\Summative2\realwaste\realwaste-main\RealWaste\Plastic\Plastic_342.jpg,524,524,RGB,1.0,145.9,157.19806,43.32665,18.792534
Plastic_343.jpg,Plastic,D:\Recovered Documents\Moringa\Module 5\Summative2\realwaste\realwaste-main\RealWaste\Plastic\Plastic_343.jpg,524,524,RGB,1.0,181.0,163.67911,30.838997,26.360243
Plastic_344.jpg,Plastic,D:\Recovered Documents\Moringa\Module 5\Summative2\realwaste\realwaste-main\RealWaste\Plastic\Plastic_344.jpg,524,524,RGB,1.0,149.7,160.61053,31.835896,29.01389
Plastic_345.jpg,Plastic,D:\Recovered Documents\Moringa\Module 5\Summative2\realwaste\realwaste-main\RealWaste\Plastic\Plastic_345.jpg,524,524,RGB,1.0,154.2,163.0039,33.41439,24.252604
Plastic_346.jpg,Plastic,D:\Recovered Documents\Moringa\Module 5\Summative2\realwaste\realwaste-main\RealWaste\Plastic\Plastic_346.jpg,524,524,RGB,1.0,131.0,140.25188,44.128826,96.71484
Plastic_347.jpg,Plastic,D:\Recovered Documents\Moringa\Module 5\Summative2\realwaste\realwaste-main\RealWaste\Plastic\Plastic_347.jpg,524,524,RGB,1.0,154.2,158.62833,29.145594,51.727863
Plastic_348.jpg,Plastic,D:\Recovered Documents\Moringa\Module 5\Summative2\realwaste\realwaste-main\RealWaste\Plastic\Plastic_348.jpg,524,524,RGB,1.0,149.1,155.88136,35.933533,29.641928
Plastic_349.jpg,Plastic,D:\Recovered Documents\Moringa\Module 5\Summative2\realwaste\realwaste-main\RealWaste\Plastic\Plastic_349.jpg,524,524,RGB,1.0,150.8,154.31337,32.68035,48.04731
Plastic_35.jpg,Plastic,D:\Recovered Documents\Moringa\Module 5\Summative2\realwaste\realwaste-main\RealWaste\Plastic\Plastic_35.jpg,524,524,RGB,1.0,128.9,148.17853,37.21147,92.458336
Plastic_350.jpg,Plastic,D:\Recovered Documents\Moringa\Module 5\Summative2\realwaste\realwaste-main\RealWaste\Plastic\Plastic_350.jpg,524,524,RGB,1.0,152.4,160.01736,33.007935,26.491753
Plastic_351.jpg,Plastic,D:\Recovered Documents\Moringa\Module 5\Summative2\realwaste\realwaste-main\RealWaste\Plastic\Plastic_351.jpg,524,524,RGB,1.0,149.7,163.61198,25.701706,40.841145
Plastic_352.jpg,Plastic,D:\Recovered Documents\Moringa\Module 5\Summative2\realwaste\realwaste-main\RealWaste\Plastic\Plastic_352.jpg,524,524,RGB,1.0,151.7,165.74754,28.690311,39.964844
Plastic_353.jpg,Plastic,D:\Recovered Documents\Moringa\Module 5\Summative2\realwaste\realwaste-main\RealWaste\Plastic\Plastic_353.jpg,524,524,RGB,1.0,149.6,165.88846,29.506916,41.433594
Plastic_354.jpg,Plastic,D:\Recovered Documents\Moringa\Module 5\Summative2\realwaste\realwaste-main\RealWaste\Plastic\Plastic_354.jpg,524,524,RGB,1.0,161.1,159.93533,34.6459,13.782552
Plastic_355.jpg,Plastic,D:\Recovered Documents\Moringa\Module 5\Summative2\realwaste\realwaste-main\RealWaste\Plastic\Plastic_355.jpg,524,524,RGB,1.0,149.9,158.31612,39.036102,25.743923
Plastic_356.jpg,Plastic,D:\Recovered Documents\Moringa\Module 5\Summative2\realwaste\realwaste-main\RealWaste\Plastic\Plastic_356.jpg,524,524,RGB,1.0,153.9,149.23119,39.894135,27.965712
Plastic_357.jpg,Plastic,D:\Recovered Documents\Moringa\Module 5\Summative2\realwaste\realwaste-main\RealWaste\Plastic\Plastic_357.jpg,524,524,RGB,1.0,137.3,131.53111,43.122936,104.11198
Plastic_358.jpg,Plastic,D:\Recovered Documents\Moringa\Module 5\Summative2\realwaste\realwaste-main\RealWaste\Plastic\Plastic_358.jpg,524,524,RGB,1.0,159.5,157.50739,40.126354,23.683594
Plastic_359.jpg,Plastic,D:\Recovered Documents\Moringa\Module 5\Summative2\realwaste\realwaste-main\RealWaste\Plastic\Plastic_359.jpg,524,524,RGB,1.0,149.2,155.12543,35.889194,31.153212
Plastic_36.jpg,Plastic,D:\Recovered Documents\Moringa\Module 5\Summative2\realwaste\realwaste-main\RealWaste\Plastic\Plastic_36.jpg,524,524,RGB,1.0,157.0,149.13802,35.952293,78.97396
Plastic_360.jpg,Plastic,D:\Recovered Documents\Moringa\Module 5\Summative2\realwaste\realwaste-main\RealWaste\Plastic\Plastic_360.jpg,524,524,RGB,1.0,127.2,161.75333,36.941494,31.388454
Plastic_361.jpg,Plastic,D:\Recovered Documents\Moringa\Module 5\Summative2\realwaste\realwaste-main\RealWaste\Plastic\Plastic_361.jpg,524,524,RGB,1.0,143.6,145.2108,39.364388,23.805122
Plastic_362.jpg,Plastic,D:\Recovered Documents\Moringa\Module 5\Summative2\realwaste\realwaste-main\RealWaste\Plastic\Plastic_362.jpg,524,524,RGB,1.0,159.7,158.2691,40.16393,28.201822
Plastic_363.jpg,Plastic,D:\Recovered Documents\Moringa\Module 5\Summative2\realwaste\realwaste-main\RealWaste\Plastic\Plastic_363.jpg,524,524,RGB,1.0,147.6,149.34462,43.636703,24.345486
Plastic_364.jpg,Plastic,D:\Recovered Documents\Moringa\Module 5\Summative2\realwaste\realwaste-main\RealWaste\Plastic\Plastic_364.jpg,524,524,RGB,1.0,151.8,147.89757,39.545803,28.990452
Plastic_365.jpg,Plastic,D:\Recovered Documents\Moringa\Module 5\Summative2\realwaste\realwaste-main\RealWaste\Plastic\Plastic_365.jpg,524,524,RGB,1.0,192.1,146.30368,35.97177,48.88759
Plastic_366.jpg,Plastic,D:\Recovered Documents\Moringa\Module 5\Summative2\realwaste\realwaste-main\RealWaste\Plastic\Plastic_366.jpg,524,524,RGB,1.0,179.9,153.3248,31.917042,57.45009
Plastic_367.jpg,Plastic,D:\Recovered Documents\Moringa\Module 5\Summative2\realwaste\realwaste-main\RealWaste\Plastic\Plastic_367.jpg,524,524,RGB,1.0,192.9,157.97585,30.480528,58.909286
Plastic_368.jpg,Plastic,D:\Recovered Documents\Moringa\Module 5\Summative2\realwaste\realwaste-main\RealWaste\Plastic\Plastic_368.jpg,524,524,RGB,1.0,142.8,153.22585,37.079784,89.88759
Plastic_369.jpg,Plastic,D:\Recovered Documents\Moringa\Module 5\Summative2\realwaste\realwaste-main\RealWaste\Plastic\Plastic_369.jpg,524,524,RGB,1.0,174.4,161.90611,25.03715,22.8546
Plastic_37.jpg,Plastic,D:\Recovered Documents\Moringa\Module 5\Summative2\realwaste\realwaste-main\RealWaste\Plastic\Plastic_37.jpg,524,524,RGB,1.0,169.5,142.57494,33.32462,77.6276
Plastic_370.jpg,Plastic,D:\Recovered Documents\Moringa\Module 5\Summative2\realwaste\realwaste-main\RealWaste\Plastic\Plastic_370.jpg,524,524,RGB,1.0,188.1,146.86835,33.240734,46.118057
Plastic_371.jpg,Plastic,D:\Recovered Documents\Moringa\Module 5\Summative2\realwaste\realwaste-main\RealWaste\Plastic\Plastic_371.jpg,524,524,RGB,1.0,164.8,140.41797,42.31865,73.34592
Plastic_372.jpg,Plastic,D:\Recovered Documents\Moringa\Module 5\Summative2\realwaste\realwaste-main\RealWaste\Plastic\Plastic_372.jpg,524,524,RGB,1.0,190.2,151.9971,31.703022,50.121094
Plastic_373.jpg,Plastic,D:\Recovered Documents\Moringa\Module 5\Summative2\realwaste\realwaste-main\RealWaste\Plastic\Plastic_373.jpg,524,524,RGB,1.0,181.6,146.43736,33.541008,49.23047
Plastic_374.jpg,Plastic,D:\Recovered Documents\Moringa\Module 5\Summative2\realwaste\realwaste-main\RealWaste\Plastic\Plastic_374.jpg,524,524,RGB,1.0,168.2,145.70515,40.52556,67.00998
Plastic_375.jpg,Plastic,D:\Recovered Documents\Moringa\Module 5\Summative2\realwaste\realwaste-main\RealWaste\Plastic\Plastic_375.jpg,524,524,RGB,1.0,190.3,153.87009,31.47652,50.76823
Plastic_376.jpg,Plastic,D:\Recovered Documents\Moringa\Module 5\Summative2\realwaste\realwaste-main\RealWaste\Plastic\Plastic_376.jpg,524,524,RGB,1.0,183.4,143.23279,36.10046,58.4987
Plastic_377.jpg,Plastic,D:\Recovered Documents\Moringa\Module 5\Summative2\realwaste\realwaste-main\RealWaste\Plastic\Plastic_377.jpg,524,524,RGB,1.0,189.9,152.13759,32.38832,54.09028
Plastic_378.jpg,Plastic,D:\Recovered Documents\Moringa\Module 5\Summative2\realwaste\realwaste-main\RealWaste\Plastic\Plastic_378.jpg,524,524,RGB,1.0,183.9,150.51549,37.04154,57.234375
Plastic_379.jpg,Plastic,D:\Recovered Documents\Moringa\Module 5\Summative2\realwaste\realwaste-main\RealWaste\Plastic\Plastic_379.jpg,524,524,RGB,1.0,156.1,150.90596,36.596687,54.934464
Plastic_38.jpg,Plastic,D:\Recovered Documents\Moringa\Module 5\Summative2\realwaste\realwaste-main\RealWaste\Plastic\Plastic_38.jpg,524,524,RGB,1.0,167.8,151.90393,40.602978,70.16797
Plastic_380.jpg,Plastic,D:\Recovered Documents\Moringa\Module 5\Summative2\realwaste\realwaste-main\RealWaste\Plastic\Plastic_380.jpg,524,524,RGB,1.0,184.0,151.17506,35.102337,55.090714
Plastic_381.jpg,Plastic,D:\Recovered Documents\Moringa\Module 5\Summative2\realwaste\realwaste-main\RealWaste\Plastic\Plastic_381.jpg,524,524,RGB,1.0,198.0,152.94936,36.21481,43.453125
Plastic_382.jpg,Plastic,D:\Recovered Documents\Moringa\Module 5\Summative2\realwaste\realwaste-main\RealWaste\Plastic\Plastic_382.jpg,524,524,RGB,1.0,190.5,150.06264,32.038,41.0829
Plastic_383.jpg,Plastic,D:\Recovered Documents\Moringa\Module 5\Summative2\realwaste\realwaste-main\RealWaste\Plastic\Plastic_383.jpg,524,524,RGB,1.0,195.4,155.81654,28.62239,34.6467
Plastic_384.jpg,Plastic,D:\Recovered Documents\Moringa\Module 5\Summative2\realwaste\realwaste-main\RealWaste\Plastic\Plastic_384.jpg,524,524,RGB,1.0,207.2,148.04355,34.976624,47.377605
Plastic_385.jpg,Plastic,D:\Recovered Documents\Moringa\Module 5\Summative2\realwaste\realwaste-main\RealWaste\Plastic\Plastic_385.jpg,524,524,RGB,1.0,181.2,154.78313,45.615276,27.26736
Plastic_386.jpg,Plastic,D:\Recovered Documents\Moringa\Module 5\Summative2\realwaste\realwaste-main\RealWaste\Plastic\Plastic_386.jpg,524,524,RGB,1.0,191.1,141.75232,54.712936,49.991753
Plastic_387.jpg,Plastic,D:\Recovered Documents\Moringa\Module 5\Summative2\realwaste\realwaste-main\RealWaste\Plastic\Plastic_387.jpg,524,524,RGB,1.0,192.3,147.00868,56.00251,54.338974
Plastic_388.jpg,Plastic,D:\Recovered Documents\Moringa\Module 5\Summative2\realwaste\realwaste-main\RealWaste\Plastic\Plastic_388.jpg,524,524,RGB,1.0,165.8,158.33665,49.049084,32.923176
Plastic_389.jpg,Plastic,D:\Recovered Documents\Moringa\Module 5\Summative2\realwaste\realwaste-main\RealWaste\Plastic\Plastic_389.jpg,524,524,RGB,1.0,187.6,150.68143,53.500362,42.033855
Plastic_39.jpg,Plastic,D:\Recovered Documents\Moringa\Module 5\Summative2\realwaste\realwaste-main\RealWaste\Plastic\Plastic_39.jpg,524,524,RGB,1.0,152.1,155.03415,29.365551,75.88455
Plastic_390.jpg,Plastic,D:\Recovered Documents\Moringa\Module 5\Summative2\realwaste\realwaste-main\RealWaste\Plastic\Plastic_390.jpg,524,524,RGB,1.0,171.2,135.61328,68.24326,62.369793
Plastic_391.jpg,Plastic,D:\Recovered Documents\Moringa\Module 5\Summative2\realwaste\realwaste-main\RealWaste\Plastic\Plastic_391.jpg,524,524,RGB,1.0,189.5,157.82103,30.644434,41.664932
Plastic_392.jpg,Plastic,D:\Recovered Documents\Moringa\Module 5\Summative2\realwaste\realwaste-main\RealWaste\Plastic\Plastic_392.jpg,524,524,RGB,1.0,193.7,151.09013,36.135292,47.953995
Plastic_393.jpg,Plastic,D:\Recovered Documents\Moringa\Module 5\Summative2\realwaste\realwaste-main\RealWaste\Plastic\Plastic_393.jpg,524,524,RGB,1.0,176.4,141.78674,41.958725,80.02865
Plastic_394.jpg,Plastic,D:\Recovered Documents\Moringa\Module 5\Summative2\realwaste\realwaste-main\RealWaste\Plastic\Plastic_394.jpg,524,524,RGB,1.0,188.5,157.48409,29.341763,47.004776
Plastic_395.jpg,Plastic,D:\Recovered Documents\Moringa\Module 5\Summative2\realwaste\realwaste-main\RealWaste\Plastic\Plastic_395.jpg,524,524,RGB,1.0,198.7,153.33665,35.883236,54.64453
Plastic_396.jpg,Plastic,D:\Recovered Documents\Moringa\Module 5\Summative2\realwaste\realwaste-main\RealWaste\Plastic\Plastic_396.jpg,524,524,RGB,1.0,190.4,151.15596,32.38162,49.131943
Plastic_397.jpg,Plastic,D:\Recovered Documents\Moringa\Module 5\Summative2\realwaste\realwaste-main\RealWaste\Plastic\Plastic_397.jpg,524,524,RGB,1.0,194.8,152.52605,34.354923,53.412327
Plastic_398.jpg,Plastic,D:\Recovered Documents\Moringa\Module 5\Summative2\realwaste\realwaste-main\RealWaste\Plastic\Plastic_398.jpg,524,524,RGB,1.0,199.0,151.91551,37.92124,59.28038
Plastic_399.jpg,Plastic,D:\Recovered Documents\Moringa\Module 5\Summative2\realwaste\realwaste-main\RealWaste\Plastic\Plastic_399.jpg,524,524,RGB,1.0,161.3,150.45384,35.069626,49.84245
Plastic_4.jpg,Plastic,D:\Recovered Documents\Moringa\Module 5\Summative2\realwaste\realwaste-main\RealWaste\Plastic\Plastic_4.jpg,524,524,RGB,1.0,124.1,138.91797,42.82342,96.88802
Plastic_40.jpg,Plastic,D:\Recovered Documents\Moringa\Module 5\Summative2\realwaste\realwaste-main\RealWaste\Plastic\Plastic_40.jpg,524,524,RGB,1.0,159.1,153.57364,28.315928,76.43316
Plastic_400.jpg,Plastic,D:\Recovered Documents\Moringa\Module 5\Summative2\realwaste\realwaste-main\RealWaste\Plastic\Plastic_400.jpg,524,524,RGB,1.0,187.9,154.8954,30.039103,54.37587
Plastic_401.jpg,Plastic,D:\Recovered Documents\Moringa\Module 5\Summative2\realwaste\realwaste-main\RealWaste\Plastic\Plastic_401.jpg,524,524,RGB,1.0,165.8,152.49422,33.61922,58.569443
Plastic_402.jpg,Plastic,D:\Recovered Documents\Moringa\Module 5\Summative2\realwaste\realwaste-main\RealWaste\Plastic\Plastic_402.jpg,524,524,RGB,1.0,181.5,143.01389,36.928192,52.014755
Plastic_403.jpg,Plastic,D:\Recovered Documents\Moringa\Module 5\Summative2\realwaste\realwaste-main\RealWaste\Plastic\Plastic_403.jpg,524,524,RGB,1.0,179.8,145.70052,33.90155,51.84462
Plastic_404.jpg,Plastic,D:\Recovered Documents\Moringa\Module 5\Summative2\realwaste\realwaste-main\RealWaste\Plastic\Plastic_404.jpg,524,524,RGB,1.0,185.4,145.1875,38.360737,54.702255
Plastic_405.jpg,Plastic,D:\Recovered Documents\Moringa\Module 5\Summative2\realwaste\realwaste-main\RealWaste\Plastic\Plastic_405.jpg,524,524,RGB,1.0,146.8,155.00348,43.365032,51.503036
Plastic_406.jpg,Plastic,D:\Recovered Documents\Moringa\Module 5\Summative2\realwaste\realwaste-main\RealWaste\Plastic\Plastic_406.jpg,524,524,RGB,1.0,183.6,147.69763,35.75635,52.013454
Plastic_407.jpg,Plastic,D:\Recovered Documents\Moringa\Module 5\Summative2\realwaste\realwaste-main\RealWaste\Plastic\Plastic_407.jpg,524,524,RGB,1.0,161.4,151.5204,33.068424,59.713543
Plastic_408.jpg,Plastic,D:\Recovered Documents\Moringa\Module 5\Summative2\realwaste\realwaste-main\RealWaste\Plastic\Plastic_408.jpg,524,524,RGB,1.0,181.9,142.08087,35.84168,58.378036
Plastic_409.jpg,Plastic,D:\Recovered Documents\Moringa\Module 5\Summative2\realwaste\realwaste-main\RealWaste\Plastic\Plastic_409.jpg,524,524,RGB,1.0,117.2,151.63629,55.879986,73.032555
Plastic_41.jpg,Plastic,D:\Recovered Documents\Moringa\Module 5\Summative2\realwaste\realwaste-main\RealWaste\Plastic\Plastic_41.jpg,524,524,RGB,1.0,161.0,157.04861,43.0297,64.626305
Plastic_410.jpg,Plastic,D:\Recovered Documents\Moringa\Module 5\Summative2\realwaste\realwaste-main\RealWaste\Plastic\Plastic_410.jpg,524,524,RGB,1.0,167.7,133.57379,62.60338,102.2704
Plastic_411.jpg,Plastic,D:\Recovered Documents\Moringa\Module 5\Summative2\realwaste\realwaste-main\RealWaste\Plastic\Plastic_411.jpg,524,524,RGB,1.0,180.4,145.66435,36.16286,56.479168
Plastic_412.jpg,Plastic,D:\Recovered Documents\Moringa\Module 5\Summative2\realwaste\realwaste-main\RealWaste\Plastic\Plastic_412.jpg,524,524,RGB,1.0,163.5,148.29616,33.51721,67.05946
Plastic_413.jpg,Plastic,D:\Recovered Documents\Moringa\Module 5\Summative2\realwaste\realwaste-main\RealWaste\Plastic\Plastic_413.jpg,524,524,RGB,1.0,155.9,153.09853,39.53287,70.7309
Plastic_414.jpg,Plastic,D:\Recovered Documents\Moringa\Module 5\Summative2\realwaste\realwaste-main\RealWaste\Plastic\Plastic_414.jpg,524,524,RGB,1.0,95.4,151.27344,38.733864,52.358074
Plastic_415.jpg,Plastic,D:\Recovered Documents\Moringa\Module 5\Summative2\realwaste\realwaste-main\RealWaste\Plastic\Plastic_415.jpg,524,524,RGB,1.0,107.8,153.13107,57.357197,69.880646
Plastic_416.jpg,Plastic,D:\Recovered Documents\Moringa\Module 5\Summative2\realwaste\realwaste-main\RealWaste\Plastic\Plastic_416.jpg,524,524,RGB,1.0,105.7,155.26591,55.685757,66.52908
Plastic_417.jpg,Plastic,D:\Recovered Documents\Moringa\Module 5\Summative2\realwaste\realwaste-main\RealWaste\Plastic\Plastic_417.jpg,524,524,RGB,1.0,174.7,146.11922,51.985203,74.083336
Plastic_418.jpg,Plastic,D:\Recovered Documents\Moringa\Module 5\Summative2\realwaste\realwaste-main\RealWaste\Plastic\Plastic_418.jpg,524,524,RGB,1.0,161.4,149.92564,37.18467,61.739582
Plastic_419.jpg,Plastic,D:\Recovered Documents\Moringa\Module 5\Summative2\realwaste\realwaste-main\RealWaste\Plastic\Plastic_419.jpg,524,524,RGB,1.0,156.2,153.76491,37.221924,53.008682
Plastic_42.jpg,Plastic,D:\Recovered Documents\Moringa\Module 5\Summative2\realwaste\realwaste-main\RealWaste\Plastic\Plastic_42.jpg,524,524,RGB,1.0,164.2,154.46368,34.96472,67.49913
Plastic_420.jpg,Plastic,D:\Recovered Documents\Moringa\Module 5\Summative2\realwaste\realwaste-main\RealWaste\Plastic\Plastic_420.jpg,524,524,RGB,1.0,197.3,165.83739,38.026882,28.986546
Plastic_421.jpg,Plastic,D:\Recovered Documents\Moringa\Module 5\Summative2\realwaste\realwaste-main\RealWaste\Plastic\Plastic_421.jpg,524,524,RGB,1.0,148.8,170.28906,35.95744,32.380642
Plastic_422.jpg,Plastic,D:\Recovered Documents\Moringa\Module 5\Summative2\realwaste\realwaste-main\RealWaste\Plastic\Plastic_422.jpg,524,524,RGB,1.0,134.9,163.60663,18.324776,11.93316
Plastic_423.jpg,Plastic,D:\Recovered Documents\Moringa\Module 5\Summative2\realwaste\realwaste-main\RealWaste\Plastic\Plastic_423.jpg,524,524,RGB,1.0,165.3,152.98958,31.794254,71.17448
Plastic_424.jpg,Plastic,D:\Recovered Documents\Moringa\Module 5\Summative2\realwaste\realwaste-main\RealWaste\Plastic\Plastic_424.jpg,524,524,RGB,1.0,132.2,162.29645,18.37647,11.001736
Plastic_425.jpg,Plastic,D:\Recovered Documents\Moringa\Module 5\Summative2\realwaste\realwaste-main\RealWaste\Plastic\Plastic_425.jpg,524,524,RGB,1.0,137.8,164.69444,16.450914,9.430555
Plastic_426.jpg,Plastic,D:\Recovered Documents\Moringa\Module 5\Summative2\realwaste\realwaste-main\RealWaste\Plastic\Plastic_426.jpg,524,524,RGB,1.0,138.7,161.69951,17.68601,10.806858
Plastic_427.jpg,Plastic,D:\Recovered Documents\Moringa\Module 5\Summative2\realwaste\realwaste-main\RealWaste\Plastic\Plastic_427.jpg,524,524,RGB,1.0,134.8,168.03993,24.469189,18.514757
Plastic_428.jpg,Plastic,D:\Recovered Documents\Moringa\Module 5\Summative2\realwaste\realwaste-main\RealWaste\Plastic\Plastic_428.jpg,524,524,RGB,1.0,135.9,165.81712,22.169117,16.128471
Plastic_429.jpg,Plastic,D:\Recovered Documents\Moringa\Module 5\Summative2\realwaste\realwaste-main\RealWaste\Plastic\Plastic_429.jpg,524,524,RGB,1.0,130.7,161.71413,28.70127,14.167969
Plastic_43.jpg,Plastic,D:\Recovered Documents\Moringa\Module 5\Summative2\realwaste\realwaste-main\RealWaste\Plastic\Plastic_43.jpg,524,524,RGB,1.0,164.1,155.32654,38.381687,68.529945
Plastic_430.jpg,Plastic,D:\Recovered Documents\Moringa\Module 5\Summative2\realwaste\realwaste-main\RealWaste\Plastic\Plastic_430.jpg,524,524,RGB,1.0,126.7,164.25043,29.883236,12.71007
Plastic_431.jpg,Plastic,D:\Recovered Documents\Moringa\Module 5\Summative2\realwaste\realwaste-main\RealWaste\Plastic\Plastic_431.jpg,524,524,RGB,1.0,120.5,156.51549,32.61974,24.785156
Plastic_432.jpg,Plastic,D:\Recovered Documents\Moringa\Module 5\Summative2\realwaste\realwaste-main\RealWaste\Plastic\Plastic_432.jpg,524,524,RGB,1.0,124.4,155.75217,31.357405,28.689236
Plastic_433.jpg,Plastic,D:\Recovered Documents\Moringa\Module 5\Summative2\realwaste\realwaste-main\RealWaste\Plastic\Plastic_433.jpg,524,524,RGB,1.0,83.6,167.20573,25.486984,13.065538
Plastic_434.jpg,Plastic,D:\Recovered Documents\Moringa\Module 5\Summative2\realwaste\realwaste-main\RealWaste\Plastic\Plastic_434.jpg,524,524,RGB,1.0,159.1,155.75159,28.199854,63.38151
Plastic_435.jpg,Plastic,D:\Recovered Documents\Moringa\Module 5\Summative2\realwaste\realwaste-main\RealWaste\Plastic\Plastic_435.jpg,524,524,RGB,1.0,117.3,156.79138,29.491053,25.31901
Plastic_436.jpg,Plastic,D:\Recovered Documents\Moringa\Module 5\Summative2\realwaste\realwaste-main\RealWaste\Plastic\Plastic_436.jpg,524,524,RGB,1.0,123.6,150.95891,31.449568,25.016928
Plastic_437.jpg,Plastic,D:\Recovered Documents\Moringa\Module 5\Summative2\realwaste\realwaste-main\RealWaste\Plastic\Plastic_437.jpg,524,524,RGB,1.0,124.0,164.50174,20.064018,8.526042
Plastic_438.jpg,Plastic,D:\Recovered Documents\Moringa\Module 5\Summative2\realwaste\realwaste-main\RealWaste\Plastic\Plastic_438.jpg,524,524,RGB,1.0,124.7,158.40437,25.459257,17.925346
Plastic_439.jpg,Plastic,D:\Recovered Documents\Moringa\Module 5\Summative2\realwaste\realwaste-main\RealWaste\Plastic\Plastic_439.jpg,524,524,RGB,1.0,116.8,153.57741,25.678558,17.96875
Plastic_44.jpg,Plastic,D:\Recovered Documents\Moringa\Module 5\Summative2\realwaste\realwaste-main\RealWaste\Plastic\Plastic_44.jpg,524,524,RGB,1.0,164.8,156.5612,31.783325,73.657555
Plastic_440.jpg,Plastic,D:\Recovered Documents\Moringa\Module 5\Summative2\realwaste\realwaste-main\RealWaste\Plastic\Plastic_440.jpg,524,524,RGB,1.0,112.0,161.77531,26.300331,19.334202
Plastic_441.jpg,Plastic,D:\Recovered Documents\Moringa\Module 5\Summative2\realwaste\realwaste-main\RealWaste\Plastic\Plastic_441.jpg,524,524,RGB,1.0,116.2,169.49638,28.296947,18.863716
Plastic_442.jpg,Plastic,D:\Recovered Documents\Moringa\Module 5\Summative2\realwaste\realwaste-main\RealWaste\Plastic\Plastic_442.jpg,524,524,RGB,1.0,123.4,162.04225,30.436808,24.431423
Plastic_443.jpg,Plastic,D:\Recovered Documents\Moringa\Module 5\Summative2\realwaste\realwaste-main\RealWaste\Plastic\Plastic_443.jpg,524,524,RGB,1.0,132.6,157.81554,32.62685,25.753038
Plastic_444.jpg,Plastic,D:\Recovered Documents\Moringa\Module 5\Summative2\realwaste\realwaste-main\RealWaste\Plastic\Plastic_444.jpg,524,524,RGB,1.0,122.4,163.03053,25.633583,19.388021
Plastic_445.jpg,Plastic,D:\Recovered Documents\Moringa\Module 5\Summative2\realwaste\realwaste-main\RealWaste\Plastic\Plastic_445.jpg,524,524,RGB,1.0,105.2,159.71165,40.499683,57.99783
Plastic_446.jpg,Plastic,D:\Recovered Documents\Moringa\Module 5\Summative2\realwaste\realwaste-main\RealWaste\Plastic\Plastic_446.jpg,524,524,RGB,1.0,162.2,153.23395,28.859068,64.713974
Plastic_447.jpg,Plastic,D:\Recovered Documents\Moringa\Module 5\Summative2\realwaste\realwaste-main\RealWaste\Plastic\Plastic_447.jpg,524,524,RGB,1.0,126.0,163.87051,20.643942,9.157118
Plastic_448.jpg,Plastic,D:\Recovered Documents\Moringa\Module 5\Summative2\realwaste\realwaste-main\RealWaste\Plastic\Plastic_448.jpg,524,524,RGB,1.0,134.3,160.90437,18.274961,7.463976
Plastic_449.jpg,Plastic,D:\Recovered Documents\Moringa\Module 5\Summative2\realwaste\realwaste-main\RealWaste\Plastic\Plastic_449.jpg,524,524,RGB,1.0,112.8,160.09708,27.265095,9.299046
Plastic_45.jpg,Plastic,D:\Recovered Documents\Moringa\Module 5\Summative2\realwaste\realwaste-main\RealWaste\Plastic\Plastic_45.jpg,524,524,RGB,1.0,164.8,157.76143,31.034792,68.297745
Plastic_450.jpg,Plastic,D:\Recovered Documents\Moringa\Module 5\Summative2\realwaste\realwaste-main\RealWaste\Plastic\Plastic_450.jpg,524,524,RGB,1.0,116.0,161.21094,26.081743,8.758246
Plastic_451.jpg,Plastic,D:\Recovered Documents\Moringa\Module 5\Summative2\realwaste\realwaste-main\RealWaste\Plastic\Plastic_451.jpg,524,524,RGB,1.0,130.6,163.31409,32.273346,14.219618
Plastic_452.jpg,Plastic,D:\Recovered Documents\Moringa\Module 5\Summative2\realwaste\realwaste-main\RealWaste\Plastic\Plastic_452.jpg,524,524,RGB,1.0,135.9,164.25824,28.815208,15.032986
Plastic_453.jpg,Plastic,D:\Recovered Documents\Moringa\Module 5\Summative2\realwaste\realwaste-main\RealWaste\Plastic\Plastic_453.jpg,524,524,RGB,1.0,128.3,163.6331,27.50346,14.046875
Plastic_454.jpg,Plastic,D:\Recovered Documents\Moringa\Module 5\Summative2\realwaste\realwaste-main\RealWaste\Plastic\Plastic_454.jpg,524,524,RGB,1.0,118.4,162.19748,20.173708,10.681858
Plastic_455.jpg,Plastic,D:\Recovered Documents\Moringa\Module 5\Summative2\realwaste\realwaste-main\RealWaste\Plastic\Plastic_455.jpg,524,524,RGB,1.0,135.1,160.1904,29.632118,16.197048
Plastic_456.jpg,Plastic,D:\Recovered Documents\Moringa\Module 5\Summative2\realwaste\realwaste-main\RealWaste\Plastic\Plastic_456.jpg,524,524,RGB,1.0,121.4,163.82436,19.466335,10.4713545
Plastic_457.jpg,Plastic,D:\Recovered Documents\Moringa\Module 5\Summative2\realwaste\realwaste-main\RealWaste\Plastic\Plastic_457.jpg,524,524,RGB,1.0,159.8,145.63802,36.96108,66.24132
Plastic_458.jpg,Plastic,D:\Recovered Documents\Moringa\Module 5\Summative2\realwaste\realwaste-main\RealWaste\Plastic\Plastic_458.jpg,524,524,RGB,1.0,117.1,160.74957,20.037643,9.613715
Plastic_459.jpg,Plastic,D:\Recovered Documents\Moringa\Module 5\Summative2\realwaste\realwaste-main\RealWaste\Plastic\Plastic_459.jpg,524,524,RGB,1.0,125.5,163.22585,20.440012,9.8151045
Plastic_46.jpg,Plastic,D:\Recovered Documents\Moringa\Module 5\Summative2\realwaste\realwaste-main\RealWaste\Plastic\Plastic_46.jpg,524,524,RGB,1.0,152.4,149.58942,38.3143,83.579865
Plastic_460.jpg,Plastic,D:\Recovered Documents\Moringa\Module 5\Summative2\realwaste\realwaste-main\RealWaste\Plastic\Plastic_460.jpg,524,524,RGB,1.0,127.1,160.82234,34.733437,31.36632
Plastic_461.jpg,Plastic,D:\Recovered Documents\Moringa\Module 5\Summative2\realwaste\realwaste-main\RealWaste\Plastic\Plastic_461.jpg,524,524,RGB,1.0,122.1,166.47902,18.480389,8.769531
Plastic_462.jpg,Plastic,D:\Recovered Documents\Moringa\Module 5\Summative2\realwaste\realwaste-main\RealWaste\Plastic\Plastic_462.jpg,524,524,RGB,1.0,100.3,165.99783,19.142002,9.899739
Plastic_463.jpg,Plastic,D:\Recovered Documents\Moringa\Module 5\Summative2\realwaste\realwaste-main\RealWaste\Plastic\Plastic_463.jpg,524,524,RGB,1.0,128.3,165.97382,33.9103,32.025173
Plastic_464.jpg,Plastic,D:\Recovered Documents\Moringa\Module 5\Summative2\realwaste\realwaste-main\RealWaste\Plastic\Plastic_464.jpg,524,524,RGB,1.0,133.4,167.52344,36.193123,36.43099
Plastic_465.jpg,Plastic,D:\Recovered Documents\Moringa\Module 5\Summative2\realwaste\realwaste-main\RealWaste\Plastic\Plastic_465.jpg,524,524,RGB,1.0,124.5,166.7694,31.22364,27.86849
Plastic_466.jpg,Plastic,D:\Recovered Documents\Moringa\Module 5\Summative2\realwaste\realwaste-main\RealWaste\Plastic\Plastic_466.jpg,524,524,RGB,1.0,130.3,162.96165,35.97516,37.764755
Plastic_467.jpg,Plastic,D:\Recovered Documents\Moringa\Module 5\Summative2\realwaste\realwaste-main\RealWaste\Plastic\Plastic_467.jpg,524,524,RGB,1.0,125.5,165.72092,21.73591,13.929254
Plastic_468.jpg,Plastic,D:\Recovered Documents\Moringa\Module 5\Summative2\realwaste\realwaste-main\RealWaste\Plastic\Plastic_468.jpg,524,524,RGB,1.0,171.1,156.7471,34.564846,63.959637
Plastic_469.jpg,Plastic,D:\Recovered Documents\Moringa\Module 5\Summative2\realwaste\realwaste-main\RealWaste\Plastic\Plastic_469.jpg,524,524,RGB,1.0,128.0,165.50652,19.536171,13.777778
Plastic_47.jpg,Plastic,D:\Recovered Documents\Moringa\Module 5\Summative2\realwaste\realwaste-main\RealWaste\Plastic\Plastic_47.jpg,524,524,RGB,1.0,165.8,155.4838,32.40035,70.7283
Plastic_470.jpg,Plastic,D:\Recovered Documents\Moringa\Module 5\Summative2\realwaste\realwaste-main\RealWaste\Plastic\Plastic_470.jpg,524,524,RGB,1.0,122.9,159.16783,23.937363,12.898871
Plastic_471.jpg,Plastic,D:\Recovered Documents\Moringa\Module 5\Summative2\realwaste\realwaste-main\RealWaste\Plastic\Plastic_471.jpg,524,524,RGB,1.0,121.5,161.4796,21.773651,13.728733
Plastic_472.jpg,Plastic,D:\Recovered Documents\Moringa\Module 5\Summative2\realwaste\realwaste-main\RealWaste\Plastic\Plastic_472.jpg,524,524,RGB,1.0,127.9,162.90784,23.537008,14.833333
Plastic_473.jpg,Plastic,D:\Recovered Documents\Moringa\Module 5\Summative2\realwaste\realwaste-main\RealWaste\Plastic\Plastic_473.jpg,524,524,RGB,1.0,126.9,163.08087,19.724161,12.192274
Plastic_474.jpg,Plastic,D:\Recovered Documents\Moringa\Module 5\Summative2\realwaste\realwaste-main\RealWaste\Plastic\Plastic_474.jpg,524,524,RGB,1.0,130.8,160.65335,26.086138,19.434462
Plastic_475.jpg,Plastic,D:\Recovered Documents\Moringa\Module 5\Summative2\realwaste\realwaste-main\RealWaste\Plastic\Plastic_475.jpg,524,524,RGB,1.0,128.2,159.5256,25.885212,18.786024
Plastic_476.jpg,Plastic,D:\Recovered Documents\Moringa\Module 5\Summative2\realwaste\realwaste-main\RealWaste\Plastic\Plastic_476.jpg,524,524,RGB,1.0,136.2,153.12022,29.39568,21.985678
Plastic_477.jpg,Plastic,D:\Recovered Documents\Moringa\Module 5\Summative2\realwaste\realwaste-main\RealWaste\Plastic\Plastic_477.jpg,524,524,RGB,1.0,118.8,165.24277,20.01291,8.161024
Plastic_478.jpg,Plastic,D:\Recovered Documents\Moringa\Module 5\Summative2\realwaste\realwaste-main\RealWaste\Plastic\Plastic_478.jpg,524,524,RGB,1.0,118.2,161.46498,19.508232,9.86632
Plastic_479.jpg,Plastic,D:\Recovered Documents\Moringa\Module 5\Summative2\realwaste\realwaste-main\RealWaste\Plastic\Plastic_479.jpg,524,524,RGB,1.0,170.5,156.05136,35.44679,61.304688
Plastic_48.jpg,Plastic,D:\Recovered Documents\Moringa\Module 5\Summative2\realwaste\realwaste-main\RealWaste\Plastic\Plastic_48.jpg,524,524,RGB,1.0,152.2,151.72092,32.500114,76.85373
Plastic_480.jpg,Plastic,D:\Recovered Documents\Moringa\Module 5\Summative2\realwaste\realwaste-main\RealWaste\Plastic\Plastic_480.jpg,524,524,RGB,1.0,125.8,160.73944,18.142584,10.335504
Plastic_481.jpg,Plastic,D:\Recovered Documents\Moringa\Module 5\Summative2\realwaste\realwaste-main\RealWaste\Plastic\Plastic_481.jpg,524,524,RGB,1.0,122.8,162.00014,20.960297,9.489583
Plastic_482.jpg,Plastic,D:\Recovered Documents\Moringa\Module 5\Summative2\realwaste\realwaste-main\RealWaste\Plastic\Plastic_482.jpg,524,524,RGB,1.0,125.1,158.82422,20.50623,10.233941
Plastic_483.jpg,Plastic,D:\Recovered Documents\Moringa\Module 5\Summative2\realwaste\realwaste-main\RealWaste\Plastic\Plastic_483.jpg,524,524,RGB,1.0,130.3,163.9252,16.45626,11.868489
Plastic_484.jpg,Plastic,D:\Recovered Documents\Moringa\Module 5\Summative2\realwaste\realwaste-main\RealWaste\Plastic\Plastic_484.jpg,524,524,RGB,1.0,128.9,160.21498,18.966652,14.5026045
Plastic_485.jpg,Plastic,D:\Recovered Documents\Moringa\Module 5\Summative2\realwaste\realwaste-main\RealWaste\Plastic\Plastic_485.jpg,524,524,RGB,1.0,124.8,161.90929,23.506376,8.813368
Plastic_486.jpg,Plastic,D:\Recovered Documents\Moringa\Module 5\Summative2\realwaste\realwaste-main\RealWaste\Plastic\Plastic_486.jpg,524,524,RGB,1.0,119.2,160.47034,23.220318,9.578559
Plastic_487.jpg,Plastic,D:\Recovered Documents\Moringa\Module 5\Summative2\realwaste\realwaste-main\RealWaste\Plastic\Plastic_487.jpg,524,524,RGB,1.0,125.5,165.90364,16.840052,5.4032116
Plastic_488.jpg,Plastic,D:\Recovered Documents\Moringa\Module 5\Summative2\realwaste\realwaste-main\RealWaste\Plastic\Plastic_488.jpg,524,524,RGB,1.0,120.2,169.39049,17.63381,3.8936632
Plastic_489.jpg,Plastic,D:\Recovered Documents\Moringa\Module 5\Summative2\realwaste\realwaste-main\RealWaste\Plastic\Plastic_489.jpg,524,524,RGB,1.0,117.2,171.58926,17.8426,3.3320312
Plastic_49.jpg,Plastic,D:\Recovered Documents\Moringa\Module 5\Summative2\realwaste\realwaste-main\RealWaste\Plastic\Plastic_49.jpg,524,524,RGB,1.0,136.2,162.2785,46.2804,41.534286
Plastic_490.jpg,Plastic,D:\Recovered Documents\Moringa\Module 5\Summative2\realwaste\realwaste-main\RealWaste\Plastic\Plastic_490.jpg,524,524,RGB,1.0,166.9,156.51201,31.57123,66.47569
Plastic_491.jpg,Plastic,D:\Recovered Documents\Moringa\Module 5\Summative2\realwaste\realwaste-main\RealWaste\Plastic\Plastic_491.jpg,524,524,RGB,1.0,113.4,170.09853,19.344578,3.3350694
Plastic_492.jpg,Plastic,D:\Recovered Documents\Moringa\Module 5\Summative2\realwaste\realwaste-main\RealWaste\Plastic\Plastic_492.jpg,524,524,RGB,1.0,104.0,166.63268,25.849485,6.874566
Plastic_493.jpg,Plastic,D:\Recovered Documents\Moringa\Module 5\Summative2\realwaste\realwaste-main\RealWaste\Plastic\Plastic_493.jpg,524,524,RGB,1.0,126.7,166.68924,19.480078,5.863715
Plastic_494.jpg,Plastic,D:\Recovered Documents\Moringa\Module 5\Summative2\realwaste\realwaste-main\RealWaste\Plastic\Plastic_494.jpg,524,524,RGB,1.0,116.2,166.13585,22.333914,14.246094
Plastic_495.jpg,Plastic,D:\Recovered Documents\Moringa\Module 5\Summative2\realwaste\realwaste-main\RealWaste\Plastic\Plastic_495.jpg,524,524,RGB,1.0,107.9,166.91754,23.51057,20.10243
Plastic_496.jpg,Plastic,D:\Recovered Documents\Moringa\Module 5\Summative2\realwaste\realwaste-main\RealWaste\Plastic\Plastic_496.jpg,524,524,RGB,1.0,184.9,166.61922,24.56097,19.686197
Plastic_497.jpg,Plastic,D:\Recovered Documents\Moringa\Module 5\Summative2\realwaste\realwaste-main\RealWaste\Plastic\Plastic_497.jpg,524,524,RGB,1.0,86.0,170.34665,33.707836,20.26519
Plastic_498.jpg,Plastic,D:\Recovered Documents\Moringa\Module 5\Summative2\realwaste\realwaste-main\RealWaste\Plastic\Plastic_498.jpg,524,524,RGB,1.0,187.7,172.08955,16.44478,9.281684
Plastic_499.jpg,Plastic,D:\Recovered Documents\Moringa\Module 5\Summative2\realwaste\realwaste-main\RealWaste\Plastic\Plastic_499.jpg,524,524,RGB,1.0,185.2,175.03558,16.118292,10.353733
Plastic_5.jpg,Plastic,D:\Recovered Documents\Moringa\Module 5\Summative2\realwaste\realwaste-main\RealWaste\Plastic\Plastic_5.jpg,524,524,RGB,1.0,118.9,139.65842,41.43715,90.39713
Plastic_50.jpg,Plastic,D:\Recovered Documents\Moringa\Module 5\Summative2\realwaste\realwaste-main\RealWaste\Plastic\Plastic_50.jpg,524,524,RGB,1.0,161.1,153.24623,31.735783,75.25868
Plastic_500.jpg,Plastic,D:\Recovered Documents\Moringa\Module 5\Summative2\realwaste\realwaste-main\RealWaste\Plastic\Plastic_500.jpg,524,524,RGB,1.0,193.5,165.40611,15.599864,13.234375
Plastic_501.jpg,Plastic,D:\Recovered Documents\Moringa\Module 5\Summative2\realwaste\realwaste-main\RealWaste\Plastic\Plastic_501.jpg,524,524,RGB,1.0,164.4,154.51375,30.995892,62.5625
Plastic_502.jpg,Plastic,D:\Recovered Documents\Moringa\Module 5\Summative2\realwaste\realwaste-main\RealWaste\Plastic\Plastic_502.jpg,524,524,RGB,1.0,185.5,171.4142,22.091217,15.538629
Plastic_503.jpg,Plastic,D:\Recovered Documents\Moringa\Module 5\Summative2\realwaste\realwaste-main\RealWaste\Plastic\Plastic_503.jpg,524,524,RGB,1.0,147.8,158.82625,27.682566,27.831163
Plastic_504.jpg,Plastic,D:\Recovered Documents\Moringa\Module 5\Summative2\realwaste\realwaste-main\RealWaste\Plastic\Plastic_504.jpg,524,524,RGB,1.0,164.7,174.93143,12.413296,14.003906
Plastic_505.jpg,Plastic,D:\Recovered Documents\Moringa\Module 5\Summative2\realwaste\realwaste-main\RealWaste\Plastic\Plastic_505.jpg,524,524,RGB,1.0,162.6,178.73395,14.333766,9.920139
Plastic_506.jpg,Plastic,D:\Recovered Documents\Moringa\Module 5\Summative2\realwaste\realwaste-main\RealWaste\Plastic\Plastic_506.jpg,524,524,RGB,1.0,89.6,170.40857,27.730179,18.324654
Plastic_507.jpg,Plastic,D:\Recovered Documents\Moringa\Module 5\Summative2\realwaste\realwaste-main\RealWaste\Plastic\Plastic_507.jpg,524,524,RGB,1.0,119.1,165.14598,25.393808,18.092447
Plastic_508.jpg,Plastic,D:\Recovered Documents\Moringa\Module 5\Summative2\realwaste\realwaste-main\RealWaste\Plastic\Plastic_508.jpg,524,524,RGB,1.0,106.8,172.7241,29.204967,11.605035
Plastic_509.jpg,Plastic,D:\Recovered Documents\Moringa\Module 5\Summative2\realwaste\realwaste-main\RealWaste\Plastic\Plastic_509.jpg,524,524,RGB,1.0,197.6,164.58868,23.046576,12.199653
Plastic_51.jpg,Plastic,D:\Recovered Documents\Moringa\Module 5\Summative2\realwaste\realwaste-main\RealWaste\Plastic\Plastic_51.jpg,524,524,RGB,1.0,170.1,139.22714,55.797775,81.80035
Plastic_510.jpg,Plastic,D:\Recovered Documents\Moringa\Module 5\Summative2\realwaste\realwaste-main\RealWaste\Plastic\Plastic_510.jpg,524,524,RGB,1.0,188.4,161.77357,24.936378,17.11415
Plastic_511.jpg,Plastic,D:\Recovered Documents\Moringa\Module 5\Summative2\realwaste\realwaste-main\RealWaste\Plastic\Plastic_511.jpg,524,524,RGB,1.0,178.8,165.87558,24.980417,14.748698
Plastic_512.jpg,Plastic,D:\Recovered Documents\Moringa\Module 5\Summative2\realwaste\realwaste-main\RealWaste\Plastic\Plastic_512.jpg,524,524,RGB,1.0,167.1,149.20226,31.996405,65.47222
Plastic_513.jpg,Plastic,D:\Recovered Documents\Moringa\Module 5\Summative2\realwaste\realwaste-main\RealWaste\Plastic\Plastic_513.jpg,524,524,RGB,1.0,170.3,167.36154,22.365925,11.643663
Plastic_514.jpg,Plastic,D:\Recovered Documents\Moringa\Module 5\Summative2\realwaste\realwaste-main\RealWaste\Plastic\Plastic_514.jpg,524,524,RGB,1.0,202.1,166.17897,20.215004,12.449653
Plastic_515.jpg,Plastic,D:\Recovered Documents\Moringa\Module 5\Summative2\realwaste\realwaste-main\RealWaste\Plastic\Plastic_515.jpg,524,524,RGB,1.0,200.4,168.33,22.241364,10.486546
Plastic_516.jpg,Plastic,D:\Recovered Documents\Moringa\Module 5\Summative2\realwaste\realwaste-main\RealWaste\Plastic\Plastic_516.jpg,524,524,RGB,1.0,174.2,167.81699,24.284952,9.013889
Plastic_517.jpg,Plastic,D:\Recovered Documents\Moringa\Module 5\Summative2\realwaste\realwaste-main\RealWaste\Plastic\Plastic_517.jpg,524,524,RGB,1.0,198.2,164.41493,21.773642,19.309029
Plastic_518.jpg,Plastic,D:\Recovered Documents\Moringa\Module 5\Summative2\realwaste\realwaste-main\RealWaste\Plastic\Plastic_518.jpg,524,524,RGB,1.0,193.0,165.38701,22.182318,17.560764
Plastic_519.jpg,Plastic,D:\Recovered Documents\Moringa\Module 5\Summative2\realwaste\realwaste-main\RealWaste\Plastic\Plastic_519.jpg,524,524,RGB,1.0,190.5,166.32509,21.046577,19.713541
Plastic_52.jpg,Plastic,D:\Recovered Documents\Moringa\Module 5\Summative2\realwaste\realwaste-main\RealWaste\Plastic\Plastic_52.jpg,524,524,RGB,1.0,132.7,153.76027,43.31977,91.12891
Plastic_520.jpg,Plastic,D:\Recovered Documents\Moringa\Module 5\Summative2\realwaste\realwaste-main\RealWaste\Plastic\Plastic_520.jpg,524,524,RGB,1.0,191.5,166.88962,20.550154,17.144096
Plastic_521.jpg,Plastic,D:\Recovered Documents\Moringa\Module 5\Summative2\realwaste\realwaste-main\RealWaste\Plastic\Plastic_521.jpg,524,524,RGB,1.0,193.4,169.29991,21.751062,14.662327
Plastic_522.jpg,Plastic,D:\Recovered Documents\Moringa\Module 5\Summative2\realwaste\realwaste-main\RealWaste\Plastic\Plastic_522.jpg,524,524,RGB,1.0,155.0,158.96658,30.469873,40.732204
Plastic_523.jpg,Plastic,D:\Recovered Documents\Moringa\Module 5\Summative2\realwaste\realwaste-main\RealWaste\Plastic\Plastic_523.jpg,524,524,RGB,1.0,160.0,152.20183,47.19451,74.0625
Plastic_524.jpg,Plastic,D:\Recovered Documents\Moringa\Module 5\Summative2\realwaste\realwaste-main\RealWaste\Plastic\Plastic_524.jpg,524,524,RGB,1.0,150.7,157.83739,32.94438,34.878036
Plastic_525.jpg,Plastic,D:\Recovered Documents\Moringa\Module 5\Summative2\realwaste\realwaste-main\RealWaste\Plastic\Plastic_525.jpg,524,524,RGB,1.0,114.1,162.20355,18.557283,8.438802
Plastic_526.jpg,Plastic,D:\Recovered Documents\Moringa\Module 5\Summative2\realwaste\realwaste-main\RealWaste\Plastic\Plastic_526.jpg,524,524,RGB,1.0,135.5,162.50926,18.102386,7.7999134
Plastic_527.jpg,Plastic,D:\Recovered Documents\Moringa\Module 5\Summative2\realwaste\realwaste-main\RealWaste\Plastic\Plastic_527.jpg,524,524,RGB,1.0,129.9,164.99118,31.284674,26.990452
Plastic_528.jpg,Plastic,D:\Recovered Documents\Moringa\Module 5\Summative2\realwaste\realwaste-main\RealWaste\Plastic\Plastic_528.jpg,524,524,RGB,1.0,124.8,162.46094,18.336226,9.634983
Plastic_529.jpg,Plastic,D:\Recovered Documents\Moringa\Module 5\Summative2\realwaste\realwaste-main\RealWaste\Plastic\Plastic_529.jpg,524,524,RGB,1.0,157.5,151.36038,34.012093,36.421005
Plastic_53.jpg,Plastic,D:\Recovered Documents\Moringa\Module 5\Summative2\realwaste\realwaste-main\RealWaste\Plastic\Plastic_53.jpg,524,524,RGB,1.0,156.6,149.386,43.458298,84.36198
Plastic_530.jpg,Plastic,D:\Recovered Documents\Moringa\Module 5\Summative2\realwaste\realwaste-main\RealWaste\Plastic\Plastic_530.jpg,524,524,RGB,1.0,147.1,157.52344,30.817394,29.924046
Plastic_531.jpg,Plastic,D:\Recovered Documents\Moringa\Module 5\Summative2\realwaste\realwaste-main\RealWaste\Plastic\Plastic_531.jpg,524,524,RGB,1.0,109.9,164.00578,32.715935,40.524307
Plastic_532.jpg,Plastic,D:\Recovered Documents\Moringa\Module 5\Summative2\realwaste\realwaste-main\RealWaste\Plastic\Plastic_532.jpg,524,524,RGB,1.0,152.8,154.12268,29.25855,32.802517
Plastic_533.jpg,Plastic,D:\Recovered Documents\Moringa\Module 5\Summative2\realwaste\realwaste-main\RealWaste\Plastic\Plastic_533.jpg,524,524,RGB,1.0,148.1,155.33087,30.029417,36.65712
Plastic_534.jpg,Plastic,D:\Recovered Documents\Moringa\Module 5\Summative2\realwaste\realwaste-main\RealWaste\Plastic\Plastic_534.jpg,524,524,RGB,1.0,170.9,146.16536,44.323013,76.016495
Plastic_535.jpg,Plastic,D:\Recovered Documents\Moringa\Module 5\Summative2\realwaste\realwaste-main\RealWaste\Plastic\Plastic_535.jpg,524,524,RGB,1.0,158.0,155.45038,32.018414,36.57335
Plastic_536.jpg,Plastic,D:\Recovered Documents\Moringa\Module 5\Summative2\realwaste\realwaste-main\RealWaste\Plastic\Plastic_536.jpg,524,524,RGB,1.0,152.5,153.78328,34.969147,33.79384
Plastic_537.jpg,Plastic,D:\Recovered Documents\Moringa\Module 5\Summative2\realwaste\realwaste-main\RealWaste\Plastic\Plastic_537.jpg,524,524,RGB,1.0,191.7,155.69489,28.243658,47.345486
Plastic_538.jpg,Plastic,D:\Recovered Documents\Moringa\Module 5\Summative2\realwaste\realwaste-main\RealWaste\Plastic\Plastic_538.jpg,524,524,RGB,1.0,188.5,149.73712,29.502745,47.735245
Plastic_539.jpg,Plastic,D:\Recovered Documents\Moringa\Module 5\Summative2\realwaste\realwaste-main\RealWaste\Plastic\Plastic_539.jpg,524,524,RGB,1.0,192.1,148.28125,31.749874,57.980904
Plastic_54.jpg,Plastic,D:\Recovered Documents\Moringa\Module 5\Summative2\realwaste\realwaste-main\RealWaste\Plastic\Plastic_54.jpg,524,524,RGB,1.0,153.8,144.96223,41.491344,93.29427
Plastic_540.jpg,Plastic,D:\Recovered Documents\Moringa\Module 5\Summative2\realwaste\realwaste-main\RealWaste\Plastic\Plastic_540.jpg,524,524,RGB,1.0,178.6,152.33087,30.83508,50.929688
Plastic_541.jpg,Plastic,D:\Recovered Documents\Moringa\Module 5\Summative2\realwaste\realwaste-main\RealWaste\Plastic\Plastic_541.jpg,524,524,RGB,1.0,182.8,149.19518,31.378817,48.00651
Plastic_542.jpg,Plastic,D:\Recovered Documents\Moringa\Module 5\Summative2\realwaste\realwaste-main\RealWaste\Plastic\Plastic_542.jpg,524,524,RGB,1.0,176.6,165.17259,25.06149,25.59375
Plastic_543.jpg,Plastic,D:\Recovered Documents\Moringa\Module 5\Summative2\realwaste\realwaste-main\RealWaste\Plastic\Plastic_543.jpg,524,524,RGB,1.0,185.9,162.64395,22.237242,18.940538
Plastic_544.jpg,Plastic,D:\Recovered Documents\Moringa\Module 5\Summative2\realwaste\realwaste-main\RealWaste\Plastic\Plastic_544.jpg,524,524,RGB,1.0,152.8,154.24002,31.048603,35.931858
Plastic_545.jpg,Plastic,D:\Recovered Documents\Moringa\Module 5\Summative2\realwaste\realwaste-main\RealWaste\Plastic\Plastic_545.jpg,524,524,RGB,1.0,130.7,149.68504,61.64124,89.63585
Plastic_546.jpg,Plastic,D:\Recovered Documents\Moringa\Module 5\Summative2\realwaste\realwaste-main\RealWaste\Plastic\Plastic_546.jpg,524,524,RGB,1.0,149.6,158.01317,33.005585,32.585938
Plastic_547.jpg,Plastic,D:\Recovered Documents\Moringa\Module 5\Summative2\realwaste\realwaste-main\RealWaste\Plastic\Plastic_547.jpg,524,524,RGB,1.0,147.0,152.35619,35.749603,39.63455
Plastic_548.jpg,Plastic,D:\Recovered Documents\Moringa\Module 5\Summative2\realwaste\realwaste-main\RealWaste\Plastic\Plastic_548.jpg,524,524,RGB,1.0,150.7,152.79051,36.11806,34.42578
Plastic_549.jpg,Plastic,D:\Recovered Documents\Moringa\Module 5\Summative2\realwaste\realwaste-main\RealWaste\Plastic\Plastic_549.jpg,524,524,RGB,1.0,153.7,158.6179,30.638498,39.817707
Plastic_55.jpg,Plastic,D:\Recovered Documents\Moringa\Module 5\Summative2\realwaste\realwaste-main\RealWaste\Plastic\Plastic_55.jpg,524,524,RGB,1.0,152.4,146.88194,39.46577,91.40365
Plastic_550.jpg,Plastic,D:\Recovered Documents\Moringa\Module 5\Summative2\realwaste\realwaste-main\RealWaste\Plastic\Plastic_550.jpg,524,524,RGB,1.0,147.1,159.79904,30.210981,39.10026
Plastic_551.jpg,Plastic,D:\Recovered Documents\Moringa\Module 5\Summative2\realwaste\realwaste-main\RealWaste\Plastic\Plastic_551.jpg,524,524,RGB,1.0,155.0,157.62196,30.418673,38.51953
Plastic_552.jpg,Plastic,D:\Recovered Documents\Moringa\Module 5\Summative2\realwaste\realwaste-main\RealWaste\Plastic\Plastic_552.jpg,524,524,RGB,1.0,171.9,155.60706,35.847145,39.994793
Plastic_553.jpg,Plastic,D:\Recovered Documents\Moringa\Module 5\Summative2\realwaste\realwaste-main\RealWaste\Plastic\Plastic_553.jpg,524,524,RGB,1.0,144.6,160.25984,27.761517,40.102432
Plastic_554.jpg,Plastic,D:\Recovered Documents\Moringa\Module 5\Summative2\realwaste\realwaste-main\RealWaste\Plastic\Plastic_554.jpg,524,524,RGB,1.0,196.8,159.89134,25.238434,25.961805
Plastic_555.jpg,Plastic,D:\Recovered Documents\Moringa\Module 5\Summative2\realwaste\realwaste-main\RealWaste\Plastic\Plastic_555.jpg,524,524,RGB,1.0,187.8,150.05121,29.737766,36.889755
Plastic_556.jpg,Plastic,D:\Recovered Documents\Moringa\Module 5\Summative2\realwaste\realwaste-main\RealWaste\Plastic\Plastic_556.jpg,524,524,RGB,1.0,157.0,153.90451,36.82893,56.058594
Plastic_557.jpg,Plastic,D:\Recovered Documents\Moringa\Module 5\Summative2\realwaste\realwaste-main\RealWaste\Plastic\Plastic_557.jpg,524,524,RGB,1.0,125.7,154.20515,35.3257,88.66797
Plastic_558.jpg,Plastic,D:\Recovered Documents\Moringa\Module 5\Summative2\realwaste\realwaste-main\RealWaste\Plastic\Plastic_558.jpg,524,524,RGB,1.0,188.9,156.99393,30.19078,39.871964
Plastic_559.jpg,Plastic,D:\Recovered Documents\Moringa\Module 5\Summative2\realwaste\realwaste-main\RealWaste\Plastic\Plastic_559.jpg,524,524,RGB,1.0,199.1,155.12558,31.983974,50.366753
Plastic_56.jpg,Plastic,D:\Recovered Documents\Moringa\Module 5\Summative2\realwaste\realwaste-main\RealWaste\Plastic\Plastic_56.jpg,524,524,RGB,1.0,149.9,151.01491,41.124374,83.55382
Plastic_560.jpg,Plastic,D:\Recovered Documents\Moringa\Module 5\Summative2\realwaste\realwaste-main\RealWaste\Plastic\Plastic_560.jpg,524,524,RGB,1.0,193.3,152.93098,33.98905,42.3967
Plastic_561.jpg,Plastic,D:\Recovered Documents\Moringa\Module 5\Summative2\realwaste\realwaste-main\RealWaste\Plastic\Plastic_561.jpg,524,524,RGB,1.0,183.0,154.67216,34.49889,49.112846
Plastic_562.jpg,Plastic,D:\Recovered Documents\Moringa\Module 5\Summative2\realwaste\realwaste-main\RealWaste\Plastic\Plastic_562.jpg,524,524,RGB,1.0,195.6,156.98611,26.755901,41.796875
Plastic_563.jpg,Plastic,D:\Recovered Documents\Moringa\Module 5\Summative2\realwaste\realwaste-main\RealWaste\Plastic\Plastic_563.jpg,524,524,RGB,1.0,193.6,150.29745,28.208939,60.452255
Plastic_564.jpg,Plastic,D:\Recovered Documents\Moringa\Module 5\Summative2\realwaste\realwaste-main\RealWaste\Plastic\Plastic_564.jpg,524,524,RGB,1.0,93.4,159.94531,33.119858,49.257378
Plastic_565.jpg,Plastic,D:\Recovered Documents\Moringa\Module 5\Summative2\realwaste\realwaste-main\RealWaste\Plastic\Plastic_565.jpg,524,524,RGB,1.0,182.5,148.74377,35.265953,67.145836
Plastic_566.jpg,Plastic,D:\Recovered Documents\Moringa\Module 5\Summative2\realwaste\realwaste-main\RealWaste\Plastic\Plastic_566.jpg,524,524,RGB,1.0,179.0,151.63281,34.304535,56.89019
Plastic_567.jpg,Plastic,D:\Recovered Documents\Moringa\Module 5\Summative2\realwaste\realwaste-main\RealWaste\Plastic\Plastic_567.jpg,524,524,RGB,1.0,172.5,151.87283,33.855804,57.996964
Plastic_568.jpg,Plastic,D:\Recovered Documents\Moringa\Module 5\Summative2\realwaste\realwaste-main\RealWaste\Plastic\Plastic_568.jpg,524,524,RGB,1.0,109.3,149.80989,35.476994,95.29948
Plastic_569.jpg,Plastic,D:\Recovered Documents\Moringa\Module 5\Summative2\realwaste\realwaste-main\RealWaste\Plastic\Plastic_569.jpg,524,524,RGB,1.0,108.3,164.31033,24.06909,10.220052
Plastic_57.jpg,Plastic,D:\Recovered Documents\Moringa\Module 5\Summative2\realwaste\realwaste-main\RealWaste\Plastic\Plastic_57.jpg,524,524,RGB,1.0,110.9,163.44357,38.675854,25.59158
Plastic_570.jpg,Plastic,D:\Recovered Documents\Moringa\Module 5\Summative2\realwaste\realwaste-main\RealWaste\Plastic\Plastic_570.jpg,524,524,RGB,1.0,153.5,150.26634,36.263626,85.94662
Plastic_571.jpg,Plastic,D:\Recovered Documents\Moringa\Module 5\Summative2\realwaste\realwaste-main\RealWaste\Plastic\Plastic_571.jpg,524,524,RGB,1.0,141.3,150.51273,36.186363,91.704865
Plastic_572.jpg,Plastic,D:\Recovered Documents\Moringa\Module 5\Summative2\realwaste\realwaste-main\RealWaste\Plastic\Plastic_572.jpg,524,524,RGB,1.0,108.4,152.682,34.320152,90.59071
Plastic_573.jpg,Plastic,D:\Recovered Documents\Moringa\Module 5\Summative2\realwaste\realwaste-main\RealWaste\Plastic\Plastic_573.jpg,524,524,RGB,1.0,146.1,152.83319,36.34886,92.63151
Plastic_574.jpg,Plastic,D:\Recovered Documents\Moringa\Module 5\Summative2\realwaste\realwaste-main\RealWaste\Plastic\Plastic_574.jpg,524,524,RGB,1.0,85.1,152.0544,34.874004,92.298615
Plastic_575.jpg,Plastic,D:\Recovered Documents\Moringa\Module 5\Summative2\realwaste\realwaste-main\RealWaste\Plastic\Plastic_575.jpg,524,524,RGB,1.0,143.0,152.21123,34.94326,89.68316
Plastic_576.jpg,Plastic,D:\Recovered Documents\Moringa\Module 5\Summative2\realwaste\realwaste-main\RealWaste\Plastic\Plastic_576.jpg,524,524,RGB,1.0,160.9,151.8177,39.34178,77.861115
Plastic_577.jpg,Plastic,D:\Recovered Documents\Moringa\Module 5\Summative2\realwaste\realwaste-main\RealWaste\Plastic\Plastic_577.jpg,524,524,RGB,1.0,149.5,152.216,36.50757,80.41406
Plastic_578.jpg,Plastic,D:\Recovered Documents\Moringa\Module 5\Summative2\realwaste\realwaste-main\RealWaste\Plastic\Plastic_578.jpg,524,524,RGB,1.0,129.0,149.88223,35.183147,91.35026
Plastic_579.jpg,Plastic,D:\Recovered Documents\Moringa\Module 5\Summative2\realwaste\realwaste-main\RealWaste\Plastic\Plastic_579.jpg,524,524,RGB,1.0,104.7,148.55772,40.325268,92.36545
Plastic_58.jpg,Plastic,D:\Recovered Documents\Moringa\Module 5\Summative2\realwaste\realwaste-main\RealWaste\Plastic\Plastic_58.jpg,524,524,RGB,1.0,154.8,149.64641,46.067684,89.376305
Plastic_580.jpg,Plastic,D:\Recovered Documents\Moringa\Module 5\Summative2\realwaste\realwaste-main\RealWaste\Plastic\Plastic_580.jpg,524,524,RGB,1.0,144.8,153.10228,33.67461,87.046875
Plastic_581.jpg,Plastic,D:\Recovered Documents\Moringa\Module 5\Summative2\realwaste\realwaste-main\RealWaste\Plastic\Plastic_581.jpg,524,524,RGB,1.0,151.6,152.05092,32.252735,92.75955
Plastic_582.jpg,Plastic,D:\Recovered Documents\Moringa\Module 5\Summative2\realwaste\realwaste-main\RealWaste\Plastic\Plastic_582.jpg,524,524,RGB,1.0,112.6,150.93172,36.89726,95.31988
Plastic_583.jpg,Plastic,D:\Recovered Documents\Moringa\Module 5\Summative2\realwaste\realwaste-main\RealWaste\Plastic\Plastic_583.jpg,524,524,RGB,1.0,148.2,154.39873,34.32184,88.748695
Plastic_584.jpg,Plastic,D:\Recovered Documents\Moringa\Module 5\Summative2\realwaste\realwaste-main\RealWaste\Plastic\Plastic_584.jpg,524,524,RGB,1.0,151.7,156.24913,33.79289,71.01866
Plastic_585.jpg,Plastic,D:\Recovered Documents\Moringa\Module 5\Summative2\realwaste\realwaste-main\RealWaste\Plastic\Plastic_585.jpg,524,524,RGB,1.0,145.4,151.92201,37.736664,89.58984
Plastic_586.jpg,Plastic,D:\Recovered Documents\Moringa\Module 5\Summative2\realwaste\realwaste-main\RealWaste\Plastic\Plastic_586.jpg,524,524,RGB,1.0,138.1,149.09679,42.5398,77.28429
Plastic_587.jpg,Plastic,D:\Recovered Documents\Moringa\Module 5\Summative2\realwaste\realwaste-main\RealWaste\Plastic\Plastic_587.jpg,524,524,RGB,1.0,155.8,151.21527,36.939644,92.06597
Plastic_588.jpg,Plastic,D:\Recovered Documents\Moringa\Module 5\Summative2\realwaste\realwaste-main\RealWaste\Plastic\Plastic_588.jpg,524,524,RGB,1.0,146.7,153.36922,39.028683,78.69922
Plastic_589.jpg,Plastic,D:\Recovered Documents\Moringa\Module 5\Summative2\realwaste\realwaste-main\RealWaste\Plastic\Plastic_589.jpg,524,524,RGB,1.0,153.9,151.4608,36.559284,88.51866
Plastic_59.jpg,Plastic,D:\Recovered Documents\Moringa\Module 5\Summative2\realwaste\realwaste-main\RealWaste\Plastic\Plastic_59.jpg,524,524,RGB,1.0,131.4,145.466,41.95288,94.35894
Plastic_590.jpg,Plastic,D:\Recovered Documents\Moringa\Module 5\Summative2\realwaste\realwaste-main\RealWaste\Plastic\Plastic_590.jpg,524,524,RGB,1.0,126.3,149.989,37.29157,89.338104
Plastic_591.jpg,Plastic,D:\Recovered Documents\Moringa\Module 5\Summative2\realwaste\realwaste-main\RealWaste\Plastic\Plastic_591.jpg,524,524,RGB,1.0,165.5,156.27647,36.16577,80.81684
Plastic_592.jpg,Plastic,D:\Recovered Documents\Moringa\Module 5\Summative2\realwaste\realwaste-main\RealWaste\Plastic\Plastic_592.jpg,524,524,RGB,1.0,156.5,154.92058,33.879715,85.62109
Plastic_593.jpg,Plastic,D:\Recovered Documents\Moringa\Module 5\Summative2\realwaste\realwaste-main\RealWaste\Plastic\Plastic_593.jpg,524,524,RGB,1.0,150.4,151.40364,30.948023,89.150604
Plastic_594.jpg,Plastic,D:\Recovered Documents\Moringa\Module 5\Summative2\realwaste\realwaste-main\RealWaste\Plastic\Plastic_594.jpg,524,524,RGB,1.0,149.2,150.6117,32.349426,89.110245
Plastic_595.jpg,Plastic,D:\Recovered Documents\Moringa\Module 5\Summative2\realwaste\realwaste-main\RealWaste\Plastic\Plastic_595.jpg,524,524,RGB,1.0,156.5,154.15031,36.761353,67.38368
Plastic_596.jpg,Plastic,D:\Recovered Documents\Moringa\Module 5\Summative2\realwaste\realwaste-main\RealWaste\Plastic\Plastic_596.jpg,524,524,RGB,1.0,162.7,145.05049,41.47189,68.71181
Plastic_597.jpg,Plastic,D:\Recovered Documents\Moringa\Module 5\Summative2\realwaste\realwaste-main\RealWaste\Plastic\Plastic_597.jpg,524,524,RGB,1.0,143.3,156.03342,35.23852,87.52734
Plastic_598.jpg,Plastic,D:\Recovered Documents\Moringa\Module 5\Summative2\realwaste\realwaste-main\RealWaste\Plastic\Plastic_598.jpg,524,524,RGB,1.0,140.0,153.59853,34.693398,89.38585
Plastic_599.jpg,Plastic,D:\Recovered Documents\Moringa\Module 5\Summative2\realwaste\realwaste-main\RealWaste\Plastic\Plastic_599.jpg,524,524,RGB,1.0,158.0,153.49277,36.203846,83.438805
Plastic_6.jpg,Plastic,D:\Recovered Documents\Moringa\Module 5\Summative2\realwaste\realwaste-main\RealWaste\Plastic\Plastic_6.jpg,524,524,RGB,1.0,120.9,140.2882,39.06635,83.25781
Plastic_60.jpg,Plastic,D:\Recovered Documents\Moringa\Module 5\Summative2\realwaste\realwaste-main\RealWaste\Plastic\Plastic_60.jpg,524,524,RGB,1.0,172.8,145.73293,42.61932,80.04557
Plastic_600.jpg,Plastic,D:\Recovered Documents\Moringa\Module 5\Summative2\realwaste\realwaste-main\RealWaste\Plastic\Plastic_600.jpg,524,524,RGB,1.0,161.4,149.80455,39.544933,77.71441
Plastic_601.jpg,Plastic,D:\Recovered Documents\Moringa\Module 5\Summative2\realwaste\realwaste-main\RealWaste\Plastic\Plastic_601.jpg,524,524,RGB,1.0,145.9,140.88397,40.055313,97.43446
Plastic_602.jpg,Plastic,D:\Recovered Documents\Moringa\Module 5\Summative2\realwaste\realwaste-main\RealWaste\Plastic\Plastic_602.jpg,524,524,RGB,1.0,169.1,147.29759,36.864037,91.89931
Plastic_603.jpg,Plastic,D:\Recovered Documents\Moringa\Module 5\Summative2\realwaste\realwaste-main\RealWaste\Plastic\Plastic_603.jpg,524,524,RGB,1.0,159.5,153.64062,33.12025,90.31554
Plastic_604.jpg,Plastic,D:\Recovered Documents\Moringa\Module 5\Summative2\realwaste\realwaste-main\RealWaste\Plastic\Plastic_604.jpg,524,524,RGB,1.0,165.3,146.01895,34.33772,91.764755
Plastic_605.jpg,Plastic,D:\Recovered Documents\Moringa\Module 5\Summative2\realwaste\realwaste-main\RealWaste\Plastic\Plastic_605.jpg,524,524,RGB,1.0,85.0,153.59288,34.81648,87.7921
Plastic_606.jpg,Plastic,D:\Recovered Documents\Moringa\Module 5\Summative2\realwaste\realwaste-main\RealWaste\Plastic\Plastic_606.jpg,524,524,RGB,1.0,138.7,152.44489,37.97998,91.34071
Plastic_607.jpg,Plastic,D:\Recovered Documents\Moringa\Module 5\Summative2\realwaste\realwaste-main\RealWaste\Plastic\Plastic_607.jpg,524,524,RGB,1.0,146.2,152.09969,36.10669,87.87109
Plastic_608.jpg,Plastic,D:\Recovered Documents\Moringa\Module 5\Summative2\realwaste\realwaste-main\RealWaste\Plastic\Plastic_608.jpg,524,524,RGB,1.0,149.7,144.71007,36.532543,90.6276
Plastic_609.jpg,Plastic,D:\Recovered Documents\Moringa\Module 5\Summative2\realwaste\realwaste-main\RealWaste\Plastic\Plastic_609.jpg,524,524,RGB,1.0,148.4,155.50969,34.182186,78.500435
Plastic_61.jpg,Plastic,D:\Recovered Documents\Moringa\Module 5\Summative2\realwaste\realwaste-main\RealWaste\Plastic\Plastic_61.jpg,524,524,RGB,1.0,131.8,142.7296,57.580593,113.11154
Plastic_610.jpg,Plastic,D:\Recovered Documents\Moringa\Module 5\Summative2\realwaste\realwaste-main\RealWaste\Plastic\Plastic_610.jpg,524,524,RGB,1.0,139.3,147.96716,34.739063,93.66406
Plastic_611.jpg,Plastic,D:\Recovered Documents\Moringa\Module 5\Summative2\realwaste\realwaste-main\RealWaste\Plastic\Plastic_611.jpg,524,524,RGB,1.0,139.7,153.59317,33.640354,89.6645
Plastic_612.jpg,Plastic,D:\Recovered Documents\Moringa\Module 5\Summative2\realwaste\realwaste-main\RealWaste\Plastic\Plastic_612.jpg,524,524,RGB,1.0,119.4,145.92332,38.989502,85.57856
Plastic_613.jpg,Plastic,D:\Recovered Documents\Moringa\Module 5\Summative2\realwaste\realwaste-main\RealWaste\Plastic\Plastic_613.jpg,524,524,RGB,1.0,139.3,153.69315,34.751972,88.35894
Plastic_614.jpg,Plastic,D:\Recovered Documents\Moringa\Module 5\Summative2\realwaste\realwaste-main\RealWaste\Plastic\Plastic_614.jpg,524,524,RGB,1.0,134.9,153.30888,36.132263,78.650604
Plastic_615.jpg,Plastic,D:\Recovered Documents\Moringa\Module 5\Summative2\realwaste\realwaste-main\RealWaste\Plastic\Plastic_615.jpg,524,524,RGB,1.0,140.7,151.7377,36.469067,87.25
Plastic_616.jpg,Plastic,D:\Recovered Documents\Moringa\Module 5\Summative2\realwaste\realwaste-main\RealWaste\Plastic\Plastic_616.jpg,524,524,RGB,1.0,154.9,152.59274,34.85461,87.979164
Plastic_617.jpg,Plastic,D:\Recovered Documents\Moringa\Module 5\Summative2\realwaste\realwaste-main\RealWaste\Plastic\Plastic_617.jpg,524,524,RGB,1.0,153.0,150.47699,44.490124,61.259983
Plastic_618.jpg,Plastic,D:\Recovered Documents\Moringa\Module 5\Summative2\realwaste\realwaste-main\RealWaste\Plastic\Plastic_618.jpg,524,524,RGB,1.0,145.3,156.07942,32.033752,71.973526
Plastic_619.jpg,Plastic,D:\Recovered Documents\Moringa\Module 5\Summative2\realwaste\realwaste-main\RealWaste\Plastic\Plastic_619.jpg,524,524,RGB,1.0,147.5,156.8831,32.67883,70.35156
Plastic_62.jpg,Plastic,D:\Recovered Documents\Moringa\Module 5\Summative2\realwaste\realwaste-main\RealWaste\Plastic\Plastic_62.jpg,524,524,RGB,1.0,152.4,151.93793,36.24009,93.23394
Plastic_620.jpg,Plastic,D:\Recovered Documents\Moringa\Module 5\Summative2\realwaste\realwaste-main\RealWaste\Plastic\Plastic_620.jpg,524,524,RGB,1.0,156.7,160.94922,33.325893,64.016495
Plastic_621.jpg,Plastic,D:\Recovered Documents\Moringa\Module 5\Summative2\realwaste\realwaste-main\RealWaste\Plastic\Plastic_621.jpg,524,524,RGB,1.0,155.2,159.5625,34.531197,68.78516
Plastic_622.jpg,Plastic,D:\Recovered Documents\Moringa\Module 5\Summative2\realwaste\realwaste-main\RealWaste\Plastic\Plastic_622.jpg,524,524,RGB,1.0,156.2,160.8452,34.06663,68.36415
Plastic_623.jpg,Plastic,D:\Recovered Documents\Moringa\Module 5\Summative2\realwaste\realwaste-main\RealWaste\Plastic\Plastic_623.jpg,524,524,RGB,1.0,155.4,154.1386,38.129383,88.7092
Plastic_624.jpg,Plastic,D:\Recovered Documents\Moringa\Module 5\Summative2\realwaste\realwaste-main\RealWaste\Plastic\Plastic_624.jpg,524,524,RGB,1.0,115.2,157.30556,34.08982,74.74696
Plastic_625.jpg,Plastic,D:\Recovered Documents\Moringa\Module 5\Summative2\realwaste\realwaste-main\RealWaste\Plastic\Plastic_625.jpg,524,524,RGB,1.0,143.3,158.67404,33.986824,76.8559
Plastic_626.jpg,Plastic,D:\Recovered Documents\Moringa\Module 5\Summative2\realwaste\realwaste-main\RealWaste\Plastic\Plastic_626.jpg,524,524,RGB,1.0,150.4,158.41522,33.158157,72.32248
Plastic_627.jpg,Plastic,D:\Recovered Documents\Moringa\Module 5\Summative2\realwaste\realwaste-main\RealWaste\Plastic\Plastic_627.jpg,524,524,RGB,1.0,160.6,157.5777,32.226448,74.02865
Plastic_628.jpg,Plastic,D:\Recovered Documents\Moringa\Module 5\Summative2\realwaste\realwaste-main\RealWaste\Plastic\Plastic_628.jpg,524,524,RGB,1.0,147.3,148.8138,40.177032,75.6033
Plastic_629.jpg,Plastic,D:\Recovered Documents\Moringa\Module 5\Summative2\realwaste\realwaste-main\RealWaste\Plastic\Plastic_629.jpg,524,524,RGB,1.0,137.0,156.7092,35.983562,76.54948
Plastic_63.jpg,Plastic,D:\Recovered Documents\Moringa\Module 5\Summative2\realwaste\realwaste-main\RealWaste\Plastic\Plastic_63.jpg,524,524,RGB,1.0,167.0,154.2202,26.46364,71.99393
Plastic_630.jpg,Plastic,D:\Recovered Documents\Moringa\Module 5\Summative2\realwaste\realwaste-main\RealWaste\Plastic\Plastic_630.jpg,524,524,RGB,1.0,161.8,160.5881,32.626934,59.06033
Plastic_631.jpg,Plastic,D:\Recovered Documents\Moringa\Module 5\Summative2\realwaste\realwaste-main\RealWaste\Plastic\Plastic_631.jpg,524,524,RGB,1.0,169.2,161.034,31.677664,69.098526
Plastic_632.jpg,Plastic,D:\Recovered Documents\Moringa\Module 5\Summative2\realwaste\realwaste-main\RealWaste\Plastic\Plastic_632.jpg,524,524,RGB,1.0,170.1,152.48119,34.458706,74.02691
Plastic_633.jpg,Plastic,D:\Recovered Documents\Moringa\Module 5\Summative2\realwaste\realwaste-main\RealWaste\Plastic\Plastic_633.jpg,524,524,RGB,1.0,164.7,157.60895,32.554893,71.260414
Plastic_634.jpg,Plastic,D:\Recovered Documents\Moringa\Module 5\Summative2\realwaste\realwaste-main\RealWaste\Plastic\Plastic_634.jpg,524,524,RGB,1.0,151.7,157.13382,38.143562,84.70703
Plastic_635.jpg,Plastic,D:\Recovered Documents\Moringa\Module 5\Summative2\realwaste\realwaste-main\RealWaste\Plastic\Plastic_635.jpg,524,524,RGB,1.0,157.1,160.27576,32.279255,67.24566
Plastic_636.jpg,Plastic,D:\Recovered Documents\Moringa\Module 5\Summative2\realwaste\realwaste-main\RealWaste\Plastic\Plastic_636.jpg,524,524,RGB,1.0,141.0,158.27344,32.988953,74.92969
Plastic_637.jpg,Plastic,D:\Recovered Documents\Moringa\Module 5\Summative2\realwaste\realwaste-main\RealWaste\Plastic\Plastic_637.jpg,524,524,RGB,1.0,164.5,158.90292,30.484888,68.57422
Plastic_638.jpg,Plastic,D:\Recovered Documents\Moringa\Module 5\Summative2\realwaste\realwaste-main\RealWaste\Plastic\Plastic_638.jpg,524,524,RGB,1.0,175.1,156.57451,32.987724,59.067707
Plastic_639.jpg,Plastic,D:\Recovered Documents\Moringa\Module 5\Summative2\realwaste\realwaste-main\RealWaste\Plastic\Plastic_639.jpg,524,524,RGB,1.0,175.4,158.77576,26.04645,67.52127
Plastic_64.jpg,Plastic,D:\Recovered Documents\Moringa\Module 5\Summative2\realwaste\realwaste-main\RealWaste\Plastic\Plastic_64.jpg,524,524,RGB,1.0,172.6,154.5868,35.982998,52.137154
Plastic_640.jpg,Plastic,D:\Recovered Documents\Moringa\Module 5\Summative2\realwaste\realwaste-main\RealWaste\Plastic\Plastic_640.jpg,524,524,RGB,1.0,170.0,155.12254,25.705364,63.943142
Plastic_641.jpg,Plastic,D:\Recovered Documents\Moringa\Module 5\Summative2\realwaste\realwaste-main\RealWaste\Plastic\Plastic_641.jpg,524,524,RGB,1.0,159.0,156.89801,27.764362,66.921005
Plastic_642.jpg,Plastic,D:\Recovered Documents\Moringa\Module 5\Summative2\realwaste\realwaste-main\RealWaste\Plastic\Plastic_642.jpg,524,524,RGB,1.0,157.0,153.95471,28.05618,67.780815
Plastic_643.jpg,Plastic,D:\Recovered Documents\Moringa\Module 5\Summative2\realwaste\realwaste-main\RealWaste\Plastic\Plastic_643.jpg,524,524,RGB,1.0,175.9,161.364,29.946785,58.7513
Plastic_644.jpg,Plastic,D:\Recovered Documents\Moringa\Module 5\Summative2\realwaste\realwaste-main\RealWaste\Plastic\Plastic_644.jpg,524,524,RGB,1.0,172.5,160.05411,29.06949,68.17795
Plastic_645.jpg,Plastic,D:\Recovered Documents\Moringa\Module 5\Summative2\realwaste\realwaste-main\RealWaste\Plastic\Plastic_645.jpg,524,524,RGB,1.0,130.1,147.07784,37.949944,96.063805
Plastic_646.jpg,Plastic,D:\Recovered Documents\Moringa\Module 5\Summative2\realwaste\realwaste-main\RealWaste\Plastic\Plastic_646.jpg,524,524,RGB,1.0,174.6,157.6496,29.21055,64.4566
Plastic_647.jpg,Plastic,D:\Recovered Documents\Moringa\Module 5\Summative2\realwaste\realwaste-main\RealWaste\Plastic\Plastic_647.jpg,524,524,RGB,1.0,162.9,157.78893,28.007612,53.92144
Plastic_648.jpg,Plastic,D:\Recovered Documents\Moringa\Module 5\Summative2\realwaste\realwaste-main\RealWaste\Plastic\Plastic_648.jpg,524,524,RGB,1.0,169.9,154.21326,28.245487,66.10243
Plastic_649.jpg,Plastic,D:\Recovered Documents\Moringa\Module 5\Summative2\realwaste\realwaste-main\RealWaste\Plastic\Plastic_649.jpg,524,524,RGB,1.0,168.5,154.55179,27.650587,59.88889
Plastic_65.jpg,Plastic,D:\Recovered Documents\Moringa\Module 5\Summative2\realwaste\realwaste-main\RealWaste\Plastic\Plastic_65.jpg,524,524,RGB,1.0,167.5,159.72772,27.77823,59.179253
Plastic_650.jpg,Plastic,D:\Recovered Documents\Moringa\Module 5\Summative2\realwaste\realwaste-main\RealWaste\Plastic\Plastic_650.jpg,524,524,RGB,1.0,168.4,156.12254,29.71306,64.02821
Plastic_651.jpg,Plastic,D:\Recovered Documents\Moringa\Module 5\Summative2\realwaste\realwaste-main\RealWaste\Plastic\Plastic_651.jpg,524,524,RGB,1.0,170.6,158.74464,27.446356,60.428818
Plastic_652.jpg,Plastic,D:\Recovered Documents\Moringa\Module 5\Summative2\realwaste\realwaste-main\RealWaste\Plastic\Plastic_652.jpg,524,524,RGB,1.0,157.6,158.16869,30.756556,72.530815
Plastic_653.jpg,Plastic,D:\Recovered Documents\Moringa\Module 5\Summative2\realwaste\realwaste-main\RealWaste\Plastic\Plastic_653.jpg,524,524,RGB,1.0,152.0,157.67723,35.427986,69.172745
Plastic_654.jpg,Plastic,D:\Recovered Documents\Moringa\Module 5\Summative2\realwaste\realwaste-main\RealWaste\Plastic\Plastic_654.jpg,524,524,RGB,1.0,148.6,153.23235,37.305702,72.329865
Plastic_655.jpg,Plastic,D:\Recovered Documents\Moringa\Module 5\Summative2\realwaste\realwaste-main\RealWaste\Plastic\Plastic_655.jpg,524,524,RGB,1.0,172.9,157.73886,26.125864,56.601562
Plastic_656.jpg,Plastic,D:\Recovered Documents\Moringa\Module 5\Summative2\realwaste\realwaste-main\RealWaste\Plastic\Plastic_656.jpg,524,524,RGB,1.0,147.0,145.63542,40.725502,81.13759
Plastic_657.jpg,Plastic,D:\Recovered Documents\Moringa\Module 5\Summative2\realwaste\realwaste-main\RealWaste\Plastic\Plastic_657.jpg,524,524,RGB,1.0,200.3,146.35228,32.27769,49.05903
Plastic_658.jpg,Plastic,D:\Recovered Documents\Moringa\Module 5\Summative2\realwaste\realwaste-main\RealWaste\Plastic\Plastic_658.jpg,524,524,RGB,1.0,161.2,161.2571,34.794834,37.567276
Plastic_659.jpg,Plastic,D:\Recovered Documents\Moringa\Module 5\Summative2\realwaste\realwaste-main\RealWaste\Plastic\Plastic_659.jpg,524,524,RGB,1.0,132.9,152.77618,34.702103,91.295135
Plastic_66.jpg,Plastic,D:\Recovered Documents\Moringa\Module 5\Summative2\realwaste\realwaste-main\RealWaste\Plastic\Plastic_66.jpg,524,524,RGB,1.0,105.6,150.24464,36.84069,27.491753
Plastic_660.jpg,Plastic,D:\Recovered Documents\Moringa\Module 5\Summative2\realwaste\realwaste-main\RealWaste\Plastic\Plastic_660.jpg,524,524,RGB,1.0,145.9,152.5842,38.605553,83.95009
Plastic_661.jpg,Plastic,D:\Recovered Documents\Moringa\Module 5\Summative2\realwaste\realwaste-main\RealWaste\Plastic\Plastic_661.jpg,524,524,RGB,1.0,150.2,158.26794,33.219837,85.00694
Plastic_662.jpg,Plastic,D:\Recovered Documents\Moringa\Module 5\Summative2\realwaste\realwaste-main\RealWaste\Plastic\Plastic_662.jpg,524,524,RGB,1.0,134.4,153.12862,34.431538,87.87066
Plastic_663.jpg,Plastic,D:\Recovered Documents\Moringa\Module 5\Summative2\realwaste\realwaste-main\RealWaste\Plastic\Plastic_663.jpg,524,524,RGB,1.0,142.1,154.86806,35.707466,86.45703
Plastic_664.jpg,Plastic,D:\Recovered Documents\Moringa\Module 5\Summative2\realwaste\realwaste-main\RealWaste\Plastic\Plastic_664.jpg,524,524,RGB,1.0,144.5,152.80107,34.741966,88.25998
Plastic_665.jpg,Plastic,D:\Recovered Documents\Moringa\Module 5\Summative2\realwaste\realwaste-main\RealWaste\Plastic\Plastic_665.jpg,524,524,RGB,1.0,133.7,155.91261,33.593475,89.19835
Plastic_666.jpg,Plastic,D:\Recovered Documents\Moringa\Module 5\Summative2\realwaste\realwaste-main\RealWaste\Plastic\Plastic_666.jpg,524,524,RGB,1.0,128.6,155.68388,36.498745,88.254776
Plastic_667.jpg,Plastic,D:\Recovered Documents\Moringa\Module 5\Summative2\realwaste\realwaste-main\RealWaste\Plastic\Plastic_667.jpg,524,524,RGB,1.0,155.3,154.69792,39.845074,51.218315
Plastic_668.jpg,Plastic,D:\Recovered Documents\Moringa\Module 5\Summative2\realwaste\realwaste-main\RealWaste\Plastic\Plastic_668.jpg,524,524,RGB,1.0,126.4,145.65567,38.75125,96.40972
Plastic_669.jpg,Plastic,D:\Recovered Documents\Moringa\Module 5\Summative2\realwaste\realwaste-main\RealWaste\Plastic\Plastic_669.jpg,524,524,RGB,1.0,85.9,164.19199,34.21615,44.615017
Plastic_67.jpg,Plastic,D:\Recovered Documents\Moringa\Module 5\Summative2\realwaste\realwaste-main\RealWaste\Plastic\Plastic_67.jpg,524,524,RGB,1.0,88.6,154.70457,39.93513,13.685764
Plastic_670.jpg,Plastic,D:\Recovered Documents\Moringa\Module 5\Summative2\realwaste\realwaste-main\RealWaste\Plastic\Plastic_670.jpg,524,524,RGB,1.0,177.7,157.93185,32.21038,61.452255
Plastic_671.jpg,Plastic,D:\Recovered Documents\Moringa\Module 5\Summative2\realwaste\realwaste-main\RealWaste\Plastic\Plastic_671.jpg,524,524,RGB,1.0,169.7,159.41725,27.283407,62.233074
Plastic_672.jpg,Plastic,D:\Recovered Documents\Moringa\Module 5\Summative2\realwaste\realwaste-main\RealWaste\Plastic\Plastic_672.jpg,524,524,RGB,1.0,173.5,160.56712,31.400965,59.34375
Plastic_673.jpg,Plastic,D:\Recovered Documents\Moringa\Module 5\Summative2\realwaste\realwaste-main\RealWaste\Plastic\Plastic_673.jpg,524,524,RGB,1.0,174.4,155.75462,30.87075,64.958336
Plastic_674.jpg,Plastic,D:\Recovered Documents\Moringa\Module 5\Summative2\realwaste\realwaste-main\RealWaste\Plastic\Plastic_674.jpg,524,524,RGB,1.0,166.2,158.99219,33.131306,55.2908
Plastic_675.jpg,Plastic,D:\Recovered Documents\Moringa\Module 5\Summative2\realwaste\realwaste-main\RealWaste\Plastic\Plastic_675.jpg,524,524,RGB,1.0,156.9,154.56467,27.38258,58.094185
Plastic_676.jpg,Plastic,D:\Recovered Documents\Moringa\Module 5\Summative2\realwaste\realwaste-main\RealWaste\Plastic\Plastic_676.jpg,524,524,RGB,1.0,171.7,155.79471,28.73973,65.06467
Plastic_677.jpg,Plastic,D:\Recovered Documents\Moringa\Module 5\Summative2\realwaste\realwaste-main\RealWaste\Plastic\Plastic_677.jpg,524,524,RGB,1.0,172.4,155.41232,26.894035,67.11502
Plastic_678.jpg,Plastic,D:\Recovered Documents\Moringa\Module 5\Summative2\realwaste\realwaste-main\RealWaste\Plastic\Plastic_678.jpg,524,524,RGB,1.0,166.7,158.14308,27.702583,61.81033
Plastic_679.jpg,Plastic,D:\Recovered Documents\Moringa\Module 5\Summative2\realwaste\realwaste-main\RealWaste\Plastic\Plastic_679.jpg,524,524,RGB,1.0,148.8,155.56004,35.490536,90.111115
Plastic_68.jpg,Plastic,D:\Recovered Documents\Moringa\Module 5\Summative2\realwaste\realwaste-main\RealWaste\Plastic\Plastic_68.jpg,524,524,RGB,1.0,157.2,158.9336,33.733437,40.75
Plastic_680.jpg,Plastic,D:\Recovered Documents\Moringa\Module 5\Summative2\realwaste\realwaste-main\RealWaste\Plastic\Plastic_680.jpg,524,524,RGB,1.0,168.4,158.37022,25.76598,62.29514
Plastic_681.jpg,Plastic,D:\Recovered Documents\Moringa\Module 5\Summative2\realwaste\realwaste-main\RealWaste\Plastic\Plastic_681.jpg,524,524,RGB,1.0,168.5,155.82928,27.172045,62.429253
Plastic_682.jpg,Plastic,D:\Recovered Documents\Moringa\Module 5\Summative2\realwaste\realwaste-main\RealWaste\Plastic\Plastic_682.jpg,524,524,RGB,1.0,166.7,157.28082,27.004238,62.976562
Plastic_683.jpg,Plastic,D:\Recovered Documents\Moringa\Module 5\Summative2\realwaste\realwaste-main\RealWaste\Plastic\Plastic_683.jpg,524,524,RGB,1.0,163.7,154.21774,27.019611,71.01302
Plastic_684.jpg,Plastic,D:\Recovered Documents\Moringa\Module 5\Summative2\realwaste\realwaste-main\RealWaste\Plastic\Plastic_684.jpg,524,524,RGB,1.0,170.8,155.4592,29.164684,67.27691
Plastic_685.jpg,Plastic,D:\Recovered Documents\Moringa\Module 5\Summative2\realwaste\realwaste-main\RealWaste\Plastic\Plastic_685.jpg,524,524,RGB,1.0,160.5,155.65163,30.285225,61.224392
Plastic_686.jpg,Plastic,D:\Recovered Documents\Moringa\Module 5\Summative2\realwaste\realwaste-main\RealWaste\Plastic\Plastic_686.jpg,524,524,RGB,1.0,167.0,154.34245,27.845257,73.90365
Plastic_687.jpg,Plastic,D:\Recovered Documents\Moringa\Module 5\Summative2\realwaste\realwaste-main\RealWaste\Plastic\Plastic_687.jpg,524,524,RGB,1.0,166.5,153.50897,30.290506,59.102863
Plastic_688.jpg,Plastic,D:\Recovered Documents\Moringa\Module 5\Summative2\realwaste\realwaste-main\RealWaste\Plastic\Plastic_688.jpg,524,524,RGB,1.0,175.1,155.5706,30.828955,65.30556
Plastic_689.jpg,Plastic,D:\Recovered Documents\Moringa\Module 5\Summative2\realwaste\realwaste-main\RealWaste\Plastic\Plastic_689.jpg,524,524,RGB,1.0,165.5,154.48857,30.58806,63.391926
Plastic_69.jpg,Plastic,D:\Recovered Documents\Moringa\Module 5\Summative2\realwaste\realwaste-main\RealWaste\Plastic\Plastic_69.jpg,524,524,RGB,1.0,111.1,158.88527,29.567102,11.338108
Plastic_690.jpg,Plastic,D:\Recovered Documents\Moringa\Module 5\Summative2\realwaste\realwaste-main\RealWaste\Plastic\Plastic_690.jpg,524,524,RGB,1.0,166.2,137.63194,36.514114,68.96615
Plastic_691.jpg,Plastic,D:\Recovered Documents\Moringa\Module 5\Summative2\realwaste\realwaste-main\RealWaste\Plastic\Plastic_691.jpg,524,524,RGB,1.0,174.6,155.7772,27.216305,68.886284
Plastic_692.jpg,Plastic,D:\Recovered Documents\Moringa\Module 5\Summative2\realwaste\realwaste-main\RealWaste\Plastic\Plastic_692.jpg,524,524,RGB,1.0,173.5,160.01215,26.594193,66.16363
Plastic_693.jpg,Plastic,D:\Recovered Documents\Moringa\Module 5\Summative2\realwaste\realwaste-main\RealWaste\Plastic\Plastic_693.jpg,524,524,RGB,1.0,173.1,158.38194,26.071056,66.37891
Plastic_694.jpg,Plastic,D:\Recovered Documents\Moringa\Module 5\Summative2\realwaste\realwaste-main\RealWaste\Plastic\Plastic_694.jpg,524,524,RGB,1.0,170.2,159.97266,27.66206,63.820312
Plastic_695.jpg,Plastic,D:\Recovered Documents\Moringa\Module 5\Summative2\realwaste\realwaste-main\RealWaste\Plastic\Plastic_695.jpg,524,524,RGB,1.0,174.9,160.7973,25.60224,62.886284
Plastic_696.jpg,Plastic,D:\Recovered Documents\Moringa\Module 5\Summative2\realwaste\realwaste-main\RealWaste\Plastic\Plastic_696.jpg,524,524,RGB,1.0,174.5,156.85951,33.7949,50.62413
Plastic_697.jpg,Plastic,D:\Recovered Documents\Moringa\Module 5\Summative2\realwaste\realwaste-main\RealWaste\Plastic\Plastic_697.jpg,524,524,RGB,1.0,176.9,159.05498,27.229269,57.6658
Plastic_698.jpg,Plastic,D:\Recovered Documents\Moringa\Module 5\Summative2\realwaste\realwaste-main\RealWaste\Plastic\Plastic_698.jpg,524,524,RGB,1.0,171.0,158.09375,27.899687,55.812065
Plastic_699.jpg,Plastic,D:\Recovered Documents\Moringa\Module 5\Summative2\realwaste\realwaste-main\RealWaste\Plastic\Plastic_699.jpg,524,524,RGB,1.0,169.1,158.68272,29.123661,59.016495
Plastic_7.jpg,Plastic,D:\Recovered Documents\Moringa\Module 5\Summative2\realwaste\realwaste-main\RealWaste\Plastic\Plastic_7.jpg,524,524,RGB,1.0,132.9,135.27908,46.584534,97.105034
Plastic_70.jpg,Plastic,D:\Recovered Documents\Moringa\Module 5\Summative2\realwaste\realwaste-main\RealWaste\Plastic\Plastic_70.jpg,524,524,RGB,1.0,113.9,153.32741,37.41097,15.518663
Plastic_700.jpg,Plastic,D:\Recovered Documents\Moringa\Module 5\Summative2\realwaste\realwaste-main\RealWaste\Plastic\Plastic_700.jpg,524,524,RGB,1.0,165.8,155.68707,29.193045,65.64193
Plastic_701.jpg,Plastic,D:\Recovered Documents\Moringa\Module 5\Summative2\realwaste\realwaste-main\RealWaste\Plastic\Plastic_701.jpg,524,524,RGB,1.0,131.3,145.70602,37.05101,92.076385
Plastic_702.jpg,Plastic,D:\Recovered Documents\Moringa\Module 5\Summative2\realwaste\realwaste-main\RealWaste\Plastic\Plastic_702.jpg,524,524,RGB,1.0,150.3,156.7788,27.686935,64.66016
Plastic_703.jpg,Plastic,D:\Recovered Documents\Moringa\Module 5\Summative2\realwaste\realwaste-main\RealWaste\Plastic\Plastic_703.jpg,524,524,RGB,1.0,170.4,157.58998,28.206902,62.88455
Plastic_704.jpg,Plastic,D:\Recovered Documents\Moringa\Module 5\Summative2\realwaste\realwaste-main\RealWaste\Plastic\Plastic_704.jpg,524,524,RGB,1.0,164.1,157.9806,27.999586,62.837673
Plastic_705.jpg,Plastic,D:\Recovered Documents\Moringa\Module 5\Summative2\realwaste\realwaste-main\RealWaste\Plastic\Plastic_705.jpg,524,524,RGB,1.0,167.8,156.93417,28.854233,53.95139
Plastic_706.jpg,Plastic,D:\Recovered Documents\Moringa\Module 5\Summative2\realwaste\realwaste-main\RealWaste\Plastic\Plastic_706.jpg,524,524,RGB,1.0,172.3,158.49638,28.32843,54.92491
Plastic_707.jpg,Plastic,D:\Recovered Documents\Moringa\Module 5\Summative2\realwaste\realwaste-main\RealWaste\Plastic\Plastic_707.jpg,524,524,RGB,1.0,86.9,153.36748,32.688114,81.636284
Plastic_708.jpg,Plastic,D:\Recovered Documents\Moringa\Module 5\Summative2\realwaste\realwaste-main\RealWaste\Plastic\Plastic_708.jpg,524,524,RGB,1.0,161.8,152.00839,35.51509,84.69835
Plastic_709.jpg,Plastic,D:\Recovered Documents\Moringa\Module 5\Summative2\realwaste\realwaste-main\RealWaste\Plastic\Plastic_709.jpg,524,524,RGB,1.0,160.5,159.11198,33.796284,65.14366
Plastic_71.jpg,Plastic,D:\Recovered Documents\Moringa\Module 5\Summative2\realwaste\realwaste-main\RealWaste\Plastic\Plastic_71.jpg,524,524,RGB,1.0,92.3,164.26736,41.78564,10.929254
Plastic_710.jpg,Plastic,D:\Recovered Documents\Moringa\Module 5\Summative2\realwaste\realwaste-main\RealWaste\Plastic\Plastic_710.jpg,524,524,RGB,1.0,163.8,156.76404,26.552696,65.422745
Plastic_711.jpg,Plastic,D:\Recovered Documents\Moringa\Module 5\Summative2\realwaste\realwaste-main\RealWaste\Plastic\Plastic_711.jpg,524,524,RGB,1.0,178.1,157.19922,33.432552,54.2921
Plastic_712.jpg,Plastic,D:\Recovered Documents\Moringa\Module 5\Summative2\realwaste\realwaste-main\RealWaste\Plastic\Plastic_712.jpg,524,524,RGB,1.0,148.3,154.94357,43.737804,95.16319
Plastic_713.jpg,Plastic,D:\Recovered Documents\Moringa\Module 5\Summative2\realwaste\realwaste-main\RealWaste\Plastic\Plastic_713.jpg,524,524,RGB,1.0,167.2,156.33522,26.395742,61.222656
Plastic_714.jpg,Plastic,D:\Recovered Documents\Moringa\Module 5\Summative2\realwaste\realwaste-main\RealWaste\Plastic\Plastic_714.jpg,524,524,RGB,1.0,180.5,158.2406,32.98311,51.804253
Plastic_715.jpg,Plastic,D:\Recovered Documents\Moringa\Module 5\Summative2\realwaste\realwaste-main\RealWaste\Plastic\Plastic_715.jpg,524,524,RGB,1.0,154.3,157.66754,29.249292,66.286896
Plastic_716.jpg,Plastic,D:\Recovered Documents\Moringa\Module 5\Summative2\realwaste\realwaste-main\RealWaste\Plastic\Plastic_716.jpg,524,524,RGB,1.0,155.6,156.5635,29.476942,70.072914
Plastic_717.jpg,Plastic,D:\Recovered Documents\Moringa\Module 5\Summative2\realwaste\realwaste-main\RealWaste\Plastic\Plastic_717.jpg,524,524,RGB,1.0,153.9,153.18663,28.949038,73.43229
Plastic_718.jpg,Plastic,D:\Recovered Documents\Moringa\Module 5\Summative2\realwaste\realwaste-main\RealWaste\Plastic\Plastic_718.jpg,524,524,RGB,1.0,171.1,157.70096,36.383514,57.53472
Plastic_719.jpg,Plastic,D:\Recovered Documents\Moringa\Module 5\Summative2\realwaste\realwaste-main\RealWaste\Plastic\Plastic_719.jpg,524,524,RGB,1.0,170.4,156.58377,35.35583,61.450954
Plastic_72.jpg,Plastic,D:\Recovered Documents\Moringa\Module 5\Summative2\realwaste\realwaste-main\RealWaste\Plastic\Plastic_72.jpg,524,524,RGB,1.0,124.6,156.94054,23.806679,11.513889
Plastic_720.jpg,Plastic,D:\Recovered Documents\Moringa\Module 5\Summative2\realwaste\realwaste-main\RealWaste\Plastic\Plastic_720.jpg,524,524,RGB,1.0,175.2,147.31105,39.959618,64.48828
Plastic_721.jpg,Plastic,D:\Recovered Documents\Moringa\Module 5\Summative2\realwaste\realwaste-main\RealWaste\Plastic\Plastic_721.jpg,524,524,RGB,1.0,172.4,157.11502,28.24355,67.28646
Plastic_722.jpg,Plastic,D:\Recovered Documents\Moringa\Module 5\Summative2\realwaste\realwaste-main\RealWaste\Plastic\Plastic_722.jpg,524,524,RGB,1.0,171.9,154.0612,27.668907,72.84288
Plastic_723.jpg,Plastic,D:\Recovered Documents\Moringa\Module 5\Summative2\realwaste\realwaste-main\RealWaste\Plastic\Plastic_723.jpg,524,524,RGB,1.0,147.7,155.31583,40.610046,91.43576
Plastic_724.jpg,Plastic,D:\Recovered Documents\Moringa\Module 5\Summative2\realwaste\realwaste-main\RealWaste\Plastic\Plastic_724.jpg,524,524,RGB,1.0,173.5,154.87833,30.961311,66.83073
Plastic_725.jpg,Plastic,D:\Recovered Documents\Moringa\Module 5\Summative2\realwaste\realwaste-main\RealWaste\Plastic\Plastic_725.jpg,524,524,RGB,1.0,144.8,158.76129,30.811821,71.166664
Plastic_726.jpg,Plastic,D:\Recovered Documents\Moringa\Module 5\Summative2\realwaste\realwaste-main\RealWaste\Plastic\Plastic_726.jpg,524,524,RGB,1.0,144.3,154.78558,34.18207,86.00174
Plastic_727.jpg,Plastic,D:\Recovered Documents\Moringa\Module 5\Summative2\realwaste\realwaste-main\RealWaste\Plastic\Plastic_727.jpg,524,524,RGB,1.0,166.7,155.15639,27.394442,69.125
Plastic_728.jpg,Plastic,D:\Recovered Documents\Moringa\Module 5\Summative2\realwaste\realwaste-main\RealWaste\Plastic\Plastic_728.jpg,524,524,RGB,1.0,164.0,156.41681,28.257158,70.515625
Plastic_729.jpg,Plastic,D:\Recovered Documents\Moringa\Module 5\Summative2\realwaste\realwaste-main\RealWaste\Plastic\Plastic_729.jpg,524,524,RGB,1.0,174.4,159.24261,25.894619,65.48307
Plastic_73.jpg,Plastic,D:\Recovered Documents\Moringa\Module 5\Summative2\realwaste\realwaste-main\RealWaste\Plastic\Plastic_73.jpg,524,524,RGB,1.0,129.5,158.51273,24.26995,11.959636
Plastic_730.jpg,Plastic,D:\Recovered Documents\Moringa\Module 5\Summative2\realwaste\realwaste-main\RealWaste\Plastic\Plastic_730.jpg,524,524,RGB,1.0,173.2,158.01129,26.15889,70.08724
Plastic_731.jpg,Plastic,D:\Recovered Documents\Moringa\Module 5\Summative2\realwaste\realwaste-main\RealWaste\Plastic\Plastic_731.jpg,524,524,RGB,1.0,173.3,157.44908,26.493633,69.000435
Plastic_732.jpg,Plastic,D:\Recovered Documents\Moringa\Module 5\Summative2\realwaste\realwaste-main\RealWaste\Plastic\Plastic_732.jpg,524,524,RGB,1.0,172.2,157.00203,27.688282,69.94531
Plastic_733.jpg,Plastic,D:\Recovered Documents\Moringa\Module 5\Summative2\realwaste\realwaste-main\RealWaste\Plastic\Plastic_733.jpg,524,524,RGB,1.0,171.5,158.50998,28.312546,67.30165
Plastic_734.jpg,Plastic,D:\Recovered Documents\Moringa\Module 5\Summative2\realwaste\realwaste-main\RealWaste\Plastic\Plastic_734.jpg,524,524,RGB,1.0,129.9,150.70862,42.609833,81.27213
Plastic_735.jpg,Plastic,D:\Recovered Documents\Moringa\Module 5\Summative2\realwaste\realwaste-main\RealWaste\Plastic\Plastic_735.jpg,524,524,RGB,1.0,169.3,157.6781,27.086363,65.0395
Plastic_736.jpg,Plastic,D:\Recovered Documents\Moringa\Module 5\Summative2\realwaste\realwaste-main\RealWaste\Plastic\Plastic_736.jpg,524,524,RGB,1.0,165.3,157.86848,27.423166,66.1671
Plastic_737.jpg,Plastic,D:\Recovered Documents\Moringa\Module 5\Summative2\realwaste\realwaste-main\RealWaste\Plastic\Plastic_737.jpg,524,524,RGB,1.0,164.9,159.13976,26.821487,67.411896
Plastic_738.jpg,Plastic,D:\Recovered Documents\Moringa\Module 5\Summative2\realwaste\realwaste-main\RealWaste\Plastic\Plastic_738.jpg,524,524,RGB,1.0,168.7,156.56308,25.63165,69.639755
Plastic_739.jpg,Plastic,D:\Recovered Documents\Moringa\Module 5\Summative2\realwaste\realwaste-main\RealWaste\Plastic\Plastic_739.jpg,524,524,RGB,1.0,173.1,158.38991,25.73676,72.57596
Plastic_74.jpg,Plastic,D:\Recovered Documents\Moringa\Module 5\Summative2\realwaste\realwaste-main\RealWaste\Plastic\Plastic_74.jpg,524,524,RGB,1.0,117.5,155.28877,36.184704,30.260416
Plastic_740.jpg,Plastic,D:\Recovered Documents\Moringa\Module 5\Summative2\realwaste\realwaste-main\RealWaste\Plastic\Plastic_740.jpg,524,524,RGB,1.0,171.3,159.83768,31.474136,64.391495
Plastic_741.jpg,Plastic,D:\Recovered Documents\Moringa\Module 5\Summative2\realwaste\realwaste-main\RealWaste\Plastic\Plastic_741.jpg,524,524,RGB,1.0,158.1,152.35576,34.600628,66.43403
Plastic_742.jpg,Plastic,D:\Recovered Documents\Moringa\Module 5\Summative2\realwaste\realwaste-main\RealWaste\Plastic\Plastic_742.jpg,524,524,RGB,1.0,165.1,157.98785,31.375385,65.27908
Plastic_743.jpg,Plastic,D:\Recovered Documents\Moringa\Module 5\Summative2\realwaste\realwaste-main\RealWaste\Plastic\Plastic_743.jpg,524,524,RGB,1.0,165.0,158.57176,25.756962,69.54818
Plastic_744.jpg,Plastic,D:\Recovered Documents\Moringa\Module 5\Summative2\realwaste\realwaste-main\RealWaste\Plastic\Plastic_744.jpg,524,524,RGB,1.0,142.0,156.86676,25.994307,69.53732
Plastic_745.jpg,Plastic,D:\Recovered Documents\Moringa\Module 5\Summative2\realwaste\realwaste-main\RealWaste\Plastic\Plastic_745.jpg,524,524,RGB,1.0,136.7,147.91219,45.478477,87.151474
Plastic_746.jpg,Plastic,D:\Recovered Documents\Moringa\Module 5\Summative2\realwaste\realwaste-main\RealWaste\Plastic\Plastic_746.jpg,524,524,RGB,1.0,168.4,158.72237,26.322721,69.276474
Plastic_747.jpg,Plastic,D:\Recovered Documents\Moringa\Module 5\Summative2\realwaste\realwaste-main\RealWaste\Plastic\Plastic_747.jpg,524,524,RGB,1.0,192.0,152.08826,32.434063,67.27951
Plastic_748.jpg,Plastic,D:\Recovered Documents\Moringa\Module 5\Summative2\realwaste\realwaste-main\RealWaste\Plastic\Plastic_748.jpg,524,524,RGB,1.0,194.5,155.21904,29.661022,57.042534
Plastic_749.jpg,Plastic,D:\Recovered Documents\Moringa\Module 5\Summative2\realwaste\realwaste-main\RealWaste\Plastic\Plastic_749.jpg,524,524,RGB,1.0,188.9,154.5285,29.894777,55.987846
Plastic_75.jpg,Plastic,D:\Recovered Documents\Moringa\Module 5\Summative2\realwaste\realwaste-main\RealWaste\Plastic\Plastic_75.jpg,524,524,RGB,1.0,122.1,164.52357,59.255825,15.375868
Plastic_750.jpg,Plastic,D:\Recovered Documents\Moringa\Module 5\Summative2\realwaste\realwaste-main\RealWaste\Plastic\Plastic_750.jpg,524,524,RGB,1.0,186.8,152.50362,32.05513,61.13585
Plastic_751.jpg,Plastic,D:\Recovered Documents\Moringa\Module 5\Summative2\realwaste\realwaste-main\RealWaste\Plastic\Plastic_751.jpg,524,524,RGB,1.0,182.4,147.58781,34.955795,75.16146
Plastic_752.jpg,Plastic,D:\Recovered Documents\Moringa\Module 5\Summative2\realwaste\realwaste-main\RealWaste\Plastic\Plastic_752.jpg,524,524,RGB,1.0,182.4,149.69864,34.286507,73.693146
Plastic_753.jpg,Plastic,D:\Recovered Documents\Moringa\Module 5\Summative2\realwaste\realwaste-main\RealWaste\Plastic\Plastic_753.jpg,524,524,RGB,1.0,163.4,156.09882,42.5632,76.845055
Plastic_754.jpg,Plastic,D:\Recovered Documents\Moringa\Module 5\Summative2\realwaste\realwaste-main\RealWaste\Plastic\Plastic_754.jpg,524,524,RGB,1.0,173.4,152.60228,43.845284,76.31554
Plastic_755.jpg,Plastic,D:\Recovered Documents\Moringa\Module 5\Summative2\realwaste\realwaste-main\RealWaste\Plastic\Plastic_755.jpg,524,524,RGB,1.0,164.6,150.09085,31.53009,73.986115
Plastic_756.jpg,Plastic,D:\Recovered Documents\Moringa\Module 5\Summative2\realwaste\realwaste-main\RealWaste\Plastic\Plastic_756.jpg,524,524,RGB,1.0,123.9,154.78761,37.846336,79.888885
Plastic_757.jpg,Plastic,D:\Recovered Documents\Moringa\Module 5\Summative2\realwaste\realwaste-main\RealWaste\Plastic\Plastic_757.jpg,524,524,RGB,1.0,168.9,152.98264,47.07567,68.92578
Plastic_758.jpg,Plastic,D:\Recovered Documents\Moringa\Module 5\Summative2\realwaste\realwaste-main\RealWaste\Plastic\Plastic_758.jpg,524,524,RGB,1.0,149.9,151.96556,37.51349,76.6046
Plastic_759.jpg,Plastic,D:\Recovered Documents\Moringa\Module 5\Summative2\realwaste\realwaste-main\RealWaste\Plastic\Plastic_759.jpg,524,524,RGB,1.0,166.5,148.44344,44.300198,73.92665
Plastic_76.jpg,Plastic,D:\Recovered Documents\Moringa\Module 5\Summative2\realwaste\realwaste-main\RealWaste\Plastic\Plastic_76.jpg,524,524,RGB,1.0,123.8,164.36415,54.911556,12.667535
Plastic_760.jpg,Plastic,D:\Recovered Documents\Moringa\Module 5\Summative2\realwaste\realwaste-main\RealWaste\Plastic\Plastic_760.jpg,524,524,RGB,1.0,145.0,156.47989,53.281868,31.151041
Plastic_761.jpg,Plastic,D:\Recovered Documents\Moringa\Module 5\Summative2\realwaste\realwaste-main\RealWaste\Plastic\Plastic_761.jpg,524,524,RGB,1.0,144.1,157.37514,56.63945,27.713108
Plastic_762.jpg,Plastic,D:\Recovered Documents\Moringa\Module 5\Summative2\realwaste\realwaste-main\RealWaste\Plastic\Plastic_762.jpg,524,524,RGB,1.0,143.4,156.511,58.589264,86.15885
Plastic_763.jpg,Plastic,D:\Recovered Documents\Moringa\Module 5\Summative2\realwaste\realwaste-main\RealWaste\Plastic\Plastic_763.jpg,524,524,RGB,1.0,109.3,167.296,53.987843,30.92361
Plastic_764.jpg,Plastic,D:\Recovered Documents\Moringa\Module 5\Summative2\realwaste\realwaste-main\RealWaste\Plastic\Plastic_764.jpg,524,524,RGB,1.0,111.8,155.06569,26.690836,13.599827
Plastic_765.jpg,Plastic,D:\Recovered Documents\Moringa\Module 5\Summative2\realwaste\realwaste-main\RealWaste\Plastic\Plastic_765.jpg,524,524,RGB,1.0,110.1,169.90683,47.698044,27.509983
Plastic_766.jpg,Plastic,D:\Recovered Documents\Moringa\Module 5\Summative2\realwaste\realwaste-main\RealWaste\Plastic\Plastic_766.jpg,524,524,RGB,1.0,95.0,157.85605,65.78654,22.97743
Plastic_767.jpg,Plastic,D:\Recovered Documents\Moringa\Module 5\Summative2\realwaste\realwaste-main\RealWaste\Plastic\Plastic_767.jpg,524,524,RGB,1.0,132.7,156.55714,37.529457,78.96615
Plastic_768.jpg,Plastic,D:\Recovered Documents\Moringa\Module 5\Summative2\realwaste\realwaste-main\RealWaste\Plastic\Plastic_768.jpg,524,524,RGB,1.0,81.0,164.65192,56.866344,19.233072
Plastic_769.jpg,Plastic,D:\Recovered Documents\Moringa\Module 5\Summative2\realwaste\realwaste-main\RealWaste\Plastic\Plastic_769.jpg,524,524,RGB,1.0,76.8,155.08116,35.52131,9.819011
Plastic_77.jpg,Plastic,D:\Recovered Documents\Moringa\Module 5\Summative2\realwaste\realwaste-main\RealWaste\Plastic\Plastic_77.jpg,524,524,RGB,1.0,124.5,157.27821,63.09095,19.30599
Plastic_770.jpg,Plastic,D:\Recovered Documents\Moringa\Module 5\Summative2\realwaste\realwaste-main\RealWaste\Plastic\Plastic_770.jpg,524,524,RGB,1.0,65.7,156.93909,29.207232,9.659722
Plastic_771.jpg,Plastic,D:\Recovered Documents\Moringa\Module 5\Summative2\realwaste\realwaste-main\RealWaste\Plastic\Plastic_771.jpg,524,524,RGB,1.0,113.2,163.70168,53.72178,18.332466
Plastic_772.jpg,Plastic,D:\Recovered Documents\Moringa\Module 5\Summative2\realwaste\realwaste-main\RealWaste\Plastic\Plastic_772.jpg,524,524,RGB,1.0,89.9,156.71527,39.808468,25.097221
Plastic_773.jpg,Plastic,D:\Recovered Documents\Moringa\Module 5\Summative2\realwaste\realwaste-main\RealWaste\Plastic\Plastic_773.jpg,524,524,RGB,1.0,104.4,158.39569,30.673943,12.118489
Plastic_774.jpg,Plastic,D:\Recovered Documents\Moringa\Module 5\Summative2\realwaste\realwaste-main\RealWaste\Plastic\Plastic_774.jpg,524,524,RGB,1.0,120.0,165.83781,22.337496,12.671007
Plastic_775.jpg,Plastic,D:\Recovered Documents\Moringa\Module 5\Summative2\realwaste\realwaste-main\RealWaste\Plastic\Plastic_775.jpg,524,524,RGB,1.0,117.0,168.07118,25.569506,12.435764
Plastic_776.jpg,Plastic,D:\Recovered Documents\Moringa\Module 5\Summative2\realwaste\realwaste-main\RealWaste\Plastic\Plastic_776.jpg,524,524,RGB,1.0,79.0,165.46194,21.874716,6.832899
Plastic_777.jpg,Plastic,D:\Recovered Documents\Moringa\Module 5\Summative2\realwaste\realwaste-main\RealWaste\Plastic\Plastic_777.jpg,524,524,RGB,1.0,115.7,162.80759,21.04003,10.806423
Plastic_778.jpg,Plastic,D:\Recovered Documents\Moringa\Module 5\Summative2\realwaste\realwaste-main\RealWaste\Plastic\Plastic_778.jpg,524,524,RGB,1.0,89.7,159.19545,36.536324,43.69401
Plastic_779.jpg,Plastic,D:\Recovered Documents\Moringa\Module 5\Summative2\realwaste\realwaste-main\RealWaste\Plastic\Plastic_779.jpg,524,524,RGB,1.0,133.1,145.86574,43.200657,88.11719
Plastic_78.jpg,Plastic,D:\Recovered Documents\Moringa\Module 5\Summative2\realwaste\realwaste-main\RealWaste\Plastic\Plastic_78.jpg,524,524,RGB,1.0,124.3,163.11111,61.952225,20.921007
Plastic_780.jpg,Plastic,D:\Recovered Documents\Moringa\Module 5\Summative2\realwaste\realwaste-main\RealWaste\Plastic\Plastic_780.jpg,524,524,RGB,1.0,77.4,162.37904,22.22441,6.9648438
Plastic_781.jpg,Plastic,D:\Recovered Documents\Moringa\Module 5\Summative2\realwaste\realwaste-main\RealWaste\Plastic\Plastic_781.jpg,524,524,RGB,1.0,116.0,170.61328,22.990993,7.8185763
Plastic_782.jpg,Plastic,D:\Recovered Documents\Moringa\Module 5\Summative2\realwaste\realwaste-main\RealWaste\Plastic\Plastic_782.jpg,524,524,RGB,1.0,111.7,162.28255,20.335243,9.251736
Plastic_783.jpg,Plastic,D:\Recovered Documents\Moringa\Module 5\Summative2\realwaste\realwaste-main\RealWaste\Plastic\Plastic_783.jpg,524,524,RGB,1.0,106.2,160.98915,19.380136,8.983507
Plastic_784.jpg,Plastic,D:\Recovered Documents\Moringa\Module 5\Summative2\realwaste\realwaste-main\RealWaste\Plastic\Plastic_784.jpg,524,524,RGB,1.0,95.6,161.9579,22.803917,7.3684897
Plastic_785.jpg,Plastic,D:\Recovered Documents\Moringa\Module 5\Summative2\realwaste\realwaste-main\RealWaste\Plastic\Plastic_785.jpg,524,524,RGB,1.0,193.5,167.1587,20.753927,19.777344
Plastic_786.jpg,Plastic,D:\Recovered Documents\Moringa\Module 5\Summative2\realwaste\realwaste-main\RealWaste\Plastic\Plastic_786.jpg,524,524,RGB,1.0,191.7,168.27518,24.130457,16.849392
Plastic_787.jpg,Plastic,D:\Recovered Documents\Moringa\Module 5\Summative2\realwaste\realwaste-main\RealWaste\Plastic\Plastic_787.jpg,524,524,RGB,1.0,175.5,163.38904,21.261927,20.993055
Plastic_788.jpg,Plastic,D:\Recovered Documents\Moringa\Module 5\Summative2\realwaste\realwaste-main\RealWaste\Plastic\Plastic_788.jpg,524,524,RGB,1.0,195.6,164.1402,22.196848,20.45486
Plastic_789.jpg,Plastic,D:\Recovered Documents\Moringa\Module 5\Summative2\realwaste\realwaste-main\RealWaste\Plastic\Plastic_789.jpg,524,524,RGB,1.0,186.4,162.72469,20.853264,17.21658
Plastic_79.jpg,Plastic,D:\Recovered Documents\Moringa\Module 5\Summative2\realwaste\realwaste-main\RealWaste\Plastic\Plastic_79.jpg,524,524,RGB,1.0,192.3,151.41074,37.107784,52.742188
Plastic_790.jpg,Plastic,D:\Recovered Documents\Moringa\Module 5\Summative2\realwaste\realwaste-main\RealWaste\Plastic\Plastic_790.jpg,524,524,RGB,1.0,146.5,161.03197,39.65996,34.715714
Plastic_791.jpg,Plastic,D:\Recovered Documents\Moringa\Module 5\Summative2\realwaste\realwaste-main\RealWaste\Plastic\Plastic_791.jpg,524,524,RGB,1.0,206.3,167.34389,21.06996,13.047743
Plastic_792.jpg,Plastic,D:\Recovered Documents\Moringa\Module 5\Summative2\realwaste\realwaste-main\RealWaste\Plastic\Plastic_792.jpg,524,524,RGB,1.0,204.2,162.84361,25.706696,16.281685
Plastic_793.jpg,Plastic,D:\Recovered Documents\Moringa\Module 5\Summative2\realwaste\realwaste-main\RealWaste\Plastic\Plastic_793.jpg,524,524,RGB,1.0,195.8,171.39467,26.112661,16.143229
Plastic_794.jpg,Plastic,D:\Recovered Documents\Moringa\Module 5\Summative2\realwaste\realwaste-main\RealWaste\Plastic\Plastic_794.jpg,524,524,RGB,1.0,192.0,150.91393,30.024458,31.164062
Plastic_795.jpg,Plastic,D:\Recovered Documents\Moringa\Module 5\Summative2\realwaste\realwaste-main\RealWaste\Plastic\Plastic_795.jpg,524,524,RGB,1.0,119.4,169.04587,18.496279,18.858072
Plastic_796.jpg,Plastic,D:\Recovered Documents\Moringa\Module 5\Summative2\realwaste\realwaste-main\RealWaste\Plastic\Plastic_796.jpg,524,524,RGB,1.0,109.8,158.74696,32.50557,12.206597
Plastic_797.jpg,Plastic,D:\Recovered Documents\Moringa\Module 5\Summative2\realwaste\realwaste-main\RealWaste\Plastic\Plastic_797.jpg,524,524,RGB,1.0,113.2,166.40422,26.677305,12.091579
Plastic_798.jpg,Plastic,D:\Recovered Documents\Moringa\Module 5\Summative2\realwaste\realwaste-main\RealWaste\Plastic\Plastic_798.jpg,524,524,RGB,1.0,121.1,166.81236,15.716572,6.0282116
Plastic_799.jpg,Plastic,D:\Recovered Documents\Moringa\Module 5\Summative2\realwaste\realwaste-main\RealWaste\Plastic\Plastic_799.jpg,524,524,RGB,1.0,77.5,169.86125,27.345705,11.62066
Plastic_8.jpg,Plastic,D:\Recovered Documents\Moringa\Module 5\Summative2\realwaste\realwaste-main\RealWaste\Plastic\Plastic_8.jpg,524,524,RGB,1.0,133.9,148.5625,39.420067,91.47613
Plastic_80.jpg,Plastic,D:\Recovered Documents\Moringa\Module 5\Summative2\realwaste\realwaste-main\RealWaste\Plastic\Plastic_80.jpg,524,524,RGB,1.0,104.7,155.61285,36.6237,13.286458
Plastic_800.jpg,Plastic,D:\Recovered Documents\Moringa\Module 5\Summative2\realwaste\realwaste-main\RealWaste\Plastic\Plastic_800.jpg,524,524,RGB,1.0,79.2,172.92535,34.832077,14.761285
Plastic_801.jpg,Plastic,D:\Recovered Documents\Moringa\Module 5\Summative2\realwaste\realwaste-main\RealWaste\Plastic\Plastic_801.jpg,524,524,RGB,1.0,141.2,164.17578,44.20637,41.064236
Plastic_802.jpg,Plastic,D:\Recovered Documents\Moringa\Module 5\Summative2\realwaste\realwaste-main\RealWaste\Plastic\Plastic_802.jpg,524,524,RGB,1.0,117.2,163.38194,17.947235,6.1992188
Plastic_803.jpg,Plastic,D:\Recovered Documents\Moringa\Module 5\Summative2\realwaste\realwaste-main\RealWaste\Plastic\Plastic_803.jpg,524,524,RGB,1.0,118.4,162.7853,19.741571,6.6957464
Plastic_804.jpg,Plastic,D:\Recovered Documents\Moringa\Module 5\Summative2\realwaste\realwaste-main\RealWaste\Plastic\Plastic_804.jpg,524,524,RGB,1.0,120.2,167.31163,17.037611,5.0993924
Plastic_805.jpg,Plastic,D:\Recovered Documents\Moringa\Module 5\Summative2\realwaste\realwaste-main\RealWaste\Plastic\Plastic_805.jpg,524,524,RGB,1.0,90.7,167.49147,17.475178,6.9101562
Plastic_806.jpg,Plastic,D:\Recovered Documents\Moringa\Module 5\Summative2\realwaste\realwaste-main\RealWaste\Plastic\Plastic_806.jpg,524,524,RGB,1.0,129.9,156.79427,29.828205,12.176215
Plastic_807.jpg,Plastic,D:\Recovered Documents\Moringa\Module 5\Summative2\realwaste\realwaste-main\RealWaste\Plastic\Plastic_807.jpg,524,524,RGB,1.0,122.0,166.67636,17.052465,4.5729165
Plastic_808.jpg,Plastic,D:\Recovered Documents\Moringa\Module 5\Summative2\realwaste\realwaste-main\RealWaste\Plastic\Plastic_808.jpg,524,524,RGB,1.0,124.9,163.8967,18.348211,7.613715
Plastic_809.jpg,Plastic,D:\Recovered Documents\Moringa\Module 5\Summative2\realwaste\realwaste-main\RealWaste\Plastic\Plastic_809.jpg,524,524,RGB,1.0,119.8,164.23683,16.549402,7.90408
Plastic_81.jpg,Plastic,D:\Recovered Documents\Moringa\Module 5\Summative2\realwaste\realwaste-main\RealWaste\Plastic\Plastic_81.jpg,524,524,RGB,1.0,98.6,155.92766,33.760067,14.937934
Plastic_810.jpg,Plastic,D:\Recovered Documents\Moringa\Module 5\Summative2\realwaste\realwaste-main\RealWaste\Plastic\Plastic_810.jpg,524,524,RGB,1.0,125.2,155.39902,30.457611,27.439236
Plastic_811.jpg,Plastic,D:\Recovered Documents\Moringa\Module 5\Summative2\realwaste\realwaste-main\RealWaste\Plastic\Plastic_811.jpg,524,524,RGB,1.0,114.5,166.54384,22.059187,9.389323
Plastic_812.jpg,Plastic,D:\Recovered Documents\Moringa\Module 5\Summative2\realwaste\realwaste-main\RealWaste\Plastic\Plastic_812.jpg,524,524,RGB,1.0,157.9,157.3983,33.988144,44.13759
Plastic_813.jpg,Plastic,D:\Recovered Documents\Moringa\Module 5\Summative2\realwaste\realwaste-main\RealWaste\Plastic\Plastic_813.jpg,524,524,RGB,1.0,117.2,168.00882,21.208178,9.479601
Plastic_814.jpg,Plastic,D:\Recovered Documents\Moringa\Module 5\Summative2\realwaste\realwaste-main\RealWaste\Plastic\Plastic_814.jpg,524,524,RGB,1.0,115.2,165.53241,22.434006,9.470486
Plastic_815.jpg,Plastic,D:\Recovered Documents\Moringa\Module 5\Summative2\realwaste\realwaste-main\RealWaste\Plastic\Plastic_815.jpg,524,524,RGB,1.0,115.3,164.70703,24.628437,9.934028
Plastic_816.jpg,Plastic,D:\Recovered Documents\Moringa\Module 5\Summative2\realwaste\realwaste-main\RealWaste\Plastic\Plastic_816.jpg,524,524,RGB,1.0,123.0,164.66203,26.428326,10.119792
Plastic_817.jpg,Plastic,D:\Recovered Documents\Moringa\Module 5\Summative2\realwaste\realwaste-main\RealWaste\Plastic\Plastic_817.jpg,524,524,RGB,1.0,115.1,165.24567,26.623732,10.990886
Plastic_818.jpg,Plastic,D:\Recovered Documents\Moringa\Module 5\Summative2\realwaste\realwaste-main\RealWaste\Plastic\Plastic_818.jpg,524,524,RGB,1.0,90.3,172.69473,24.426754,8.599392
Plastic_819.jpg,Plastic,D:\Recovered Documents\Moringa\Module 5\Summative2\realwaste\realwaste-main\RealWaste\Plastic\Plastic_819.jpg,524,524,RGB,1.0,116.8,165.30801,28.564526,14.266493
Plastic_82.jpg,Plastic,D:\Recovered Documents\Moringa\Module 5\Summative2\realwaste\realwaste-main\RealWaste\Plastic\Plastic_82.jpg,524,524,RGB,1.0,115.8,166.20587,17.913977,6.391059
Plastic_820.jpg,Plastic,D:\Recovered Documents\Moringa\Module 5\Summative2\realwaste\realwaste-main\RealWaste\Plastic\Plastic_820.jpg,524,524,RGB,1.0,119.3,164.24464,24.190922,9.767361
Plastic_821.jpg,Plastic,D:\Recovered Documents\Moringa\Module 5\Summative2\realwaste\realwaste-main\RealWaste\Plastic\Plastic_821.jpg,524,524,RGB,1.0,122.1,166.6632,27.889124,12.44618
Plastic_822.jpg,Plastic,D:\Recovered Documents\Moringa\Module 5\Summative2\realwaste\realwaste-main\RealWaste\Plastic\Plastic_822.jpg,524,524,RGB,1.0,112.6,166.98611,29.232206,13.094618
Plastic_823.jpg,Plastic,D:\Recovered Documents\Moringa\Module 5\Summative2\realwaste\realwaste-main\RealWaste\Plastic\Plastic_823.jpg,524,524,RGB,1.0,156.9,156.10735,36.0124,39.23134
Plastic_824.jpg,Plastic,D:\Recovered Documents\Moringa\Module 5\Summative2\realwaste\realwaste-main\RealWaste\Plastic\Plastic_824.jpg,524,524,RGB,1.0,79.9,164.67317,27.778984,8.363281
Plastic_825.jpg,Plastic,D:\Recovered Documents\Moringa\Module 5\Summative2\realwaste\realwaste-main\RealWaste\Plastic\Plastic_825.jpg,524,524,RGB,1.0,108.3,166.42462,28.200127,10.837239
Plastic_826.jpg,Plastic,D:\Recovered Documents\Moringa\Module 5\Summative2\realwaste\realwaste-main\RealWaste\Plastic\Plastic_826.jpg,524,524,RGB,1.0,110.4,159.31496,29.13958,9.890625
Plastic_827.jpg,Plastic,D:\Recovered Documents\Moringa\Module 5\Summative2\realwaste\realwaste-main\RealWaste\Plastic\Plastic_827.jpg,524,524,RGB,1.0,118.7,158.33304,18.807379,7.688368
Plastic_828.jpg,Plastic,D:\Recovered Documents\Moringa\Module 5\Summative2\realwaste\realwaste-main\RealWaste\Plastic\Plastic_828.jpg,524,524,RGB,1.0,117.0,161.87457,15.582749,6.9444447
Plastic_829.jpg,Plastic,D:\Recovered Documents\Moringa\Module 5\Summative2\realwaste\realwaste-main\RealWaste\Plastic\Plastic_829.jpg,524,524,RGB,1.0,95.7,171.03893,26.101202,10.832899
Plastic_83.jpg,Plastic,D:\Recovered Documents\Moringa\Module 5\Summative2\realwaste\realwaste-main\RealWaste\Plastic\Plastic_83.jpg,524,524,RGB,1.0,119.2,161.0923,24.12848,15.33507
Plastic_830.jpg,Plastic,D:\Recovered Documents\Moringa\Module 5\Summative2\realwaste\realwaste-main\RealWaste\Plastic\Plastic_830.jpg,524,524,RGB,1.0,120.3,150.72337,26.487974,12.898871
Plastic_831.jpg,Plastic,D:\Recovered Documents\Moringa\Module 5\Summative2\realwaste\realwaste-main\RealWaste\Plastic\Plastic_831.jpg,524,524,RGB,1.0,118.4,161.29529,21.68112,13.4765625
Plastic_832.jpg,Plastic,D:\Recovered Documents\Moringa\Module 5\Summative2\realwaste\realwaste-main\RealWaste\Plastic\Plastic_832.jpg,524,524,RGB,1.0,117.8,157.40842,26.341536,9.595486
Plastic_833.jpg,Plastic,D:\Recovered Documents\Moringa\Module 5\Summative2\realwaste\realwaste-main\RealWaste\Plastic\Plastic_833.jpg,524,524,RGB,1.0,130.9,153.5431,37.972023,14.693577
Plastic_834.jpg,Plastic,D:\Recovered Documents\Moringa\Module 5\Summative2\realwaste\realwaste-main\RealWaste\Plastic\Plastic_834.jpg,524,524,RGB,1.0,144.8,153.45674,39.98995,30.237413
Plastic_835.jpg,Plastic,D:\Recovered Documents\Moringa\Module 5\Summative2\realwaste\realwaste-main\RealWaste\Plastic\Plastic_835.jpg,524,524,RGB,1.0,119.6,156.36935,27.796217,21.374132
Plastic_836.jpg,Plastic,D:\Recovered Documents\Moringa\Module 5\Summative2\realwaste\realwaste-main\RealWaste\Plastic\Plastic_836.jpg,524,524,RGB,1.0,123.4,165.17448,22.893301,7.9283853
Plastic_837.jpg,Plastic,D:\Recovered Documents\Moringa\Module 5\Summative2\realwaste\realwaste-main\RealWaste\Plastic\Plastic_837.jpg,524,524,RGB,1.0,120.6,162.71672,26.088072,14.762153
Plastic_838.jpg,Plastic,D:\Recovered Documents\Moringa\Module 5\Summative2\realwaste\realwaste-main\RealWaste\Plastic\Plastic_838.jpg,524,524,RGB,1.0,113.9,167.36053,20.60758,6.8763022
Plastic_839.jpg,Plastic,D:\Recovered Documents\Moringa\Module 5\Summative2\realwaste\realwaste-main\RealWaste\Plastic\Plastic_839.jpg,524,524,RGB,1.0,121.2,164.22656,20.86984,10.086371
Plastic_84.jpg,Plastic,D:\Recovered Documents\Moringa\Module 5\Summative2\realwaste\realwaste-main\RealWaste\Plastic\Plastic_84.jpg,524,524,RGB,1.0,117.6,167.79007,50.40937,13.55816
Plastic_840.jpg,Plastic,D:\Recovered Documents\Moringa\Module 5\Summative2\realwaste\realwaste-main\RealWaste\Plastic\Plastic_840.jpg,524,524,RGB,1.0,123.1,166.77315,19.679796,7.9969616
Plastic_841.jpg,Plastic,D:\Recovered Documents\Moringa\Module 5\Summative2\realwaste\realwaste-main\RealWaste\Plastic\Plastic_841.jpg,524,524,RGB,1.0,121.8,163.76085,16.47651,7.000868
Plastic_842.jpg,Plastic,D:\Recovered Documents\Moringa\Module 5\Summative2\realwaste\realwaste-main\RealWaste\Plastic\Plastic_842.jpg,524,524,RGB,1.0,112.8,160.76881,20.728363,6.7374134
Plastic_843.jpg,Plastic,D:\Recovered Documents\Moringa\Module 5\Summative2\realwaste\realwaste-main\RealWaste\Plastic\Plastic_843.jpg,524,524,RGB,1.0,128.0,161.36502,21.417255,10.587239
Plastic_844.jpg,Plastic,D:\Recovered Documents\Moringa\Module 5\Summative2\realwaste\realwaste-main\RealWaste\Plastic\Plastic_844.jpg,524,524,RGB,1.0,130.0,161.37326,22.939972,10.148004
Plastic_845.jpg,Plastic,D:\Recovered Documents\Moringa\Module 5\Summative2\realwaste\realwaste-main\RealWaste\Plastic\Plastic_845.jpg,524,524,RGB,1.0,148.1,156.4362,43.564713,34.992622
Plastic_846.jpg,Plastic,D:\Recovered Documents\Moringa\Module 5\Summative2\realwaste\realwaste-main\RealWaste\Plastic\Plastic_846.jpg,524,524,RGB,1.0,128.9,163.33275,30.45777,23.830729
Plastic_847.jpg,Plastic,D:\Recovered Documents\Moringa\Module 5\Summative2\realwaste\realwaste-main\RealWaste\Plastic\Plastic_847.jpg,524,524,RGB,1.0,125.9,162.42998,26.105976,16.733072
Plastic_848.jpg,Plastic,D:\Recovered Documents\Moringa\Module 5\Summative2\realwaste\realwaste-main\RealWaste\Plastic\Plastic_848.jpg,524,524,RGB,1.0,136.9,164.90987,37.904694,40.029514
Plastic_849.jpg,Plastic,D:\Recovered Documents\Moringa\Module 5\Summative2\realwaste\realwaste-main\RealWaste\Plastic\Plastic_849.jpg,524,524,RGB,1.0,140.4,166.6263,37.67218,38.786026
Plastic_85.jpg,Plastic,D:\Recovered Documents\Moringa\Module 5\Summative2\realwaste\realwaste-main\RealWaste\Plastic\Plastic_85.jpg,524,524,RGB,1.0,114.3,164.76317,19.78028,6.404514
Plastic_850.jpg,Plastic,D:\Recovered Documents\Moringa\Module 5\Summative2\realwaste\realwaste-main\RealWaste\Plastic\Plastic_850.jpg,524,524,RGB,1.0,117.6,161.1548,23.814528,22.524305
Plastic_851.jpg,Plastic,D:\Recovered Documents\Moringa\Module 5\Summative2\realwaste\realwaste-main\RealWaste\Plastic\Plastic_851.jpg,524,524,RGB,1.0,121.1,162.0434,22.271294,24.187935
Plastic_852.jpg,Plastic,D:\Recovered Documents\Moringa\Module 5\Summative2\realwaste\realwaste-main\RealWaste\Plastic\Plastic_852.jpg,524,524,RGB,1.0,125.7,162.3831,26.42783,15.430989
Plastic_853.jpg,Plastic,D:\Recovered Documents\Moringa\Module 5\Summative2\realwaste\realwaste-main\RealWaste\Plastic\Plastic_853.jpg,524,524,RGB,1.0,116.0,167.14525,26.345972,9.288629
Plastic_854.jpg,Plastic,D:\Recovered Documents\Moringa\Module 5\Summative2\realwaste\realwaste-main\RealWaste\Plastic\Plastic_854.jpg,524,524,RGB,1.0,127.6,168.43924,29.809212,16.887587
Plastic_855.jpg,Plastic,D:\Recovered Documents\Moringa\Module 5\Summative2\realwaste\realwaste-main\RealWaste\Plastic\Plastic_855.jpg,524,524,RGB,1.0,121.6,163.56612,19.536755,8.28125
Plastic_856.jpg,Plastic,D:\Recovered Documents\Moringa\Module 5\Summative2\realwaste\realwaste-main\RealWaste\Plastic\Plastic_856.jpg,524,524,RGB,1.0,148.8,155.84723,37.903896,86.03819
Plastic_857.jpg,Plastic,D:\Recovered Documents\Moringa\Module 5\Summative2\realwaste\realwaste-main\RealWaste\Plastic\Plastic_857.jpg,524,524,RGB,1.0,106.9,163.63933,18.248438,6.230035
Plastic_858.jpg,Plastic,D:\Recovered Documents\Moringa\Module 5\Summative2\realwaste\realwaste-main\RealWaste\Plastic\Plastic_858.jpg,524,524,RGB,1.0,120.2,162.67955,21.350136,7.667535
Plastic_859.jpg,Plastic,D:\Recovered Documents\Moringa\Module 5\Summative2\realwaste\realwaste-main\RealWaste\Plastic\Plastic_859.jpg,524,524,RGB,1.0,112.4,163.86342,18.625565,6.4743924
Plastic_86.jpg,Plastic,D:\Recovered Documents\Moringa\Module 5\Summative2\realwaste\realwaste-main\RealWaste\Plastic\Plastic_86.jpg,524,524,RGB,1.0,119.4,156.45212,22.721275,11.599827
Plastic_860.jpg,Plastic,D:\Recovered Documents\Moringa\Module 5\Summative2\realwaste\realwaste-main\RealWaste\Plastic\Plastic_860.jpg,524,524,RGB,1.0,112.1,163.5858,19.962078,7.5034723
Plastic_861.jpg,Plastic,D:\Recovered Documents\Moringa\Module 5\Summative2\realwaste\realwaste-main\RealWaste\Plastic\Plastic_861.jpg,524,524,RGB,1.0,83.2,171.96846,22.007261,7.6779513
Plastic_862.jpg,Plastic,D:\Recovered Documents\Moringa\Module 5\Summative2\realwaste\realwaste-main\RealWaste\Plastic\Plastic_862.jpg,524,524,RGB,1.0,124.2,160.44676,20.244179,6.6484375
Plastic_863.jpg,Plastic,D:\Recovered Documents\Moringa\Module 5\Summative2\realwaste\realwaste-main\RealWaste\Plastic\Plastic_863.jpg,524,524,RGB,1.0,77.5,174.57132,39.72142,8.711805
Plastic_864.jpg,Plastic,D:\Recovered Documents\Moringa\Module 5\Summative2\realwaste\realwaste-main\RealWaste\Plastic\Plastic_864.jpg,524,524,RGB,1.0,108.4,162.93518,27.01407,11.301649
Plastic_865.jpg,Plastic,D:\Recovered Documents\Moringa\Module 5\Summative2\realwaste\realwaste-main\RealWaste\Plastic\Plastic_865.jpg,524,524,RGB,1.0,131.4,159.2746,29.880531,17.304253
Plastic_866.jpg,Plastic,D:\Recovered Documents\Moringa\Module 5\Summative2\realwaste\realwaste-main\RealWaste\Plastic\Plastic_866.jpg,524,524,RGB,1.0,111.0,162.11877,19.291237,7.375
Plastic_867.jpg,Plastic,D:\Recovered Documents\Moringa\Module 5\Summative2\realwaste\realwaste-main\RealWaste\Plastic\Plastic_867.jpg,524,524,RGB,1.0,149.5,148.93214,40.280586,95.39279
Plastic_868.jpg,Plastic,D:\Recovered Documents\Moringa\Module 5\Summative2\realwaste\realwaste-main\RealWaste\Plastic\Plastic_868.jpg,524,524,RGB,1.0,125.4,164.59462,20.400425,10.301649
Plastic_869.jpg,Plastic,D:\Recovered Documents\Moringa\Module 5\Summative2\realwaste\realwaste-main\RealWaste\Plastic\Plastic_869.jpg,524,524,RGB,1.0,134.3,163.2869,30.656456,22.73915
Plastic_87.jpg,Plastic,D:\Recovered Documents\Moringa\Module 5\Summative2\realwaste\realwaste-main\RealWaste\Plastic\Plastic_87.jpg,524,524,RGB,1.0,116.2,160.8135,29.867813,9.618923
Plastic_870.jpg,Plastic,D:\Recovered Documents\Moringa\Module 5\Summative2\realwaste\realwaste-main\RealWaste\Plastic\Plastic_870.jpg,524,524,RGB,1.0,132.2,168.64034,30.829433,19.243923
Plastic_871.jpg,Plastic,D:\Recovered Documents\Moringa\Module 5\Summative2\realwaste\realwaste-main\RealWaste\Plastic\Plastic_871.jpg,524,524,RGB,1.0,119.6,163.9006,21.95599,8.165364
Plastic_872.jpg,Plastic,D:\Recovered Documents\Moringa\Module 5\Summative2\realwaste\realwaste-main\RealWaste\Plastic\Plastic_872.jpg,524,524,RGB,1.0,125.1,159.94473,22.879076,10.287327
Plastic_873.jpg,Plastic,D:\Recovered Documents\Moringa\Module 5\Summative2\realwaste\realwaste-main\RealWaste\Plastic\Plastic_873.jpg,524,524,RGB,1.0,123.4,158.35027,19.727516,8.873698
Plastic_874.jpg,Plastic,D:\Recovered Documents\Moringa\Module 5\Summative2\realwaste\realwaste-main\RealWaste\Plastic\Plastic_874.jpg,524,524,RGB,1.0,116.4,161.8465,25.146688,20.790365
Plastic_875.jpg,Plastic,D:\Recovered Documents\Moringa\Module 5\Summative2\realwaste\realwaste-main\RealWaste\Plastic\Plastic_875.jpg,524,524,RGB,1.0,119.6,173.53558,15.849778,7.1601562
Plastic_876.jpg,Plastic,D:\Recovered Documents\Moringa\Module 5\Summative2\realwaste\realwaste-main\RealWaste\Plastic\Plastic_876.jpg,524,524,RGB,1.0,111.2,164.18388,23.556158,18.346354
Plastic_877.jpg,Plastic,D:\Recovered Documents\Moringa\Module 5\Summative2\realwaste\realwaste-main\RealWaste\Plastic\Plastic_877.jpg,524,524,RGB,1.0,123.9,162.568,24.15919,22.155815
Plastic_878.jpg,Plastic,D:\Recovered Documents\Moringa\Module 5\Summative2\realwaste\realwaste-main\RealWaste\Plastic\Plastic_878.jpg,524,524,RGB,1.0,151.0,156.8546,39.041065,89.46224
Plastic_879.jpg,Plastic,D:\Recovered Documents\Moringa\Module 5\Summative2\realwaste\realwaste-main\RealWaste\Plastic\Plastic_879.jpg,524,524,RGB,1.0,113.4,165.20602,23.826445,20.520834
Plastic_88.jpg,Plastic,D:\Recovered Documents\Moringa\Module 5\Summative2\realwaste\realwaste-main\RealWaste\Plastic\Plastic_88.jpg,524,524,RGB,1.0,139.4,152.57755,31.261671,30.547743
Plastic_880.jpg,Plastic,D:\Recovered Documents\Moringa\Module 5\Summative2\realwaste\realwaste-main\RealWaste\Plastic\Plastic_880.jpg,524,524,RGB,1.0,121.3,162.77083,22.430626,14.192708
Plastic_881.jpg,Plastic,D:\Recovered Documents\Moringa\Module 5\Summative2\realwaste\realwaste-main\RealWaste\Plastic\Plastic_881.jpg,524,524,RGB,1.0,119.7,165.19922,18.012424,21.079428
Plastic_882.jpg,Plastic,D:\Recovered Documents\Moringa\Module 5\Summative2\realwaste\realwaste-main\RealWaste\Plastic\Plastic_882.jpg,524,524,RGB,1.0,118.5,159.22975,23.633478,21.155382
Plastic_883.jpg,Plastic,D:\Recovered Documents\Moringa\Module 5\Summative2\realwaste\realwaste-main\RealWaste\Plastic\Plastic_883.jpg,524,524,RGB,1.0,119.1,158.94344,21.321138,17.34158
Plastic_884.jpg,Plastic,D:\Recovered Documents\Moringa\Module 5\Summative2\realwaste\realwaste-main\RealWaste\Plastic\Plastic_884.jpg,524,524,RGB,1.0,116.5,159.98409,22.586922,16.754774
Plastic_885.jpg,Plastic,D:\Recovered Documents\Moringa\Module 5\Summative2\realwaste\realwaste-main\RealWaste\Plastic\Plastic_885.jpg,524,524,RGB,1.0,120.3,162.46803,23.814085,19.659288
Plastic_886.jpg,Plastic,D:\Recovered Documents\Moringa\Module 5\Summative2\realwaste\realwaste-main\RealWaste\Plastic\Plastic_886.jpg,524,524,RGB,1.0,123.2,158.03313,35.091427,19.308159
Plastic_887.jpg,Plastic,D:\Recovered Documents\Moringa\Module 5\Summative2\realwaste\realwaste-main\RealWaste\Plastic\Plastic_887.jpg,524,524,RGB,1.0,116.2,163.85866,25.64686,13.678386
Plastic_888.jpg,Plastic,D:\Recovered Documents\Moringa\Module 5\Summative2\realwaste\realwaste-main\RealWaste\Plastic\Plastic_888.jpg,524,524,RGB,1.0,111.3,163.11183,27.546453,13.326389
Plastic_889.jpg,Plastic,D:\Recovered Documents\Moringa\Module 5\Summative2\realwaste\realwaste-main\RealWaste\Plastic\Plastic_889.jpg,524,524,RGB,1.0,156.2,146.3138,41.51885,61.397137
Plastic_89.jpg,Plastic,D:\Recovered Documents\Moringa\Module 5\Summative2\realwaste\realwaste-main\RealWaste\Plastic\Plastic_89.jpg,524,524,RGB,1.0,120.1,170.83029,35.76488,10.891927
Plastic_890.jpg,Plastic,D:\Recovered Documents\Moringa\Module 5\Summative2\realwaste\realwaste-main\RealWaste\Plastic\Plastic_890.jpg,524,524,RGB,1.0,155.0,143.53458,38.07284,93.041664
Plastic_891.jpg,Plastic,D:\Recovered Documents\Moringa\Module 5\Summative2\realwaste\realwaste-main\RealWaste\Plastic\Plastic_891.jpg,524,524,RGB,1.0,124.3,162.27257,27.977865,15.699653
Plastic_892.jpg,Plastic,D:\Recovered Documents\Moringa\Module 5\Summative2\realwaste\realwaste-main\RealWaste\Plastic\Plastic_892.jpg,524,524,RGB,1.0,119.2,157.0194,54.84387,65.62674
Plastic_893.jpg,Plastic,D:\Recovered Documents\Moringa\Module 5\Summative2\realwaste\realwaste-main\RealWaste\Plastic\Plastic_893.jpg,524,524,RGB,1.0,126.4,154.71918,60.828392,78.82031
Plastic_894.jpg,Plastic,D:\Recovered Documents\Moringa\Module 5\Summative2\realwaste\realwaste-main\RealWaste\Plastic\Plastic_894.jpg,524,524,RGB,1.0,120.0,163.21022,56.62075,60.692276
Plastic_895.jpg,Plastic,D:\Recovered Documents\Moringa\Module 5\Summative2\realwaste\realwaste-main\RealWaste\Plastic\Plastic_895.jpg,524,524,RGB,1.0,101.3,167.37442,29.061056,12.572048
Plastic_896.jpg,Plastic,D:\Recovered Documents\Moringa\Module 5\Summative2\realwaste\realwaste-main\RealWaste\Plastic\Plastic_896.jpg,524,524,RGB,1.0,113.4,165.78241,35.84756,13.311632
Plastic_897.jpg,Plastic,D:\Recovered Documents\Moringa\Module 5\Summative2\realwaste\realwaste-main\RealWaste\Plastic\Plastic_897.jpg,524,524,RGB,1.0,109.4,168.84808,33.1578,14.024739
Plastic_898.jpg,Plastic,D:\Recovered Documents\Moringa\Module 5\Summative2\realwaste\realwaste-main\RealWaste\Plastic\Plastic_898.jpg,524,524,RGB,1.0,130.2,164.27199,30.51577,15.578993
Plastic_899.jpg,Plastic,D:\Recovered Documents\Moringa\Module 5\Summative2\realwaste\realwaste-main\RealWaste\Plastic\Plastic_899.jpg,524,524,RGB,1.0,122.6,161.82799,20.531384,6.8359375
Plastic_9.jpg,Plastic,D:\Recovered Documents\Moringa\Module 5\Summative2\realwaste\realwaste-main\RealWaste\Plastic\Plastic_9.jpg,524,524,RGB,1.0,159.7,134.6794,42.44005,82.88715
Plastic_90.jpg,Plastic,D:\Recovered Documents\Moringa\Module 5\Summative2\realwaste\realwaste-main\RealWaste\Plastic\Plastic_90.jpg,524,524,RGB,1.0,129.0,147.18156,38.15684,85.254776
Plastic_900.jpg,Plastic,D:\Recovered Documents\Moringa\Module 5\Summative2\realwaste\realwaste-main\RealWaste\Plastic\Plastic_900.jpg,524,524,RGB,1.0,124.7,153.94415,30.32209,13.982639
Plastic_901.jpg,Plastic,D:\Recovered Documents\Moringa\Module 5\Summative2\realwaste\realwaste-main\RealWaste\Plastic\Plastic_901.jpg,524,524,RGB,1.0,151.0,153.68895,41.81082,76.12196
Plastic_902.jpg,Plastic,D:\Recovered Documents\Moringa\Module 5\Summative2\realwaste\realwaste-main\RealWaste\Plastic\Plastic_902.jpg,524,524,RGB,1.0,109.0,164.7921,25.561886,11.3046875
Plastic_903.jpg,Plastic,D:\Recovered Documents\Moringa\Module 5\Summative2\realwaste\realwaste-main\RealWaste\Plastic\Plastic_903.jpg,524,524,RGB,1.0,115.0,155.30223,27.003847,13.753906
Plastic_904.jpg,Plastic,D:\Recovered Documents\Moringa\Module 5\Summative2\realwaste\realwaste-main\RealWaste\Plastic\Plastic_904.jpg,524,524,RGB,1.0,104.1,164.1603,24.40466,11.3359375
Plastic_905.jpg,Plastic,D:\Recovered Documents\Moringa\Module 5\Summative2\realwaste\realwaste-main\RealWaste\Plastic\Plastic_905.jpg,524,524,RGB,1.0,106.3,164.29442,20.6227,9.365017
Plastic_906.jpg,Plastic,D:\Recovered Documents\Moringa\Module 5\Summative2\realwaste\realwaste-main\RealWaste\Plastic\Plastic_906.jpg,524,524,RGB,1.0,106.4,160.8983,26.126854,16.707031
Plastic_907.jpg,Plastic,D:\Recovered Documents\Moringa\Module 5\Summative2\realwaste\realwaste-main\RealWaste\Plastic\Plastic_907.jpg,524,524,RGB,1.0,109.7,165.74696,25.257376,14.256077
Plastic_908.jpg,Plastic,D:\Recovered Documents\Moringa\Module 5\Summative2\realwaste\realwaste-main\RealWaste\Plastic\Plastic_908.jpg,524,524,RGB,1.0,102.6,164.04688,25.159826,9.225261
Plastic_909.jpg,Plastic,D:\Recovered Documents\Moringa\Module 5\Summative2\realwaste\realwaste-main\RealWaste\Plastic\Plastic_909.jpg,524,524,RGB,1.0,111.9,162.00839,30.030643,17.944878
Plastic_91.jpg,Plastic,D:\Recovered Documents\Moringa\Module 5\Summative2\realwaste\realwaste-main\RealWaste\Plastic\Plastic_91.jpg,524,524,RGB,1.0,80.2,170.70819,35.05712,9.990452
Plastic_910.jpg,Plastic,D:\Recovered Documents\Moringa\Module 5\Summative2\realwaste\realwaste-main\RealWaste\Plastic\Plastic_910.jpg,524,524,RGB,1.0,112.7,162.1632,20.552122,9.926215
Plastic_911.jpg,Plastic,D:\Recovered Documents\Moringa\Module 5\Summative2\realwaste\realwaste-main\RealWaste\Plastic\Plastic_911.jpg,524,524,RGB,1.0,117.2,162.8698,28.961523,21.121094
Plastic_912.jpg,Plastic,D:\Recovered Documents\Moringa\Module 5\Summative2\realwaste\realwaste-main\RealWaste\Plastic\Plastic_912.jpg,524,524,RGB,1.0,140.8,146.27734,51.494694,101.30859
Plastic_913.jpg,Plastic,D:\Recovered Documents\Moringa\Module 5\Summative2\realwaste\realwaste-main\RealWaste\Plastic\Plastic_913.jpg,524,524,RGB,1.0,119.6,165.19777,19.125586,8.618923
Plastic_914.jpg,Plastic,D:\Recovered Documents\Moringa\Module 5\Summative2\realwaste\realwaste-main\RealWaste\Plastic\Plastic_914.jpg,524,524,RGB,1.0,107.2,163.09389,20.063116,9.47309
Plastic_915.jpg,Plastic,D:\Recovered Documents\Moringa\Module 5\Summative2\realwaste\realwaste-main\RealWaste\Plastic\Plastic_915.jpg,524,524,RGB,1.0,154.1,147.22395,40.20161,89.58029
Plastic_916.jpg,Plastic,D:\Recovered Documents\Moringa\Module 5\Summative2\realwaste\realwaste-main\RealWaste\Plastic\Plastic_916.jpg,524,524,RGB,1.0,146.1,148.24667,49.961185,93.016495
Plastic_917.jpg,Plastic,D:\Recovered Documents\Moringa\Module 5\Summative2\realwaste\realwaste-main\RealWaste\Plastic\Plastic_917.jpg,524,524,RGB,1.0,73.3,150.90422,36.25664,90.50868
Plastic_918.jpg,Plastic,D:\Recovered Documents\Moringa\Module 5\Summative2\realwaste\realwaste-main\RealWaste\Plastic\Plastic_918.jpg,524,524,RGB,1.0,77.5,150.72092,42.311123,93.05556
Plastic_919.jpg,Plastic,D:\Recovered Documents\Moringa\Module 5\Summative2\realwaste\realwaste-main\RealWaste\Plastic\Plastic_919.jpg,524,524,RGB,1.0,85.2,154.29875,37.508965,88.7895
Plastic_92.jpg,Plastic,D:\Recovered Documents\Moringa\Module 5\Summative2\realwaste\realwaste-main\RealWaste\Plastic\Plastic_92.jpg,524,524,RGB,1.0,124.8,153.86618,64.61557,22.799046
Plastic_920.jpg,Plastic,D:\Recovered Documents\Moringa\Module 5\Summative2\realwaste\realwaste-main\RealWaste\Plastic\Plastic_920.jpg,524,524,RGB,1.0,152.7,151.83,41.874176,90.38151
Plastic_921.jpg,Plastic,D:\Recovered Documents\Moringa\Module 5\Summative2\realwaste\realwaste-main\RealWaste\Plastic\Plastic_921.jpg,524,524,RGB,1.0,86.3,157.36256,42.356644,92.5026
Plastic_93.jpg,Plastic,D:\Recovered Documents\Moringa\Module 5\Summative2\realwaste\realwaste-main\RealWaste\Plastic\Plastic_93.jpg,524,524,RGB,1.0,115.8,170.98814,36.31691,10.250868
Plastic_94.jpg,Plastic,D:\Recovered Documents\Moringa\Module 5\Summative2\realwaste\realwaste-main\RealWaste\Plastic\Plastic_94.jpg,524,524,RGB,1.0,117.9,154.17317,35.926735,30.118055
Plastic_95.jpg,Plastic,D:\Recovered Documents\Moringa\Module 5\Summative2\realwaste\realwaste-main\RealWaste\Plastic\Plastic_95.jpg,524,524,RGB,1.0,126.1,158.59679,37.089577,24.467014
Plastic_96.jpg,Plastic,D:\Recovered Documents\Moringa\Module 5\Summative2\realwaste\realwaste-main\RealWaste\Plastic\Plastic_96.jpg,524,524,RGB,1.0,127.3,144.61993,71.2707,29.584635
Plastic_97.jpg,Plastic,D:\Recovered Documents\Moringa\Module 5\Summative2\realwaste\realwaste-main\RealWaste\Plastic\Plastic_97.jpg,524,524,RGB,1.0,168.7,152.26605,28.739494,69.14627
Plastic_98.jpg,Plastic,D:\Recovered Documents\Moringa\Module 5\Summative2\realwaste\realwaste-main\RealWaste\Plastic\Plastic_98.jpg,524,524,RGB,1.0,126.2,148.30397,69.4803,29.48481
Plastic_99.jpg,Plastic,D:\Recovered Documents\Moringa\Module 5\Summative2\realwaste\realwaste-main\RealWaste\Plastic\Plastic_99.jpg,524,524,RGB,1.0,112.4,158.27402,43.60962,25.19401
Textile Trash_1.jpg,Textile Trash,D:\Recovered Documents\Moringa\Module 5\Summative2\realwaste\realwaste-main\RealWaste\Textile Trash\Textile Trash_1.jpg,524,524,RGB,1.0,128.9,171.59607,36.292408,11.1380205
Textile Trash_10.jpg,Textile Trash,D:\Recovered Documents\Moringa\Module 5\Summative2\realwaste\realwaste-main\RealWaste\Textile Trash\Textile Trash_10.jpg,524,524,RGB,1.0,140.9,164.5842,42.583015,15.708767
Textile Trash_100.jpg,Textile Trash,D:\Recovered Documents\Moringa\Module 5\Summative2\realwaste\realwaste-main\RealWaste\Textile Trash\Textile Trash_100.jpg,524,524,RGB,1.0,195.6,161.29036,48.66503,14.515625
Textile Trash_101.jpg,Textile Trash,D:\Recovered Documents\Moringa\Module 5\Summative2\realwaste\realwaste-main\RealWaste\Textile Trash\Textile Trash_101.jpg,524,524,RGB,1.0,129.0,164.545,34.10715,12.988281
Textile Trash_102.jpg,Textile Trash,D:\Recovered Documents\Moringa\Module 5\Summative2\realwaste\realwaste-main\RealWaste\Textile Trash\Textile Trash_102.jpg,524,524,RGB,1.0,204.3,160.81062,38.03392,26.74783
Textile Trash_103.jpg,Textile Trash,D:\Recovered Documents\Moringa\Module 5\Summative2\realwaste\realwaste-main\RealWaste\Textile Trash\Textile Trash_103.jpg,524,524,RGB,1.0,203.5,164.09201,32.813023,19.062065
Textile Trash_104.jpg,Textile Trash,D:\Recovered Documents\Moringa\Module 5\Summative2\realwaste\realwaste-main\RealWaste\Textile Trash\Textile Trash_104.jpg,524,524,RGB,1.0,183.3,173.42766,17.644901,7.713976
Textile Trash_105.jpg,Textile Trash,D:\Recovered Documents\Moringa\Module 5\Summative2\realwaste\realwaste-main\RealWaste\Textile Trash\Textile Trash_105.jpg,524,524,RGB,1.0,169.4,157.00478,27.939795,28.837673
Textile Trash_106.jpg,Textile Trash,D:\Recovered Documents\Moringa\Module 5\Summative2\realwaste\realwaste-main\RealWaste\Textile Trash\Textile Trash_106.jpg,524,524,RGB,1.0,114.8,155.52806,50.26082,29.705296
Textile Trash_107.jpg,Textile Trash,D:\Recovered Documents\Moringa\Module 5\Summative2\realwaste\realwaste-main\RealWaste\Textile Trash\Textile Trash_107.jpg,524,524,RGB,1.0,129.6,146.16783,71.07011,78.99132
Textile Trash_108.jpg,Textile Trash,D:\Recovered Documents\Moringa\Module 5\Summative2\realwaste\realwaste-main\RealWaste\Textile Trash\Textile Trash_108.jpg,524,524,RGB,1.0,88.0,155.06569,58.1579,24.496529
Textile Trash_109.jpg,Textile Trash,D:\Recovered Documents\Moringa\Module 5\Summative2\realwaste\realwaste-main\RealWaste\Textile Trash\Textile Trash_109.jpg,524,524,RGB,1.0,106.2,164.28053,60.977863,18.240452
Textile Trash_11.jpg,Textile Trash,D:\Recovered Documents\Moringa\Module 5\Summative2\realwaste\realwaste-main\RealWaste\Textile Trash\Textile Trash_11.jpg,524,524,RGB,1.0,118.3,158.7147,63.9319,19.515625
Textile Trash_110.jpg,Textile Trash,D:\Recovered Documents\Moringa\Module 5\Summative2\realwaste\realwaste-main\RealWaste\Textile Trash\Textile Trash_110.jpg,524,524,RGB,1.0,105.8,158.33665,62.984547,20.2296
Textile Trash_111.jpg,Textile Trash,D:\Recovered Documents\Moringa\Module 5\Summative2\realwaste\realwaste-main\RealWaste\Textile Trash\Textile Trash_111.jpg,524,524,RGB,1.0,106.0,164.1765,58.097816,16.578125
Textile Trash_112.jpg,Textile Trash,D:\Recovered Documents\Moringa\Module 5\Summative2\realwaste\realwaste-main\RealWaste\Textile Trash\Textile Trash_112.jpg,524,524,RGB,1.0,127.6,169.1263,17.36994,11.105469
Textile Trash_113.jpg,Textile Trash,D:\Recovered Documents\Moringa\Module 5\Summative2\realwaste\realwaste-main\RealWaste\Textile Trash\Textile Trash_113.jpg,524,524,RGB,1.0,127.2,145.63759,42.809734,40.62283
Textile Trash_114.jpg,Textile Trash,D:\Recovered Documents\Moringa\Module 5\Summative2\realwaste\realwaste-main\RealWaste\Textile Trash\Textile Trash_114.jpg,524,524,RGB,1.0,115.2,158.53978,35.879642,17.320312
Textile Trash_115.jpg,Textile Trash,D:\Recovered Documents\Moringa\Module 5\Summative2\realwaste\realwaste-main\RealWaste\Textile Trash\Textile Trash_115.jpg,524,524,RGB,1.0,116.7,152.06279,33.9564,34.591145
Textile Trash_116.jpg,Textile Trash,D:\Recovered Documents\Moringa\Module 5\Summative2\realwaste\realwaste-main\RealWaste\Textile Trash\Textile Trash_116.jpg,524,524,RGB,1.0,123.7,157.08449,31.702065,26.43967
Textile Trash_117.jpg,Textile Trash,D:\Recovered Documents\Moringa\Module 5\Summative2\realwaste\realwaste-main\RealWaste\Textile Trash\Textile Trash_117.jpg,524,524,RGB,1.0,101.1,150.35257,33.764805,24.15408
Textile Trash_118.jpg,Textile Trash,D:\Recovered Documents\Moringa\Module 5\Summative2\realwaste\realwaste-main\RealWaste\Textile Trash\Textile Trash_118.jpg,524,524,RGB,1.0,105.2,148.09636,31.991508,31.56467
Textile Trash_119.jpg,Textile Trash,D:\Recovered Documents\Moringa\Module 5\Summative2\realwaste\realwaste-main\RealWaste\Textile Trash\Textile Trash_119.jpg,524,524,RGB,1.0,108.2,150.40654,33.005108,30.018229
Textile Trash_12.jpg,Textile Trash,D:\Recovered Documents\Moringa\Module 5\Summative2\realwaste\realwaste-main\RealWaste\Textile Trash\Textile Trash_12.jpg,524,524,RGB,1.0,126.8,161.4712,22.017494,21.007812
Textile Trash_120.jpg,Textile Trash,D:\Recovered Documents\Moringa\Module 5\Summative2\realwaste\realwaste-main\RealWaste\Textile Trash\Textile Trash_120.jpg,524,524,RGB,1.0,104.4,152.40306,27.93775,29.537327
Textile Trash_121.jpg,Textile Trash,D:\Recovered Documents\Moringa\Module 5\Summative2\realwaste\realwaste-main\RealWaste\Textile Trash\Textile Trash_121.jpg,524,524,RGB,1.0,220.0,135.90857,56.345592,79.97222
Textile Trash_122.jpg,Textile Trash,D:\Recovered Documents\Moringa\Module 5\Summative2\realwaste\realwaste-main\RealWaste\Textile Trash\Textile Trash_122.jpg,524,524,RGB,1.0,191.0,162.59592,57.7886,42.653645
Textile Trash_123.jpg,Textile Trash,D:\Recovered Documents\Moringa\Module 5\Summative2\realwaste\realwaste-main\RealWaste\Textile Trash\Textile Trash_123.jpg,524,524,RGB,1.0,191.0,164.4835,54.11253,39.369793
Textile Trash_124.jpg,Textile Trash,D:\Recovered Documents\Moringa\Module 5\Summative2\realwaste\realwaste-main\RealWaste\Textile Trash\Textile Trash_124.jpg,524,524,RGB,1.0,125.8,149.37587,41.570297,30.277779
Textile Trash_125.jpg,Textile Trash,D:\Recovered Documents\Moringa\Module 5\Summative2\realwaste\realwaste-main\RealWaste\Textile Trash\Textile Trash_125.jpg,524,524,RGB,1.0,87.1,158.12457,39.413326,21.143229
Textile Trash_126.jpg,Textile Trash,D:\Recovered Documents\Moringa\Module 5\Summative2\realwaste\realwaste-main\RealWaste\Textile Trash\Textile Trash_126.jpg,524,524,RGB,1.0,144.6,156.59607,32.645226,34.367622
Textile Trash_127.jpg,Textile Trash,D:\Recovered Documents\Moringa\Module 5\Summative2\realwaste\realwaste-main\RealWaste\Textile Trash\Textile Trash_127.jpg,524,524,RGB,1.0,124.1,156.77806,37.960613,27.867622
Textile Trash_128.jpg,Textile Trash,D:\Recovered Documents\Moringa\Module 5\Summative2\realwaste\realwaste-main\RealWaste\Textile Trash\Textile Trash_128.jpg,524,524,RGB,1.0,118.6,148.49016,69.65534,16.548178
Textile Trash_129.jpg,Textile Trash,D:\Recovered Documents\Moringa\Module 5\Summative2\realwaste\realwaste-main\RealWaste\Textile Trash\Textile Trash_129.jpg,524,524,RGB,1.0,107.7,147.48712,71.47945,24.237846
Textile Trash_13.jpg,Textile Trash,D:\Recovered Documents\Moringa\Module 5\Summative2\realwaste\realwaste-main\RealWaste\Textile Trash\Textile Trash_13.jpg,524,524,RGB,1.0,115.6,154.6807,69.310165,22.283854
Textile Trash_130.jpg,Textile Trash,D:\Recovered Documents\Moringa\Module 5\Summative2\realwaste\realwaste-main\RealWaste\Textile Trash\Textile Trash_130.jpg,524,524,RGB,1.0,128.9,156.17462,64.28328,52.6875
Textile Trash_131.jpg,Textile Trash,D:\Recovered Documents\Moringa\Module 5\Summative2\realwaste\realwaste-main\RealWaste\Textile Trash\Textile Trash_131.jpg,524,524,RGB,1.0,131.6,157.16493,62.942398,51.805557
Textile Trash_132.jpg,Textile Trash,D:\Recovered Documents\Moringa\Module 5\Summative2\realwaste\realwaste-main\RealWaste\Textile Trash\Textile Trash_132.jpg,524,524,RGB,1.0,128.3,156.21976,62.961765,53.850693
Textile Trash_133.jpg,Textile Trash,D:\Recovered Documents\Moringa\Module 5\Summative2\realwaste\realwaste-main\RealWaste\Textile Trash\Textile Trash_133.jpg,524,524,RGB,1.0,130.2,155.67665,62.068672,54.70052
Textile Trash_134.jpg,Textile Trash,D:\Recovered Documents\Moringa\Module 5\Summative2\realwaste\realwaste-main\RealWaste\Textile Trash\Textile Trash_134.jpg,524,524,RGB,1.0,134.1,129.27357,78.61291,35.400608
Textile Trash_135.jpg,Textile Trash,D:\Recovered Documents\Moringa\Module 5\Summative2\realwaste\realwaste-main\RealWaste\Textile Trash\Textile Trash_135.jpg,524,524,RGB,1.0,123.5,143.44373,42.47146,30.35981
Textile Trash_136.jpg,Textile Trash,D:\Recovered Documents\Moringa\Module 5\Summative2\realwaste\realwaste-main\RealWaste\Textile Trash\Textile Trash_136.jpg,524,524,RGB,1.0,121.3,132.32755,81.044044,34.754776
Textile Trash_137.jpg,Textile Trash,D:\Recovered Documents\Moringa\Module 5\Summative2\realwaste\realwaste-main\RealWaste\Textile Trash\Textile Trash_137.jpg,524,524,RGB,1.0,116.5,156.5884,63.1762,24.544271
Textile Trash_138.jpg,Textile Trash,D:\Recovered Documents\Moringa\Module 5\Summative2\realwaste\realwaste-main\RealWaste\Textile Trash\Textile Trash_138.jpg,524,524,RGB,1.0,119.6,146.25824,77.47667,29.097656
Textile Trash_139.jpg,Textile Trash,D:\Recovered Documents\Moringa\Module 5\Summative2\realwaste\realwaste-main\RealWaste\Textile Trash\Textile Trash_139.jpg,524,524,RGB,1.0,122.8,150.59027,71.402985,25.709635
Textile Trash_14.jpg,Textile Trash,D:\Recovered Documents\Moringa\Module 5\Summative2\realwaste\realwaste-main\RealWaste\Textile Trash\Textile Trash_14.jpg,524,524,RGB,1.0,185.6,164.84462,39.91714,15.092882
Textile Trash_140.jpg,Textile Trash,D:\Recovered Documents\Moringa\Module 5\Summative2\realwaste\realwaste-main\RealWaste\Textile Trash\Textile Trash_140.jpg,524,524,RGB,1.0,120.6,158.46918,62.917263,20.67144
Textile Trash_141.jpg,Textile Trash,D:\Recovered Documents\Moringa\Module 5\Summative2\realwaste\realwaste-main\RealWaste\Textile Trash\Textile Trash_141.jpg,524,524,RGB,1.0,126.5,150.15915,72.644745,25.565538
Textile Trash_142.jpg,Textile Trash,D:\Recovered Documents\Moringa\Module 5\Summative2\realwaste\realwaste-main\RealWaste\Textile Trash\Textile Trash_142.jpg,524,524,RGB,1.0,121.1,151.43866,70.2441,23.979166
Textile Trash_143.jpg,Textile Trash,D:\Recovered Documents\Moringa\Module 5\Summative2\realwaste\realwaste-main\RealWaste\Textile Trash\Textile Trash_143.jpg,524,524,RGB,1.0,136.1,144.56409,75.47235,20.110243
Textile Trash_144.jpg,Textile Trash,D:\Recovered Documents\Moringa\Module 5\Summative2\realwaste\realwaste-main\RealWaste\Textile Trash\Textile Trash_144.jpg,524,524,RGB,1.0,95.3,148.88339,71.8868,20.3954
Textile Trash_145.jpg,Textile Trash,D:\Recovered Documents\Moringa\Module 5\Summative2\realwaste\realwaste-main\RealWaste\Textile Trash\Textile Trash_145.jpg,524,524,RGB,1.0,132.5,147.88643,58.13193,53.246094
Textile Trash_146.jpg,Textile Trash,D:\Recovered Documents\Moringa\Module 5\Summative2\realwaste\realwaste-main\RealWaste\Textile Trash\Textile Trash_146.jpg,524,524,RGB,1.0,148.4,117.23626,72.25672,46.974392
Textile Trash_147.jpg,Textile Trash,D:\Recovered Documents\Moringa\Module 5\Summative2\realwaste\realwaste-main\RealWaste\Textile Trash\Textile Trash_147.jpg,524,524,RGB,1.0,119.0,157.0136,56.629993,41.930557
Textile Trash_148.jpg,Textile Trash,D:\Recovered Documents\Moringa\Module 5\Summative2\realwaste\realwaste-main\RealWaste\Textile Trash\Textile Trash_148.jpg,524,524,RGB,1.0,115.3,148.37326,64.158966,29.732204
Textile Trash_149.jpg,Textile Trash,D:\Recovered Documents\Moringa\Module 5\Summative2\realwaste\realwaste-main\RealWaste\Textile Trash\Textile Trash_149.jpg,524,524,RGB,1.0,115.7,147.6127,36.95166,18.558159
Textile Trash_15.jpg,Textile Trash,D:\Recovered Documents\Moringa\Module 5\Summative2\realwaste\realwaste-main\RealWaste\Textile Trash\Textile Trash_15.jpg,524,524,RGB,1.0,176.4,149.79094,31.087389,30.755642
Textile Trash_150.jpg,Textile Trash,D:\Recovered Documents\Moringa\Module 5\Summative2\realwaste\realwaste-main\RealWaste\Textile Trash\Textile Trash_150.jpg,524,524,RGB,1.0,107.8,149.92216,35.54203,19.092447
Textile Trash_151.jpg,Textile Trash,D:\Recovered Documents\Moringa\Module 5\Summative2\realwaste\realwaste-main\RealWaste\Textile Trash\Textile Trash_151.jpg,524,524,RGB,1.0,124.4,125.687935,56.018295,110.738716
Textile Trash_152.jpg,Textile Trash,D:\Recovered Documents\Moringa\Module 5\Summative2\realwaste\realwaste-main\RealWaste\Textile Trash\Textile Trash_152.jpg,524,524,RGB,1.0,121.3,127.376305,52.32054,96.80295
Textile Trash_153.jpg,Textile Trash,D:\Recovered Documents\Moringa\Module 5\Summative2\realwaste\realwaste-main\RealWaste\Textile Trash\Textile Trash_153.jpg,524,524,RGB,1.0,216.6,139.90306,37.5724,14.626736
Textile Trash_154.jpg,Textile Trash,D:\Recovered Documents\Moringa\Module 5\Summative2\realwaste\realwaste-main\RealWaste\Textile Trash\Textile Trash_154.jpg,524,524,RGB,1.0,175.2,128.65047,64.27406,35.088108
Textile Trash_155.jpg,Textile Trash,D:\Recovered Documents\Moringa\Module 5\Summative2\realwaste\realwaste-main\RealWaste\Textile Trash\Textile Trash_155.jpg,524,524,RGB,1.0,109.5,153.24812,25.476086,29.401041
Textile Trash_156.jpg,Textile Trash,D:\Recovered Documents\Moringa\Module 5\Summative2\realwaste\realwaste-main\RealWaste\Textile Trash\Textile Trash_156.jpg,524,524,RGB,1.0,101.9,151.08275,29.788944,30.16493
Textile Trash_157.jpg,Textile Trash,D:\Recovered Documents\Moringa\Module 5\Summative2\realwaste\realwaste-main\RealWaste\Textile Trash\Textile Trash_157.jpg,524,524,RGB,1.0,116.7,129.06322,85.05937,46.271267
Textile Trash_158.jpg,Textile Trash,D:\Recovered Documents\Moringa\Module 5\Summative2\realwaste\realwaste-main\RealWaste\Textile Trash\Textile Trash_158.jpg,524,524,RGB,1.0,100.5,154.77518,34.357277,23.674479
Textile Trash_159.jpg,Textile Trash,D:\Recovered Documents\Moringa\Module 5\Summative2\realwaste\realwaste-main\RealWaste\Textile Trash\Textile Trash_159.jpg,524,524,RGB,1.0,111.4,157.80685,29.734205,24.237413
Textile Trash_16.jpg,Textile Trash,D:\Recovered Documents\Moringa\Module 5\Summative2\realwaste\realwaste-main\RealWaste\Textile Trash\Textile Trash_16.jpg,524,524,RGB,1.0,176.6,141.76505,67.589455,56.378906
Textile Trash_160.jpg,Textile Trash,D:\Recovered Documents\Moringa\Module 5\Summative2\realwaste\realwaste-main\RealWaste\Textile Trash\Textile Trash_160.jpg,524,524,RGB,1.0,112.9,152.71672,51.449047,38.73264
Textile Trash_161.jpg,Textile Trash,D:\Recovered Documents\Moringa\Module 5\Summative2\realwaste\realwaste-main\RealWaste\Textile Trash\Textile Trash_161.jpg,524,524,RGB,1.0,110.7,142.13123,34.916763,26.400608
Textile Trash_162.jpg,Textile Trash,D:\Recovered Documents\Moringa\Module 5\Summative2\realwaste\realwaste-main\RealWaste\Textile Trash\Textile Trash_162.jpg,524,524,RGB,1.0,116.0,155.99841,45.97369,33.323784
Textile Trash_163.jpg,Textile Trash,D:\Recovered Documents\Moringa\Module 5\Summative2\realwaste\realwaste-main\RealWaste\Textile Trash\Textile Trash_163.jpg,524,524,RGB,1.0,100.0,144.05672,38.246662,43.68533
Textile Trash_164.jpg,Textile Trash,D:\Recovered Documents\Moringa\Module 5\Summative2\realwaste\realwaste-main\RealWaste\Textile Trash\Textile Trash_164.jpg,524,524,RGB,1.0,114.5,159.50536,25.057646,21.176216
Textile Trash_165.jpg,Textile Trash,D:\Recovered Documents\Moringa\Module 5\Summative2\realwaste\realwaste-main\RealWaste\Textile Trash\Textile Trash_165.jpg,524,524,RGB,1.0,113.9,149.03906,49.20979,33.794704
Textile Trash_166.jpg,Textile Trash,D:\Recovered Documents\Moringa\Module 5\Summative2\realwaste\realwaste-main\RealWaste\Textile Trash\Textile Trash_166.jpg,524,524,RGB,1.0,113.4,159.65466,53.025288,28.609375
Textile Trash_167.jpg,Textile Trash,D:\Recovered Documents\Moringa\Module 5\Summative2\realwaste\realwaste-main\RealWaste\Textile Trash\Textile Trash_167.jpg,524,524,RGB,1.0,116.3,153.60504,50.78242,42.158855
Textile Trash_168.jpg,Textile Trash,D:\Recovered Documents\Moringa\Module 5\Summative2\realwaste\realwaste-main\RealWaste\Textile Trash\Textile Trash_168.jpg,524,524,RGB,1.0,129.3,169.82364,18.70538,7.075521
Textile Trash_169.jpg,Textile Trash,D:\Recovered Documents\Moringa\Module 5\Summative2\realwaste\realwaste-main\RealWaste\Textile Trash\Textile Trash_169.jpg,524,524,RGB,1.0,120.3,151.92708,56.773758,46.899307
Textile Trash_17.jpg,Textile Trash,D:\Recovered Documents\Moringa\Module 5\Summative2\realwaste\realwaste-main\RealWaste\Textile Trash\Textile Trash_17.jpg,524,524,RGB,1.0,184.7,149.48712,59.458954,56.67795
Textile Trash_170.jpg,Textile Trash,D:\Recovered Documents\Moringa\Module 5\Summative2\realwaste\realwaste-main\RealWaste\Textile Trash\Textile Trash_170.jpg,524,524,RGB,1.0,101.7,146.54659,68.644585,30.496094
Textile Trash_171.jpg,Textile Trash,D:\Recovered Documents\Moringa\Module 5\Summative2\realwaste\realwaste-main\RealWaste\Textile Trash\Textile Trash_171.jpg,524,524,RGB,1.0,88.5,145.62413,67.356926,32.44705
Textile Trash_172.jpg,Textile Trash,D:\Recovered Documents\Moringa\Module 5\Summative2\realwaste\realwaste-main\RealWaste\Textile Trash\Textile Trash_172.jpg,524,524,RGB,1.0,103.6,143.68446,69.974236,34.34462
Textile Trash_173.jpg,Textile Trash,D:\Recovered Documents\Moringa\Module 5\Summative2\realwaste\realwaste-main\RealWaste\Textile Trash\Textile Trash_173.jpg,524,524,RGB,1.0,110.7,151.76172,60.478447,22.490885
Textile Trash_174.jpg,Textile Trash,D:\Recovered Documents\Moringa\Module 5\Summative2\realwaste\realwaste-main\RealWaste\Textile Trash\Textile Trash_174.jpg,524,524,RGB,1.0,91.6,145.86487,64.56522,27.617188
Textile Trash_175.jpg,Textile Trash,D:\Recovered Documents\Moringa\Module 5\Summative2\realwaste\realwaste-main\RealWaste\Textile Trash\Textile Trash_175.jpg,524,524,RGB,1.0,104.4,149.09187,66.87357,30.164497
Textile Trash_176.jpg,Textile Trash,D:\Recovered Documents\Moringa\Module 5\Summative2\realwaste\realwaste-main\RealWaste\Textile Trash\Textile Trash_176.jpg,524,524,RGB,1.0,106.3,142.94212,67.06878,31.866753
Textile Trash_177.jpg,Textile Trash,D:\Recovered Documents\Moringa\Module 5\Summative2\realwaste\realwaste-main\RealWaste\Textile Trash\Textile Trash_177.jpg,524,524,RGB,1.0,103.9,155.18793,61.43312,28.45269
Textile Trash_178.jpg,Textile Trash,D:\Recovered Documents\Moringa\Module 5\Summative2\realwaste\realwaste-main\RealWaste\Textile Trash\Textile Trash_178.jpg,524,524,RGB,1.0,106.6,157.35417,59.693752,24.2296
Textile Trash_179.jpg,Textile Trash,D:\Recovered Documents\Moringa\Module 5\Summative2\realwaste\realwaste-main\RealWaste\Textile Trash\Textile Trash_179.jpg,524,524,RGB,1.0,115.8,168.71947,57.42697,14.446614
Textile Trash_18.jpg,Textile Trash,D:\Recovered Documents\Moringa\Module 5\Summative2\realwaste\realwaste-main\RealWaste\Textile Trash\Textile Trash_18.jpg,524,524,RGB,1.0,192.0,128.7539,55.615704,75.14279
Textile Trash_180.jpg,Textile Trash,D:\Recovered Documents\Moringa\Module 5\Summative2\realwaste\realwaste-main\RealWaste\Textile Trash\Textile Trash_180.jpg,524,524,RGB,1.0,127.2,158.3167,37.708923,30.451822
Textile Trash_181.jpg,Textile Trash,D:\Recovered Documents\Moringa\Module 5\Summative2\realwaste\realwaste-main\RealWaste\Textile Trash\Textile Trash_181.jpg,524,524,RGB,1.0,140.7,162.85301,32.438976,34.190536
Textile Trash_182.jpg,Textile Trash,D:\Recovered Documents\Moringa\Module 5\Summative2\realwaste\realwaste-main\RealWaste\Textile Trash\Textile Trash_182.jpg,524,524,RGB,1.0,122.6,161.22699,32.69432,17.774305
Textile Trash_183.jpg,Textile Trash,D:\Recovered Documents\Moringa\Module 5\Summative2\realwaste\realwaste-main\RealWaste\Textile Trash\Textile Trash_183.jpg,524,524,RGB,1.0,117.7,156.78777,41.45908,22.008247
Textile Trash_184.jpg,Textile Trash,D:\Recovered Documents\Moringa\Module 5\Summative2\realwaste\realwaste-main\RealWaste\Textile Trash\Textile Trash_184.jpg,524,524,RGB,1.0,120.9,160.171,38.66879,17.85026
Textile Trash_185.jpg,Textile Trash,D:\Recovered Documents\Moringa\Module 5\Summative2\realwaste\realwaste-main\RealWaste\Textile Trash\Textile Trash_185.jpg,524,524,RGB,1.0,125.7,150.34795,67.448555,62.105904
Textile Trash_186.jpg,Textile Trash,D:\Recovered Documents\Moringa\Module 5\Summative2\realwaste\realwaste-main\RealWaste\Textile Trash\Textile Trash_186.jpg,524,524,RGB,1.0,117.9,152.126,67.3322,57.239582
Textile Trash_187.jpg,Textile Trash,D:\Recovered Documents\Moringa\Module 5\Summative2\realwaste\realwaste-main\RealWaste\Textile Trash\Textile Trash_187.jpg,524,524,RGB,1.0,119.8,150.40263,37.13479,27.450521
Textile Trash_188.jpg,Textile Trash,D:\Recovered Documents\Moringa\Module 5\Summative2\realwaste\realwaste-main\RealWaste\Textile Trash\Textile Trash_188.jpg,524,524,RGB,1.0,122.4,151.55482,32.79522,21.992188
Textile Trash_189.jpg,Textile Trash,D:\Recovered Documents\Moringa\Module 5\Summative2\realwaste\realwaste-main\RealWaste\Textile Trash\Textile Trash_189.jpg,524,524,RGB,1.0,120.9,147.15277,34.328487,28.374132
Textile Trash_19.jpg,Textile Trash,D:\Recovered Documents\Moringa\Module 5\Summative2\realwaste\realwaste-main\RealWaste\Textile Trash\Textile Trash_19.jpg,524,524,RGB,1.0,198.7,130.93417,55.316193,72.16971
Textile Trash_190.jpg,Textile Trash,D:\Recovered Documents\Moringa\Module 5\Summative2\realwaste\realwaste-main\RealWaste\Textile Trash\Textile Trash_190.jpg,524,524,RGB,1.0,118.9,169.48973,53.559856,12.845921
Textile Trash_191.jpg,Textile Trash,D:\Recovered Documents\Moringa\Module 5\Summative2\realwaste\realwaste-main\RealWaste\Textile Trash\Textile Trash_191.jpg,524,524,RGB,1.0,120.8,155.44879,29.89995,23.894531
Textile Trash_192.jpg,Textile Trash,D:\Recovered Documents\Moringa\Module 5\Summative2\realwaste\realwaste-main\RealWaste\Textile Trash\Textile Trash_192.jpg,524,524,RGB,1.0,125.2,163.14815,58.155453,33.14366
Textile Trash_193.jpg,Textile Trash,D:\Recovered Documents\Moringa\Module 5\Summative2\realwaste\realwaste-main\RealWaste\Textile Trash\Textile Trash_193.jpg,524,524,RGB,1.0,124.1,161.80035,56.347076,31.73394
Textile Trash_194.jpg,Textile Trash,D:\Recovered Documents\Moringa\Module 5\Summative2\realwaste\realwaste-main\RealWaste\Textile Trash\Textile Trash_194.jpg,524,524,RGB,1.0,122.6,156.61082,36.507458,21.674913
Textile Trash_195.jpg,Textile Trash,D:\Recovered Documents\Moringa\Module 5\Summative2\realwaste\realwaste-main\RealWaste\Textile Trash\Textile Trash_195.jpg,524,524,RGB,1.0,130.9,159.73337,53.98162,22.238716
Textile Trash_196.jpg,Textile Trash,D:\Recovered Documents\Moringa\Module 5\Summative2\realwaste\realwaste-main\RealWaste\Textile Trash\Textile Trash_196.jpg,524,524,RGB,1.0,128.4,161.92955,44.35485,20.207031
Textile Trash_197.jpg,Textile Trash,D:\Recovered Documents\Moringa\Module 5\Summative2\realwaste\realwaste-main\RealWaste\Textile Trash\Textile Trash_197.jpg,524,524,RGB,1.0,121.9,172.2338,23.148413,7.526476
Textile Trash_198.jpg,Textile Trash,D:\Recovered Documents\Moringa\Module 5\Summative2\realwaste\realwaste-main\RealWaste\Textile Trash\Textile Trash_198.jpg,524,524,RGB,1.0,112.2,150.24464,45.843353,25.593315
Textile Trash_199.jpg,Textile Trash,D:\Recovered Documents\Moringa\Module 5\Summative2\realwaste\realwaste-main\RealWaste\Textile Trash\Textile Trash_199.jpg,524,524,RGB,1.0,112.1,129.34346,81.78539,44.38672
Textile Trash_2.jpg,Textile Trash,D:\Recovered Documents\Moringa\Module 5\Summative2\realwaste\realwaste-main\RealWaste\Textile Trash\Textile Trash_2.jpg,524,524,RGB,1.0,122.9,167.84924,57.79611,16.61111
Textile Trash_20.jpg,Textile Trash,D:\Recovered Documents\Moringa\Module 5\Summative2\realwaste\realwaste-main\RealWaste\Textile Trash\Textile Trash_20.jpg,524,524,RGB,1.0,168.2,155.0123,29.76859,60.210938
Textile Trash_200.jpg,Textile Trash,D:\Recovered Documents\Moringa\Module 5\Summative2\realwaste\realwaste-main\RealWaste\Textile Trash\Textile Trash_200.jpg,524,524,RGB,1.0,116.4,148.06828,48.97837,36.38455
Textile Trash_201.jpg,Textile Trash,D:\Recovered Documents\Moringa\Module 5\Summative2\realwaste\realwaste-main\RealWaste\Textile Trash\Textile Trash_201.jpg,524,524,RGB,1.0,128.7,165.41045,54.951485,15.148871
Textile Trash_202.jpg,Textile Trash,D:\Recovered Documents\Moringa\Module 5\Summative2\realwaste\realwaste-main\RealWaste\Textile Trash\Textile Trash_202.jpg,524,524,RGB,1.0,122.5,147.8996,47.66574,28.892796
Textile Trash_203.jpg,Textile Trash,D:\Recovered Documents\Moringa\Module 5\Summative2\realwaste\realwaste-main\RealWaste\Textile Trash\Textile Trash_203.jpg,524,524,RGB,1.0,89.8,153.22266,50.890938,25.210938
Textile Trash_204.jpg,Textile Trash,D:\Recovered Documents\Moringa\Module 5\Summative2\realwaste\realwaste-main\RealWaste\Textile Trash\Textile Trash_204.jpg,524,524,RGB,1.0,117.6,150.9579,46.209503,31.42361
Textile Trash_205.jpg,Textile Trash,D:\Recovered Documents\Moringa\Module 5\Summative2\realwaste\realwaste-main\RealWaste\Textile Trash\Textile Trash_205.jpg,524,524,RGB,1.0,111.7,154.51837,50.53051,26.1671
Textile Trash_206.jpg,Textile Trash,D:\Recovered Documents\Moringa\Module 5\Summative2\realwaste\realwaste-main\RealWaste\Textile Trash\Textile Trash_206.jpg,524,524,RGB,1.0,131.5,156.39612,60.877064,14.691406
Textile Trash_207.jpg,Textile Trash,D:\Recovered Documents\Moringa\Module 5\Summative2\realwaste\realwaste-main\RealWaste\Textile Trash\Textile Trash_207.jpg,524,524,RGB,1.0,115.1,160.38556,40.70603,38.44922
Textile Trash_208.jpg,Textile Trash,D:\Recovered Documents\Moringa\Module 5\Summative2\realwaste\realwaste-main\RealWaste\Textile Trash\Textile Trash_208.jpg,524,524,RGB,1.0,130.4,150.64598,56.607666,50.03038
Textile Trash_209.jpg,Textile Trash,D:\Recovered Documents\Moringa\Module 5\Summative2\realwaste\realwaste-main\RealWaste\Textile Trash\Textile Trash_209.jpg,524,524,RGB,1.0,134.8,153.251,54.589603,48.90495
Textile Trash_21.jpg,Textile Trash,D:\Recovered Documents\Moringa\Module 5\Summative2\realwaste\realwaste-main\RealWaste\Textile Trash\Textile Trash_21.jpg,524,524,RGB,1.0,139.3,133.93591,44.191746,82.19444
Textile Trash_210.jpg,Textile Trash,D:\Recovered Documents\Moringa\Module 5\Summative2\realwaste\realwaste-main\RealWaste\Textile Trash\Textile Trash_210.jpg,524,524,RGB,1.0,126.9,158.47005,52.03923,25.31467
Textile Trash_211.jpg,Textile Trash,D:\Recovered Documents\Moringa\Module 5\Summative2\realwaste\realwaste-main\RealWaste\Textile Trash\Textile Trash_211.jpg,524,524,RGB,1.0,86.9,158.955,48.86992,15.956163
Textile Trash_212.jpg,Textile Trash,D:\Recovered Documents\Moringa\Module 5\Summative2\realwaste\realwaste-main\RealWaste\Textile Trash\Textile Trash_212.jpg,524,524,RGB,1.0,117.0,157.49638,63.353794,25.790798
Textile Trash_213.jpg,Textile Trash,D:\Recovered Documents\Moringa\Module 5\Summative2\realwaste\realwaste-main\RealWaste\Textile Trash\Textile Trash_213.jpg,524,524,RGB,1.0,109.8,167.12442,46.0392,18.983072
Textile Trash_214.jpg,Textile Trash,D:\Recovered Documents\Moringa\Module 5\Summative2\realwaste\realwaste-main\RealWaste\Textile Trash\Textile Trash_214.jpg,524,524,RGB,1.0,131.7,132.70877,72.48013,67.94401
Textile Trash_215.jpg,Textile Trash,D:\Recovered Documents\Moringa\Module 5\Summative2\realwaste\realwaste-main\RealWaste\Textile Trash\Textile Trash_215.jpg,524,524,RGB,1.0,126.1,157.0256,39.10145,20.06033
Textile Trash_216.jpg,Textile Trash,D:\Recovered Documents\Moringa\Module 5\Summative2\realwaste\realwaste-main\RealWaste\Textile Trash\Textile Trash_216.jpg,524,524,RGB,1.0,115.5,141.249,72.454216,62.125
Textile Trash_217.jpg,Textile Trash,D:\Recovered Documents\Moringa\Module 5\Summative2\realwaste\realwaste-main\RealWaste\Textile Trash\Textile Trash_217.jpg,524,524,RGB,1.0,128.0,139.22917,71.097946,78.667534
Textile Trash_218.jpg,Textile Trash,D:\Recovered Documents\Moringa\Module 5\Summative2\realwaste\realwaste-main\RealWaste\Textile Trash\Textile Trash_218.jpg,524,524,RGB,1.0,130.6,128.39641,72.64205,90.166664
Textile Trash_219.jpg,Textile Trash,D:\Recovered Documents\Moringa\Module 5\Summative2\realwaste\realwaste-main\RealWaste\Textile Trash\Textile Trash_219.jpg,524,524,RGB,1.0,118.2,152.72714,59.48482,30.049479
Textile Trash_22.jpg,Textile Trash,D:\Recovered Documents\Moringa\Module 5\Summative2\realwaste\realwaste-main\RealWaste\Textile Trash\Textile Trash_22.jpg,524,524,RGB,1.0,166.5,156.86877,30.268665,53.75
Textile Trash_220.jpg,Textile Trash,D:\Recovered Documents\Moringa\Module 5\Summative2\realwaste\realwaste-main\RealWaste\Textile Trash\Textile Trash_220.jpg,524,524,RGB,1.0,112.4,149.26215,68.268326,34.65538
Textile Trash_221.jpg,Textile Trash,D:\Recovered Documents\Moringa\Module 5\Summative2\realwaste\realwaste-main\RealWaste\Textile Trash\Textile Trash_221.jpg,524,524,RGB,1.0,116.8,158.86285,62.389576,53.862846
Textile Trash_222.jpg,Textile Trash,D:\Recovered Documents\Moringa\Module 5\Summative2\realwaste\realwaste-main\RealWaste\Textile Trash\Textile Trash_222.jpg,524,524,RGB,1.0,131.3,170.89221,39.404766,11.947483
Textile Trash_223.jpg,Textile Trash,D:\Recovered Documents\Moringa\Module 5\Summative2\realwaste\realwaste-main\RealWaste\Textile Trash\Textile Trash_223.jpg,524,524,RGB,1.0,135.0,178.39323,27.580387,11.800781
Textile Trash_224.jpg,Textile Trash,D:\Recovered Documents\Moringa\Module 5\Summative2\realwaste\realwaste-main\RealWaste\Textile Trash\Textile Trash_224.jpg,524,524,RGB,1.0,124.5,170.11328,39.817356,14.718316
Textile Trash_225.jpg,Textile Trash,D:\Recovered Documents\Moringa\Module 5\Summative2\realwaste\realwaste-main\RealWaste\Textile Trash\Textile Trash_225.jpg,524,524,RGB,1.0,127.0,138.1321,74.06545,44.120224
Textile Trash_226.jpg,Textile Trash,D:\Recovered Documents\Moringa\Module 5\Summative2\realwaste\realwaste-main\RealWaste\Textile Trash\Textile Trash_226.jpg,524,524,RGB,1.0,138.4,128.22295,76.64997,48.07205
Textile Trash_227.jpg,Textile Trash,D:\Recovered Documents\Moringa\Module 5\Summative2\realwaste\realwaste-main\RealWaste\Textile Trash\Textile Trash_227.jpg,524,524,RGB,1.0,118.6,151.63411,68.673134,30.624565
Textile Trash_228.jpg,Textile Trash,D:\Recovered Documents\Moringa\Module 5\Summative2\realwaste\realwaste-main\RealWaste\Textile Trash\Textile Trash_228.jpg,524,524,RGB,1.0,122.4,146.95226,72.55922,33.581596
Textile Trash_229.jpg,Textile Trash,D:\Recovered Documents\Moringa\Module 5\Summative2\realwaste\realwaste-main\RealWaste\Textile Trash\Textile Trash_229.jpg,524,524,RGB,1.0,127.9,141.2306,70.07144,24.258247
Textile Trash_23.jpg,Textile Trash,D:\Recovered Documents\Moringa\Module 5\Summative2\realwaste\realwaste-main\RealWaste\Textile Trash\Textile Trash_23.jpg,524,524,RGB,1.0,164.1,155.52185,29.745777,36.405815
Textile Trash_230.jpg,Textile Trash,D:\Recovered Documents\Moringa\Module 5\Summative2\realwaste\realwaste-main\RealWaste\Textile Trash\Textile Trash_230.jpg,524,524,RGB,1.0,115.1,156.40263,64.56977,30.133247
Textile Trash_231.jpg,Textile Trash,D:\Recovered Documents\Moringa\Module 5\Summative2\realwaste\realwaste-main\RealWaste\Textile Trash\Textile Trash_231.jpg,524,524,RGB,1.0,119.5,158.08,62.157185,29.952257
Textile Trash_232.jpg,Textile Trash,D:\Recovered Documents\Moringa\Module 5\Summative2\realwaste\realwaste-main\RealWaste\Textile Trash\Textile Trash_232.jpg,524,524,RGB,1.0,113.6,160.19402,55.090893,22.773872
Textile Trash_233.jpg,Textile Trash,D:\Recovered Documents\Moringa\Module 5\Summative2\realwaste\realwaste-main\RealWaste\Textile Trash\Textile Trash_233.jpg,524,524,RGB,1.0,109.2,144.7079,63.591297,25.299479
Textile Trash_234.jpg,Textile Trash,D:\Recovered Documents\Moringa\Module 5\Summative2\realwaste\realwaste-main\RealWaste\Textile Trash\Textile Trash_234.jpg,524,524,RGB,1.0,116.7,160.33435,50.84986,15.576823
Textile Trash_235.jpg,Textile Trash,D:\Recovered Documents\Moringa\Module 5\Summative2\realwaste\realwaste-main\RealWaste\Textile Trash\Textile Trash_235.jpg,524,524,RGB,1.0,134.5,172.3031,36.70609,16.09592
Textile Trash_236.jpg,Textile Trash,D:\Recovered Documents\Moringa\Module 5\Summative2\realwaste\realwaste-main\RealWaste\Textile Trash\Textile Trash_236.jpg,524,524,RGB,1.0,125.4,153.2367,43.77569,41.971786
Textile Trash_237.jpg,Textile Trash,D:\Recovered Documents\Moringa\Module 5\Summative2\realwaste\realwaste-main\RealWaste\Textile Trash\Textile Trash_237.jpg,524,524,RGB,1.0,126.9,150.98857,38.56707,45.559895
Textile Trash_238.jpg,Textile Trash,D:\Recovered Documents\Moringa\Module 5\Summative2\realwaste\realwaste-main\RealWaste\Textile Trash\Textile Trash_238.jpg,524,524,RGB,1.0,137.5,152.68953,47.36644,39.39453
Textile Trash_239.jpg,Textile Trash,D:\Recovered Documents\Moringa\Module 5\Summative2\realwaste\realwaste-main\RealWaste\Textile Trash\Textile Trash_239.jpg,524,524,RGB,1.0,108.0,150.2879,49.099457,39.499565
Textile Trash_24.jpg,Textile Trash,D:\Recovered Documents\Moringa\Module 5\Summative2\realwaste\realwaste-main\RealWaste\Textile Trash\Textile Trash_24.jpg,524,524,RGB,1.0,156.9,175.97757,15.869447,11.917535
Textile Trash_240.jpg,Textile Trash,D:\Recovered Documents\Moringa\Module 5\Summative2\realwaste\realwaste-main\RealWaste\Textile Trash\Textile Trash_240.jpg,524,524,RGB,1.0,178.8,164.30006,51.459366,36.04514
Textile Trash_241.jpg,Textile Trash,D:\Recovered Documents\Moringa\Module 5\Summative2\realwaste\realwaste-main\RealWaste\Textile Trash\Textile Trash_241.jpg,524,524,RGB,1.0,193.9,146.1522,54.5207,57.74653
Textile Trash_242.jpg,Textile Trash,D:\Recovered Documents\Moringa\Module 5\Summative2\realwaste\realwaste-main\RealWaste\Textile Trash\Textile Trash_242.jpg,524,524,RGB,1.0,142.1,134.19241,43.74922,65.15408
Textile Trash_243.jpg,Textile Trash,D:\Recovered Documents\Moringa\Module 5\Summative2\realwaste\realwaste-main\RealWaste\Textile Trash\Textile Trash_243.jpg,524,524,RGB,1.0,157.2,158.95212,29.655167,42.20356
Textile Trash_244.jpg,Textile Trash,D:\Recovered Documents\Moringa\Module 5\Summative2\realwaste\realwaste-main\RealWaste\Textile Trash\Textile Trash_244.jpg,524,524,RGB,1.0,158.8,163.02098,34.927864,29.001736
Textile Trash_245.jpg,Textile Trash,D:\Recovered Documents\Moringa\Module 5\Summative2\realwaste\realwaste-main\RealWaste\Textile Trash\Textile Trash_245.jpg,524,524,RGB,1.0,123.3,170.31973,40.912655,26.399305
Textile Trash_246.jpg,Textile Trash,D:\Recovered Documents\Moringa\Module 5\Summative2\realwaste\realwaste-main\RealWaste\Textile Trash\Textile Trash_246.jpg,524,524,RGB,1.0,122.7,169.66826,35.28414,21.967014
Textile Trash_247.jpg,Textile Trash,D:\Recovered Documents\Moringa\Module 5\Summative2\realwaste\realwaste-main\RealWaste\Textile Trash\Textile Trash_247.jpg,524,524,RGB,1.0,124.9,178.46065,32.50847,24.027344
Textile Trash_248.jpg,Textile Trash,D:\Recovered Documents\Moringa\Module 5\Summative2\realwaste\realwaste-main\RealWaste\Textile Trash\Textile Trash_248.jpg,524,524,RGB,1.0,124.0,171.13715,29.447748,20.25
Textile Trash_249.jpg,Textile Trash,D:\Recovered Documents\Moringa\Module 5\Summative2\realwaste\realwaste-main\RealWaste\Textile Trash\Textile Trash_249.jpg,524,524,RGB,1.0,119.0,170.42694,34.867912,20.131945
Textile Trash_25.jpg,Textile Trash,D:\Recovered Documents\Moringa\Module 5\Summative2\realwaste\realwaste-main\RealWaste\Textile Trash\Textile Trash_25.jpg,524,524,RGB,1.0,162.7,159.72614,33.874687,29.562935
Textile Trash_250.jpg,Textile Trash,D:\Recovered Documents\Moringa\Module 5\Summative2\realwaste\realwaste-main\RealWaste\Textile Trash\Textile Trash_250.jpg,524,524,RGB,1.0,130.7,171.00275,32.961372,28.697048
Textile Trash_251.jpg,Textile Trash,D:\Recovered Documents\Moringa\Module 5\Summative2\realwaste\realwaste-main\RealWaste\Textile Trash\Textile Trash_251.jpg,524,524,RGB,1.0,132.0,167.80397,35.025715,26.097656
Textile Trash_252.jpg,Textile Trash,D:\Recovered Documents\Moringa\Module 5\Summative2\realwaste\realwaste-main\RealWaste\Textile Trash\Textile Trash_252.jpg,524,524,RGB,1.0,132.3,168.60011,39.595722,11.92882
Textile Trash_253.jpg,Textile Trash,D:\Recovered Documents\Moringa\Module 5\Summative2\realwaste\realwaste-main\RealWaste\Textile Trash\Textile Trash_253.jpg,524,524,RGB,1.0,124.1,167.36893,30.268764,22.912327
Textile Trash_254.jpg,Textile Trash,D:\Recovered Documents\Moringa\Module 5\Summative2\realwaste\realwaste-main\RealWaste\Textile Trash\Textile Trash_254.jpg,524,524,RGB,1.0,133.6,166.59694,39.05753,9.152778
Textile Trash_255.jpg,Textile Trash,D:\Recovered Documents\Moringa\Module 5\Summative2\realwaste\realwaste-main\RealWaste\Textile Trash\Textile Trash_255.jpg,524,524,RGB,1.0,139.1,167.00594,38.83075,9.301215
Textile Trash_256.jpg,Textile Trash,D:\Recovered Documents\Moringa\Module 5\Summative2\realwaste\realwaste-main\RealWaste\Textile Trash\Textile Trash_256.jpg,524,524,RGB,1.0,126.5,170.28761,23.77974,10.107639
Textile Trash_257.jpg,Textile Trash,D:\Recovered Documents\Moringa\Module 5\Summative2\realwaste\realwaste-main\RealWaste\Textile Trash\Textile Trash_257.jpg,524,524,RGB,1.0,127.2,168.8196,20.537525,9.236546
Textile Trash_258.jpg,Textile Trash,D:\Recovered Documents\Moringa\Module 5\Summative2\realwaste\realwaste-main\RealWaste\Textile Trash\Textile Trash_258.jpg,524,524,RGB,1.0,129.6,170.32089,26.214703,11.666667
Textile Trash_259.jpg,Textile Trash,D:\Recovered Documents\Moringa\Module 5\Summative2\realwaste\realwaste-main\RealWaste\Textile Trash\Textile Trash_259.jpg,524,524,RGB,1.0,127.2,170.96107,20.453455,8.229167
Textile Trash_26.jpg,Textile Trash,D:\Recovered Documents\Moringa\Module 5\Summative2\realwaste\realwaste-main\RealWaste\Textile Trash\Textile Trash_26.jpg,524,524,RGB,1.0,158.0,168.25607,32.49043,26.825521
Textile Trash_260.jpg,Textile Trash,D:\Recovered Documents\Moringa\Module 5\Summative2\realwaste\realwaste-main\RealWaste\Textile Trash\Textile Trash_260.jpg,524,524,RGB,1.0,133.0,165.25665,22.300974,16.035591
Textile Trash_261.jpg,Textile Trash,D:\Recovered Documents\Moringa\Module 5\Summative2\realwaste\realwaste-main\RealWaste\Textile Trash\Textile Trash_261.jpg,524,524,RGB,1.0,126.1,169.39973,22.265154,8.625868
Textile Trash_262.jpg,Textile Trash,D:\Recovered Documents\Moringa\Module 5\Summative2\realwaste\realwaste-main\RealWaste\Textile Trash\Textile Trash_262.jpg,524,524,RGB,1.0,124.4,168.09636,25.992237,13.042101
Textile Trash_263.jpg,Textile Trash,D:\Recovered Documents\Moringa\Module 5\Summative2\realwaste\realwaste-main\RealWaste\Textile Trash\Textile Trash_263.jpg,524,524,RGB,1.0,133.5,164.6444,19.793875,11.506077
Textile Trash_264.jpg,Textile Trash,D:\Recovered Documents\Moringa\Module 5\Summative2\realwaste\realwaste-main\RealWaste\Textile Trash\Textile Trash_264.jpg,524,524,RGB,1.0,137.9,162.91103,29.125076,27.548178
Textile Trash_265.jpg,Textile Trash,D:\Recovered Documents\Moringa\Module 5\Summative2\realwaste\realwaste-main\RealWaste\Textile Trash\Textile Trash_265.jpg,524,524,RGB,1.0,116.5,157.64743,62.226685,17.15625
Textile Trash_266.jpg,Textile Trash,D:\Recovered Documents\Moringa\Module 5\Summative2\realwaste\realwaste-main\RealWaste\Textile Trash\Textile Trash_266.jpg,524,524,RGB,1.0,121.8,157.07726,58.930405,13.116754
Textile Trash_267.jpg,Textile Trash,D:\Recovered Documents\Moringa\Module 5\Summative2\realwaste\realwaste-main\RealWaste\Textile Trash\Textile Trash_267.jpg,524,524,RGB,1.0,117.9,159.43011,57.262566,20.353298
Textile Trash_268.jpg,Textile Trash,D:\Recovered Documents\Moringa\Module 5\Summative2\realwaste\realwaste-main\RealWaste\Textile Trash\Textile Trash_268.jpg,524,524,RGB,1.0,148.5,127.70182,64.93014,19.360678
Textile Trash_269.jpg,Textile Trash,D:\Recovered Documents\Moringa\Module 5\Summative2\realwaste\realwaste-main\RealWaste\Textile Trash\Textile Trash_269.jpg,524,524,RGB,1.0,153.2,134.23409,65.7842,16.328125
Textile Trash_27.jpg,Textile Trash,D:\Recovered Documents\Moringa\Module 5\Summative2\realwaste\realwaste-main\RealWaste\Textile Trash\Textile Trash_27.jpg,524,524,RGB,1.0,164.3,158.55873,60.312035,25.261284
Textile Trash_270.jpg,Textile Trash,D:\Recovered Documents\Moringa\Module 5\Summative2\realwaste\realwaste-main\RealWaste\Textile Trash\Textile Trash_270.jpg,524,524,RGB,1.0,126.2,135.37949,81.24352,26.230904
Textile Trash_271.jpg,Textile Trash,D:\Recovered Documents\Moringa\Module 5\Summative2\realwaste\realwaste-main\RealWaste\Textile Trash\Textile Trash_271.jpg,524,524,RGB,1.0,107.9,149.32306,71.41435,23.958767
Textile Trash_272.jpg,Textile Trash,D:\Recovered Documents\Moringa\Module 5\Summative2\realwaste\realwaste-main\RealWaste\Textile Trash\Textile Trash_272.jpg,524,524,RGB,1.0,113.3,153.22714,72.24167,22.473959
Textile Trash_273.jpg,Textile Trash,D:\Recovered Documents\Moringa\Module 5\Summative2\realwaste\realwaste-main\RealWaste\Textile Trash\Textile Trash_273.jpg,524,524,RGB,1.0,115.0,144.22469,79.82792,30.598091
Textile Trash_274.jpg,Textile Trash,D:\Recovered Documents\Moringa\Module 5\Summative2\realwaste\realwaste-main\RealWaste\Textile Trash\Textile Trash_274.jpg,524,524,RGB,1.0,114.0,152.5816,32.796944,22.062065
Textile Trash_275.jpg,Textile Trash,D:\Recovered Documents\Moringa\Module 5\Summative2\realwaste\realwaste-main\RealWaste\Textile Trash\Textile Trash_275.jpg,524,524,RGB,1.0,132.7,165.04701,28.651047,24.888021
Textile Trash_276.jpg,Textile Trash,D:\Recovered Documents\Moringa\Module 5\Summative2\realwaste\realwaste-main\RealWaste\Textile Trash\Textile Trash_276.jpg,524,524,RGB,1.0,123.0,148.59201,34.431297,22.583767
Textile Trash_277.jpg,Textile Trash,D:\Recovered Documents\Moringa\Module 5\Summative2\realwaste\realwaste-main\RealWaste\Textile Trash\Textile Trash_277.jpg,524,524,RGB,1.0,126.1,154.35114,30.75362,24.21224
Textile Trash_278.jpg,Textile Trash,D:\Recovered Documents\Moringa\Module 5\Summative2\realwaste\realwaste-main\RealWaste\Textile Trash\Textile Trash_278.jpg,524,524,RGB,1.0,118.9,158.06828,24.365673,19.088108
Textile Trash_279.jpg,Textile Trash,D:\Recovered Documents\Moringa\Module 5\Summative2\realwaste\realwaste-main\RealWaste\Textile Trash\Textile Trash_279.jpg,524,524,RGB,1.0,121.9,168.18085,35.665993,15.043403
Textile Trash_28.jpg,Textile Trash,D:\Recovered Documents\Moringa\Module 5\Summative2\realwaste\realwaste-main\RealWaste\Textile Trash\Textile Trash_28.jpg,524,524,RGB,1.0,164.5,162.5868,56.182053,21.275608
Textile Trash_280.jpg,Textile Trash,D:\Recovered Documents\Moringa\Module 5\Summative2\realwaste\realwaste-main\RealWaste\Textile Trash\Textile Trash_280.jpg,524,524,RGB,1.0,125.0,165.94315,28.894129,12.836371
Textile Trash_281.jpg,Textile Trash,D:\Recovered Documents\Moringa\Module 5\Summative2\realwaste\realwaste-main\RealWaste\Textile Trash\Textile Trash_281.jpg,524,524,RGB,1.0,123.5,167.88527,34.480827,15.5963545
Textile Trash_282.jpg,Textile Trash,D:\Recovered Documents\Moringa\Module 5\Summative2\realwaste\realwaste-main\RealWaste\Textile Trash\Textile Trash_282.jpg,524,524,RGB,1.0,123.2,171.35634,26.669058,6.41059
Textile Trash_283.jpg,Textile Trash,D:\Recovered Documents\Moringa\Module 5\Summative2\realwaste\realwaste-main\RealWaste\Textile Trash\Textile Trash_283.jpg,524,524,RGB,1.0,149.8,171.8802,27.37078,11.203993
Textile Trash_284.jpg,Textile Trash,D:\Recovered Documents\Moringa\Module 5\Summative2\realwaste\realwaste-main\RealWaste\Textile Trash\Textile Trash_284.jpg,524,524,RGB,1.0,129.3,171.77748,25.35974,10.1067705
Textile Trash_285.jpg,Textile Trash,D:\Recovered Documents\Moringa\Module 5\Summative2\realwaste\realwaste-main\RealWaste\Textile Trash\Textile Trash_285.jpg,524,524,RGB,1.0,133.3,164.21355,35.19939,13.977864
Textile Trash_286.jpg,Textile Trash,D:\Recovered Documents\Moringa\Module 5\Summative2\realwaste\realwaste-main\RealWaste\Textile Trash\Textile Trash_286.jpg,524,524,RGB,1.0,119.8,167.21123,58.287323,16.696615
Textile Trash_287.jpg,Textile Trash,D:\Recovered Documents\Moringa\Module 5\Summative2\realwaste\realwaste-main\RealWaste\Textile Trash\Textile Trash_287.jpg,524,524,RGB,1.0,143.9,171.15973,27.226986,13.550347
Textile Trash_288.jpg,Textile Trash,D:\Recovered Documents\Moringa\Module 5\Summative2\realwaste\realwaste-main\RealWaste\Textile Trash\Textile Trash_288.jpg,524,524,RGB,1.0,110.4,147.41667,35.71439,17.756945
Textile Trash_289.jpg,Textile Trash,D:\Recovered Documents\Moringa\Module 5\Summative2\realwaste\realwaste-main\RealWaste\Textile Trash\Textile Trash_289.jpg,524,524,RGB,1.0,115.3,147.49118,30.542753,16.9796
Textile Trash_29.jpg,Textile Trash,D:\Recovered Documents\Moringa\Module 5\Summative2\realwaste\realwaste-main\RealWaste\Textile Trash\Textile Trash_29.jpg,524,524,RGB,1.0,166.7,156.25072,61.557835,30.317274
Textile Trash_290.jpg,Textile Trash,D:\Recovered Documents\Moringa\Module 5\Summative2\realwaste\realwaste-main\RealWaste\Textile Trash\Textile Trash_290.jpg,524,524,RGB,1.0,120.0,147.74681,32.978733,18.163628
Textile Trash_291.jpg,Textile Trash,D:\Recovered Documents\Moringa\Module 5\Summative2\realwaste\realwaste-main\RealWaste\Textile Trash\Textile Trash_291.jpg,524,524,RGB,1.0,120.2,148.16435,34.285847,22.021267
Textile Trash_292.jpg,Textile Trash,D:\Recovered Documents\Moringa\Module 5\Summative2\realwaste\realwaste-main\RealWaste\Textile Trash\Textile Trash_292.jpg,524,524,RGB,1.0,118.3,160.78732,63.01348,17.410591
Textile Trash_293.jpg,Textile Trash,D:\Recovered Documents\Moringa\Module 5\Summative2\realwaste\realwaste-main\RealWaste\Textile Trash\Textile Trash_293.jpg,524,524,RGB,1.0,118.5,161.93172,55.629383,16.512587
Textile Trash_294.jpg,Textile Trash,D:\Recovered Documents\Moringa\Module 5\Summative2\realwaste\realwaste-main\RealWaste\Textile Trash\Textile Trash_294.jpg,524,524,RGB,1.0,117.3,166.2704,61.098106,17.270834
Textile Trash_295.jpg,Textile Trash,D:\Recovered Documents\Moringa\Module 5\Summative2\realwaste\realwaste-main\RealWaste\Textile Trash\Textile Trash_295.jpg,524,524,RGB,1.0,117.0,149.55006,76.73676,18.745659
Textile Trash_296.jpg,Textile Trash,D:\Recovered Documents\Moringa\Module 5\Summative2\realwaste\realwaste-main\RealWaste\Textile Trash\Textile Trash_296.jpg,524,524,RGB,1.0,123.5,149.02692,75.518875,20.15842
Textile Trash_297.jpg,Textile Trash,D:\Recovered Documents\Moringa\Module 5\Summative2\realwaste\realwaste-main\RealWaste\Textile Trash\Textile Trash_297.jpg,524,524,RGB,1.0,117.2,176.12239,48.615005,14.5494795
Textile Trash_298.jpg,Textile Trash,D:\Recovered Documents\Moringa\Module 5\Summative2\realwaste\realwaste-main\RealWaste\Textile Trash\Textile Trash_298.jpg,524,524,RGB,1.0,114.7,156.48466,67.558914,22.776476
Textile Trash_299.jpg,Textile Trash,D:\Recovered Documents\Moringa\Module 5\Summative2\realwaste\realwaste-main\RealWaste\Textile Trash\Textile Trash_299.jpg,524,524,RGB,1.0,126.0,160.2027,23.15254,15.077691
Textile Trash_3.jpg,Textile Trash,D:\Recovered Documents\Moringa\Module 5\Summative2\realwaste\realwaste-main\RealWaste\Textile Trash\Textile Trash_3.jpg,524,524,RGB,1.0,138.4,169.56915,18.452082,10.740886
Textile Trash_30.jpg,Textile Trash,D:\Recovered Documents\Moringa\Module 5\Summative2\realwaste\realwaste-main\RealWaste\Textile Trash\Textile Trash_30.jpg,524,524,RGB,1.0,163.8,154.41074,63.001232,30.717014
Textile Trash_300.jpg,Textile Trash,D:\Recovered Documents\Moringa\Module 5\Summative2\realwaste\realwaste-main\RealWaste\Textile Trash\Textile Trash_300.jpg,524,524,RGB,1.0,128.3,169.01852,17.281864,11.263454
Textile Trash_301.jpg,Textile Trash,D:\Recovered Documents\Moringa\Module 5\Summative2\realwaste\realwaste-main\RealWaste\Textile Trash\Textile Trash_301.jpg,524,524,RGB,1.0,142.4,165.49913,52.228676,44.970486
Textile Trash_302.jpg,Textile Trash,D:\Recovered Documents\Moringa\Module 5\Summative2\realwaste\realwaste-main\RealWaste\Textile Trash\Textile Trash_302.jpg,524,524,RGB,1.0,136.6,169.85402,47.74109,38.073784
Textile Trash_303.jpg,Textile Trash,D:\Recovered Documents\Moringa\Module 5\Summative2\realwaste\realwaste-main\RealWaste\Textile Trash\Textile Trash_303.jpg,524,524,RGB,1.0,142.0,163.9741,48.994774,43.25217
Textile Trash_304.jpg,Textile Trash,D:\Recovered Documents\Moringa\Module 5\Summative2\realwaste\realwaste-main\RealWaste\Textile Trash\Textile Trash_304.jpg,524,524,RGB,1.0,159.2,150.2931,32.553776,20.64019
Textile Trash_305.jpg,Textile Trash,D:\Recovered Documents\Moringa\Module 5\Summative2\realwaste\realwaste-main\RealWaste\Textile Trash\Textile Trash_305.jpg,524,524,RGB,1.0,155.3,146.76591,42.092396,30.17361
Textile Trash_306.jpg,Textile Trash,D:\Recovered Documents\Moringa\Module 5\Summative2\realwaste\realwaste-main\RealWaste\Textile Trash\Textile Trash_306.jpg,524,524,RGB,1.0,121.8,170.51244,36.084255,14.727864
Textile Trash_307.jpg,Textile Trash,D:\Recovered Documents\Moringa\Module 5\Summative2\realwaste\realwaste-main\RealWaste\Textile Trash\Textile Trash_307.jpg,524,524,RGB,1.0,123.7,151.80179,71.13015,21.253471
Textile Trash_308.jpg,Textile Trash,D:\Recovered Documents\Moringa\Module 5\Summative2\realwaste\realwaste-main\RealWaste\Textile Trash\Textile Trash_308.jpg,524,524,RGB,1.0,118.7,169.1914,53.124866,15.494792
Textile Trash_309.jpg,Textile Trash,D:\Recovered Documents\Moringa\Module 5\Summative2\realwaste\realwaste-main\RealWaste\Textile Trash\Textile Trash_309.jpg,524,524,RGB,1.0,133.1,168.80614,39.914246,18.205729
Textile Trash_31.jpg,Textile Trash,D:\Recovered Documents\Moringa\Module 5\Summative2\realwaste\realwaste-main\RealWaste\Textile Trash\Textile Trash_31.jpg,524,524,RGB,1.0,123.7,153.74089,40.544403,28.535591
Textile Trash_310.jpg,Textile Trash,D:\Recovered Documents\Moringa\Module 5\Summative2\realwaste\realwaste-main\RealWaste\Textile Trash\Textile Trash_310.jpg,524,524,RGB,1.0,141.2,166.10199,39.129375,27.613281
Textile Trash_311.jpg,Textile Trash,D:\Recovered Documents\Moringa\Module 5\Summative2\realwaste\realwaste-main\RealWaste\Textile Trash\Textile Trash_311.jpg,524,524,RGB,1.0,129.9,171.07234,45.650047,12.909722
Textile Trash_312.jpg,Textile Trash,D:\Recovered Documents\Moringa\Module 5\Summative2\realwaste\realwaste-main\RealWaste\Textile Trash\Textile Trash_312.jpg,524,524,RGB,1.0,126.0,171.40857,42.436806,12.141059
Textile Trash_313.jpg,Textile Trash,D:\Recovered Documents\Moringa\Module 5\Summative2\realwaste\realwaste-main\RealWaste\Textile Trash\Textile Trash_313.jpg,524,524,RGB,1.0,193.4,154.76721,51.1606,52.97526
Textile Trash_314.jpg,Textile Trash,D:\Recovered Documents\Moringa\Module 5\Summative2\realwaste\realwaste-main\RealWaste\Textile Trash\Textile Trash_314.jpg,524,524,RGB,1.0,137.2,171.82841,26.861588,10.979601
Textile Trash_315.jpg,Textile Trash,D:\Recovered Documents\Moringa\Module 5\Summative2\realwaste\realwaste-main\RealWaste\Textile Trash\Textile Trash_315.jpg,524,524,RGB,1.0,143.9,179.39005,18.214342,10.846788
Textile Trash_316.jpg,Textile Trash,D:\Recovered Documents\Moringa\Module 5\Summative2\realwaste\realwaste-main\RealWaste\Textile Trash\Textile Trash_316.jpg,524,524,RGB,1.0,134.7,174.46542,27.52052,13.021702
Textile Trash_317.jpg,Textile Trash,D:\Recovered Documents\Moringa\Module 5\Summative2\realwaste\realwaste-main\RealWaste\Textile Trash\Textile Trash_317.jpg,524,524,RGB,1.0,142.1,169.72728,14.902282,8.755208
Textile Trash_318.jpg,Textile Trash,D:\Recovered Documents\Moringa\Module 5\Summative2\realwaste\realwaste-main\RealWaste\Textile Trash\Textile Trash_318.jpg,524,524,RGB,1.0,147.2,168.50275,15.53865,11.74566
Textile Trash_32.jpg,Textile Trash,D:\Recovered Documents\Moringa\Module 5\Summative2\realwaste\realwaste-main\RealWaste\Textile Trash\Textile Trash_32.jpg,524,524,RGB,1.0,120.4,155.84837,43.656235,25.34375
Textile Trash_33.jpg,Textile Trash,D:\Recovered Documents\Moringa\Module 5\Summative2\realwaste\realwaste-main\RealWaste\Textile Trash\Textile Trash_33.jpg,524,524,RGB,1.0,176.2,147.75,33.135742,30.866753
Textile Trash_34.jpg,Textile Trash,D:\Recovered Documents\Moringa\Module 5\Summative2\realwaste\realwaste-main\RealWaste\Textile Trash\Textile Trash_34.jpg,524,524,RGB,1.0,192.0,166.55527,29.714281,12.446614
Textile Trash_35.jpg,Textile Trash,D:\Recovered Documents\Moringa\Module 5\Summative2\realwaste\realwaste-main\RealWaste\Textile Trash\Textile Trash_35.jpg,524,524,RGB,1.0,116.6,166.24725,58.058037,18.249565
Textile Trash_36.jpg,Textile Trash,D:\Recovered Documents\Moringa\Module 5\Summative2\realwaste\realwaste-main\RealWaste\Textile Trash\Textile Trash_36.jpg,524,524,RGB,1.0,193.3,166.91783,16.839071,9.304254
Textile Trash_37.jpg,Textile Trash,D:\Recovered Documents\Moringa\Module 5\Summative2\realwaste\realwaste-main\RealWaste\Textile Trash\Textile Trash_37.jpg,524,524,RGB,1.0,193.9,166.97353,30.764633,12.507379
Textile Trash_38.jpg,Textile Trash,D:\Recovered Documents\Moringa\Module 5\Summative2\realwaste\realwaste-main\RealWaste\Textile Trash\Textile Trash_38.jpg,524,524,RGB,1.0,193.5,166.7079,18.44591,9.553386
Textile Trash_39.jpg,Textile Trash,D:\Recovered Documents\Moringa\Module 5\Summative2\realwaste\realwaste-main\RealWaste\Textile Trash\Textile Trash_39.jpg,524,524,RGB,1.0,190.7,164.5408,20.997494,22.912327
Textile Trash_4.jpg,Textile Trash,D:\Recovered Documents\Moringa\Module 5\Summative2\realwaste\realwaste-main\RealWaste\Textile Trash\Textile Trash_4.jpg,524,524,RGB,1.0,136.8,169.14801,16.842688,8.6796875
Textile Trash_40.jpg,Textile Trash,D:\Recovered Documents\Moringa\Module 5\Summative2\realwaste\realwaste-main\RealWaste\Textile Trash\Textile Trash_40.jpg,524,524,RGB,1.0,182.3,165.02663,22.981571,25.845486
Textile Trash_41.jpg,Textile Trash,D:\Recovered Documents\Moringa\Module 5\Summative2\realwaste\realwaste-main\RealWaste\Textile Trash\Textile Trash_41.jpg,524,524,RGB,1.0,190.1,167.09924,38.03357,16.021702
Textile Trash_42.jpg,Textile Trash,D:\Recovered Documents\Moringa\Module 5\Summative2\realwaste\realwaste-main\RealWaste\Textile Trash\Textile Trash_42.jpg,524,524,RGB,1.0,188.8,165.54774,37.637325,14.931858
Textile Trash_43.jpg,Textile Trash,D:\Recovered Documents\Moringa\Module 5\Summative2\realwaste\realwaste-main\RealWaste\Textile Trash\Textile Trash_43.jpg,524,524,RGB,1.0,125.0,157.69489,60.243595,51.227432
Textile Trash_44.jpg,Textile Trash,D:\Recovered Documents\Moringa\Module 5\Summative2\realwaste\realwaste-main\RealWaste\Textile Trash\Textile Trash_44.jpg,524,524,RGB,1.0,138.4,130.92014,43.047497,62.45616
Textile Trash_45.jpg,Textile Trash,D:\Recovered Documents\Moringa\Module 5\Summative2\realwaste\realwaste-main\RealWaste\Textile Trash\Textile Trash_45.jpg,524,524,RGB,1.0,181.4,145.96947,69.65669,39.039497
Textile Trash_46.jpg,Textile Trash,D:\Recovered Documents\Moringa\Module 5\Summative2\realwaste\realwaste-main\RealWaste\Textile Trash\Textile Trash_46.jpg,524,524,RGB,1.0,133.2,179.22815,17.088926,8.213108
Textile Trash_47.jpg,Textile Trash,D:\Recovered Documents\Moringa\Module 5\Summative2\realwaste\realwaste-main\RealWaste\Textile Trash\Textile Trash_47.jpg,524,524,RGB,1.0,165.6,159.0719,32.3073,40.95269
Textile Trash_48.jpg,Textile Trash,D:\Recovered Documents\Moringa\Module 5\Summative2\realwaste\realwaste-main\RealWaste\Textile Trash\Textile Trash_48.jpg,524,524,RGB,1.0,173.9,160.79297,31.548655,36.097656
Textile Trash_49.jpg,Textile Trash,D:\Recovered Documents\Moringa\Module 5\Summative2\realwaste\realwaste-main\RealWaste\Textile Trash\Textile Trash_49.jpg,524,524,RGB,1.0,144.8,141.55339,38.47921,36.861546
Textile Trash_5.jpg,Textile Trash,D:\Recovered Documents\Moringa\Module 5\Summative2\realwaste\realwaste-main\RealWaste\Textile Trash\Textile Trash_5.jpg,524,524,RGB,1.0,145.7,162.9715,51.234924,14.175347
Textile Trash_50.jpg,Textile Trash,D:\Recovered Documents\Moringa\Module 5\Summative2\realwaste\realwaste-main\RealWaste\Textile Trash\Textile Trash_50.jpg,524,524,RGB,1.0,145.7,141.89902,38.20227,42.97309
Textile Trash_51.jpg,Textile Trash,D:\Recovered Documents\Moringa\Module 5\Summative2\realwaste\realwaste-main\RealWaste\Textile Trash\Textile Trash_51.jpg,524,524,RGB,1.0,144.8,139.3384,39.413704,42.4158
Textile Trash_52.jpg,Textile Trash,D:\Recovered Documents\Moringa\Module 5\Summative2\realwaste\realwaste-main\RealWaste\Textile Trash\Textile Trash_52.jpg,524,524,RGB,1.0,160.8,137.1302,69.237175,88.427086
Textile Trash_53.jpg,Textile Trash,D:\Recovered Documents\Moringa\Module 5\Summative2\realwaste\realwaste-main\RealWaste\Textile Trash\Textile Trash_53.jpg,524,524,RGB,1.0,163.4,142.92288,67.289925,86.12109
Textile Trash_54.jpg,Textile Trash,D:\Recovered Documents\Moringa\Module 5\Summative2\realwaste\realwaste-main\RealWaste\Textile Trash\Textile Trash_54.jpg,524,524,RGB,1.0,151.0,157.5654,29.826937,36.096786
Textile Trash_55.jpg,Textile Trash,D:\Recovered Documents\Moringa\Module 5\Summative2\realwaste\realwaste-main\RealWaste\Textile Trash\Textile Trash_55.jpg,524,524,RGB,1.0,148.7,147.39801,30.519684,38.92361
Textile Trash_56.jpg,Textile Trash,D:\Recovered Documents\Moringa\Module 5\Summative2\realwaste\realwaste-main\RealWaste\Textile Trash\Textile Trash_56.jpg,524,524,RGB,1.0,144.3,148.28284,71.961,36.541233
Textile Trash_57.jpg,Textile Trash,D:\Recovered Documents\Moringa\Module 5\Summative2\realwaste\realwaste-main\RealWaste\Textile Trash\Textile Trash_57.jpg,524,524,RGB,1.0,130.8,166.65076,55.767437,19.269966
Textile Trash_58.jpg,Textile Trash,D:\Recovered Documents\Moringa\Module 5\Summative2\realwaste\realwaste-main\RealWaste\Textile Trash\Textile Trash_58.jpg,524,524,RGB,1.0,140.6,135.0,78.27771,43.99913
Textile Trash_59.jpg,Textile Trash,D:\Recovered Documents\Moringa\Module 5\Summative2\realwaste\realwaste-main\RealWaste\Textile Trash\Textile Trash_59.jpg,524,524,RGB,1.0,145.5,140.13223,74.81568,42.395832
Textile Trash_6.jpg,Textile Trash,D:\Recovered Documents\Moringa\Module 5\Summative2\realwaste\realwaste-main\RealWaste\Textile Trash\Textile Trash_6.jpg,524,524,RGB,1.0,140.2,167.40755,39.622456,11.540364
Textile Trash_60.jpg,Textile Trash,D:\Recovered Documents\Moringa\Module 5\Summative2\realwaste\realwaste-main\RealWaste\Textile Trash\Textile Trash_60.jpg,524,524,RGB,1.0,183.6,158.13672,41.1522,20.123697
Textile Trash_61.jpg,Textile Trash,D:\Recovered Documents\Moringa\Module 5\Summative2\realwaste\realwaste-main\RealWaste\Textile Trash\Textile Trash_61.jpg,524,524,RGB,1.0,186.2,158.81828,39.630642,17.397135
Textile Trash_62.jpg,Textile Trash,D:\Recovered Documents\Moringa\Module 5\Summative2\realwaste\realwaste-main\RealWaste\Textile Trash\Textile Trash_62.jpg,524,524,RGB,1.0,180.1,157.499,35.496162,18.287327
Textile Trash_63.jpg,Textile Trash,D:\Recovered Documents\Moringa\Module 5\Summative2\realwaste\realwaste-main\RealWaste\Textile Trash\Textile Trash_63.jpg,524,524,RGB,1.0,158.8,164.9414,53.235867,38.730904
Textile Trash_64.jpg,Textile Trash,D:\Recovered Documents\Moringa\Module 5\Summative2\realwaste\realwaste-main\RealWaste\Textile Trash\Textile Trash_64.jpg,524,524,RGB,1.0,159.9,164.39134,48.01477,48.086372
Textile Trash_65.jpg,Textile Trash,D:\Recovered Documents\Moringa\Module 5\Summative2\realwaste\realwaste-main\RealWaste\Textile Trash\Textile Trash_65.jpg,524,524,RGB,1.0,161.3,157.45326,34.600994,24.73394
Textile Trash_66.jpg,Textile Trash,D:\Recovered Documents\Moringa\Module 5\Summative2\realwaste\realwaste-main\RealWaste\Textile Trash\Textile Trash_66.jpg,524,524,RGB,1.0,157.2,157.65335,33.81789,27.358507
Textile Trash_67.jpg,Textile Trash,D:\Recovered Documents\Moringa\Module 5\Summative2\realwaste\realwaste-main\RealWaste\Textile Trash\Textile Trash_67.jpg,524,524,RGB,1.0,159.4,159.17969,38.637074,21.909288
Textile Trash_68.jpg,Textile Trash,D:\Recovered Documents\Moringa\Module 5\Summative2\realwaste\realwaste-main\RealWaste\Textile Trash\Textile Trash_68.jpg,524,524,RGB,1.0,118.9,171.1493,44.450283,15.122829
Textile Trash_69.jpg,Textile Trash,D:\Recovered Documents\Moringa\Module 5\Summative2\realwaste\realwaste-main\RealWaste\Textile Trash\Textile Trash_69.jpg,524,524,RGB,1.0,156.4,159.10518,29.440783,37.793404
Textile Trash_7.jpg,Textile Trash,D:\Recovered Documents\Moringa\Module 5\Summative2\realwaste\realwaste-main\RealWaste\Textile Trash\Textile Trash_7.jpg,524,524,RGB,1.0,133.1,168.02344,42.813515,13.644097
Textile Trash_70.jpg,Textile Trash,D:\Recovered Documents\Moringa\Module 5\Summative2\realwaste\realwaste-main\RealWaste\Textile Trash\Textile Trash_70.jpg,524,524,RGB,1.0,158.1,161.53587,37.5143,25.651909
Textile Trash_71.jpg,Textile Trash,D:\Recovered Documents\Moringa\Module 5\Summative2\realwaste\realwaste-main\RealWaste\Textile Trash\Textile Trash_71.jpg,524,524,RGB,1.0,155.0,160.75652,29.832468,28.711805
Textile Trash_72.jpg,Textile Trash,D:\Recovered Documents\Moringa\Module 5\Summative2\realwaste\realwaste-main\RealWaste\Textile Trash\Textile Trash_72.jpg,524,524,RGB,1.0,161.8,161.13947,34.97127,26.240885
Textile Trash_73.jpg,Textile Trash,D:\Recovered Documents\Moringa\Module 5\Summative2\realwaste\realwaste-main\RealWaste\Textile Trash\Textile Trash_73.jpg,524,524,RGB,1.0,160.1,163.72556,34.19176,27.92665
Textile Trash_74.jpg,Textile Trash,D:\Recovered Documents\Moringa\Module 5\Summative2\realwaste\realwaste-main\RealWaste\Textile Trash\Textile Trash_74.jpg,524,524,RGB,1.0,150.5,156.37962,30.96867,39.264755
Textile Trash_75.jpg,Textile Trash,D:\Recovered Documents\Moringa\Module 5\Summative2\realwaste\realwaste-main\RealWaste\Textile Trash\Textile Trash_75.jpg,524,524,RGB,1.0,155.7,156.3517,29.241386,39.962673
Textile Trash_76.jpg,Textile Trash,D:\Recovered Documents\Moringa\Module 5\Summative2\realwaste\realwaste-main\RealWaste\Textile Trash\Textile Trash_76.jpg,524,524,RGB,1.0,174.0,158.64511,58.340008,66.823784
Textile Trash_77.jpg,Textile Trash,D:\Recovered Documents\Moringa\Module 5\Summative2\realwaste\realwaste-main\RealWaste\Textile Trash\Textile Trash_77.jpg,524,524,RGB,1.0,181.7,159.05556,63.51006,75.952255
Textile Trash_78.jpg,Textile Trash,D:\Recovered Documents\Moringa\Module 5\Summative2\realwaste\realwaste-main\RealWaste\Textile Trash\Textile Trash_78.jpg,524,524,RGB,1.0,164.7,153.01013,61.265457,35.368923
Textile Trash_79.jpg,Textile Trash,D:\Recovered Documents\Moringa\Module 5\Summative2\realwaste\realwaste-main\RealWaste\Textile Trash\Textile Trash_79.jpg,524,524,RGB,1.0,122.3,150.3154,34.02684,27.823784
Textile Trash_8.jpg,Textile Trash,D:\Recovered Documents\Moringa\Module 5\Summative2\realwaste\realwaste-main\RealWaste\Textile Trash\Textile Trash_8.jpg,524,524,RGB,1.0,136.5,165.08478,43.247665,13.978733
Textile Trash_80.jpg,Textile Trash,D:\Recovered Documents\Moringa\Module 5\Summative2\realwaste\realwaste-main\RealWaste\Textile Trash\Textile Trash_80.jpg,524,524,RGB,1.0,164.6,157.28806,58.92843,33.765625
Textile Trash_81.jpg,Textile Trash,D:\Recovered Documents\Moringa\Module 5\Summative2\realwaste\realwaste-main\RealWaste\Textile Trash\Textile Trash_81.jpg,524,524,RGB,1.0,165.3,159.88194,59.630463,36.121094
Textile Trash_82.jpg,Textile Trash,D:\Recovered Documents\Moringa\Module 5\Summative2\realwaste\realwaste-main\RealWaste\Textile Trash\Textile Trash_82.jpg,524,524,RGB,1.0,165.5,155.12616,58.16577,36.55816
Textile Trash_83.jpg,Textile Trash,D:\Recovered Documents\Moringa\Module 5\Summative2\realwaste\realwaste-main\RealWaste\Textile Trash\Textile Trash_83.jpg,524,524,RGB,1.0,128.3,152.98857,67.63027,21.013454
Textile Trash_84.jpg,Textile Trash,D:\Recovered Documents\Moringa\Module 5\Summative2\realwaste\realwaste-main\RealWaste\Textile Trash\Textile Trash_84.jpg,524,524,RGB,1.0,116.9,156.04616,52.27692,38.23915
Textile Trash_85.jpg,Textile Trash,D:\Recovered Documents\Moringa\Module 5\Summative2\realwaste\realwaste-main\RealWaste\Textile Trash\Textile Trash_85.jpg,524,524,RGB,1.0,146.4,158.84636,32.118088,35.39453
Textile Trash_86.jpg,Textile Trash,D:\Recovered Documents\Moringa\Module 5\Summative2\realwaste\realwaste-main\RealWaste\Textile Trash\Textile Trash_86.jpg,524,524,RGB,1.0,197.7,163.56902,42.483593,16.88889
Textile Trash_87.jpg,Textile Trash,D:\Recovered Documents\Moringa\Module 5\Summative2\realwaste\realwaste-main\RealWaste\Textile Trash\Textile Trash_87.jpg,524,524,RGB,1.0,148.1,157.64467,31.58413,33.23828
Textile Trash_88.jpg,Textile Trash,D:\Recovered Documents\Moringa\Module 5\Summative2\realwaste\realwaste-main\RealWaste\Textile Trash\Textile Trash_88.jpg,524,524,RGB,1.0,200.8,161.05672,48.074142,22.009115
Textile Trash_89.jpg,Textile Trash,D:\Recovered Documents\Moringa\Module 5\Summative2\realwaste\realwaste-main\RealWaste\Textile Trash\Textile Trash_89.jpg,524,524,RGB,1.0,183.5,167.93475,18.74141,10.90625
Textile Trash_9.jpg,Textile Trash,D:\Recovered Documents\Moringa\Module 5\Summative2\realwaste\realwaste-main\RealWaste\Textile Trash\Textile Trash_9.jpg,524,524,RGB,1.0,140.8,164.375,42.18115,13.817708
Textile Trash_90.jpg,Textile Trash,D:\Recovered Documents\Moringa\Module 5\Summative2\realwaste\realwaste-main\RealWaste\Textile Trash\Textile Trash_90.jpg,524,524,RGB,1.0,121.6,156.09694,32.897305,25.555122
Textile Trash_91.jpg,Textile Trash,D:\Recovered Documents\Moringa\Module 5\Summative2\realwaste\realwaste-main\RealWaste\Textile Trash\Textile Trash_91.jpg,524,524,RGB,1.0,188.1,167.71036,17.425611,9.720486
Textile Trash_92.jpg,Textile Trash,D:\Recovered Documents\Moringa\Module 5\Summative2\realwaste\realwaste-main\RealWaste\Textile Trash\Textile Trash_92.jpg,524,524,RGB,1.0,179.7,154.29962,59.684063,37.985245
Textile Trash_93.jpg,Textile Trash,D:\Recovered Documents\Moringa\Module 5\Summative2\realwaste\realwaste-main\RealWaste\Textile Trash\Textile Trash_93.jpg,524,524,RGB,1.0,182.8,166.5366,46.073326,28.134115
Textile Trash_94.jpg,Textile Trash,D:\Recovered Documents\Moringa\Module 5\Summative2\realwaste\realwaste-main\RealWaste\Textile Trash\Textile Trash_94.jpg,524,524,RGB,1.0,179.7,160.3423,46.744823,33.419704
Textile Trash_95.jpg,Textile Trash,D:\Recovered Documents\Moringa\Module 5\Summative2\realwaste\realwaste-main\RealWaste\Textile Trash\Textile Trash_95.jpg,524,524,RGB,1.0,122.1,158.50377,50.4205,43.677517
Textile Trash_96.jpg,Textile Trash,D:\Recovered Documents\Moringa\Module 5\Summative2\realwaste\realwaste-main\RealWaste\Textile Trash\Textile Trash_96.jpg,524,524,RGB,1.0,119.4,154.28993,64.31455,18.118055
Textile Trash_97.jpg,Textile Trash,D:\Recovered Documents\Moringa\Module 5\Summative2\realwaste\realwaste-main\RealWaste\Textile Trash\Textile Trash_97.jpg,524,524,RGB,1.0,190.1,163.34766,51.75154,13.983941
Textile Trash_98.jpg,Textile Trash,D:\Recovered Documents\Moringa\Module 5\Summative2\realwaste\realwaste-main\RealWaste\Textile Trash\Textile Trash_98.jpg,524,524,RGB,1.0,118.4,155.72699,63.3421,15.94618
Textile Trash_99.jpg,Textile Trash,D:\Recovered Documents\Moringa\Module 5\Summative2\realwaste\realwaste-main\RealWaste\Textile Trash\Textile Trash_99.jpg,524,524,RGB,1.0,192.2,157.88324,55.51993,14.415798
Vegetation_1.jpg,Vegetation,D:\Recovered Documents\Moringa\Module 5\Summative2\realwaste\realwaste-main\RealWaste\Vegetation\Vegetation_1.jpg,524,524,RGB,1.0,201.9,152.70804,52.790287,46.342014
Vegetation_10.jpg,Vegetation,D:\Recovered Documents\Moringa\Module 5\Summative2\realwaste\realwaste-main\RealWaste\Vegetation\Vegetation_10.jpg,524,524,RGB,1.0,208.8,170.84982,23.733255,9.912327
Vegetation_100.jpg,Vegetation,D:\Recovered Documents\Moringa\Module 5\Summative2\realwaste\realwaste-main\RealWaste\Vegetation\Vegetation_100.jpg,524,524,RGB,1.0,227.1,148.2448,59.736645,36.522568
Vegetation_101.jpg,Vegetation,D:\Recovered Documents\Moringa\Module 5\Summative2\realwaste\realwaste-main\RealWaste\Vegetation\Vegetation_101.jpg,524,524,RGB,1.0,175.9,144.73134,59.09739,67.20269
Vegetation_102.jpg,Vegetation,D:\Recovered Documents\Moringa\Module 5\Summative2\realwaste\realwaste-main\RealWaste\Vegetation\Vegetation_102.jpg,524,524,RGB,1.0,220.2,145.90002,60.21168,41.88151
Vegetation_103.jpg,Vegetation,D:\Recovered Documents\Moringa\Module 5\Summative2\realwaste\realwaste-main\RealWaste\Vegetation\Vegetation_103.jpg,524,524,RGB,1.0,218.5,152.35446,59.42746,32.26519
Vegetation_104.jpg,Vegetation,D:\Recovered Documents\Moringa\Module 5\Summative2\realwaste\realwaste-main\RealWaste\Vegetation\Vegetation_104.jpg,524,524,RGB,1.0,207.6,153.29716,61.76858,36.86111
Vegetation_105.jpg,Vegetation,D:\Recovered Documents\Moringa\Module 5\Summative2\realwaste\realwaste-main\RealWaste\Vegetation\Vegetation_105.jpg,524,524,RGB,1.0,217.1,153.53761,51.338146,39.95573
Vegetation_106.jpg,Vegetation,D:\Recovered Documents\Moringa\Module 5\Summative2\realwaste\realwaste-main\RealWaste\Vegetation\Vegetation_106.jpg,524,524,RGB,1.0,213.4,160.1946,50.78019,35.514755
Vegetation_107.jpg,Vegetation,D:\Recovered Documents\Moringa\Module 5\Summative2\realwaste\realwaste-main\RealWaste\Vegetation\Vegetation_107.jpg,524,524,RGB,1.0,239.6,133.26056,52.27939,62.940105
Vegetation_108.jpg,Vegetation,D:\Recovered Documents\Moringa\Module 5\Summative2\realwaste\realwaste-main\RealWaste\Vegetation\Vegetation_108.jpg,524,524,RGB,1.0,239.5,133.16393,51.383972,65.63455
Vegetation_109.jpg,Vegetation,D:\Recovered Documents\Moringa\Module 5\Summative2\realwaste\realwaste-main\RealWaste\Vegetation\Vegetation_109.jpg,524,524,RGB,1.0,242.8,129.4323,49.537926,68.23915
Vegetation_11.jpg,Vegetation,D:\Recovered Documents\Moringa\Module 5\Summative2\realwaste\realwaste-main\RealWaste\Vegetation\Vegetation_11.jpg,524,524,RGB,1.0,191.0,173.64049,42.146732,10.989583
Vegetation_110.jpg,Vegetation,D:\Recovered Documents\Moringa\Module 5\Summative2\realwaste\realwaste-main\RealWaste\Vegetation\Vegetation_110.jpg,524,524,RGB,1.0,242.7,129.17317,48.406845,68.98481
Vegetation_111.jpg,Vegetation,D:\Recovered Documents\Moringa\Module 5\Summative2\realwaste\realwaste-main\RealWaste\Vegetation\Vegetation_111.jpg,524,524,RGB,1.0,241.0,130.73886,50.239967,67.5829
Vegetation_112.jpg,Vegetation,D:\Recovered Documents\Moringa\Module 5\Summative2\realwaste\realwaste-main\RealWaste\Vegetation\Vegetation_112.jpg,524,524,RGB,1.0,187.0,168.26302,46.95219,21.90625
Vegetation_113.jpg,Vegetation,D:\Recovered Documents\Moringa\Module 5\Summative2\realwaste\realwaste-main\RealWaste\Vegetation\Vegetation_113.jpg,524,524,RGB,1.0,188.7,160.0272,54.52308,46.46658
Vegetation_114.jpg,Vegetation,D:\Recovered Documents\Moringa\Module 5\Summative2\realwaste\realwaste-main\RealWaste\Vegetation\Vegetation_114.jpg,524,524,RGB,1.0,224.4,152.13165,51.266033,47.505642
Vegetation_115.jpg,Vegetation,D:\Recovered Documents\Moringa\Module 5\Summative2\realwaste\realwaste-main\RealWaste\Vegetation\Vegetation_115.jpg,524,524,RGB,1.0,202.7,131.06395,45.70286,53.99913
Vegetation_116.jpg,Vegetation,D:\Recovered Documents\Moringa\Module 5\Summative2\realwaste\realwaste-main\RealWaste\Vegetation\Vegetation_116.jpg,524,524,RGB,1.0,211.0,129.85995,45.350468,47.138454
Vegetation_117.jpg,Vegetation,D:\Recovered Documents\Moringa\Module 5\Summative2\realwaste\realwaste-main\RealWaste\Vegetation\Vegetation_117.jpg,524,524,RGB,1.0,174.9,129.18793,54.610756,89.28516
Vegetation_118.jpg,Vegetation,D:\Recovered Documents\Moringa\Module 5\Summative2\realwaste\realwaste-main\RealWaste\Vegetation\Vegetation_118.jpg,524,524,RGB,1.0,196.1,129.91002,54.720955,72.06554
Vegetation_119.jpg,Vegetation,D:\Recovered Documents\Moringa\Module 5\Summative2\realwaste\realwaste-main\RealWaste\Vegetation\Vegetation_119.jpg,524,524,RGB,1.0,160.5,118.79051,46.6989,92.87326
Vegetation_12.jpg,Vegetation,D:\Recovered Documents\Moringa\Module 5\Summative2\realwaste\realwaste-main\RealWaste\Vegetation\Vegetation_12.jpg,524,524,RGB,1.0,199.8,169.4809,41.14598,16.700087
Vegetation_120.jpg,Vegetation,D:\Recovered Documents\Moringa\Module 5\Summative2\realwaste\realwaste-main\RealWaste\Vegetation\Vegetation_120.jpg,524,524,RGB,1.0,210.4,128.0868,50.817154,73.15885
Vegetation_121.jpg,Vegetation,D:\Recovered Documents\Moringa\Module 5\Summative2\realwaste\realwaste-main\RealWaste\Vegetation\Vegetation_121.jpg,524,524,RGB,1.0,219.8,137.81902,34.230595,45.532986
Vegetation_122.jpg,Vegetation,D:\Recovered Documents\Moringa\Module 5\Summative2\realwaste\realwaste-main\RealWaste\Vegetation\Vegetation_122.jpg,524,524,RGB,1.0,216.0,140.74364,34.80226,43.0829
Vegetation_123.jpg,Vegetation,D:\Recovered Documents\Moringa\Module 5\Summative2\realwaste\realwaste-main\RealWaste\Vegetation\Vegetation_123.jpg,524,524,RGB,1.0,202.8,135.74393,40.25981,57.265625
Vegetation_124.jpg,Vegetation,D:\Recovered Documents\Moringa\Module 5\Summative2\realwaste\realwaste-main\RealWaste\Vegetation\Vegetation_124.jpg,524,524,RGB,1.0,170.1,164.98567,53.69205,35.732204
Vegetation_125.jpg,Vegetation,D:\Recovered Documents\Moringa\Module 5\Summative2\realwaste\realwaste-main\RealWaste\Vegetation\Vegetation_125.jpg,524,524,RGB,1.0,228.8,112.0923,60.261856,52.738716
Vegetation_126.jpg,Vegetation,D:\Recovered Documents\Moringa\Module 5\Summative2\realwaste\realwaste-main\RealWaste\Vegetation\Vegetation_126.jpg,524,524,RGB,1.0,230.3,119.8886,61.620193,48.701824
Vegetation_127.jpg,Vegetation,D:\Recovered Documents\Moringa\Module 5\Summative2\realwaste\realwaste-main\RealWaste\Vegetation\Vegetation_127.jpg,524,524,RGB,1.0,231.4,116.677666,58.72098,47.45573
Vegetation_128.jpg,Vegetation,D:\Recovered Documents\Moringa\Module 5\Summative2\realwaste\realwaste-main\RealWaste\Vegetation\Vegetation_128.jpg,524,524,RGB,1.0,225.6,109.17057,62.754738,50.400608
Vegetation_129.jpg,Vegetation,D:\Recovered Documents\Moringa\Module 5\Summative2\realwaste\realwaste-main\RealWaste\Vegetation\Vegetation_129.jpg,524,524,RGB,1.0,229.7,117.83739,62.14139,50.350693
Vegetation_13.jpg,Vegetation,D:\Recovered Documents\Moringa\Module 5\Summative2\realwaste\realwaste-main\RealWaste\Vegetation\Vegetation_13.jpg,524,524,RGB,1.0,187.7,146.60011,60.222645,49.46658
Vegetation_130.jpg,Vegetation,D:\Recovered Documents\Moringa\Module 5\Summative2\realwaste\realwaste-main\RealWaste\Vegetation\Vegetation_130.jpg,524,524,RGB,1.0,226.0,117.642075,64.07168,49.648438
Vegetation_131.jpg,Vegetation,D:\Recovered Documents\Moringa\Module 5\Summative2\realwaste\realwaste-main\RealWaste\Vegetation\Vegetation_131.jpg,524,524,RGB,1.0,225.1,118.51461,62.440018,49.336372
Vegetation_132.jpg,Vegetation,D:\Recovered Documents\Moringa\Module 5\Summative2\realwaste\realwaste-main\RealWaste\Vegetation\Vegetation_132.jpg,524,524,RGB,1.0,224.2,108.75145,64.49798,48.59592
Vegetation_133.jpg,Vegetation,D:\Recovered Documents\Moringa\Module 5\Summative2\realwaste\realwaste-main\RealWaste\Vegetation\Vegetation_133.jpg,524,524,RGB,1.0,226.1,113.328995,62.38274,45.93533
Vegetation_134.jpg,Vegetation,D:\Recovered Documents\Moringa\Module 5\Summative2\realwaste\realwaste-main\RealWaste\Vegetation\Vegetation_134.jpg,524,524,RGB,1.0,227.0,132.85866,65.55341,39.92665
Vegetation_135.jpg,Vegetation,D:\Recovered Documents\Moringa\Module 5\Summative2\realwaste\realwaste-main\RealWaste\Vegetation\Vegetation_135.jpg,524,524,RGB,1.0,195.8,155.30643,62.756878,55.931423
Vegetation_136.jpg,Vegetation,D:\Recovered Documents\Moringa\Module 5\Summative2\realwaste\realwaste-main\RealWaste\Vegetation\Vegetation_136.jpg,524,524,RGB,1.0,226.8,139.4663,65.793816,37.509983
Vegetation_137.jpg,Vegetation,D:\Recovered Documents\Moringa\Module 5\Summative2\realwaste\realwaste-main\RealWaste\Vegetation\Vegetation_137.jpg,524,524,RGB,1.0,225.9,127.552376,67.08802,42.69184
Vegetation_138.jpg,Vegetation,D:\Recovered Documents\Moringa\Module 5\Summative2\realwaste\realwaste-main\RealWaste\Vegetation\Vegetation_138.jpg,524,524,RGB,1.0,222.5,141.36371,65.577255,35.086372
Vegetation_139.jpg,Vegetation,D:\Recovered Documents\Moringa\Module 5\Summative2\realwaste\realwaste-main\RealWaste\Vegetation\Vegetation_139.jpg,524,524,RGB,1.0,218.3,137.79094,71.64053,36.289497
Vegetation_14.jpg,Vegetation,D:\Recovered Documents\Moringa\Module 5\Summative2\realwaste\realwaste-main\RealWaste\Vegetation\Vegetation_14.jpg,524,524,RGB,1.0,201.0,169.73466,38.604267,17.61415
Vegetation_140.jpg,Vegetation,D:\Recovered Documents\Moringa\Module 5\Summative2\realwaste\realwaste-main\RealWaste\Vegetation\Vegetation_140.jpg,524,524,RGB,1.0,205.5,153.35417,69.17059,26.312935
Vegetation_141.jpg,Vegetation,D:\Recovered Documents\Moringa\Module 5\Summative2\realwaste\realwaste-main\RealWaste\Vegetation\Vegetation_141.jpg,524,524,RGB,1.0,192.6,169.04933,45.098896,29.775608
Vegetation_142.jpg,Vegetation,D:\Recovered Documents\Moringa\Module 5\Summative2\realwaste\realwaste-main\RealWaste\Vegetation\Vegetation_142.jpg,524,524,RGB,1.0,185.9,166.47917,47.68417,30.544271
Vegetation_143.jpg,Vegetation,D:\Recovered Documents\Moringa\Module 5\Summative2\realwaste\realwaste-main\RealWaste\Vegetation\Vegetation_143.jpg,524,524,RGB,1.0,191.1,166.04832,48.23939,32.483074
Vegetation_144.jpg,Vegetation,D:\Recovered Documents\Moringa\Module 5\Summative2\realwaste\realwaste-main\RealWaste\Vegetation\Vegetation_144.jpg,524,524,RGB,1.0,216.1,148.60547,56.65494,49.194878
Vegetation_145.jpg,Vegetation,D:\Recovered Documents\Moringa\Module 5\Summative2\realwaste\realwaste-main\RealWaste\Vegetation\Vegetation_145.jpg,524,524,RGB,1.0,229.7,143.86342,56.562103,51.96962
Vegetation_146.jpg,Vegetation,D:\Recovered Documents\Moringa\Module 5\Summative2\realwaste\realwaste-main\RealWaste\Vegetation\Vegetation_146.jpg,524,524,RGB,1.0,200.5,164.88165,42.310013,25.082466
Vegetation_147.jpg,Vegetation,D:\Recovered Documents\Moringa\Module 5\Summative2\realwaste\realwaste-main\RealWaste\Vegetation\Vegetation_147.jpg,524,524,RGB,1.0,230.2,147.96542,54.784676,45.592014
Vegetation_148.jpg,Vegetation,D:\Recovered Documents\Moringa\Module 5\Summative2\realwaste\realwaste-main\RealWaste\Vegetation\Vegetation_148.jpg,524,524,RGB,1.0,224.4,145.8996,57.45631,46.206596
Vegetation_149.jpg,Vegetation,D:\Recovered Documents\Moringa\Module 5\Summative2\realwaste\realwaste-main\RealWaste\Vegetation\Vegetation_149.jpg,524,524,RGB,1.0,226.0,147.34085,57.07354,47.254776
Vegetation_15.jpg,Vegetation,D:\Recovered Documents\Moringa\Module 5\Summative2\realwaste\realwaste-main\RealWaste\Vegetation\Vegetation_15.jpg,524,524,RGB,1.0,194.2,173.38817,41.650673,15.673177
Vegetation_150.jpg,Vegetation,D:\Recovered Documents\Moringa\Module 5\Summative2\realwaste\realwaste-main\RealWaste\Vegetation\Vegetation_150.jpg,524,524,RGB,1.0,187.7,147.6616,66.2451,50.54427
Vegetation_151.jpg,Vegetation,D:\Recovered Documents\Moringa\Module 5\Summative2\realwaste\realwaste-main\RealWaste\Vegetation\Vegetation_151.jpg,524,524,RGB,1.0,205.3,151.06062,62.566963,45.539497
Vegetation_152.jpg,Vegetation,D:\Recovered Documents\Moringa\Module 5\Summative2\realwaste\realwaste-main\RealWaste\Vegetation\Vegetation_152.jpg,524,524,RGB,1.0,206.8,141.46991,63.619854,59.5217
Vegetation_153.jpg,Vegetation,D:\Recovered Documents\Moringa\Module 5\Summative2\realwaste\realwaste-main\RealWaste\Vegetation\Vegetation_153.jpg,524,524,RGB,1.0,220.3,134.10706,65.91031,65.56857
Vegetation_154.jpg,Vegetation,D:\Recovered Documents\Moringa\Module 5\Summative2\realwaste\realwaste-main\RealWaste\Vegetation\Vegetation_154.jpg,524,524,RGB,1.0,219.9,157.10518,44.266876,38.566406
Vegetation_155.jpg,Vegetation,D:\Recovered Documents\Moringa\Module 5\Summative2\realwaste\realwaste-main\RealWaste\Vegetation\Vegetation_155.jpg,524,524,RGB,1.0,218.7,161.84982,44.519638,36.42231
Vegetation_156.jpg,Vegetation,D:\Recovered Documents\Moringa\Module 5\Summative2\realwaste\realwaste-main\RealWaste\Vegetation\Vegetation_156.jpg,524,524,RGB,1.0,220.3,170.77243,27.927929,15.178386
Vegetation_157.jpg,Vegetation,D:\Recovered Documents\Moringa\Module 5\Summative2\realwaste\realwaste-main\RealWaste\Vegetation\Vegetation_157.jpg,524,524,RGB,1.0,193.7,162.21498,45.618015,26.183594
Vegetation_158.jpg,Vegetation,D:\Recovered Documents\Moringa\Module 5\Summative2\realwaste\realwaste-main\RealWaste\Vegetation\Vegetation_158.jpg,524,524,RGB,1.0,234.8,165.13078,21.528088,16.460503
Vegetation_159.jpg,Vegetation,D:\Recovered Documents\Moringa\Module 5\Summative2\realwaste\realwaste-main\RealWaste\Vegetation\Vegetation_159.jpg,524,524,RGB,1.0,222.7,162.45935,42.19617,26.192709
Vegetation_16.jpg,Vegetation,D:\Recovered Documents\Moringa\Module 5\Summative2\realwaste\realwaste-main\RealWaste\Vegetation\Vegetation_16.jpg,524,524,RGB,1.0,187.7,167.29427,49.210625,22.070747
Vegetation_160.jpg,Vegetation,D:\Recovered Documents\Moringa\Module 5\Summative2\realwaste\realwaste-main\RealWaste\Vegetation\Vegetation_160.jpg,524,524,RGB,1.0,230.4,162.18909,36.41305,23.034288
Vegetation_161.jpg,Vegetation,D:\Recovered Documents\Moringa\Module 5\Summative2\realwaste\realwaste-main\RealWaste\Vegetation\Vegetation_161.jpg,524,524,RGB,1.0,227.8,165.909,34.59841,17.786459
Vegetation_162.jpg,Vegetation,D:\Recovered Documents\Moringa\Module 5\Summative2\realwaste\realwaste-main\RealWaste\Vegetation\Vegetation_162.jpg,524,524,RGB,1.0,232.1,161.3478,39.95774,22.087673
Vegetation_163.jpg,Vegetation,D:\Recovered Documents\Moringa\Module 5\Summative2\realwaste\realwaste-main\RealWaste\Vegetation\Vegetation_163.jpg,524,524,RGB,1.0,225.1,168.95891,24.365332,12.711805
Vegetation_164.jpg,Vegetation,D:\Recovered Documents\Moringa\Module 5\Summative2\realwaste\realwaste-main\RealWaste\Vegetation\Vegetation_164.jpg,524,524,RGB,1.0,225.6,158.87022,35.858574,18.88368
Vegetation_165.jpg,Vegetation,D:\Recovered Documents\Moringa\Module 5\Summative2\realwaste\realwaste-main\RealWaste\Vegetation\Vegetation_165.jpg,524,524,RGB,1.0,225.2,154.67839,43.52388,35.637154
Vegetation_166.jpg,Vegetation,D:\Recovered Documents\Moringa\Module 5\Summative2\realwaste\realwaste-main\RealWaste\Vegetation\Vegetation_166.jpg,524,524,RGB,1.0,225.3,165.08116,31.004755,19.848959
Vegetation_167.jpg,Vegetation,D:\Recovered Documents\Moringa\Module 5\Summative2\realwaste\realwaste-main\RealWaste\Vegetation\Vegetation_167.jpg,524,524,RGB,1.0,225.3,147.3206,53.22809,23.153212
Vegetation_168.jpg,Vegetation,D:\Recovered Documents\Moringa\Module 5\Summative2\realwaste\realwaste-main\RealWaste\Vegetation\Vegetation_168.jpg,524,524,RGB,1.0,190.1,171.78703,36.518677,13.246528
Vegetation_169.jpg,Vegetation,D:\Recovered Documents\Moringa\Module 5\Summative2\realwaste\realwaste-main\RealWaste\Vegetation\Vegetation_169.jpg,524,524,RGB,1.0,231.7,156.57393,40.90734,21.796875
Vegetation_17.jpg,Vegetation,D:\Recovered Documents\Moringa\Module 5\Summative2\realwaste\realwaste-main\RealWaste\Vegetation\Vegetation_17.jpg,524,524,RGB,1.0,197.9,168.61705,34.415,12.572048
Vegetation_170.jpg,Vegetation,D:\Recovered Documents\Moringa\Module 5\Summative2\realwaste\realwaste-main\RealWaste\Vegetation\Vegetation_170.jpg,524,524,RGB,1.0,224.9,164.30136,26.839031,23.019531
Vegetation_171.jpg,Vegetation,D:\Recovered Documents\Moringa\Module 5\Summative2\realwaste\realwaste-main\RealWaste\Vegetation\Vegetation_171.jpg,524,524,RGB,1.0,234.1,159.20993,29.202066,15.488281
Vegetation_172.jpg,Vegetation,D:\Recovered Documents\Moringa\Module 5\Summative2\realwaste\realwaste-main\RealWaste\Vegetation\Vegetation_172.jpg,524,524,RGB,1.0,220.1,161.13759,39.672997,15.453993
Vegetation_173.jpg,Vegetation,D:\Recovered Documents\Moringa\Module 5\Summative2\realwaste\realwaste-main\RealWaste\Vegetation\Vegetation_173.jpg,524,524,RGB,1.0,223.4,168.33362,34.231705,18.476562
Vegetation_174.jpg,Vegetation,D:\Recovered Documents\Moringa\Module 5\Summative2\realwaste\realwaste-main\RealWaste\Vegetation\Vegetation_174.jpg,524,524,RGB,1.0,216.9,160.42679,43.09255,26.54514
Vegetation_175.jpg,Vegetation,D:\Recovered Documents\Moringa\Module 5\Summative2\realwaste\realwaste-main\RealWaste\Vegetation\Vegetation_175.jpg,524,524,RGB,1.0,221.5,160.4511,48.579197,25.963541
Vegetation_176.jpg,Vegetation,D:\Recovered Documents\Moringa\Module 5\Summative2\realwaste\realwaste-main\RealWaste\Vegetation\Vegetation_176.jpg,524,524,RGB,1.0,214.6,153.46585,53.653828,40.597656
Vegetation_177.jpg,Vegetation,D:\Recovered Documents\Moringa\Module 5\Summative2\realwaste\realwaste-main\RealWaste\Vegetation\Vegetation_177.jpg,524,524,RGB,1.0,221.6,159.01823,46.773937,33.834637
Vegetation_178.jpg,Vegetation,D:\Recovered Documents\Moringa\Module 5\Summative2\realwaste\realwaste-main\RealWaste\Vegetation\Vegetation_178.jpg,524,524,RGB,1.0,225.2,162.76692,38.801945,19.276909
Vegetation_179.jpg,Vegetation,D:\Recovered Documents\Moringa\Module 5\Summative2\realwaste\realwaste-main\RealWaste\Vegetation\Vegetation_179.jpg,524,524,RGB,1.0,169.2,163.50768,53.895763,32.927517
Vegetation_18.jpg,Vegetation,D:\Recovered Documents\Moringa\Module 5\Summative2\realwaste\realwaste-main\RealWaste\Vegetation\Vegetation_18.jpg,524,524,RGB,1.0,185.2,175.58377,36.228535,15.188368
Vegetation_180.jpg,Vegetation,D:\Recovered Documents\Moringa\Module 5\Summative2\realwaste\realwaste-main\RealWaste\Vegetation\Vegetation_180.jpg,524,524,RGB,1.0,218.1,165.74623,48.12007,28.758247
Vegetation_181.jpg,Vegetation,D:\Recovered Documents\Moringa\Module 5\Summative2\realwaste\realwaste-main\RealWaste\Vegetation\Vegetation_181.jpg,524,524,RGB,1.0,229.4,165.6156,38.279797,18.493055
Vegetation_182.jpg,Vegetation,D:\Recovered Documents\Moringa\Module 5\Summative2\realwaste\realwaste-main\RealWaste\Vegetation\Vegetation_182.jpg,524,524,RGB,1.0,216.4,154.96355,39.54748,33.365887
Vegetation_183.jpg,Vegetation,D:\Recovered Documents\Moringa\Module 5\Summative2\realwaste\realwaste-main\RealWaste\Vegetation\Vegetation_183.jpg,524,524,RGB,1.0,214.3,140.90553,66.04943,59.1875
Vegetation_184.jpg,Vegetation,D:\Recovered Documents\Moringa\Module 5\Summative2\realwaste\realwaste-main\RealWaste\Vegetation\Vegetation_184.jpg,524,524,RGB,1.0,214.8,165.86777,31.211813,16.99349
Vegetation_185.jpg,Vegetation,D:\Recovered Documents\Moringa\Module 5\Summative2\realwaste\realwaste-main\RealWaste\Vegetation\Vegetation_185.jpg,524,524,RGB,1.0,220.0,161.09924,25.085064,18.53776
Vegetation_186.jpg,Vegetation,D:\Recovered Documents\Moringa\Module 5\Summative2\realwaste\realwaste-main\RealWaste\Vegetation\Vegetation_186.jpg,524,524,RGB,1.0,220.4,160.6305,36.755985,15.293837
Vegetation_187.jpg,Vegetation,D:\Recovered Documents\Moringa\Module 5\Summative2\realwaste\realwaste-main\RealWaste\Vegetation\Vegetation_187.jpg,524,524,RGB,1.0,219.1,161.71426,28.47964,23.003906
Vegetation_188.jpg,Vegetation,D:\Recovered Documents\Moringa\Module 5\Summative2\realwaste\realwaste-main\RealWaste\Vegetation\Vegetation_188.jpg,524,524,RGB,1.0,228.1,162.22498,32.47318,15.440538
Vegetation_189.jpg,Vegetation,D:\Recovered Documents\Moringa\Module 5\Summative2\realwaste\realwaste-main\RealWaste\Vegetation\Vegetation_189.jpg,524,524,RGB,1.0,222.9,160.93678,38.547848,27.878038
Vegetation_19.jpg,Vegetation,D:\Recovered Documents\Moringa\Module 5\Summative2\realwaste\realwaste-main\RealWaste\Vegetation\Vegetation_19.jpg,524,524,RGB,1.0,189.8,175.52663,33.30698,10.962239
Vegetation_190.jpg,Vegetation,D:\Recovered Documents\Moringa\Module 5\Summative2\realwaste\realwaste-main\RealWaste\Vegetation\Vegetation_190.jpg,524,524,RGB,1.0,183.7,146.13152,57.76942,46.671005
Vegetation_191.jpg,Vegetation,D:\Recovered Documents\Moringa\Module 5\Summative2\realwaste\realwaste-main\RealWaste\Vegetation\Vegetation_191.jpg,524,524,RGB,1.0,226.8,169.22382,23.594278,14.511285
Vegetation_192.jpg,Vegetation,D:\Recovered Documents\Moringa\Module 5\Summative2\realwaste\realwaste-main\RealWaste\Vegetation\Vegetation_192.jpg,524,524,RGB,1.0,217.6,147.1292,56.368168,49.3138
Vegetation_193.jpg,Vegetation,D:\Recovered Documents\Moringa\Module 5\Summative2\realwaste\realwaste-main\RealWaste\Vegetation\Vegetation_193.jpg,524,524,RGB,1.0,193.8,164.85417,49.884583,26.880642
Vegetation_194.jpg,Vegetation,D:\Recovered Documents\Moringa\Module 5\Summative2\realwaste\realwaste-main\RealWaste\Vegetation\Vegetation_194.jpg,524,524,RGB,1.0,218.7,146.69415,50.795162,38.458767
Vegetation_195.jpg,Vegetation,D:\Recovered Documents\Moringa\Module 5\Summative2\realwaste\realwaste-main\RealWaste\Vegetation\Vegetation_195.jpg,524,524,RGB,1.0,207.6,154.5913,40.28599,28.11849
Vegetation_196.jpg,Vegetation,D:\Recovered Documents\Moringa\Module 5\Summative2\realwaste\realwaste-main\RealWaste\Vegetation\Vegetation_196.jpg,524,524,RGB,1.0,228.0,159.3219,26.99318,8.021267
Vegetation_197.jpg,Vegetation,D:\Recovered Documents\Moringa\Module 5\Summative2\realwaste\realwaste-main\RealWaste\Vegetation\Vegetation_197.jpg,524,524,RGB,1.0,216.5,159.15408,43.421898,28.999565
Vegetation_198.jpg,Vegetation,D:\Recovered Documents\Moringa\Module 5\Summative2\realwaste\realwaste-main\RealWaste\Vegetation\Vegetation_198.jpg,524,524,RGB,1.0,223.5,160.05817,25.529392,15.107204
Vegetation_199.jpg,Vegetation,D:\Recovered Documents\Moringa\Module 5\Summative2\realwaste\realwaste-main\RealWaste\Vegetation\Vegetation_199.jpg,524,524,RGB,1.0,219.3,162.47049,41.684486,25.144966
Vegetation_2.jpg,Vegetation,D:\Recovered Documents\Moringa\Module 5\Summative2\realwaste\realwaste-main\RealWaste\Vegetation\Vegetation_2.jpg,524,524,RGB,1.0,177.2,148.95761,61.38925,55.610676
Vegetation_20.jpg,Vegetation,D:\Recovered Documents\Moringa\Module 5\Summative2\realwaste\realwaste-main\RealWaste\Vegetation\Vegetation_20.jpg,524,524,RGB,1.0,194.3,172.98235,38.404385,13.024305
Vegetation_200.jpg,Vegetation,D:\Recovered Documents\Moringa\Module 5\Summative2\realwaste\realwaste-main\RealWaste\Vegetation\Vegetation_200.jpg,524,524,RGB,1.0,221.4,161.2879,34.518654,19.611546
Vegetation_201.jpg,Vegetation,D:\Recovered Documents\Moringa\Module 5\Summative2\realwaste\realwaste-main\RealWaste\Vegetation\Vegetation_201.jpg,524,524,RGB,1.0,188.0,169.15915,51.64964,28.122396
Vegetation_202.jpg,Vegetation,D:\Recovered Documents\Moringa\Module 5\Summative2\realwaste\realwaste-main\RealWaste\Vegetation\Vegetation_202.jpg,524,524,RGB,1.0,217.5,162.22395,43.260532,25.203993
Vegetation_203.jpg,Vegetation,D:\Recovered Documents\Moringa\Module 5\Summative2\realwaste\realwaste-main\RealWaste\Vegetation\Vegetation_203.jpg,524,524,RGB,1.0,237.6,158.13788,27.959822,12.301649
Vegetation_204.jpg,Vegetation,D:\Recovered Documents\Moringa\Module 5\Summative2\realwaste\realwaste-main\RealWaste\Vegetation\Vegetation_204.jpg,524,524,RGB,1.0,235.2,164.72656,19.70079,12.525608
Vegetation_205.jpg,Vegetation,D:\Recovered Documents\Moringa\Module 5\Summative2\realwaste\realwaste-main\RealWaste\Vegetation\Vegetation_205.jpg,524,524,RGB,1.0,234.1,162.0868,26.269878,14.4713545
Vegetation_206.jpg,Vegetation,D:\Recovered Documents\Moringa\Module 5\Summative2\realwaste\realwaste-main\RealWaste\Vegetation\Vegetation_206.jpg,524,524,RGB,1.0,236.0,156.23308,35.13771,17.271267
Vegetation_207.jpg,Vegetation,D:\Recovered Documents\Moringa\Module 5\Summative2\realwaste\realwaste-main\RealWaste\Vegetation\Vegetation_207.jpg,524,524,RGB,1.0,228.1,159.09882,41.59559,19.70139
Vegetation_208.jpg,Vegetation,D:\Recovered Documents\Moringa\Module 5\Summative2\realwaste\realwaste-main\RealWaste\Vegetation\Vegetation_208.jpg,524,524,RGB,1.0,220.9,156.17723,28.815495,24.093315
Vegetation_209.jpg,Vegetation,D:\Recovered Documents\Moringa\Module 5\Summative2\realwaste\realwaste-main\RealWaste\Vegetation\Vegetation_209.jpg,524,524,RGB,1.0,216.8,155.92404,28.412834,21.677952
Vegetation_21.jpg,Vegetation,D:\Recovered Documents\Moringa\Module 5\Summative2\realwaste\realwaste-main\RealWaste\Vegetation\Vegetation_21.jpg,524,524,RGB,1.0,197.7,172.30035,36.364613,14.7265625
Vegetation_210.jpg,Vegetation,D:\Recovered Documents\Moringa\Module 5\Summative2\realwaste\realwaste-main\RealWaste\Vegetation\Vegetation_210.jpg,524,524,RGB,1.0,228.5,135.39034,66.12419,42.173176
Vegetation_211.jpg,Vegetation,D:\Recovered Documents\Moringa\Module 5\Summative2\realwaste\realwaste-main\RealWaste\Vegetation\Vegetation_211.jpg,524,524,RGB,1.0,229.4,123.80845,55.1353,97.19184
Vegetation_212.jpg,Vegetation,D:\Recovered Documents\Moringa\Module 5\Summative2\realwaste\realwaste-main\RealWaste\Vegetation\Vegetation_212.jpg,524,524,RGB,1.0,175.5,184.91971,32.9566,15.214844
Vegetation_213.jpg,Vegetation,D:\Recovered Documents\Moringa\Module 5\Summative2\realwaste\realwaste-main\RealWaste\Vegetation\Vegetation_213.jpg,524,524,RGB,1.0,221.4,121.44575,55.49798,92.010414
Vegetation_214.jpg,Vegetation,D:\Recovered Documents\Moringa\Module 5\Summative2\realwaste\realwaste-main\RealWaste\Vegetation\Vegetation_214.jpg,524,524,RGB,1.0,206.1,163.43317,48.5646,35.937065
Vegetation_215.jpg,Vegetation,D:\Recovered Documents\Moringa\Module 5\Summative2\realwaste\realwaste-main\RealWaste\Vegetation\Vegetation_215.jpg,524,524,RGB,1.0,210.8,123.548615,53.76553,81.65972
Vegetation_216.jpg,Vegetation,D:\Recovered Documents\Moringa\Module 5\Summative2\realwaste\realwaste-main\RealWaste\Vegetation\Vegetation_216.jpg,524,524,RGB,1.0,204.1,161.16754,46.46508,36.69184
Vegetation_217.jpg,Vegetation,D:\Recovered Documents\Moringa\Module 5\Summative2\realwaste\realwaste-main\RealWaste\Vegetation\Vegetation_217.jpg,524,524,RGB,1.0,213.7,158.23293,33.656487,25.516928
Vegetation_218.jpg,Vegetation,D:\Recovered Documents\Moringa\Module 5\Summative2\realwaste\realwaste-main\RealWaste\Vegetation\Vegetation_218.jpg,524,524,RGB,1.0,219.1,166.81598,32.652554,18.389322
Vegetation_219.jpg,Vegetation,D:\Recovered Documents\Moringa\Module 5\Summative2\realwaste\realwaste-main\RealWaste\Vegetation\Vegetation_219.jpg,524,524,RGB,1.0,212.2,163.81828,38.011776,26.703125
Vegetation_22.jpg,Vegetation,D:\Recovered Documents\Moringa\Module 5\Summative2\realwaste\realwaste-main\RealWaste\Vegetation\Vegetation_22.jpg,524,524,RGB,1.0,200.0,168.32755,38.140163,14.824219
Vegetation_220.jpg,Vegetation,D:\Recovered Documents\Moringa\Module 5\Summative2\realwaste\realwaste-main\RealWaste\Vegetation\Vegetation_220.jpg,524,524,RGB,1.0,191.2,139.92145,55.932495,61.899307
Vegetation_221.jpg,Vegetation,D:\Recovered Documents\Moringa\Module 5\Summative2\realwaste\realwaste-main\RealWaste\Vegetation\Vegetation_221.jpg,524,524,RGB,1.0,225.3,153.56236,55.34376,39.14236
Vegetation_222.jpg,Vegetation,D:\Recovered Documents\Moringa\Module 5\Summative2\realwaste\realwaste-main\RealWaste\Vegetation\Vegetation_222.jpg,524,524,RGB,1.0,226.4,147.4307,59.32235,33.45052
Vegetation_223.jpg,Vegetation,D:\Recovered Documents\Moringa\Module 5\Summative2\realwaste\realwaste-main\RealWaste\Vegetation\Vegetation_223.jpg,524,524,RGB,1.0,187.8,163.22511,53.75907,30.615452
Vegetation_224.jpg,Vegetation,D:\Recovered Documents\Moringa\Module 5\Summative2\realwaste\realwaste-main\RealWaste\Vegetation\Vegetation_224.jpg,524,524,RGB,1.0,177.0,159.92998,57.76348,37.844185
Vegetation_225.jpg,Vegetation,D:\Recovered Documents\Moringa\Module 5\Summative2\realwaste\realwaste-main\RealWaste\Vegetation\Vegetation_225.jpg,524,524,RGB,1.0,226.0,118.532265,61.86232,47.8138
Vegetation_226.jpg,Vegetation,D:\Recovered Documents\Moringa\Module 5\Summative2\realwaste\realwaste-main\RealWaste\Vegetation\Vegetation_226.jpg,524,524,RGB,1.0,233.0,141.86212,49.750343,51.286892
Vegetation_227.jpg,Vegetation,D:\Recovered Documents\Moringa\Module 5\Summative2\realwaste\realwaste-main\RealWaste\Vegetation\Vegetation_227.jpg,524,524,RGB,1.0,196.4,165.89944,48.154106,25.211372
Vegetation_228.jpg,Vegetation,D:\Recovered Documents\Moringa\Module 5\Summative2\realwaste\realwaste-main\RealWaste\Vegetation\Vegetation_228.jpg,524,524,RGB,1.0,191.7,165.59563,54.212055,31.003471
Vegetation_229.jpg,Vegetation,D:\Recovered Documents\Moringa\Module 5\Summative2\realwaste\realwaste-main\RealWaste\Vegetation\Vegetation_229.jpg,524,524,RGB,1.0,214.0,133.48177,53.54295,67.59896
Vegetation_23.jpg,Vegetation,D:\Recovered Documents\Moringa\Module 5\Summative2\realwaste\realwaste-main\RealWaste\Vegetation\Vegetation_23.jpg,524,524,RGB,1.0,189.0,170.11516,46.19649,14.753472
Vegetation_230.jpg,Vegetation,D:\Recovered Documents\Moringa\Module 5\Summative2\realwaste\realwaste-main\RealWaste\Vegetation\Vegetation_230.jpg,524,524,RGB,1.0,207.9,149.34274,54.47201,53.055122
Vegetation_231.jpg,Vegetation,D:\Recovered Documents\Moringa\Module 5\Summative2\realwaste\realwaste-main\RealWaste\Vegetation\Vegetation_231.jpg,524,524,RGB,1.0,210.9,156.33694,50.996014,48.500435
Vegetation_232.jpg,Vegetation,D:\Recovered Documents\Moringa\Module 5\Summative2\realwaste\realwaste-main\RealWaste\Vegetation\Vegetation_232.jpg,524,524,RGB,1.0,186.6,151.18431,52.697556,47.913193
Vegetation_233.jpg,Vegetation,D:\Recovered Documents\Moringa\Module 5\Summative2\realwaste\realwaste-main\RealWaste\Vegetation\Vegetation_233.jpg,524,524,RGB,1.0,223.5,158.15509,46.409466,31.065104
Vegetation_234.jpg,Vegetation,D:\Recovered Documents\Moringa\Module 5\Summative2\realwaste\realwaste-main\RealWaste\Vegetation\Vegetation_234.jpg,524,524,RGB,1.0,225.0,154.96542,47.645817,28.296875
Vegetation_235.jpg,Vegetation,D:\Recovered Documents\Moringa\Module 5\Summative2\realwaste\realwaste-main\RealWaste\Vegetation\Vegetation_235.jpg,524,524,RGB,1.0,183.4,170.2364,50.373802,23.24349
Vegetation_236.jpg,Vegetation,D:\Recovered Documents\Moringa\Module 5\Summative2\realwaste\realwaste-main\RealWaste\Vegetation\Vegetation_236.jpg,524,524,RGB,1.0,222.9,157.49161,47.42131,27.840712
Vegetation_237.jpg,Vegetation,D:\Recovered Documents\Moringa\Module 5\Summative2\realwaste\realwaste-main\RealWaste\Vegetation\Vegetation_237.jpg,524,524,RGB,1.0,219.5,134.47092,67.42855,68.38325
Vegetation_238.jpg,Vegetation,D:\Recovered Documents\Moringa\Module 5\Summative2\realwaste\realwaste-main\RealWaste\Vegetation\Vegetation_238.jpg,524,524,RGB,1.0,229.1,126.72251,65.84736,77.47049
Vegetation_239.jpg,Vegetation,D:\Recovered Documents\Moringa\Module 5\Summative2\realwaste\realwaste-main\RealWaste\Vegetation\Vegetation_239.jpg,524,524,RGB,1.0,227.5,124.97569,64.70204,79.0842
Vegetation_24.jpg,Vegetation,D:\Recovered Documents\Moringa\Module 5\Summative2\realwaste\realwaste-main\RealWaste\Vegetation\Vegetation_24.jpg,524,524,RGB,1.0,191.4,144.25261,65.75948,62.8546
Vegetation_240.jpg,Vegetation,D:\Recovered Documents\Moringa\Module 5\Summative2\realwaste\realwaste-main\RealWaste\Vegetation\Vegetation_240.jpg,524,524,RGB,1.0,218.7,132.22266,65.41134,69.50738
Vegetation_241.jpg,Vegetation,D:\Recovered Documents\Moringa\Module 5\Summative2\realwaste\realwaste-main\RealWaste\Vegetation\Vegetation_241.jpg,524,524,RGB,1.0,218.6,136.47946,65.58336,66.03906
Vegetation_242.jpg,Vegetation,D:\Recovered Documents\Moringa\Module 5\Summative2\realwaste\realwaste-main\RealWaste\Vegetation\Vegetation_242.jpg,524,524,RGB,1.0,218.2,150.41016,60.444473,44.878036
Vegetation_243.jpg,Vegetation,D:\Recovered Documents\Moringa\Module 5\Summative2\realwaste\realwaste-main\RealWaste\Vegetation\Vegetation_243.jpg,524,524,RGB,1.0,218.3,149.85359,61.106014,43.705296
Vegetation_244.jpg,Vegetation,D:\Recovered Documents\Moringa\Module 5\Summative2\realwaste\realwaste-main\RealWaste\Vegetation\Vegetation_244.jpg,524,524,RGB,1.0,211.4,145.38875,62.51757,50.02691
Vegetation_245.jpg,Vegetation,D:\Recovered Documents\Moringa\Module 5\Summative2\realwaste\realwaste-main\RealWaste\Vegetation\Vegetation_245.jpg,524,524,RGB,1.0,215.4,149.52141,61.328316,44.169704
Vegetation_246.jpg,Vegetation,D:\Recovered Documents\Moringa\Module 5\Summative2\realwaste\realwaste-main\RealWaste\Vegetation\Vegetation_246.jpg,524,524,RGB,1.0,185.8,164.24551,56.37215,28.576822
Vegetation_247.jpg,Vegetation,D:\Recovered Documents\Moringa\Module 5\Summative2\realwaste\realwaste-main\RealWaste\Vegetation\Vegetation_247.jpg,524,524,RGB,1.0,222.2,157.27835,45.874107,22.25
Vegetation_248.jpg,Vegetation,D:\Recovered Documents\Moringa\Module 5\Summative2\realwaste\realwaste-main\RealWaste\Vegetation\Vegetation_248.jpg,524,524,RGB,1.0,226.7,158.84882,36.87643,16.724827
Vegetation_249.jpg,Vegetation,D:\Recovered Documents\Moringa\Module 5\Summative2\realwaste\realwaste-main\RealWaste\Vegetation\Vegetation_249.jpg,524,524,RGB,1.0,190.3,168.8821,38.07671,16.25217
Vegetation_25.jpg,Vegetation,D:\Recovered Documents\Moringa\Module 5\Summative2\realwaste\realwaste-main\RealWaste\Vegetation\Vegetation_25.jpg,524,524,RGB,1.0,191.1,176.3941,26.235838,9.456163
Vegetation_250.jpg,Vegetation,D:\Recovered Documents\Moringa\Module 5\Summative2\realwaste\realwaste-main\RealWaste\Vegetation\Vegetation_250.jpg,524,524,RGB,1.0,191.6,177.85518,28.246475,11.378472
Vegetation_251.jpg,Vegetation,D:\Recovered Documents\Moringa\Module 5\Summative2\realwaste\realwaste-main\RealWaste\Vegetation\Vegetation_251.jpg,524,524,RGB,1.0,189.3,135.10576,60.213318,83.114586
Vegetation_252.jpg,Vegetation,D:\Recovered Documents\Moringa\Module 5\Summative2\realwaste\realwaste-main\RealWaste\Vegetation\Vegetation_252.jpg,524,524,RGB,1.0,197.0,171.4987,24.66601,9.845921
Vegetation_253.jpg,Vegetation,D:\Recovered Documents\Moringa\Module 5\Summative2\realwaste\realwaste-main\RealWaste\Vegetation\Vegetation_253.jpg,524,524,RGB,1.0,191.6,179.2665,29.179781,8.400608
Vegetation_254.jpg,Vegetation,D:\Recovered Documents\Moringa\Module 5\Summative2\realwaste\realwaste-main\RealWaste\Vegetation\Vegetation_254.jpg,524,524,RGB,1.0,192.4,177.21759,20.159882,8.251302
Vegetation_255.jpg,Vegetation,D:\Recovered Documents\Moringa\Module 5\Summative2\realwaste\realwaste-main\RealWaste\Vegetation\Vegetation_255.jpg,524,524,RGB,1.0,176.8,163.56395,55.812214,33.683594
Vegetation_256.jpg,Vegetation,D:\Recovered Documents\Moringa\Module 5\Summative2\realwaste\realwaste-main\RealWaste\Vegetation\Vegetation_256.jpg,524,524,RGB,1.0,176.7,164.41681,44.0076,29.859375
Vegetation_257.jpg,Vegetation,D:\Recovered Documents\Moringa\Module 5\Summative2\realwaste\realwaste-main\RealWaste\Vegetation\Vegetation_257.jpg,524,524,RGB,1.0,187.0,152.44241,66.04073,44.59505
Vegetation_258.jpg,Vegetation,D:\Recovered Documents\Moringa\Module 5\Summative2\realwaste\realwaste-main\RealWaste\Vegetation\Vegetation_258.jpg,524,524,RGB,1.0,184.0,173.71716,42.427273,7.93967
Vegetation_259.jpg,Vegetation,D:\Recovered Documents\Moringa\Module 5\Summative2\realwaste\realwaste-main\RealWaste\Vegetation\Vegetation_259.jpg,524,524,RGB,1.0,192.1,172.909,32.700848,9.070746
Vegetation_26.jpg,Vegetation,D:\Recovered Documents\Moringa\Module 5\Summative2\realwaste\realwaste-main\RealWaste\Vegetation\Vegetation_26.jpg,524,524,RGB,1.0,220.5,163.16335,33.47227,18.381945
Vegetation_260.jpg,Vegetation,D:\Recovered Documents\Moringa\Module 5\Summative2\realwaste\realwaste-main\RealWaste\Vegetation\Vegetation_260.jpg,524,524,RGB,1.0,191.4,175.6483,34.856888,12.067274
Vegetation_261.jpg,Vegetation,D:\Recovered Documents\Moringa\Module 5\Summative2\realwaste\realwaste-main\RealWaste\Vegetation\Vegetation_261.jpg,524,524,RGB,1.0,189.8,181.44183,23.826359,6.0850697
Vegetation_262.jpg,Vegetation,D:\Recovered Documents\Moringa\Module 5\Summative2\realwaste\realwaste-main\RealWaste\Vegetation\Vegetation_262.jpg,524,524,RGB,1.0,191.5,174.7571,37.077,10.082899
Vegetation_263.jpg,Vegetation,D:\Recovered Documents\Moringa\Module 5\Summative2\realwaste\realwaste-main\RealWaste\Vegetation\Vegetation_263.jpg,524,524,RGB,1.0,191.8,176.02141,29.988237,6.5546875
Vegetation_264.jpg,Vegetation,D:\Recovered Documents\Moringa\Module 5\Summative2\realwaste\realwaste-main\RealWaste\Vegetation\Vegetation_264.jpg,524,524,RGB,1.0,191.0,172.41551,39.43344,11.269965
Vegetation_265.jpg,Vegetation,D:\Recovered Documents\Moringa\Module 5\Summative2\realwaste\realwaste-main\RealWaste\Vegetation\Vegetation_265.jpg,524,524,RGB,1.0,188.8,168.72556,38.545277,12.329427
Vegetation_266.jpg,Vegetation,D:\Recovered Documents\Moringa\Module 5\Summative2\realwaste\realwaste-main\RealWaste\Vegetation\Vegetation_266.jpg,524,524,RGB,1.0,191.9,174.8708,36.056107,9.572483
Vegetation_267.jpg,Vegetation,D:\Recovered Documents\Moringa\Module 5\Summative2\realwaste\realwaste-main\RealWaste\Vegetation\Vegetation_267.jpg,524,524,RGB,1.0,213.9,163.5693,42.05006,18.633247
Vegetation_268.jpg,Vegetation,D:\Recovered Documents\Moringa\Module 5\Summative2\realwaste\realwaste-main\RealWaste\Vegetation\Vegetation_268.jpg,524,524,RGB,1.0,185.2,166.55888,49.71008,23.651041
Vegetation_269.jpg,Vegetation,D:\Recovered Documents\Moringa\Module 5\Summative2\realwaste\realwaste-main\RealWaste\Vegetation\Vegetation_269.jpg,524,524,RGB,1.0,190.1,180.16016,20.158535,7.4131947
Vegetation_27.jpg,Vegetation,D:\Recovered Documents\Moringa\Module 5\Summative2\realwaste\realwaste-main\RealWaste\Vegetation\Vegetation_27.jpg,524,524,RGB,1.0,204.6,157.18172,51.408096,43.12847
Vegetation_270.jpg,Vegetation,D:\Recovered Documents\Moringa\Module 5\Summative2\realwaste\realwaste-main\RealWaste\Vegetation\Vegetation_270.jpg,524,524,RGB,1.0,179.1,166.3925,51.26911,37.6237
Vegetation_271.jpg,Vegetation,D:\Recovered Documents\Moringa\Module 5\Summative2\realwaste\realwaste-main\RealWaste\Vegetation\Vegetation_271.jpg,524,524,RGB,1.0,181.1,165.62312,55.231403,36.74913
Vegetation_272.jpg,Vegetation,D:\Recovered Documents\Moringa\Module 5\Summative2\realwaste\realwaste-main\RealWaste\Vegetation\Vegetation_272.jpg,524,524,RGB,1.0,176.1,154.3967,57.57544,61.44705
Vegetation_273.jpg,Vegetation,D:\Recovered Documents\Moringa\Module 5\Summative2\realwaste\realwaste-main\RealWaste\Vegetation\Vegetation_273.jpg,524,524,RGB,1.0,190.0,158.71326,57.52967,56.91884
Vegetation_274.jpg,Vegetation,D:\Recovered Documents\Moringa\Module 5\Summative2\realwaste\realwaste-main\RealWaste\Vegetation\Vegetation_274.jpg,524,524,RGB,1.0,176.8,142.39743,58.74609,72.9809
Vegetation_275.jpg,Vegetation,D:\Recovered Documents\Moringa\Module 5\Summative2\realwaste\realwaste-main\RealWaste\Vegetation\Vegetation_275.jpg,524,524,RGB,1.0,195.4,160.43373,46.053646,31.463541
Vegetation_276.jpg,Vegetation,D:\Recovered Documents\Moringa\Module 5\Summative2\realwaste\realwaste-main\RealWaste\Vegetation\Vegetation_276.jpg,524,524,RGB,1.0,143.5,140.43576,64.856674,90.74609
Vegetation_277.jpg,Vegetation,D:\Recovered Documents\Moringa\Module 5\Summative2\realwaste\realwaste-main\RealWaste\Vegetation\Vegetation_277.jpg,524,524,RGB,1.0,177.8,147.75433,58.410427,73.5855
Vegetation_278.jpg,Vegetation,D:\Recovered Documents\Moringa\Module 5\Summative2\realwaste\realwaste-main\RealWaste\Vegetation\Vegetation_278.jpg,524,524,RGB,1.0,181.8,135.94574,58.41833,79.595055
Vegetation_279.jpg,Vegetation,D:\Recovered Documents\Moringa\Module 5\Summative2\realwaste\realwaste-main\RealWaste\Vegetation\Vegetation_279.jpg,524,524,RGB,1.0,190.4,170.41855,44.937943,13.427517
Vegetation_28.jpg,Vegetation,D:\Recovered Documents\Moringa\Module 5\Summative2\realwaste\realwaste-main\RealWaste\Vegetation\Vegetation_28.jpg,524,524,RGB,1.0,187.7,162.48293,54.198986,19.13889
Vegetation_280.jpg,Vegetation,D:\Recovered Documents\Moringa\Module 5\Summative2\realwaste\realwaste-main\RealWaste\Vegetation\Vegetation_280.jpg,524,524,RGB,1.0,189.7,135.59259,55.361305,81.25998
Vegetation_281.jpg,Vegetation,D:\Recovered Documents\Moringa\Module 5\Summative2\realwaste\realwaste-main\RealWaste\Vegetation\Vegetation_281.jpg,524,524,RGB,1.0,211.5,156.28111,38.559093,32.916233
Vegetation_282.jpg,Vegetation,D:\Recovered Documents\Moringa\Module 5\Summative2\realwaste\realwaste-main\RealWaste\Vegetation\Vegetation_282.jpg,524,524,RGB,1.0,196.2,168.28429,43.09723,16.177084
Vegetation_283.jpg,Vegetation,D:\Recovered Documents\Moringa\Module 5\Summative2\realwaste\realwaste-main\RealWaste\Vegetation\Vegetation_283.jpg,524,524,RGB,1.0,193.1,168.1263,45.545525,16.64757
Vegetation_284.jpg,Vegetation,D:\Recovered Documents\Moringa\Module 5\Summative2\realwaste\realwaste-main\RealWaste\Vegetation\Vegetation_284.jpg,524,524,RGB,1.0,191.6,174.46194,42.928852,15.569879
Vegetation_285.jpg,Vegetation,D:\Recovered Documents\Moringa\Module 5\Summative2\realwaste\realwaste-main\RealWaste\Vegetation\Vegetation_285.jpg,524,524,RGB,1.0,197.1,168.09317,45.778286,20.638021
Vegetation_286.jpg,Vegetation,D:\Recovered Documents\Moringa\Module 5\Summative2\realwaste\realwaste-main\RealWaste\Vegetation\Vegetation_286.jpg,524,524,RGB,1.0,194.9,161.93085,48.819016,24.842882
Vegetation_287.jpg,Vegetation,D:\Recovered Documents\Moringa\Module 5\Summative2\realwaste\realwaste-main\RealWaste\Vegetation\Vegetation_287.jpg,524,524,RGB,1.0,178.5,161.58826,57.58409,24.930122
Vegetation_288.jpg,Vegetation,D:\Recovered Documents\Moringa\Module 5\Summative2\realwaste\realwaste-main\RealWaste\Vegetation\Vegetation_288.jpg,524,524,RGB,1.0,193.5,163.93895,53.791553,21.325521
Vegetation_289.jpg,Vegetation,D:\Recovered Documents\Moringa\Module 5\Summative2\realwaste\realwaste-main\RealWaste\Vegetation\Vegetation_289.jpg,524,524,RGB,1.0,189.5,174.4323,38.18034,14.311198
Vegetation_29.jpg,Vegetation,D:\Recovered Documents\Moringa\Module 5\Summative2\realwaste\realwaste-main\RealWaste\Vegetation\Vegetation_29.jpg,524,524,RGB,1.0,203.5,164.68431,40.528503,21.906685
Vegetation_290.jpg,Vegetation,D:\Recovered Documents\Moringa\Module 5\Summative2\realwaste\realwaste-main\RealWaste\Vegetation\Vegetation_290.jpg,524,524,RGB,1.0,186.6,174.94531,41.59183,19.240885
Vegetation_291.jpg,Vegetation,D:\Recovered Documents\Moringa\Module 5\Summative2\realwaste\realwaste-main\RealWaste\Vegetation\Vegetation_291.jpg,524,524,RGB,1.0,192.9,174.52054,36.06371,12.85243
Vegetation_292.jpg,Vegetation,D:\Recovered Documents\Moringa\Module 5\Summative2\realwaste\realwaste-main\RealWaste\Vegetation\Vegetation_292.jpg,524,524,RGB,1.0,189.4,174.11906,32.82192,10.322048
Vegetation_293.jpg,Vegetation,D:\Recovered Documents\Moringa\Module 5\Summative2\realwaste\realwaste-main\RealWaste\Vegetation\Vegetation_293.jpg,524,524,RGB,1.0,175.6,165.88744,58.975697,35.74566
Vegetation_294.jpg,Vegetation,D:\Recovered Documents\Moringa\Module 5\Summative2\realwaste\realwaste-main\RealWaste\Vegetation\Vegetation_294.jpg,524,524,RGB,1.0,180.4,172.341,51.63803,27.612413
Vegetation_295.jpg,Vegetation,D:\Recovered Documents\Moringa\Module 5\Summative2\realwaste\realwaste-main\RealWaste\Vegetation\Vegetation_295.jpg,524,524,RGB,1.0,178.2,172.77502,50.191376,26.092447
Vegetation_296.jpg,Vegetation,D:\Recovered Documents\Moringa\Module 5\Summative2\realwaste\realwaste-main\RealWaste\Vegetation\Vegetation_296.jpg,524,524,RGB,1.0,188.3,175.28877,24.744884,7.573785
Vegetation_297.jpg,Vegetation,D:\Recovered Documents\Moringa\Module 5\Summative2\realwaste\realwaste-main\RealWaste\Vegetation\Vegetation_297.jpg,524,524,RGB,1.0,190.5,179.70183,25.313305,10.196614
Vegetation_298.jpg,Vegetation,D:\Recovered Documents\Moringa\Module 5\Summative2\realwaste\realwaste-main\RealWaste\Vegetation\Vegetation_298.jpg,524,524,RGB,1.0,191.7,167.6493,40.86469,17.75
Vegetation_299.jpg,Vegetation,D:\Recovered Documents\Moringa\Module 5\Summative2\realwaste\realwaste-main\RealWaste\Vegetation\Vegetation_299.jpg,524,524,RGB,1.0,188.5,173.25,39.44718,14.224392
Vegetation_3.jpg,Vegetation,D:\Recovered Documents\Moringa\Module 5\Summative2\realwaste\realwaste-main\RealWaste\Vegetation\Vegetation_3.jpg,524,524,RGB,1.0,184.3,168.13123,36.994465,18.287327
Vegetation_30.jpg,Vegetation,D:\Recovered Documents\Moringa\Module 5\Summative2\realwaste\realwaste-main\RealWaste\Vegetation\Vegetation_30.jpg,524,524,RGB,1.0,215.8,161.22931,42.827915,25.140625
Vegetation_300.jpg,Vegetation,D:\Recovered Documents\Moringa\Module 5\Summative2\realwaste\realwaste-main\RealWaste\Vegetation\Vegetation_300.jpg,524,524,RGB,1.0,194.9,179.66002,23.606232,7.2157116
Vegetation_301.jpg,Vegetation,D:\Recovered Documents\Moringa\Module 5\Summative2\realwaste\realwaste-main\RealWaste\Vegetation\Vegetation_301.jpg,524,524,RGB,1.0,153.9,162.22699,60.931595,47.690536
Vegetation_302.jpg,Vegetation,D:\Recovered Documents\Moringa\Module 5\Summative2\realwaste\realwaste-main\RealWaste\Vegetation\Vegetation_302.jpg,524,524,RGB,1.0,193.0,151.40582,56.273067,66.32769
Vegetation_303.jpg,Vegetation,D:\Recovered Documents\Moringa\Module 5\Summative2\realwaste\realwaste-main\RealWaste\Vegetation\Vegetation_303.jpg,524,524,RGB,1.0,190.6,165.75491,46.549507,19.088108
Vegetation_304.jpg,Vegetation,D:\Recovered Documents\Moringa\Module 5\Summative2\realwaste\realwaste-main\RealWaste\Vegetation\Vegetation_304.jpg,524,524,RGB,1.0,191.0,140.01779,58.5182,78.36893
Vegetation_305.jpg,Vegetation,D:\Recovered Documents\Moringa\Module 5\Summative2\realwaste\realwaste-main\RealWaste\Vegetation\Vegetation_305.jpg,524,524,RGB,1.0,192.3,166.07712,45.027378,19.54514
Vegetation_306.jpg,Vegetation,D:\Recovered Documents\Moringa\Module 5\Summative2\realwaste\realwaste-main\RealWaste\Vegetation\Vegetation_306.jpg,524,524,RGB,1.0,190.5,176.41623,40.76954,13.47743
Vegetation_307.jpg,Vegetation,D:\Recovered Documents\Moringa\Module 5\Summative2\realwaste\realwaste-main\RealWaste\Vegetation\Vegetation_307.jpg,524,524,RGB,1.0,198.7,164.81091,43.54689,18.18099
Vegetation_308.jpg,Vegetation,D:\Recovered Documents\Moringa\Module 5\Summative2\realwaste\realwaste-main\RealWaste\Vegetation\Vegetation_308.jpg,524,524,RGB,1.0,194.6,173.49725,29.349855,9.169704
Vegetation_309.jpg,Vegetation,D:\Recovered Documents\Moringa\Module 5\Summative2\realwaste\realwaste-main\RealWaste\Vegetation\Vegetation_309.jpg,524,524,RGB,1.0,187.2,167.67361,40.367817,16.257378
Vegetation_31.jpg,Vegetation,D:\Recovered Documents\Moringa\Module 5\Summative2\realwaste\realwaste-main\RealWaste\Vegetation\Vegetation_31.jpg,524,524,RGB,1.0,211.8,163.29152,46.057976,26.581163
Vegetation_310.jpg,Vegetation,D:\Recovered Documents\Moringa\Module 5\Summative2\realwaste\realwaste-main\RealWaste\Vegetation\Vegetation_310.jpg,524,524,RGB,1.0,193.3,166.93808,42.62535,15.374132
Vegetation_311.jpg,Vegetation,D:\Recovered Documents\Moringa\Module 5\Summative2\realwaste\realwaste-main\RealWaste\Vegetation\Vegetation_311.jpg,524,524,RGB,1.0,227.7,164.16638,36.59095,23.811632
Vegetation_312.jpg,Vegetation,D:\Recovered Documents\Moringa\Module 5\Summative2\realwaste\realwaste-main\RealWaste\Vegetation\Vegetation_312.jpg,524,524,RGB,1.0,175.2,170.14699,49.25398,14.457465
Vegetation_313.jpg,Vegetation,D:\Recovered Documents\Moringa\Module 5\Summative2\realwaste\realwaste-main\RealWaste\Vegetation\Vegetation_313.jpg,524,524,RGB,1.0,209.9,157.60779,48.705696,46.285156
Vegetation_314.jpg,Vegetation,D:\Recovered Documents\Moringa\Module 5\Summative2\realwaste\realwaste-main\RealWaste\Vegetation\Vegetation_314.jpg,524,524,RGB,1.0,214.8,168.41985,23.093012,8.7369795
Vegetation_315.jpg,Vegetation,D:\Recovered Documents\Moringa\Module 5\Summative2\realwaste\realwaste-main\RealWaste\Vegetation\Vegetation_315.jpg,524,524,RGB,1.0,208.1,167.59563,37.686867,11.529514
Vegetation_316.jpg,Vegetation,D:\Recovered Documents\Moringa\Module 5\Summative2\realwaste\realwaste-main\RealWaste\Vegetation\Vegetation_316.jpg,524,524,RGB,1.0,204.1,177.1781,16.574657,5.938368
Vegetation_317.jpg,Vegetation,D:\Recovered Documents\Moringa\Module 5\Summative2\realwaste\realwaste-main\RealWaste\Vegetation\Vegetation_317.jpg,524,524,RGB,1.0,201.5,169.05237,46.266655,27.736979
Vegetation_318.jpg,Vegetation,D:\Recovered Documents\Moringa\Module 5\Summative2\realwaste\realwaste-main\RealWaste\Vegetation\Vegetation_318.jpg,524,524,RGB,1.0,204.4,177.1862,23.057276,9.097656
Vegetation_319.jpg,Vegetation,D:\Recovered Documents\Moringa\Module 5\Summative2\realwaste\realwaste-main\RealWaste\Vegetation\Vegetation_319.jpg,524,524,RGB,1.0,211.2,172.88933,22.882322,9.697917
Vegetation_32.jpg,Vegetation,D:\Recovered Documents\Moringa\Module 5\Summative2\realwaste\realwaste-main\RealWaste\Vegetation\Vegetation_32.jpg,524,524,RGB,1.0,215.3,159.69415,45.36519,26.968315
Vegetation_320.jpg,Vegetation,D:\Recovered Documents\Moringa\Module 5\Summative2\realwaste\realwaste-main\RealWaste\Vegetation\Vegetation_320.jpg,524,524,RGB,1.0,202.9,155.1946,49.94414,58.587673
Vegetation_321.jpg,Vegetation,D:\Recovered Documents\Moringa\Module 5\Summative2\realwaste\realwaste-main\RealWaste\Vegetation\Vegetation_321.jpg,524,524,RGB,1.0,190.4,173.10402,39.334026,19.101128
Vegetation_322.jpg,Vegetation,D:\Recovered Documents\Moringa\Module 5\Summative2\realwaste\realwaste-main\RealWaste\Vegetation\Vegetation_322.jpg,524,524,RGB,1.0,188.4,173.45935,29.829887,12.703559
Vegetation_323.jpg,Vegetation,D:\Recovered Documents\Moringa\Module 5\Summative2\realwaste\realwaste-main\RealWaste\Vegetation\Vegetation_323.jpg,524,524,RGB,1.0,162.7,162.90582,54.251953,24.889322
Vegetation_324.jpg,Vegetation,D:\Recovered Documents\Moringa\Module 5\Summative2\realwaste\realwaste-main\RealWaste\Vegetation\Vegetation_324.jpg,524,524,RGB,1.0,169.9,163.88339,55.61453,31.204428
Vegetation_325.jpg,Vegetation,D:\Recovered Documents\Moringa\Module 5\Summative2\realwaste\realwaste-main\RealWaste\Vegetation\Vegetation_325.jpg,524,524,RGB,1.0,186.7,180.124,22.165676,6.2065973
Vegetation_326.jpg,Vegetation,D:\Recovered Documents\Moringa\Module 5\Summative2\realwaste\realwaste-main\RealWaste\Vegetation\Vegetation_326.jpg,524,524,RGB,1.0,203.6,133.28978,64.414406,79.89193
Vegetation_327.jpg,Vegetation,D:\Recovered Documents\Moringa\Module 5\Summative2\realwaste\realwaste-main\RealWaste\Vegetation\Vegetation_327.jpg,524,524,RGB,1.0,207.7,131.98857,64.40965,80.9592
Vegetation_328.jpg,Vegetation,D:\Recovered Documents\Moringa\Module 5\Summative2\realwaste\realwaste-main\RealWaste\Vegetation\Vegetation_328.jpg,524,524,RGB,1.0,211.5,130.65828,62.22807,82.91406
Vegetation_329.jpg,Vegetation,D:\Recovered Documents\Moringa\Module 5\Summative2\realwaste\realwaste-main\RealWaste\Vegetation\Vegetation_329.jpg,524,524,RGB,1.0,207.8,143.54109,62.761242,70.02604
Vegetation_33.jpg,Vegetation,D:\Recovered Documents\Moringa\Module 5\Summative2\realwaste\realwaste-main\RealWaste\Vegetation\Vegetation_33.jpg,524,524,RGB,1.0,225.6,162.02444,39.05586,24.013454
Vegetation_330.jpg,Vegetation,D:\Recovered Documents\Moringa\Module 5\Summative2\realwaste\realwaste-main\RealWaste\Vegetation\Vegetation_330.jpg,524,524,RGB,1.0,187.3,175.81293,35.941856,15.359809
Vegetation_331.jpg,Vegetation,D:\Recovered Documents\Moringa\Module 5\Summative2\realwaste\realwaste-main\RealWaste\Vegetation\Vegetation_331.jpg,524,524,RGB,1.0,174.5,167.98177,40.326447,28.058159
Vegetation_332.jpg,Vegetation,D:\Recovered Documents\Moringa\Module 5\Summative2\realwaste\realwaste-main\RealWaste\Vegetation\Vegetation_332.jpg,524,524,RGB,1.0,183.0,167.1195,52.375416,28.621094
Vegetation_333.jpg,Vegetation,D:\Recovered Documents\Moringa\Module 5\Summative2\realwaste\realwaste-main\RealWaste\Vegetation\Vegetation_333.jpg,524,524,RGB,1.0,215.0,166.67795,46.878727,36.825954
Vegetation_334.jpg,Vegetation,D:\Recovered Documents\Moringa\Module 5\Summative2\realwaste\realwaste-main\RealWaste\Vegetation\Vegetation_334.jpg,524,524,RGB,1.0,189.7,177.97366,25.575594,9.293403
Vegetation_335.jpg,Vegetation,D:\Recovered Documents\Moringa\Module 5\Summative2\realwaste\realwaste-main\RealWaste\Vegetation\Vegetation_335.jpg,524,524,RGB,1.0,182.4,173.67607,35.80743,13.677517
Vegetation_336.jpg,Vegetation,D:\Recovered Documents\Moringa\Module 5\Summative2\realwaste\realwaste-main\RealWaste\Vegetation\Vegetation_336.jpg,524,524,RGB,1.0,184.9,178.6302,24.848722,9.080296
Vegetation_337.jpg,Vegetation,D:\Recovered Documents\Moringa\Module 5\Summative2\realwaste\realwaste-main\RealWaste\Vegetation\Vegetation_337.jpg,524,524,RGB,1.0,182.4,177.00433,37.507133,13.084636
Vegetation_338.jpg,Vegetation,D:\Recovered Documents\Moringa\Module 5\Summative2\realwaste\realwaste-main\RealWaste\Vegetation\Vegetation_338.jpg,524,524,RGB,1.0,187.2,181.40639,20.20856,8.369792
Vegetation_339.jpg,Vegetation,D:\Recovered Documents\Moringa\Module 5\Summative2\realwaste\realwaste-main\RealWaste\Vegetation\Vegetation_339.jpg,524,524,RGB,1.0,191.0,173.54933,32.190723,11.989149
Vegetation_34.jpg,Vegetation,D:\Recovered Documents\Moringa\Module 5\Summative2\realwaste\realwaste-main\RealWaste\Vegetation\Vegetation_34.jpg,524,524,RGB,1.0,222.7,163.37587,37.466194,23.134548
Vegetation_340.jpg,Vegetation,D:\Recovered Documents\Moringa\Module 5\Summative2\realwaste\realwaste-main\RealWaste\Vegetation\Vegetation_340.jpg,524,524,RGB,1.0,196.0,170.50536,36.15903,13.83507
Vegetation_341.jpg,Vegetation,D:\Recovered Documents\Moringa\Module 5\Summative2\realwaste\realwaste-main\RealWaste\Vegetation\Vegetation_341.jpg,524,524,RGB,1.0,191.6,172.70038,34.40604,13.201823
Vegetation_342.jpg,Vegetation,D:\Recovered Documents\Moringa\Module 5\Summative2\realwaste\realwaste-main\RealWaste\Vegetation\Vegetation_342.jpg,524,524,RGB,1.0,186.0,171.88933,32.246017,13.2057295
Vegetation_343.jpg,Vegetation,D:\Recovered Documents\Moringa\Module 5\Summative2\realwaste\realwaste-main\RealWaste\Vegetation\Vegetation_343.jpg,524,524,RGB,1.0,194.8,176.69574,24.208815,9.463108
Vegetation_344.jpg,Vegetation,D:\Recovered Documents\Moringa\Module 5\Summative2\realwaste\realwaste-main\RealWaste\Vegetation\Vegetation_344.jpg,524,524,RGB,1.0,184.8,175.28703,36.321606,9.607639
Vegetation_345.jpg,Vegetation,D:\Recovered Documents\Moringa\Module 5\Summative2\realwaste\realwaste-main\RealWaste\Vegetation\Vegetation_345.jpg,524,524,RGB,1.0,182.2,157.94647,31.317192,21.548178
Vegetation_346.jpg,Vegetation,D:\Recovered Documents\Moringa\Module 5\Summative2\realwaste\realwaste-main\RealWaste\Vegetation\Vegetation_346.jpg,524,524,RGB,1.0,147.3,163.71803,55.14795,32.142796
Vegetation_347.jpg,Vegetation,D:\Recovered Documents\Moringa\Module 5\Summative2\realwaste\realwaste-main\RealWaste\Vegetation\Vegetation_347.jpg,524,524,RGB,1.0,215.5,163.50768,38.547626,17.699219
Vegetation_348.jpg,Vegetation,D:\Recovered Documents\Moringa\Module 5\Summative2\realwaste\realwaste-main\RealWaste\Vegetation\Vegetation_348.jpg,524,524,RGB,1.0,217.5,164.27518,33.462112,19.241753
Vegetation_349.jpg,Vegetation,D:\Recovered Documents\Moringa\Module 5\Summative2\realwaste\realwaste-main\RealWaste\Vegetation\Vegetation_349.jpg,524,524,RGB,1.0,203.0,173.98206,22.079302,10.708333
Vegetation_35.jpg,Vegetation,D:\Recovered Documents\Moringa\Module 5\Summative2\realwaste\realwaste-main\RealWaste\Vegetation\Vegetation_35.jpg,524,524,RGB,1.0,184.9,179.93243,38.885567,16.787327
Vegetation_350.jpg,Vegetation,D:\Recovered Documents\Moringa\Module 5\Summative2\realwaste\realwaste-main\RealWaste\Vegetation\Vegetation_350.jpg,524,524,RGB,1.0,198.4,171.60402,35.27976,17.684462
Vegetation_351.jpg,Vegetation,D:\Recovered Documents\Moringa\Module 5\Summative2\realwaste\realwaste-main\RealWaste\Vegetation\Vegetation_351.jpg,524,524,RGB,1.0,226.2,160.51823,30.246939,18.72526
Vegetation_352.jpg,Vegetation,D:\Recovered Documents\Moringa\Module 5\Summative2\realwaste\realwaste-main\RealWaste\Vegetation\Vegetation_352.jpg,524,524,RGB,1.0,219.9,168.63065,18.542767,9.793837
Vegetation_353.jpg,Vegetation,D:\Recovered Documents\Moringa\Module 5\Summative2\realwaste\realwaste-main\RealWaste\Vegetation\Vegetation_353.jpg,524,524,RGB,1.0,204.6,149.26534,56.317657,43.31337
Vegetation_354.jpg,Vegetation,D:\Recovered Documents\Moringa\Module 5\Summative2\realwaste\realwaste-main\RealWaste\Vegetation\Vegetation_354.jpg,524,524,RGB,1.0,200.7,153.39163,52.36206,41.783855
Vegetation_355.jpg,Vegetation,D:\Recovered Documents\Moringa\Module 5\Summative2\realwaste\realwaste-main\RealWaste\Vegetation\Vegetation_355.jpg,524,524,RGB,1.0,206.7,157.28616,50.006466,36.72309
Vegetation_356.jpg,Vegetation,D:\Recovered Documents\Moringa\Module 5\Summative2\realwaste\realwaste-main\RealWaste\Vegetation\Vegetation_356.jpg,524,524,RGB,1.0,213.3,165.97237,42.836487,20.072048
Vegetation_357.jpg,Vegetation,D:\Recovered Documents\Moringa\Module 5\Summative2\realwaste\realwaste-main\RealWaste\Vegetation\Vegetation_357.jpg,524,524,RGB,1.0,189.2,172.6195,34.098698,13.485677
Vegetation_358.jpg,Vegetation,D:\Recovered Documents\Moringa\Module 5\Summative2\realwaste\realwaste-main\RealWaste\Vegetation\Vegetation_358.jpg,524,524,RGB,1.0,198.6,150.68518,52.884438,48.858074
Vegetation_359.jpg,Vegetation,D:\Recovered Documents\Moringa\Module 5\Summative2\realwaste\realwaste-main\RealWaste\Vegetation\Vegetation_359.jpg,524,524,RGB,1.0,212.9,159.37775,40.140434,16.443142
Vegetation_36.jpg,Vegetation,D:\Recovered Documents\Moringa\Module 5\Summative2\realwaste\realwaste-main\RealWaste\Vegetation\Vegetation_36.jpg,524,524,RGB,1.0,220.0,164.74306,37.45694,22.288628
Vegetation_360.jpg,Vegetation,D:\Recovered Documents\Moringa\Module 5\Summative2\realwaste\realwaste-main\RealWaste\Vegetation\Vegetation_360.jpg,524,524,RGB,1.0,215.7,161.18402,44.983833,14.939671
Vegetation_361.jpg,Vegetation,D:\Recovered Documents\Moringa\Module 5\Summative2\realwaste\realwaste-main\RealWaste\Vegetation\Vegetation_361.jpg,524,524,RGB,1.0,218.0,161.97208,32.567616,18.675346
Vegetation_362.jpg,Vegetation,D:\Recovered Documents\Moringa\Module 5\Summative2\realwaste\realwaste-main\RealWaste\Vegetation\Vegetation_362.jpg,524,524,RGB,1.0,230.2,155.54745,32.656963,24.493923
Vegetation_363.jpg,Vegetation,D:\Recovered Documents\Moringa\Module 5\Summative2\realwaste\realwaste-main\RealWaste\Vegetation\Vegetation_363.jpg,524,524,RGB,1.0,191.2,176.83752,27.916561,7.4756947
Vegetation_364.jpg,Vegetation,D:\Recovered Documents\Moringa\Module 5\Summative2\realwaste\realwaste-main\RealWaste\Vegetation\Vegetation_364.jpg,524,524,RGB,1.0,197.6,175.31828,25.484432,8.39757
Vegetation_365.jpg,Vegetation,D:\Recovered Documents\Moringa\Module 5\Summative2\realwaste\realwaste-main\RealWaste\Vegetation\Vegetation_365.jpg,524,524,RGB,1.0,203.2,169.80788,25.653082,11.200954
Vegetation_366.jpg,Vegetation,D:\Recovered Documents\Moringa\Module 5\Summative2\realwaste\realwaste-main\RealWaste\Vegetation\Vegetation_366.jpg,524,524,RGB,1.0,193.7,179.23582,26.47689,10.898004
Vegetation_367.jpg,Vegetation,D:\Recovered Documents\Moringa\Module 5\Summative2\realwaste\realwaste-main\RealWaste\Vegetation\Vegetation_367.jpg,524,524,RGB,1.0,198.1,170.05685,28.205973,14.170139
Vegetation_368.jpg,Vegetation,D:\Recovered Documents\Moringa\Module 5\Summative2\realwaste\realwaste-main\RealWaste\Vegetation\Vegetation_368.jpg,524,524,RGB,1.0,192.2,161.53429,53.241364,30.55165
Vegetation_369.jpg,Vegetation,D:\Recovered Documents\Moringa\Module 5\Summative2\realwaste\realwaste-main\RealWaste\Vegetation\Vegetation_369.jpg,524,524,RGB,1.0,178.6,158.92,57.13147,49.211807
Vegetation_37.jpg,Vegetation,D:\Recovered Documents\Moringa\Module 5\Summative2\realwaste\realwaste-main\RealWaste\Vegetation\Vegetation_37.jpg,524,524,RGB,1.0,207.2,169.94212,33.23358,18.86632
Vegetation_370.jpg,Vegetation,D:\Recovered Documents\Moringa\Module 5\Summative2\realwaste\realwaste-main\RealWaste\Vegetation\Vegetation_370.jpg,524,524,RGB,1.0,188.8,168.54471,39.518166,24.268663
Vegetation_371.jpg,Vegetation,D:\Recovered Documents\Moringa\Module 5\Summative2\realwaste\realwaste-main\RealWaste\Vegetation\Vegetation_371.jpg,524,524,RGB,1.0,174.2,161.19879,55.156765,48.68837
Vegetation_372.jpg,Vegetation,D:\Recovered Documents\Moringa\Module 5\Summative2\realwaste\realwaste-main\RealWaste\Vegetation\Vegetation_372.jpg,524,524,RGB,1.0,197.2,176.5719,23.917847,9.2526045
Vegetation_373.jpg,Vegetation,D:\Recovered Documents\Moringa\Module 5\Summative2\realwaste\realwaste-main\RealWaste\Vegetation\Vegetation_373.jpg,524,524,RGB,1.0,194.6,134.77951,55.44615,60.230034
Vegetation_374.jpg,Vegetation,D:\Recovered Documents\Moringa\Module 5\Summative2\realwaste\realwaste-main\RealWaste\Vegetation\Vegetation_374.jpg,524,524,RGB,1.0,194.3,169.74509,25.493813,12.051649
Vegetation_375.jpg,Vegetation,D:\Recovered Documents\Moringa\Module 5\Summative2\realwaste\realwaste-main\RealWaste\Vegetation\Vegetation_375.jpg,524,524,RGB,1.0,183.9,174.91478,40.27671,10.593316
Vegetation_376.jpg,Vegetation,D:\Recovered Documents\Moringa\Module 5\Summative2\realwaste\realwaste-main\RealWaste\Vegetation\Vegetation_376.jpg,524,524,RGB,1.0,192.4,164.7202,49.535027,32.04644
Vegetation_377.jpg,Vegetation,D:\Recovered Documents\Moringa\Module 5\Summative2\realwaste\realwaste-main\RealWaste\Vegetation\Vegetation_377.jpg,524,524,RGB,1.0,205.5,169.56612,43.87387,22.55382
Vegetation_378.jpg,Vegetation,D:\Recovered Documents\Moringa\Module 5\Summative2\realwaste\realwaste-main\RealWaste\Vegetation\Vegetation_378.jpg,524,524,RGB,1.0,203.5,158.00462,45.510723,28.770834
Vegetation_379.jpg,Vegetation,D:\Recovered Documents\Moringa\Module 5\Summative2\realwaste\realwaste-main\RealWaste\Vegetation\Vegetation_379.jpg,524,524,RGB,1.0,193.5,175.9631,35.58104,15.508246
Vegetation_38.jpg,Vegetation,D:\Recovered Documents\Moringa\Module 5\Summative2\realwaste\realwaste-main\RealWaste\Vegetation\Vegetation_38.jpg,524,524,RGB,1.0,212.0,167.15364,32.921818,17.005642
Vegetation_380.jpg,Vegetation,D:\Recovered Documents\Moringa\Module 5\Summative2\realwaste\realwaste-main\RealWaste\Vegetation\Vegetation_380.jpg,524,524,RGB,1.0,193.4,170.87761,27.280157,13.147136
Vegetation_381.jpg,Vegetation,D:\Recovered Documents\Moringa\Module 5\Summative2\realwaste\realwaste-main\RealWaste\Vegetation\Vegetation_381.jpg,524,524,RGB,1.0,196.7,175.23611,37.21985,16.144531
Vegetation_382.jpg,Vegetation,D:\Recovered Documents\Moringa\Module 5\Summative2\realwaste\realwaste-main\RealWaste\Vegetation\Vegetation_382.jpg,524,524,RGB,1.0,182.3,174.37442,37.00404,12.838542
Vegetation_383.jpg,Vegetation,D:\Recovered Documents\Moringa\Module 5\Summative2\realwaste\realwaste-main\RealWaste\Vegetation\Vegetation_383.jpg,524,524,RGB,1.0,186.4,165.86705,52.844097,16.909721
Vegetation_384.jpg,Vegetation,D:\Recovered Documents\Moringa\Module 5\Summative2\realwaste\realwaste-main\RealWaste\Vegetation\Vegetation_384.jpg,524,524,RGB,1.0,179.2,172.0382,38.384827,14.637153
Vegetation_385.jpg,Vegetation,D:\Recovered Documents\Moringa\Module 5\Summative2\realwaste\realwaste-main\RealWaste\Vegetation\Vegetation_385.jpg,524,524,RGB,1.0,187.8,181.80353,24.554094,9.146702
Vegetation_386.jpg,Vegetation,D:\Recovered Documents\Moringa\Module 5\Summative2\realwaste\realwaste-main\RealWaste\Vegetation\Vegetation_386.jpg,524,524,RGB,1.0,188.1,175.22728,31.140953,12.65625
Vegetation_387.jpg,Vegetation,D:\Recovered Documents\Moringa\Module 5\Summative2\realwaste\realwaste-main\RealWaste\Vegetation\Vegetation_387.jpg,524,524,RGB,1.0,209.1,155.87717,49.300686,48.257378
Vegetation_388.jpg,Vegetation,D:\Recovered Documents\Moringa\Module 5\Summative2\realwaste\realwaste-main\RealWaste\Vegetation\Vegetation_388.jpg,524,524,RGB,1.0,207.1,167.23293,38.30307,23.927084
Vegetation_389.jpg,Vegetation,D:\Recovered Documents\Moringa\Module 5\Summative2\realwaste\realwaste-main\RealWaste\Vegetation\Vegetation_389.jpg,524,524,RGB,1.0,218.4,154.84837,47.171253,42.22092
Vegetation_39.jpg,Vegetation,D:\Recovered Documents\Moringa\Module 5\Summative2\realwaste\realwaste-main\RealWaste\Vegetation\Vegetation_39.jpg,524,524,RGB,1.0,191.9,167.69098,37.117516,17.550781
Vegetation_390.jpg,Vegetation,D:\Recovered Documents\Moringa\Module 5\Summative2\realwaste\realwaste-main\RealWaste\Vegetation\Vegetation_390.jpg,524,524,RGB,1.0,208.1,163.13382,42.24295,23.10894
Vegetation_391.jpg,Vegetation,D:\Recovered Documents\Moringa\Module 5\Summative2\realwaste\realwaste-main\RealWaste\Vegetation\Vegetation_391.jpg,524,524,RGB,1.0,170.8,157.1344,55.041645,40.397137
Vegetation_392.jpg,Vegetation,D:\Recovered Documents\Moringa\Module 5\Summative2\realwaste\realwaste-main\RealWaste\Vegetation\Vegetation_392.jpg,524,524,RGB,1.0,165.3,161.83217,52.755802,36.571182
Vegetation_393.jpg,Vegetation,D:\Recovered Documents\Moringa\Module 5\Summative2\realwaste\realwaste-main\RealWaste\Vegetation\Vegetation_393.jpg,524,524,RGB,1.0,184.1,174.39844,29.8087,11.276476
Vegetation_394.jpg,Vegetation,D:\Recovered Documents\Moringa\Module 5\Summative2\realwaste\realwaste-main\RealWaste\Vegetation\Vegetation_394.jpg,524,524,RGB,1.0,164.2,153.16045,60.99311,41.73264
Vegetation_395.jpg,Vegetation,D:\Recovered Documents\Moringa\Module 5\Summative2\realwaste\realwaste-main\RealWaste\Vegetation\Vegetation_395.jpg,524,524,RGB,1.0,183.5,158.29254,58.59578,43.418404
Vegetation_396.jpg,Vegetation,D:\Recovered Documents\Moringa\Module 5\Summative2\realwaste\realwaste-main\RealWaste\Vegetation\Vegetation_396.jpg,524,524,RGB,1.0,193.0,171.15118,34.583553,15.865452
Vegetation_397.jpg,Vegetation,D:\Recovered Documents\Moringa\Module 5\Summative2\realwaste\realwaste-main\RealWaste\Vegetation\Vegetation_397.jpg,524,524,RGB,1.0,189.2,176.17043,31.240469,14.993055
Vegetation_398.jpg,Vegetation,D:\Recovered Documents\Moringa\Module 5\Summative2\realwaste\realwaste-main\RealWaste\Vegetation\Vegetation_398.jpg,524,524,RGB,1.0,205.3,163.79022,46.80828,26.872396
Vegetation_399.jpg,Vegetation,D:\Recovered Documents\Moringa\Module 5\Summative2\realwaste\realwaste-main\RealWaste\Vegetation\Vegetation_399.jpg,524,524,RGB,1.0,195.1,160.89886,54.775383,35.57335
Vegetation_4.jpg,Vegetation,D:\Recovered Documents\Moringa\Module 5\Summative2\realwaste\realwaste-main\RealWaste\Vegetation\Vegetation_4.jpg,524,524,RGB,1.0,187.0,169.74812,36.743988,14.171875
Vegetation_40.jpg,Vegetation,D:\Recovered Documents\Moringa\Module 5\Summative2\realwaste\realwaste-main\RealWaste\Vegetation\Vegetation_40.jpg,524,524,RGB,1.0,189.1,167.24002,24.333881,11.417535
Vegetation_400.jpg,Vegetation,D:\Recovered Documents\Moringa\Module 5\Summative2\realwaste\realwaste-main\RealWaste\Vegetation\Vegetation_400.jpg,524,524,RGB,1.0,196.4,170.11096,39.374554,16.273872
Vegetation_401.jpg,Vegetation,D:\Recovered Documents\Moringa\Module 5\Summative2\realwaste\realwaste-main\RealWaste\Vegetation\Vegetation_401.jpg,524,524,RGB,1.0,187.0,171.19489,38.135597,18.356337
Vegetation_402.jpg,Vegetation,D:\Recovered Documents\Moringa\Module 5\Summative2\realwaste\realwaste-main\RealWaste\Vegetation\Vegetation_402.jpg,524,524,RGB,1.0,208.3,169.7338,27.317831,13.077691
Vegetation_403.jpg,Vegetation,D:\Recovered Documents\Moringa\Module 5\Summative2\realwaste\realwaste-main\RealWaste\Vegetation\Vegetation_403.jpg,524,524,RGB,1.0,212.1,157.07812,47.45706,33.93533
Vegetation_404.jpg,Vegetation,D:\Recovered Documents\Moringa\Module 5\Summative2\realwaste\realwaste-main\RealWaste\Vegetation\Vegetation_404.jpg,524,524,RGB,1.0,204.7,161.98308,41.144676,16.236979
Vegetation_405.jpg,Vegetation,D:\Recovered Documents\Moringa\Module 5\Summative2\realwaste\realwaste-main\RealWaste\Vegetation\Vegetation_405.jpg,524,524,RGB,1.0,183.9,165.17926,49.733665,29.443142
Vegetation_406.jpg,Vegetation,D:\Recovered Documents\Moringa\Module 5\Summative2\realwaste\realwaste-main\RealWaste\Vegetation\Vegetation_406.jpg,524,524,RGB,1.0,190.0,161.84982,51.54899,29.487846
Vegetation_407.jpg,Vegetation,D:\Recovered Documents\Moringa\Module 5\Summative2\realwaste\realwaste-main\RealWaste\Vegetation\Vegetation_407.jpg,524,524,RGB,1.0,187.7,175.50203,34.30153,13.418837
Vegetation_408.jpg,Vegetation,D:\Recovered Documents\Moringa\Module 5\Summative2\realwaste\realwaste-main\RealWaste\Vegetation\Vegetation_408.jpg,524,524,RGB,1.0,187.6,170.0667,40.582195,16.04861
Vegetation_409.jpg,Vegetation,D:\Recovered Documents\Moringa\Module 5\Summative2\realwaste\realwaste-main\RealWaste\Vegetation\Vegetation_409.jpg,524,524,RGB,1.0,187.0,174.19357,27.273449,8.036892
Vegetation_41.jpg,Vegetation,D:\Recovered Documents\Moringa\Module 5\Summative2\realwaste\realwaste-main\RealWaste\Vegetation\Vegetation_41.jpg,524,524,RGB,1.0,184.8,167.76765,52.80346,30.952257
Vegetation_410.jpg,Vegetation,D:\Recovered Documents\Moringa\Module 5\Summative2\realwaste\realwaste-main\RealWaste\Vegetation\Vegetation_410.jpg,524,524,RGB,1.0,191.9,171.23625,27.690613,8.6744795
Vegetation_411.jpg,Vegetation,D:\Recovered Documents\Moringa\Module 5\Summative2\realwaste\realwaste-main\RealWaste\Vegetation\Vegetation_411.jpg,524,524,RGB,1.0,181.6,174.97989,32.960754,9.9401045
Vegetation_412.jpg,Vegetation,D:\Recovered Documents\Moringa\Module 5\Summative2\realwaste\realwaste-main\RealWaste\Vegetation\Vegetation_412.jpg,524,524,RGB,1.0,181.7,175.28993,37.069447,12.051649
Vegetation_413.jpg,Vegetation,D:\Recovered Documents\Moringa\Module 5\Summative2\realwaste\realwaste-main\RealWaste\Vegetation\Vegetation_413.jpg,524,524,RGB,1.0,186.2,170.47208,33.36347,10.881945
Vegetation_414.jpg,Vegetation,D:\Recovered Documents\Moringa\Module 5\Summative2\realwaste\realwaste-main\RealWaste\Vegetation\Vegetation_414.jpg,524,524,RGB,1.0,181.1,172.11212,36.171844,12.832899
Vegetation_415.jpg,Vegetation,D:\Recovered Documents\Moringa\Module 5\Summative2\realwaste\realwaste-main\RealWaste\Vegetation\Vegetation_415.jpg,524,524,RGB,1.0,193.8,161.29688,53.334736,34.352432
Vegetation_416.jpg,Vegetation,D:\Recovered Documents\Moringa\Module 5\Summative2\realwaste\realwaste-main\RealWaste\Vegetation\Vegetation_416.jpg,524,524,RGB,1.0,179.7,172.72627,37.510246,14.5494795
Vegetation_417.jpg,Vegetation,D:\Recovered Documents\Moringa\Module 5\Summative2\realwaste\realwaste-main\RealWaste\Vegetation\Vegetation_417.jpg,524,524,RGB,1.0,181.6,174.04716,35.96626,9.889323
Vegetation_418.jpg,Vegetation,D:\Recovered Documents\Moringa\Module 5\Summative2\realwaste\realwaste-main\RealWaste\Vegetation\Vegetation_418.jpg,524,524,RGB,1.0,185.2,165.89757,51.75096,31.592014
Vegetation_419.jpg,Vegetation,D:\Recovered Documents\Moringa\Module 5\Summative2\realwaste\realwaste-main\RealWaste\Vegetation\Vegetation_419.jpg,524,524,RGB,1.0,182.2,174.35663,49.12372,28.901909
Vegetation_42.jpg,Vegetation,D:\Recovered Documents\Moringa\Module 5\Summative2\realwaste\realwaste-main\RealWaste\Vegetation\Vegetation_42.jpg,524,524,RGB,1.0,189.9,168.31741,32.29304,15.578559
Vegetation_420.jpg,Vegetation,D:\Recovered Documents\Moringa\Module 5\Summative2\realwaste\realwaste-main\RealWaste\Vegetation\Vegetation_420.jpg,524,524,RGB,1.0,187.7,179.58665,24.316378,8.627171
Vegetation_421.jpg,Vegetation,D:\Recovered Documents\Moringa\Module 5\Summative2\realwaste\realwaste-main\RealWaste\Vegetation\Vegetation_421.jpg,524,524,RGB,1.0,188.1,180.48842,23.822687,9.061632
Vegetation_422.jpg,Vegetation,D:\Recovered Documents\Moringa\Module 5\Summative2\realwaste\realwaste-main\RealWaste\Vegetation\Vegetation_422.jpg,524,524,RGB,1.0,172.9,171.84694,35.975418,16.117188
Vegetation_423.jpg,Vegetation,D:\Recovered Documents\Moringa\Module 5\Summative2\realwaste\realwaste-main\RealWaste\Vegetation\Vegetation_423.jpg,524,524,RGB,1.0,183.1,171.97382,45.309746,15.138889
Vegetation_424.jpg,Vegetation,D:\Recovered Documents\Moringa\Module 5\Summative2\realwaste\realwaste-main\RealWaste\Vegetation\Vegetation_424.jpg,524,524,RGB,1.0,188.8,178.96918,28.276695,13.950954
Vegetation_425.jpg,Vegetation,D:\Recovered Documents\Moringa\Module 5\Summative2\realwaste\realwaste-main\RealWaste\Vegetation\Vegetation_425.jpg,524,524,RGB,1.0,184.5,169.17535,37.112137,17.052517
Vegetation_426.jpg,Vegetation,D:\Recovered Documents\Moringa\Module 5\Summative2\realwaste\realwaste-main\RealWaste\Vegetation\Vegetation_426.jpg,524,524,RGB,1.0,180.9,181.79065,36.690765,14.501302
Vegetation_427.jpg,Vegetation,D:\Recovered Documents\Moringa\Module 5\Summative2\realwaste\realwaste-main\RealWaste\Vegetation\Vegetation_427.jpg,524,524,RGB,1.0,184.9,171.00623,35.1905,12.66059
Vegetation_428.jpg,Vegetation,D:\Recovered Documents\Moringa\Module 5\Summative2\realwaste\realwaste-main\RealWaste\Vegetation\Vegetation_428.jpg,524,524,RGB,1.0,186.7,171.47815,41.07995,14.812066
Vegetation_429.jpg,Vegetation,D:\Recovered Documents\Moringa\Module 5\Summative2\realwaste\realwaste-main\RealWaste\Vegetation\Vegetation_429.jpg,524,524,RGB,1.0,185.6,171.59462,37.1885,10.9505205
Vegetation_43.jpg,Vegetation,D:\Recovered Documents\Moringa\Module 5\Summative2\realwaste\realwaste-main\RealWaste\Vegetation\Vegetation_43.jpg,524,524,RGB,1.0,188.3,168.87254,38.941883,17.654514
Vegetation_430.jpg,Vegetation,D:\Recovered Documents\Moringa\Module 5\Summative2\realwaste\realwaste-main\RealWaste\Vegetation\Vegetation_430.jpg,524,524,RGB,1.0,185.9,166.75882,51.638466,17.832466
Vegetation_431.jpg,Vegetation,D:\Recovered Documents\Moringa\Module 5\Summative2\realwaste\realwaste-main\RealWaste\Vegetation\Vegetation_431.jpg,524,524,RGB,1.0,191.4,178.38629,34.34516,13.516059
Vegetation_432.jpg,Vegetation,D:\Recovered Documents\Moringa\Module 5\Summative2\realwaste\realwaste-main\RealWaste\Vegetation\Vegetation_432.jpg,524,524,RGB,1.0,193.4,175.64236,39.728848,13.812066
Vegetation_433.jpg,Vegetation,D:\Recovered Documents\Moringa\Module 5\Summative2\realwaste\realwaste-main\RealWaste\Vegetation\Vegetation_433.jpg,524,524,RGB,1.0,189.4,177.03241,40.26815,13.927083
Vegetation_434.jpg,Vegetation,D:\Recovered Documents\Moringa\Module 5\Summative2\realwaste\realwaste-main\RealWaste\Vegetation\Vegetation_434.jpg,524,524,RGB,1.0,188.3,173.3912,36.348377,15.723958
Vegetation_435.jpg,Vegetation,D:\Recovered Documents\Moringa\Module 5\Summative2\realwaste\realwaste-main\RealWaste\Vegetation\Vegetation_435.jpg,524,524,RGB,1.0,189.8,178.4608,23.592611,11.028212
Vegetation_436.jpg,Vegetation,D:\Recovered Documents\Moringa\Module 5\Summative2\realwaste\realwaste-main\RealWaste\Vegetation\Vegetation_436.jpg,524,524,RGB,1.0,192.7,176.28458,34.46848,12.03125
Vegetation_44.jpg,Vegetation,D:\Recovered Documents\Moringa\Module 5\Summative2\realwaste\realwaste-main\RealWaste\Vegetation\Vegetation_44.jpg,524,524,RGB,1.0,203.2,141.32812,61.301765,44.067707
Vegetation_45.jpg,Vegetation,D:\Recovered Documents\Moringa\Module 5\Summative2\realwaste\realwaste-main\RealWaste\Vegetation\Vegetation_45.jpg,524,524,RGB,1.0,199.0,155.52228,57.914043,24.833767
Vegetation_46.jpg,Vegetation,D:\Recovered Documents\Moringa\Module 5\Summative2\realwaste\realwaste-main\RealWaste\Vegetation\Vegetation_46.jpg,524,524,RGB,1.0,186.0,155.08926,61.741272,52.695312
Vegetation_47.jpg,Vegetation,D:\Recovered Documents\Moringa\Module 5\Summative2\realwaste\realwaste-main\RealWaste\Vegetation\Vegetation_47.jpg,524,524,RGB,1.0,202.1,144.68938,58.293568,41.599827
Vegetation_48.jpg,Vegetation,D:\Recovered Documents\Moringa\Module 5\Summative2\realwaste\realwaste-main\RealWaste\Vegetation\Vegetation_48.jpg,524,524,RGB,1.0,188.5,173.78241,41.392433,19.250435
Vegetation_49.jpg,Vegetation,D:\Recovered Documents\Moringa\Module 5\Summative2\realwaste\realwaste-main\RealWaste\Vegetation\Vegetation_49.jpg,524,524,RGB,1.0,219.1,162.55426,35.02384,19.619791
Vegetation_5.jpg,Vegetation,D:\Recovered Documents\Moringa\Module 5\Summative2\realwaste\realwaste-main\RealWaste\Vegetation\Vegetation_5.jpg,524,524,RGB,1.0,192.1,169.318,41.227036,17.257812
Vegetation_50.jpg,Vegetation,D:\Recovered Documents\Moringa\Module 5\Summative2\realwaste\realwaste-main\RealWaste\Vegetation\Vegetation_50.jpg,524,524,RGB,1.0,217.5,162.26056,35.450768,20.165365
Vegetation_51.jpg,Vegetation,D:\Recovered Documents\Moringa\Module 5\Summative2\realwaste\realwaste-main\RealWaste\Vegetation\Vegetation_51.jpg,524,524,RGB,1.0,190.9,157.25824,32.28113,43.914932
Vegetation_52.jpg,Vegetation,D:\Recovered Documents\Moringa\Module 5\Summative2\realwaste\realwaste-main\RealWaste\Vegetation\Vegetation_52.jpg,524,524,RGB,1.0,193.5,159.73495,32.445213,47.51389
Vegetation_53.jpg,Vegetation,D:\Recovered Documents\Moringa\Module 5\Summative2\realwaste\realwaste-main\RealWaste\Vegetation\Vegetation_53.jpg,524,524,RGB,1.0,180.9,152.6823,48.596584,43.78776
Vegetation_54.jpg,Vegetation,D:\Recovered Documents\Moringa\Module 5\Summative2\realwaste\realwaste-main\RealWaste\Vegetation\Vegetation_54.jpg,524,524,RGB,1.0,182.6,153.35895,53.592148,46.013454
Vegetation_55.jpg,Vegetation,D:\Recovered Documents\Moringa\Module 5\Summative2\realwaste\realwaste-main\RealWaste\Vegetation\Vegetation_55.jpg,524,524,RGB,1.0,209.9,162.00694,42.6187,22.629774
Vegetation_56.jpg,Vegetation,D:\Recovered Documents\Moringa\Module 5\Summative2\realwaste\realwaste-main\RealWaste\Vegetation\Vegetation_56.jpg,524,524,RGB,1.0,162.0,165.35489,53.873768,34.42665
Vegetation_57.jpg,Vegetation,D:\Recovered Documents\Moringa\Module 5\Summative2\realwaste\realwaste-main\RealWaste\Vegetation\Vegetation_57.jpg,524,524,RGB,1.0,197.7,166.47063,46.535225,27.766928
Vegetation_58.jpg,Vegetation,D:\Recovered Documents\Moringa\Module 5\Summative2\realwaste\realwaste-main\RealWaste\Vegetation\Vegetation_58.jpg,524,524,RGB,1.0,199.5,157.19518,57.664684,33.8112
Vegetation_59.jpg,Vegetation,D:\Recovered Documents\Moringa\Module 5\Summative2\realwaste\realwaste-main\RealWaste\Vegetation\Vegetation_59.jpg,524,524,RGB,1.0,189.1,171.16219,48.480038,24.513454
Vegetation_6.jpg,Vegetation,D:\Recovered Documents\Moringa\Module 5\Summative2\realwaste\realwaste-main\RealWaste\Vegetation\Vegetation_6.jpg,524,524,RGB,1.0,191.9,175.73814,34.599777,8.605903
Vegetation_60.jpg,Vegetation,D:\Recovered Documents\Moringa\Module 5\Summative2\realwaste\realwaste-main\RealWaste\Vegetation\Vegetation_60.jpg,524,524,RGB,1.0,219.2,163.17029,35.80854,20.927084
Vegetation_61.jpg,Vegetation,D:\Recovered Documents\Moringa\Module 5\Summative2\realwaste\realwaste-main\RealWaste\Vegetation\Vegetation_61.jpg,524,524,RGB,1.0,220.1,159.93736,37.359486,24.207466
Vegetation_62.jpg,Vegetation,D:\Recovered Documents\Moringa\Module 5\Summative2\realwaste\realwaste-main\RealWaste\Vegetation\Vegetation_62.jpg,524,524,RGB,1.0,216.6,159.93431,38.600517,24.57769
Vegetation_63.jpg,Vegetation,D:\Recovered Documents\Moringa\Module 5\Summative2\realwaste\realwaste-main\RealWaste\Vegetation\Vegetation_63.jpg,524,524,RGB,1.0,208.4,155.8944,50.137398,39.818142
Vegetation_64.jpg,Vegetation,D:\Recovered Documents\Moringa\Module 5\Summative2\realwaste\realwaste-main\RealWaste\Vegetation\Vegetation_64.jpg,524,524,RGB,1.0,206.9,155.71542,51.76638,42.37066
Vegetation_65.jpg,Vegetation,D:\Recovered Documents\Moringa\Module 5\Summative2\realwaste\realwaste-main\RealWaste\Vegetation\Vegetation_65.jpg,524,524,RGB,1.0,205.4,155.69589,53.981518,43.5408
Vegetation_66.jpg,Vegetation,D:\Recovered Documents\Moringa\Module 5\Summative2\realwaste\realwaste-main\RealWaste\Vegetation\Vegetation_66.jpg,524,524,RGB,1.0,204.4,155.0256,55.16429,48.921875
Vegetation_67.jpg,Vegetation,D:\Recovered Documents\Moringa\Module 5\Summative2\realwaste\realwaste-main\RealWaste\Vegetation\Vegetation_67.jpg,524,524,RGB,1.0,214.0,142.49509,63.542877,43.297745
Vegetation_68.jpg,Vegetation,D:\Recovered Documents\Moringa\Module 5\Summative2\realwaste\realwaste-main\RealWaste\Vegetation\Vegetation_68.jpg,524,524,RGB,1.0,189.1,174.2461,34.143208,15.6119795
Vegetation_69.jpg,Vegetation,D:\Recovered Documents\Moringa\Module 5\Summative2\realwaste\realwaste-main\RealWaste\Vegetation\Vegetation_69.jpg,524,524,RGB,1.0,205.9,144.32408,66.63883,41.973526
Vegetation_7.jpg,Vegetation,D:\Recovered Documents\Moringa\Module 5\Summative2\realwaste\realwaste-main\RealWaste\Vegetation\Vegetation_7.jpg,524,524,RGB,1.0,190.1,175.45819,33.45804,8.592014
Vegetation_70.jpg,Vegetation,D:\Recovered Documents\Moringa\Module 5\Summative2\realwaste\realwaste-main\RealWaste\Vegetation\Vegetation_70.jpg,524,524,RGB,1.0,215.2,158.7069,34.586025,20.72526
Vegetation_71.jpg,Vegetation,D:\Recovered Documents\Moringa\Module 5\Summative2\realwaste\realwaste-main\RealWaste\Vegetation\Vegetation_71.jpg,524,524,RGB,1.0,209.0,157.27995,45.389965,28.583334
Vegetation_72.jpg,Vegetation,D:\Recovered Documents\Moringa\Module 5\Summative2\realwaste\realwaste-main\RealWaste\Vegetation\Vegetation_72.jpg,524,524,RGB,1.0,207.5,154.2429,58.7892,35.860245
Vegetation_73.jpg,Vegetation,D:\Recovered Documents\Moringa\Module 5\Summative2\realwaste\realwaste-main\RealWaste\Vegetation\Vegetation_73.jpg,524,524,RGB,1.0,201.8,158.11227,55.883377,34.664062
Vegetation_74.jpg,Vegetation,D:\Recovered Documents\Moringa\Module 5\Summative2\realwaste\realwaste-main\RealWaste\Vegetation\Vegetation_74.jpg,524,524,RGB,1.0,229.3,107.46991,55.48915,56.427082
Vegetation_75.jpg,Vegetation,D:\Recovered Documents\Moringa\Module 5\Summative2\realwaste\realwaste-main\RealWaste\Vegetation\Vegetation_75.jpg,524,524,RGB,1.0,231.3,109.14569,53.59941,58.20269
Vegetation_76.jpg,Vegetation,D:\Recovered Documents\Moringa\Module 5\Summative2\realwaste\realwaste-main\RealWaste\Vegetation\Vegetation_76.jpg,524,524,RGB,1.0,230.8,112.02329,56.64171,54.487846
Vegetation_77.jpg,Vegetation,D:\Recovered Documents\Moringa\Module 5\Summative2\realwaste\realwaste-main\RealWaste\Vegetation\Vegetation_77.jpg,524,524,RGB,1.0,210.0,147.20732,62.866833,45.586372
Vegetation_78.jpg,Vegetation,D:\Recovered Documents\Moringa\Module 5\Summative2\realwaste\realwaste-main\RealWaste\Vegetation\Vegetation_78.jpg,524,524,RGB,1.0,209.2,144.46036,63.94027,50.726562
Vegetation_79.jpg,Vegetation,D:\Recovered Documents\Moringa\Module 5\Summative2\realwaste\realwaste-main\RealWaste\Vegetation\Vegetation_79.jpg,524,524,RGB,1.0,191.3,174.62732,41.884686,26.076822
Vegetation_8.jpg,Vegetation,D:\Recovered Documents\Moringa\Module 5\Summative2\realwaste\realwaste-main\RealWaste\Vegetation\Vegetation_8.jpg,524,524,RGB,1.0,192.3,172.46701,44.48957,12.012587
Vegetation_80.jpg,Vegetation,D:\Recovered Documents\Moringa\Module 5\Summative2\realwaste\realwaste-main\RealWaste\Vegetation\Vegetation_80.jpg,524,524,RGB,1.0,188.4,145.77415,66.99347,53.788628
Vegetation_81.jpg,Vegetation,D:\Recovered Documents\Moringa\Module 5\Summative2\realwaste\realwaste-main\RealWaste\Vegetation\Vegetation_81.jpg,524,524,RGB,1.0,229.9,157.58203,38.835964,26.466146
Vegetation_82.jpg,Vegetation,D:\Recovered Documents\Moringa\Module 5\Summative2\realwaste\realwaste-main\RealWaste\Vegetation\Vegetation_82.jpg,524,524,RGB,1.0,190.1,146.40987,67.92705,53.539497
Vegetation_83.jpg,Vegetation,D:\Recovered Documents\Moringa\Module 5\Summative2\realwaste\realwaste-main\RealWaste\Vegetation\Vegetation_83.jpg,524,524,RGB,1.0,218.1,147.30078,51.055004,52.876736
Vegetation_84.jpg,Vegetation,D:\Recovered Documents\Moringa\Module 5\Summative2\realwaste\realwaste-main\RealWaste\Vegetation\Vegetation_84.jpg,524,524,RGB,1.0,217.2,147.10822,47.68464,47.40755
Vegetation_85.jpg,Vegetation,D:\Recovered Documents\Moringa\Module 5\Summative2\realwaste\realwaste-main\RealWaste\Vegetation\Vegetation_85.jpg,524,524,RGB,1.0,210.0,156.49652,45.627983,40.64236
Vegetation_86.jpg,Vegetation,D:\Recovered Documents\Moringa\Module 5\Summative2\realwaste\realwaste-main\RealWaste\Vegetation\Vegetation_86.jpg,524,524,RGB,1.0,210.0,155.32668,50.951412,30.540365
Vegetation_87.jpg,Vegetation,D:\Recovered Documents\Moringa\Module 5\Summative2\realwaste\realwaste-main\RealWaste\Vegetation\Vegetation_87.jpg,524,524,RGB,1.0,211.9,157.3588,51.399685,32.35981
Vegetation_88.jpg,Vegetation,D:\Recovered Documents\Moringa\Module 5\Summative2\realwaste\realwaste-main\RealWaste\Vegetation\Vegetation_88.jpg,524,524,RGB,1.0,212.7,162.16377,45.028656,30.136284
Vegetation_89.jpg,Vegetation,D:\Recovered Documents\Moringa\Module 5\Summative2\realwaste\realwaste-main\RealWaste\Vegetation\Vegetation_89.jpg,524,524,RGB,1.0,213.4,159.85431,53.897167,29.845486
Vegetation_9.jpg,Vegetation,D:\Recovered Documents\Moringa\Module 5\Summative2\realwaste\realwaste-main\RealWaste\Vegetation\Vegetation_9.jpg,524,524,RGB,1.0,192.6,171.886,38.775745,12.952691
Vegetation_90.jpg,Vegetation,D:\Recovered Documents\Moringa\Module 5\Summative2\realwaste\realwaste-main\RealWaste\Vegetation\Vegetation_90.jpg,524,524,RGB,1.0,188.2,174.09824,33.558342,15.7369795
Vegetation_91.jpg,Vegetation,D:\Recovered Documents\Moringa\Module 5\Summative2\realwaste\realwaste-main\RealWaste\Vegetation\Vegetation_91.jpg,524,524,RGB,1.0,214.9,159.59332,51.242363,27.401041
Vegetation_92.jpg,Vegetation,D:\Recovered Documents\Moringa\Module 5\Summative2\realwaste\realwaste-main\RealWaste\Vegetation\Vegetation_92.jpg,524,524,RGB,1.0,217.8,162.58694,51.964516,29.296007
Vegetation_93.jpg,Vegetation,D:\Recovered Documents\Moringa\Module 5\Summative2\realwaste\realwaste-main\RealWaste\Vegetation\Vegetation_93.jpg,524,524,RGB,1.0,216.6,153.20326,55.257214,39.04384
Vegetation_94.jpg,Vegetation,D:\Recovered Documents\Moringa\Module 5\Summative2\realwaste\realwaste-main\RealWaste\Vegetation\Vegetation_94.jpg,524,524,RGB,1.0,222.0,156.55527,55.208138,34.946182
Vegetation_95.jpg,Vegetation,D:\Recovered Documents\Moringa\Module 5\Summative2\realwaste\realwaste-main\RealWaste\Vegetation\Vegetation_95.jpg,524,524,RGB,1.0,222.3,144.8679,61.148857,41.73915
Vegetation_96.jpg,Vegetation,D:\Recovered Documents\Moringa\Module 5\Summative2\realwaste\realwaste-main\RealWaste\Vegetation\Vegetation_96.jpg,524,524,RGB,1.0,225.0,145.54846,61.500813,40.92795
Vegetation_97.jpg,Vegetation,D:\Recovered Documents\Moringa\Module 5\Summative2\realwaste\realwaste-main\RealWaste\Vegetation\Vegetation_97.jpg,524,524,RGB,1.0,210.8,148.22337,61.733818,44.301216
Vegetation_98.jpg,Vegetation,D:\Recovered Documents\Moringa\Module 5\Summative2\realwaste\realwaste-main\RealWaste\Vegetation\Vegetation_98.jpg,524,524,RGB,1.0,222.4,149.78835,57.963852,33.929253
Vegetation_99.jpg,Vegetation,D:\Recovered Documents\Moringa\Module 5\Summative2\realwaste\realwaste-main\RealWaste\Vegetation\Vegetation_99.jpg,524,524,RGB,1.0,204.1,151.5761,59.085255,41.79297
