path,class,filename
D:\Recovered Documents\Moringa\Module 5\Summative2\realwaste\realwaste-main\RealWaste\Paper\Paper_383.jpg,Paper,Paper_383.jpg
D:\Recovered Documents\Moringa\Module 5\Summative2\realwaste\realwaste-main\RealWaste\Plastic\Plastic_349.jpg,Plastic,Plastic_349.jpg
D:\Recovered Documents\Moringa\Module 5\Summative2\realwaste\realwaste-main\RealWaste\Food Organics\Food Organics_42.jpg,Food Organics,Food Organics_42.jpg
D:\Recovered Documents\Moringa\Module 5\Summative2\realwaste\realwaste-main\RealWaste\Metal\Metal_75.jpg,Metal,Metal_75.jpg
D:\Recovered Documents\Moringa\Module 5\Summative2\realwaste\realwaste-main\RealWaste\Cardboard\Cardboard_35.jpg,Cardboard,Cardboard_35.jpg
D:\Recovered Documents\Moringa\Module 5\Summative2\realwaste\realwaste-main\RealWaste\Textile Trash\Textile Trash_5.jpg,Textile Trash,Textile Trash_5.jpg
D:\Recovered Documents\Moringa\Module 5\Summative2\realwaste\realwaste-main\RealWaste\Plastic\Plastic_537.jpg,Plastic,Plastic_537.jpg
D:\Recovered Documents\Moringa\Module 5\Summative2\realwaste\realwaste-main\RealWaste\Vegetation\Vegetation_279.jpg,Vegetation,Vegetation_279.jpg
D:\Recovered Documents\Moringa\Module 5\Summative2\realwaste\realwaste-main\RealWaste\Textile Trash\Textile Trash_308.jpg,Textile Trash,Textile Trash_308.jpg
D:\Recovered Documents\Moringa\Module 5\Summative2\realwaste\realwaste-main\RealWaste\Metal\Metal_376.jpg,Metal,Metal_376.jpg
D:\Recovered Documents\Moringa\Module 5\Summative2\realwaste\realwaste-main\RealWaste\Plastic\Plastic_797.jpg,Plastic,Plastic_797.jpg
D:\Recovered Documents\Moringa\Module 5\Summative2\realwaste\realwaste-main\RealWaste\Cardboard\Cardboard_388.jpg,Cardboard,Cardboard_388.jpg
D:\Recovered Documents\Moringa\Module 5\Summative2\realwaste\realwaste-main\RealWaste\Glass\Glass_66.jpg,Glass,Glass_66.jpg
D:\Recovered Documents\Moringa\Module 5\Summative2\realwaste\realwaste-main\RealWaste\Glass\Glass_153.jpg,Glass,Glass_153.jpg
D:\Recovered Documents\Moringa\Module 5\Summative2\realwaste\realwaste-main\RealWaste\Miscellaneous Trash\Miscellaneous Trash_415.jpg,Miscellaneous Trash,Miscellaneous Trash_415.jpg
D:\Recovered Documents\Moringa\Module 5\Summative2\realwaste\realwaste-main\RealWaste\Plastic\Plastic_38.jpg,Plastic,Plastic_38.jpg
D:\Recovered Documents\Moringa\Module 5\Summative2\realwaste\realwaste-main\RealWaste\Cardboard\Cardboard_31.jpg,Cardboard,Cardboard_31.jpg
D:\Recovered Documents\Moringa\Module 5\Summative2\realwaste\realwaste-main\RealWaste\Glass\Glass_21.jpg,Glass,Glass_21.jpg
D:\Recovered Documents\Moringa\Module 5\Summative2\realwaste\realwaste-main\RealWaste\Textile Trash\Textile Trash_305.jpg,Textile Trash,Textile Trash_305.jpg
D:\Recovered Documents\Moringa\Module 5\Summative2\realwaste\realwaste-main\RealWaste\Glass\Glass_22.jpg,Glass,Glass_22.jpg
D:\Recovered Documents\Moringa\Module 5\Summative2\realwaste\realwaste-main\RealWaste\Vegetation\Vegetation_172.jpg,Vegetation,Vegetation_172.jpg
D:\Recovered Documents\Moringa\Module 5\Summative2\realwaste\realwaste-main\RealWaste\Textile Trash\Textile Trash_155.jpg,Textile Trash,Textile Trash_155.jpg
D:\Recovered Documents\Moringa\Module 5\Summative2\realwaste\realwaste-main\RealWaste\Food Organics\Food Organics_169.jpg,Food Organics,Food Organics_169.jpg
D:\Recovered Documents\Moringa\Module 5\Summative2\realwaste\realwaste-main\RealWaste\Plastic\Plastic_795.jpg,Plastic,Plastic_795.jpg
D:\Recovered Documents\Moringa\Module 5\Summative2\realwaste\realwaste-main\RealWaste\Plastic\Plastic_258.jpg,Plastic,Plastic_258.jpg
D:\Recovered Documents\Moringa\Module 5\Summative2\realwaste\realwaste-main\RealWaste\Metal\Metal_173.jpg,Metal,Metal_173.jpg
D:\Recovered Documents\Moringa\Module 5\Summative2\realwaste\realwaste-main\RealWaste\Plastic\Plastic_803.jpg,Plastic,Plastic_803.jpg
D:\Recovered Documents\Moringa\Module 5\Summative2\realwaste\realwaste-main\RealWaste\Food Organics\Food Organics_87.jpg,Food Organics,Food Organics_87.jpg
D:\Recovered Documents\Moringa\Module 5\Summative2\realwaste\realwaste-main\RealWaste\Plastic\Plastic_259.jpg,Plastic,Plastic_259.jpg
D:\Recovered Documents\Moringa\Module 5\Summative2\realwaste\realwaste-main\RealWaste\Vegetation\Vegetation_99.jpg,Vegetation,Vegetation_99.jpg
D:\Recovered Documents\Moringa\Module 5\Summative2\realwaste\realwaste-main\RealWaste\Paper\Paper_140.jpg,Paper,Paper_140.jpg
D:\Recovered Documents\Moringa\Module 5\Summative2\realwaste\realwaste-main\RealWaste\Food Organics\Food Organics_117.jpg,Food Organics,Food Organics_117.jpg
D:\Recovered Documents\Moringa\Module 5\Summative2\realwaste\realwaste-main\RealWaste\Food Organics\Food Organics_41.jpg,Food Organics,Food Organics_41.jpg
D:\Recovered Documents\Moringa\Module 5\Summative2\realwaste\realwaste-main\RealWaste\Paper\Paper_24.jpg,Paper,Paper_24.jpg
D:\Recovered Documents\Moringa\Module 5\Summative2\realwaste\realwaste-main\RealWaste\Plastic\Plastic_902.jpg,Plastic,Plastic_902.jpg
D:\Recovered Documents\Moringa\Module 5\Summative2\realwaste\realwaste-main\RealWaste\Cardboard\Cardboard_196.jpg,Cardboard,Cardboard_196.jpg
D:\Recovered Documents\Moringa\Module 5\Summative2\realwaste\realwaste-main\RealWaste\Plastic\Plastic_163.jpg,Plastic,Plastic_163.jpg
D:\Recovered Documents\Moringa\Module 5\Summative2\realwaste\realwaste-main\RealWaste\Metal\Metal_613.jpg,Metal,Metal_613.jpg
D:\Recovered Documents\Moringa\Module 5\Summative2\realwaste\realwaste-main\RealWaste\Food Organics\Food Organics_28.jpg,Food Organics,Food Organics_28.jpg
D:\Recovered Documents\Moringa\Module 5\Summative2\realwaste\realwaste-main\RealWaste\Metal\Metal_669.jpg,Metal,Metal_669.jpg
D:\Recovered Documents\Moringa\Module 5\Summative2\realwaste\realwaste-main\RealWaste\Metal\Metal_480.jpg,Metal,Metal_480.jpg
D:\Recovered Documents\Moringa\Module 5\Summative2\realwaste\realwaste-main\RealWaste\Metal\Metal_647.jpg,Metal,Metal_647.jpg
D:\Recovered Documents\Moringa\Module 5\Summative2\realwaste\realwaste-main\RealWaste\Metal\Metal_393.jpg,Metal,Metal_393.jpg
D:\Recovered Documents\Moringa\Module 5\Summative2\realwaste\realwaste-main\RealWaste\Metal\Metal_349.jpg,Metal,Metal_349.jpg
D:\Recovered Documents\Moringa\Module 5\Summative2\realwaste\realwaste-main\RealWaste\Textile Trash\Textile Trash_153.jpg,Textile Trash,Textile Trash_153.jpg
D:\Recovered Documents\Moringa\Module 5\Summative2\realwaste\realwaste-main\RealWaste\Plastic\Plastic_444.jpg,Plastic,Plastic_444.jpg
D:\Recovered Documents\Moringa\Module 5\Summative2\realwaste\realwaste-main\RealWaste\Plastic\Plastic_396.jpg,Plastic,Plastic_396.jpg
D:\Recovered Documents\Moringa\Module 5\Summative2\realwaste\realwaste-main\RealWaste\Textile Trash\Textile Trash_302.jpg,Textile Trash,Textile Trash_302.jpg
D:\Recovered Documents\Moringa\Module 5\Summative2\realwaste\realwaste-main\RealWaste\Vegetation\Vegetation_3.jpg,Vegetation,Vegetation_3.jpg
D:\Recovered Documents\Moringa\Module 5\Summative2\realwaste\realwaste-main\RealWaste\Textile Trash\Textile Trash_293.jpg,Textile Trash,Textile Trash_293.jpg
D:\Recovered Documents\Moringa\Module 5\Summative2\realwaste\realwaste-main\RealWaste\Plastic\Plastic_342.jpg,Plastic,Plastic_342.jpg
D:\Recovered Documents\Moringa\Module 5\Summative2\realwaste\realwaste-main\RealWaste\Metal\Metal_121.jpg,Metal,Metal_121.jpg
D:\Recovered Documents\Moringa\Module 5\Summative2\realwaste\realwaste-main\RealWaste\Paper\Paper_371.jpg,Paper,Paper_371.jpg
D:\Recovered Documents\Moringa\Module 5\Summative2\realwaste\realwaste-main\RealWaste\Cardboard\Cardboard_14.jpg,Cardboard,Cardboard_14.jpg
D:\Recovered Documents\Moringa\Module 5\Summative2\realwaste\realwaste-main\RealWaste\Textile Trash\Textile Trash_164.jpg,Textile Trash,Textile Trash_164.jpg
D:\Recovered Documents\Moringa\Module 5\Summative2\realwaste\realwaste-main\RealWaste\Plastic\Plastic_320.jpg,Plastic,Plastic_320.jpg
D:\Recovered Documents\Moringa\Module 5\Summative2\realwaste\realwaste-main\RealWaste\Vegetation\Vegetation_304.jpg,Vegetation,Vegetation_304.jpg
D:\Recovered Documents\Moringa\Module 5\Summative2\realwaste\realwaste-main\RealWaste\Plastic\Plastic_539.jpg,Plastic,Plastic_539.jpg
D:\Recovered Documents\Moringa\Module 5\Summative2\realwaste\realwaste-main\RealWaste\Metal\Metal_47.jpg,Metal,Metal_47.jpg
D:\Recovered Documents\Moringa\Module 5\Summative2\realwaste\realwaste-main\RealWaste\Plastic\Plastic_357.jpg,Plastic,Plastic_357.jpg
D:\Recovered Documents\Moringa\Module 5\Summative2\realwaste\realwaste-main\RealWaste\Cardboard\Cardboard_320.jpg,Cardboard,Cardboard_320.jpg
D:\Recovered Documents\Moringa\Module 5\Summative2\realwaste\realwaste-main\RealWaste\Miscellaneous Trash\Miscellaneous Trash_60.jpg,Miscellaneous Trash,Miscellaneous Trash_60.jpg
D:\Recovered Documents\Moringa\Module 5\Summative2\realwaste\realwaste-main\RealWaste\Textile Trash\Textile Trash_241.jpg,Textile Trash,Textile Trash_241.jpg
D:\Recovered Documents\Moringa\Module 5\Summative2\realwaste\realwaste-main\RealWaste\Plastic\Plastic_574.jpg,Plastic,Plastic_574.jpg
D:\Recovered Documents\Moringa\Module 5\Summative2\realwaste\realwaste-main\RealWaste\Glass\Glass_145.jpg,Glass,Glass_145.jpg
D:\Recovered Documents\Moringa\Module 5\Summative2\realwaste\realwaste-main\RealWaste\Metal\Metal_90.jpg,Metal,Metal_90.jpg
D:\Recovered Documents\Moringa\Module 5\Summative2\realwaste\realwaste-main\RealWaste\Plastic\Plastic_427.jpg,Plastic,Plastic_427.jpg
D:\Recovered Documents\Moringa\Module 5\Summative2\realwaste\realwaste-main\RealWaste\Vegetation\Vegetation_96.jpg,Vegetation,Vegetation_96.jpg
D:\Recovered Documents\Moringa\Module 5\Summative2\realwaste\realwaste-main\RealWaste\Cardboard\Cardboard_165.jpg,Cardboard,Cardboard_165.jpg
D:\Recovered Documents\Moringa\Module 5\Summative2\realwaste\realwaste-main\RealWaste\Cardboard\Cardboard_458.jpg,Cardboard,Cardboard_458.jpg
D:\Recovered Documents\Moringa\Module 5\Summative2\realwaste\realwaste-main\RealWaste\Metal\Metal_312.jpg,Metal,Metal_312.jpg
D:\Recovered Documents\Moringa\Module 5\Summative2\realwaste\realwaste-main\RealWaste\Textile Trash\Textile Trash_233.jpg,Textile Trash,Textile Trash_233.jpg
D:\Recovered Documents\Moringa\Module 5\Summative2\realwaste\realwaste-main\RealWaste\Metal\Metal_522.jpg,Metal,Metal_522.jpg
D:\Recovered Documents\Moringa\Module 5\Summative2\realwaste\realwaste-main\RealWaste\Miscellaneous Trash\Miscellaneous Trash_170.jpg,Miscellaneous Trash,Miscellaneous Trash_170.jpg
D:\Recovered Documents\Moringa\Module 5\Summative2\realwaste\realwaste-main\RealWaste\Textile Trash\Textile Trash_165.jpg,Textile Trash,Textile Trash_165.jpg
D:\Recovered Documents\Moringa\Module 5\Summative2\realwaste\realwaste-main\RealWaste\Metal\Metal_151.jpg,Metal,Metal_151.jpg
D:\Recovered Documents\Moringa\Module 5\Summative2\realwaste\realwaste-main\RealWaste\Vegetation\Vegetation_418.jpg,Vegetation,Vegetation_418.jpg
D:\Recovered Documents\Moringa\Module 5\Summative2\realwaste\realwaste-main\RealWaste\Metal\Metal_364.jpg,Metal,Metal_364.jpg
D:\Recovered Documents\Moringa\Module 5\Summative2\realwaste\realwaste-main\RealWaste\Vegetation\Vegetation_9.jpg,Vegetation,Vegetation_9.jpg
D:\Recovered Documents\Moringa\Module 5\Summative2\realwaste\realwaste-main\RealWaste\Food Organics\Food Organics_264.jpg,Food Organics,Food Organics_264.jpg
D:\Recovered Documents\Moringa\Module 5\Summative2\realwaste\realwaste-main\RealWaste\Plastic\Plastic_625.jpg,Plastic,Plastic_625.jpg
D:\Recovered Documents\Moringa\Module 5\Summative2\realwaste\realwaste-main\RealWaste\Glass\Glass_326.jpg,Glass,Glass_326.jpg
D:\Recovered Documents\Moringa\Module 5\Summative2\realwaste\realwaste-main\RealWaste\Paper\Paper_111.jpg,Paper,Paper_111.jpg
D:\Recovered Documents\Moringa\Module 5\Summative2\realwaste\realwaste-main\RealWaste\Food Organics\Food Organics_364.jpg,Food Organics,Food Organics_364.jpg
D:\Recovered Documents\Moringa\Module 5\Summative2\realwaste\realwaste-main\RealWaste\Paper\Paper_104.jpg,Paper,Paper_104.jpg
D:\Recovered Documents\Moringa\Module 5\Summative2\realwaste\realwaste-main\RealWaste\Plastic\Plastic_741.jpg,Plastic,Plastic_741.jpg
D:\Recovered Documents\Moringa\Module 5\Summative2\realwaste\realwaste-main\RealWaste\Plastic\Plastic_818.jpg,Plastic,Plastic_818.jpg
D:\Recovered Documents\Moringa\Module 5\Summative2\realwaste\realwaste-main\RealWaste\Miscellaneous Trash\Miscellaneous Trash_447.jpg,Miscellaneous Trash,Miscellaneous Trash_447.jpg
D:\Recovered Documents\Moringa\Module 5\Summative2\realwaste\realwaste-main\RealWaste\Cardboard\Cardboard_229.jpg,Cardboard,Cardboard_229.jpg
D:\Recovered Documents\Moringa\Module 5\Summative2\realwaste\realwaste-main\RealWaste\Plastic\Plastic_119.jpg,Plastic,Plastic_119.jpg
D:\Recovered Documents\Moringa\Module 5\Summative2\realwaste\realwaste-main\RealWaste\Cardboard\Cardboard_275.jpg,Cardboard,Cardboard_275.jpg
D:\Recovered Documents\Moringa\Module 5\Summative2\realwaste\realwaste-main\RealWaste\Plastic\Plastic_114.jpg,Plastic,Plastic_114.jpg
D:\Recovered Documents\Moringa\Module 5\Summative2\realwaste\realwaste-main\RealWaste\Miscellaneous Trash\Miscellaneous Trash_311.jpg,Miscellaneous Trash,Miscellaneous Trash_311.jpg
D:\Recovered Documents\Moringa\Module 5\Summative2\realwaste\realwaste-main\RealWaste\Vegetation\Vegetation_73.jpg,Vegetation,Vegetation_73.jpg
D:\Recovered Documents\Moringa\Module 5\Summative2\realwaste\realwaste-main\RealWaste\Miscellaneous Trash\Miscellaneous Trash_386.jpg,Miscellaneous Trash,Miscellaneous Trash_386.jpg
D:\Recovered Documents\Moringa\Module 5\Summative2\realwaste\realwaste-main\RealWaste\Glass\Glass_373.jpg,Glass,Glass_373.jpg
D:\Recovered Documents\Moringa\Module 5\Summative2\realwaste\realwaste-main\RealWaste\Cardboard\Cardboard_114.jpg,Cardboard,Cardboard_114.jpg
D:\Recovered Documents\Moringa\Module 5\Summative2\realwaste\realwaste-main\RealWaste\Plastic\Plastic_169.jpg,Plastic,Plastic_169.jpg
D:\Recovered Documents\Moringa\Module 5\Summative2\realwaste\realwaste-main\RealWaste\Paper\Paper_203.jpg,Paper,Paper_203.jpg
D:\Recovered Documents\Moringa\Module 5\Summative2\realwaste\realwaste-main\RealWaste\Cardboard\Cardboard_231.jpg,Cardboard,Cardboard_231.jpg
D:\Recovered Documents\Moringa\Module 5\Summative2\realwaste\realwaste-main\RealWaste\Plastic\Plastic_815.jpg,Plastic,Plastic_815.jpg
D:\Recovered Documents\Moringa\Module 5\Summative2\realwaste\realwaste-main\RealWaste\Food Organics\Food Organics_369.jpg,Food Organics,Food Organics_369.jpg
D:\Recovered Documents\Moringa\Module 5\Summative2\realwaste\realwaste-main\RealWaste\Metal\Metal_200.jpg,Metal,Metal_200.jpg
D:\Recovered Documents\Moringa\Module 5\Summative2\realwaste\realwaste-main\RealWaste\Vegetation\Vegetation_335.jpg,Vegetation,Vegetation_335.jpg
D:\Recovered Documents\Moringa\Module 5\Summative2\realwaste\realwaste-main\RealWaste\Plastic\Plastic_904.jpg,Plastic,Plastic_904.jpg
D:\Recovered Documents\Moringa\Module 5\Summative2\realwaste\realwaste-main\RealWaste\Miscellaneous Trash\Miscellaneous Trash_472.jpg,Miscellaneous Trash,Miscellaneous Trash_472.jpg
D:\Recovered Documents\Moringa\Module 5\Summative2\realwaste\realwaste-main\RealWaste\Vegetation\Vegetation_2.jpg,Vegetation,Vegetation_2.jpg
D:\Recovered Documents\Moringa\Module 5\Summative2\realwaste\realwaste-main\RealWaste\Textile Trash\Textile Trash_9.jpg,Textile Trash,Textile Trash_9.jpg
D:\Recovered Documents\Moringa\Module 5\Summative2\realwaste\realwaste-main\RealWaste\Metal\Metal_193.jpg,Metal,Metal_193.jpg
D:\Recovered Documents\Moringa\Module 5\Summative2\realwaste\realwaste-main\RealWaste\Metal\Metal_205.jpg,Metal,Metal_205.jpg
D:\Recovered Documents\Moringa\Module 5\Summative2\realwaste\realwaste-main\RealWaste\Plastic\Plastic_148.jpg,Plastic,Plastic_148.jpg
D:\Recovered Documents\Moringa\Module 5\Summative2\realwaste\realwaste-main\RealWaste\Glass\Glass_36.jpg,Glass,Glass_36.jpg
D:\Recovered Documents\Moringa\Module 5\Summative2\realwaste\realwaste-main\RealWaste\Cardboard\Cardboard_44.jpg,Cardboard,Cardboard_44.jpg
D:\Recovered Documents\Moringa\Module 5\Summative2\realwaste\realwaste-main\RealWaste\Metal\Metal_510.jpg,Metal,Metal_510.jpg
D:\Recovered Documents\Moringa\Module 5\Summative2\realwaste\realwaste-main\RealWaste\Paper\Paper_406.jpg,Paper,Paper_406.jpg
D:\Recovered Documents\Moringa\Module 5\Summative2\realwaste\realwaste-main\RealWaste\Plastic\Plastic_207.jpg,Plastic,Plastic_207.jpg
D:\Recovered Documents\Moringa\Module 5\Summative2\realwaste\realwaste-main\RealWaste\Paper\Paper_85.jpg,Paper,Paper_85.jpg
D:\Recovered Documents\Moringa\Module 5\Summative2\realwaste\realwaste-main\RealWaste\Miscellaneous Trash\Miscellaneous Trash_340.jpg,Miscellaneous Trash,Miscellaneous Trash_340.jpg
D:\Recovered Documents\Moringa\Module 5\Summative2\realwaste\realwaste-main\RealWaste\Metal\Metal_434.jpg,Metal,Metal_434.jpg
D:\Recovered Documents\Moringa\Module 5\Summative2\realwaste\realwaste-main\RealWaste\Plastic\Plastic_181.jpg,Plastic,Plastic_181.jpg
D:\Recovered Documents\Moringa\Module 5\Summative2\realwaste\realwaste-main\RealWaste\Paper\Paper_394.jpg,Paper,Paper_394.jpg
D:\Recovered Documents\Moringa\Module 5\Summative2\realwaste\realwaste-main\RealWaste\Paper\Paper_272.jpg,Paper,Paper_272.jpg
D:\Recovered Documents\Moringa\Module 5\Summative2\realwaste\realwaste-main\RealWaste\Glass\Glass_364.jpg,Glass,Glass_364.jpg
D:\Recovered Documents\Moringa\Module 5\Summative2\realwaste\realwaste-main\RealWaste\Plastic\Plastic_796.jpg,Plastic,Plastic_796.jpg
D:\Recovered Documents\Moringa\Module 5\Summative2\realwaste\realwaste-main\RealWaste\Cardboard\Cardboard_283.jpg,Cardboard,Cardboard_283.jpg
D:\Recovered Documents\Moringa\Module 5\Summative2\realwaste\realwaste-main\RealWaste\Metal\Metal_635.jpg,Metal,Metal_635.jpg
D:\Recovered Documents\Moringa\Module 5\Summative2\realwaste\realwaste-main\RealWaste\Vegetation\Vegetation_24.jpg,Vegetation,Vegetation_24.jpg
D:\Recovered Documents\Moringa\Module 5\Summative2\realwaste\realwaste-main\RealWaste\Metal\Metal_191.jpg,Metal,Metal_191.jpg
D:\Recovered Documents\Moringa\Module 5\Summative2\realwaste\realwaste-main\RealWaste\Plastic\Plastic_479.jpg,Plastic,Plastic_479.jpg
D:\Recovered Documents\Moringa\Module 5\Summative2\realwaste\realwaste-main\RealWaste\Cardboard\Cardboard_197.jpg,Cardboard,Cardboard_197.jpg
D:\Recovered Documents\Moringa\Module 5\Summative2\realwaste\realwaste-main\RealWaste\Glass\Glass_15.jpg,Glass,Glass_15.jpg
D:\Recovered Documents\Moringa\Module 5\Summative2\realwaste\realwaste-main\RealWaste\Plastic\Plastic_726.jpg,Plastic,Plastic_726.jpg
D:\Recovered Documents\Moringa\Module 5\Summative2\realwaste\realwaste-main\RealWaste\Plastic\Plastic_116.jpg,Plastic,Plastic_116.jpg
D:\Recovered Documents\Moringa\Module 5\Summative2\realwaste\realwaste-main\RealWaste\Cardboard\Cardboard_356.jpg,Cardboard,Cardboard_356.jpg
D:\Recovered Documents\Moringa\Module 5\Summative2\realwaste\realwaste-main\RealWaste\Glass\Glass_191.jpg,Glass,Glass_191.jpg
D:\Recovered Documents\Moringa\Module 5\Summative2\realwaste\realwaste-main\RealWaste\Vegetation\Vegetation_19.jpg,Vegetation,Vegetation_19.jpg
D:\Recovered Documents\Moringa\Module 5\Summative2\realwaste\realwaste-main\RealWaste\Glass\Glass_274.jpg,Glass,Glass_274.jpg
D:\Recovered Documents\Moringa\Module 5\Summative2\realwaste\realwaste-main\RealWaste\Vegetation\Vegetation_390.jpg,Vegetation,Vegetation_390.jpg
D:\Recovered Documents\Moringa\Module 5\Summative2\realwaste\realwaste-main\RealWaste\Food Organics\Food Organics_395.jpg,Food Organics,Food Organics_395.jpg
D:\Recovered Documents\Moringa\Module 5\Summative2\realwaste\realwaste-main\RealWaste\Metal\Metal_662.jpg,Metal,Metal_662.jpg
D:\Recovered Documents\Moringa\Module 5\Summative2\realwaste\realwaste-main\RealWaste\Plastic\Plastic_192.jpg,Plastic,Plastic_192.jpg
D:\Recovered Documents\Moringa\Module 5\Summative2\realwaste\realwaste-main\RealWaste\Plastic\Plastic_524.jpg,Plastic,Plastic_524.jpg
D:\Recovered Documents\Moringa\Module 5\Summative2\realwaste\realwaste-main\RealWaste\Vegetation\Vegetation_356.jpg,Vegetation,Vegetation_356.jpg
D:\Recovered Documents\Moringa\Module 5\Summative2\realwaste\realwaste-main\RealWaste\Miscellaneous Trash\Miscellaneous Trash_51.jpg,Miscellaneous Trash,Miscellaneous Trash_51.jpg
D:\Recovered Documents\Moringa\Module 5\Summative2\realwaste\realwaste-main\RealWaste\Plastic\Plastic_706.jpg,Plastic,Plastic_706.jpg
D:\Recovered Documents\Moringa\Module 5\Summative2\realwaste\realwaste-main\RealWaste\Metal\Metal_656.jpg,Metal,Metal_656.jpg
D:\Recovered Documents\Moringa\Module 5\Summative2\realwaste\realwaste-main\RealWaste\Metal\Metal_584.jpg,Metal,Metal_584.jpg
D:\Recovered Documents\Moringa\Module 5\Summative2\realwaste\realwaste-main\RealWaste\Metal\Metal_576.jpg,Metal,Metal_576.jpg
D:\Recovered Documents\Moringa\Module 5\Summative2\realwaste\realwaste-main\RealWaste\Miscellaneous Trash\Miscellaneous Trash_358.jpg,Miscellaneous Trash,Miscellaneous Trash_358.jpg
D:\Recovered Documents\Moringa\Module 5\Summative2\realwaste\realwaste-main\RealWaste\Plastic\Plastic_303.jpg,Plastic,Plastic_303.jpg
D:\Recovered Documents\Moringa\Module 5\Summative2\realwaste\realwaste-main\RealWaste\Glass\Glass_178.jpg,Glass,Glass_178.jpg
D:\Recovered Documents\Moringa\Module 5\Summative2\realwaste\realwaste-main\RealWaste\Cardboard\Cardboard_267.jpg,Cardboard,Cardboard_267.jpg
D:\Recovered Documents\Moringa\Module 5\Summative2\realwaste\realwaste-main\RealWaste\Food Organics\Food Organics_372.jpg,Food Organics,Food Organics_372.jpg
D:\Recovered Documents\Moringa\Module 5\Summative2\realwaste\realwaste-main\RealWaste\Metal\Metal_201.jpg,Metal,Metal_201.jpg
D:\Recovered Documents\Moringa\Module 5\Summative2\realwaste\realwaste-main\RealWaste\Plastic\Plastic_53.jpg,Plastic,Plastic_53.jpg
D:\Recovered Documents\Moringa\Module 5\Summative2\realwaste\realwaste-main\RealWaste\Paper\Paper_224.jpg,Paper,Paper_224.jpg
D:\Recovered Documents\Moringa\Module 5\Summative2\realwaste\realwaste-main\RealWaste\Metal\Metal_175.jpg,Metal,Metal_175.jpg
D:\Recovered Documents\Moringa\Module 5\Summative2\realwaste\realwaste-main\RealWaste\Plastic\Plastic_305.jpg,Plastic,Plastic_305.jpg
D:\Recovered Documents\Moringa\Module 5\Summative2\realwaste\realwaste-main\RealWaste\Paper\Paper_235.jpg,Paper,Paper_235.jpg
D:\Recovered Documents\Moringa\Module 5\Summative2\realwaste\realwaste-main\RealWaste\Miscellaneous Trash\Miscellaneous Trash_30.jpg,Miscellaneous Trash,Miscellaneous Trash_30.jpg
D:\Recovered Documents\Moringa\Module 5\Summative2\realwaste\realwaste-main\RealWaste\Miscellaneous Trash\Miscellaneous Trash_185.jpg,Miscellaneous Trash,Miscellaneous Trash_185.jpg
D:\Recovered Documents\Moringa\Module 5\Summative2\realwaste\realwaste-main\RealWaste\Plastic\Plastic_71.jpg,Plastic,Plastic_71.jpg
D:\Recovered Documents\Moringa\Module 5\Summative2\realwaste\realwaste-main\RealWaste\Paper\Paper_360.jpg,Paper,Paper_360.jpg
D:\Recovered Documents\Moringa\Module 5\Summative2\realwaste\realwaste-main\RealWaste\Paper\Paper_300.jpg,Paper,Paper_300.jpg
D:\Recovered Documents\Moringa\Module 5\Summative2\realwaste\realwaste-main\RealWaste\Plastic\Plastic_33.jpg,Plastic,Plastic_33.jpg
D:\Recovered Documents\Moringa\Module 5\Summative2\realwaste\realwaste-main\RealWaste\Plastic\Plastic_785.jpg,Plastic,Plastic_785.jpg
D:\Recovered Documents\Moringa\Module 5\Summative2\realwaste\realwaste-main\RealWaste\Textile Trash\Textile Trash_156.jpg,Textile Trash,Textile Trash_156.jpg
D:\Recovered Documents\Moringa\Module 5\Summative2\realwaste\realwaste-main\RealWaste\Food Organics\Food Organics_304.jpg,Food Organics,Food Organics_304.jpg
D:\Recovered Documents\Moringa\Module 5\Summative2\realwaste\realwaste-main\RealWaste\Plastic\Plastic_639.jpg,Plastic,Plastic_639.jpg
D:\Recovered Documents\Moringa\Module 5\Summative2\realwaste\realwaste-main\RealWaste\Paper\Paper_401.jpg,Paper,Paper_401.jpg
D:\Recovered Documents\Moringa\Module 5\Summative2\realwaste\realwaste-main\RealWaste\Metal\Metal_478.jpg,Metal,Metal_478.jpg
D:\Recovered Documents\Moringa\Module 5\Summative2\realwaste\realwaste-main\RealWaste\Paper\Paper_440.jpg,Paper,Paper_440.jpg
D:\Recovered Documents\Moringa\Module 5\Summative2\realwaste\realwaste-main\RealWaste\Paper\Paper_146.jpg,Paper,Paper_146.jpg
D:\Recovered Documents\Moringa\Module 5\Summative2\realwaste\realwaste-main\RealWaste\Vegetation\Vegetation_148.jpg,Vegetation,Vegetation_148.jpg
D:\Recovered Documents\Moringa\Module 5\Summative2\realwaste\realwaste-main\RealWaste\Plastic\Plastic_102.jpg,Plastic,Plastic_102.jpg
D:\Recovered Documents\Moringa\Module 5\Summative2\realwaste\realwaste-main\RealWaste\Textile Trash\Textile Trash_310.jpg,Textile Trash,Textile Trash_310.jpg
D:\Recovered Documents\Moringa\Module 5\Summative2\realwaste\realwaste-main\RealWaste\Plastic\Plastic_368.jpg,Plastic,Plastic_368.jpg
D:\Recovered Documents\Moringa\Module 5\Summative2\realwaste\realwaste-main\RealWaste\Vegetation\Vegetation_367.jpg,Vegetation,Vegetation_367.jpg
D:\Recovered Documents\Moringa\Module 5\Summative2\realwaste\realwaste-main\RealWaste\Plastic\Plastic_759.jpg,Plastic,Plastic_759.jpg
D:\Recovered Documents\Moringa\Module 5\Summative2\realwaste\realwaste-main\RealWaste\Cardboard\Cardboard_136.jpg,Cardboard,Cardboard_136.jpg
D:\Recovered Documents\Moringa\Module 5\Summative2\realwaste\realwaste-main\RealWaste\Textile Trash\Textile Trash_221.jpg,Textile Trash,Textile Trash_221.jpg
D:\Recovered Documents\Moringa\Module 5\Summative2\realwaste\realwaste-main\RealWaste\Cardboard\Cardboard_53.jpg,Cardboard,Cardboard_53.jpg
D:\Recovered Documents\Moringa\Module 5\Summative2\realwaste\realwaste-main\RealWaste\Metal\Metal_352.jpg,Metal,Metal_352.jpg
D:\Recovered Documents\Moringa\Module 5\Summative2\realwaste\realwaste-main\RealWaste\Paper\Paper_86.jpg,Paper,Paper_86.jpg
D:\Recovered Documents\Moringa\Module 5\Summative2\realwaste\realwaste-main\RealWaste\Metal\Metal_391.jpg,Metal,Metal_391.jpg
D:\Recovered Documents\Moringa\Module 5\Summative2\realwaste\realwaste-main\RealWaste\Food Organics\Food Organics_329.jpg,Food Organics,Food Organics_329.jpg
D:\Recovered Documents\Moringa\Module 5\Summative2\realwaste\realwaste-main\RealWaste\Metal\Metal_597.jpg,Metal,Metal_597.jpg
D:\Recovered Documents\Moringa\Module 5\Summative2\realwaste\realwaste-main\RealWaste\Vegetation\Vegetation_125.jpg,Vegetation,Vegetation_125.jpg
D:\Recovered Documents\Moringa\Module 5\Summative2\realwaste\realwaste-main\RealWaste\Food Organics\Food Organics_306.jpg,Food Organics,Food Organics_306.jpg
D:\Recovered Documents\Moringa\Module 5\Summative2\realwaste\realwaste-main\RealWaste\Vegetation\Vegetation_240.jpg,Vegetation,Vegetation_240.jpg
D:\Recovered Documents\Moringa\Module 5\Summative2\realwaste\realwaste-main\RealWaste\Metal\Metal_264.jpg,Metal,Metal_264.jpg
D:\Recovered Documents\Moringa\Module 5\Summative2\realwaste\realwaste-main\RealWaste\Plastic\Plastic_523.jpg,Plastic,Plastic_523.jpg
D:\Recovered Documents\Moringa\Module 5\Summative2\realwaste\realwaste-main\RealWaste\Cardboard\Cardboard_312.jpg,Cardboard,Cardboard_312.jpg
D:\Recovered Documents\Moringa\Module 5\Summative2\realwaste\realwaste-main\RealWaste\Metal\Metal_322.jpg,Metal,Metal_322.jpg
D:\Recovered Documents\Moringa\Module 5\Summative2\realwaste\realwaste-main\RealWaste\Paper\Paper_230.jpg,Paper,Paper_230.jpg
D:\Recovered Documents\Moringa\Module 5\Summative2\realwaste\realwaste-main\RealWaste\Plastic\Plastic_770.jpg,Plastic,Plastic_770.jpg
D:\Recovered Documents\Moringa\Module 5\Summative2\realwaste\realwaste-main\RealWaste\Plastic\Plastic_743.jpg,Plastic,Plastic_743.jpg
D:\Recovered Documents\Moringa\Module 5\Summative2\realwaste\realwaste-main\RealWaste\Metal\Metal_619.jpg,Metal,Metal_619.jpg
D:\Recovered Documents\Moringa\Module 5\Summative2\realwaste\realwaste-main\RealWaste\Metal\Metal_86.jpg,Metal,Metal_86.jpg
D:\Recovered Documents\Moringa\Module 5\Summative2\realwaste\realwaste-main\RealWaste\Cardboard\Cardboard_70.jpg,Cardboard,Cardboard_70.jpg
D:\Recovered Documents\Moringa\Module 5\Summative2\realwaste\realwaste-main\RealWaste\Metal\Metal_156.jpg,Metal,Metal_156.jpg
D:\Recovered Documents\Moringa\Module 5\Summative2\realwaste\realwaste-main\RealWaste\Paper\Paper_23.jpg,Paper,Paper_23.jpg
D:\Recovered Documents\Moringa\Module 5\Summative2\realwaste\realwaste-main\RealWaste\Textile Trash\Textile Trash_169.jpg,Textile Trash,Textile Trash_169.jpg
D:\Recovered Documents\Moringa\Module 5\Summative2\realwaste\realwaste-main\RealWaste\Food Organics\Food Organics_99.jpg,Food Organics,Food Organics_99.jpg
D:\Recovered Documents\Moringa\Module 5\Summative2\realwaste\realwaste-main\RealWaste\Plastic\Plastic_194.jpg,Plastic,Plastic_194.jpg
D:\Recovered Documents\Moringa\Module 5\Summative2\realwaste\realwaste-main\RealWaste\Metal\Metal_622.jpg,Metal,Metal_622.jpg
D:\Recovered Documents\Moringa\Module 5\Summative2\realwaste\realwaste-main\RealWaste\Metal\Metal_354.jpg,Metal,Metal_354.jpg
D:\Recovered Documents\Moringa\Module 5\Summative2\realwaste\realwaste-main\RealWaste\Vegetation\Vegetation_282.jpg,Vegetation,Vegetation_282.jpg
D:\Recovered Documents\Moringa\Module 5\Summative2\realwaste\realwaste-main\RealWaste\Plastic\Plastic_166.jpg,Plastic,Plastic_166.jpg
D:\Recovered Documents\Moringa\Module 5\Summative2\realwaste\realwaste-main\RealWaste\Miscellaneous Trash\Miscellaneous Trash_154.jpg,Miscellaneous Trash,Miscellaneous Trash_154.jpg
D:\Recovered Documents\Moringa\Module 5\Summative2\realwaste\realwaste-main\RealWaste\Cardboard\Cardboard_133.jpg,Cardboard,Cardboard_133.jpg
D:\Recovered Documents\Moringa\Module 5\Summative2\realwaste\realwaste-main\RealWaste\Metal\Metal_526.jpg,Metal,Metal_526.jpg
D:\Recovered Documents\Moringa\Module 5\Summative2\realwaste\realwaste-main\RealWaste\Paper\Paper_466.jpg,Paper,Paper_466.jpg
D:\Recovered Documents\Moringa\Module 5\Summative2\realwaste\realwaste-main\RealWaste\Miscellaneous Trash\Miscellaneous Trash_180.jpg,Miscellaneous Trash,Miscellaneous Trash_180.jpg
D:\Recovered Documents\Moringa\Module 5\Summative2\realwaste\realwaste-main\RealWaste\Metal\Metal_172.jpg,Metal,Metal_172.jpg
D:\Recovered Documents\Moringa\Module 5\Summative2\realwaste\realwaste-main\RealWaste\Paper\Paper_4.jpg,Paper,Paper_4.jpg
D:\Recovered Documents\Moringa\Module 5\Summative2\realwaste\realwaste-main\RealWaste\Food Organics\Food Organics_135.jpg,Food Organics,Food Organics_135.jpg
D:\Recovered Documents\Moringa\Module 5\Summative2\realwaste\realwaste-main\RealWaste\Miscellaneous Trash\Miscellaneous Trash_380.jpg,Miscellaneous Trash,Miscellaneous Trash_380.jpg
D:\Recovered Documents\Moringa\Module 5\Summative2\realwaste\realwaste-main\RealWaste\Vegetation\Vegetation_177.jpg,Vegetation,Vegetation_177.jpg
D:\Recovered Documents\Moringa\Module 5\Summative2\realwaste\realwaste-main\RealWaste\Plastic\Plastic_41.jpg,Plastic,Plastic_41.jpg
D:\Recovered Documents\Moringa\Module 5\Summative2\realwaste\realwaste-main\RealWaste\Textile Trash\Textile Trash_52.jpg,Textile Trash,Textile Trash_52.jpg
D:\Recovered Documents\Moringa\Module 5\Summative2\realwaste\realwaste-main\RealWaste\Cardboard\Cardboard_97.jpg,Cardboard,Cardboard_97.jpg
D:\Recovered Documents\Moringa\Module 5\Summative2\realwaste\realwaste-main\RealWaste\Plastic\Plastic_419.jpg,Plastic,Plastic_419.jpg
D:\Recovered Documents\Moringa\Module 5\Summative2\realwaste\realwaste-main\RealWaste\Plastic\Plastic_473.jpg,Plastic,Plastic_473.jpg
D:\Recovered Documents\Moringa\Module 5\Summative2\realwaste\realwaste-main\RealWaste\Plastic\Plastic_266.jpg,Plastic,Plastic_266.jpg
D:\Recovered Documents\Moringa\Module 5\Summative2\realwaste\realwaste-main\RealWaste\Glass\Glass_75.jpg,Glass,Glass_75.jpg
D:\Recovered Documents\Moringa\Module 5\Summative2\realwaste\realwaste-main\RealWaste\Metal\Metal_254.jpg,Metal,Metal_254.jpg
D:\Recovered Documents\Moringa\Module 5\Summative2\realwaste\realwaste-main\RealWaste\Vegetation\Vegetation_53.jpg,Vegetation,Vegetation_53.jpg
D:\Recovered Documents\Moringa\Module 5\Summative2\realwaste\realwaste-main\RealWaste\Cardboard\Cardboard_451.jpg,Cardboard,Cardboard_451.jpg
D:\Recovered Documents\Moringa\Module 5\Summative2\realwaste\realwaste-main\RealWaste\Miscellaneous Trash\Miscellaneous Trash_54.jpg,Miscellaneous Trash,Miscellaneous Trash_54.jpg
D:\Recovered Documents\Moringa\Module 5\Summative2\realwaste\realwaste-main\RealWaste\Plastic\Plastic_111.jpg,Plastic,Plastic_111.jpg
D:\Recovered Documents\Moringa\Module 5\Summative2\realwaste\realwaste-main\RealWaste\Plastic\Plastic_526.jpg,Plastic,Plastic_526.jpg
D:\Recovered Documents\Moringa\Module 5\Summative2\realwaste\realwaste-main\RealWaste\Cardboard\Cardboard_237.jpg,Cardboard,Cardboard_237.jpg
D:\Recovered Documents\Moringa\Module 5\Summative2\realwaste\realwaste-main\RealWaste\Miscellaneous Trash\Miscellaneous Trash_129.jpg,Miscellaneous Trash,Miscellaneous Trash_129.jpg
D:\Recovered Documents\Moringa\Module 5\Summative2\realwaste\realwaste-main\RealWaste\Metal\Metal_285.jpg,Metal,Metal_285.jpg
D:\Recovered Documents\Moringa\Module 5\Summative2\realwaste\realwaste-main\RealWaste\Miscellaneous Trash\Miscellaneous Trash_383.jpg,Miscellaneous Trash,Miscellaneous Trash_383.jpg
D:\Recovered Documents\Moringa\Module 5\Summative2\realwaste\realwaste-main\RealWaste\Glass\Glass_175.jpg,Glass,Glass_175.jpg
D:\Recovered Documents\Moringa\Module 5\Summative2\realwaste\realwaste-main\RealWaste\Glass\Glass_97.jpg,Glass,Glass_97.jpg
D:\Recovered Documents\Moringa\Module 5\Summative2\realwaste\realwaste-main\RealWaste\Glass\Glass_190.jpg,Glass,Glass_190.jpg
D:\Recovered Documents\Moringa\Module 5\Summative2\realwaste\realwaste-main\RealWaste\Plastic\Plastic_113.jpg,Plastic,Plastic_113.jpg
D:\Recovered Documents\Moringa\Module 5\Summative2\realwaste\realwaste-main\RealWaste\Cardboard\Cardboard_169.jpg,Cardboard,Cardboard_169.jpg
D:\Recovered Documents\Moringa\Module 5\Summative2\realwaste\realwaste-main\RealWaste\Cardboard\Cardboard_45.jpg,Cardboard,Cardboard_45.jpg
D:\Recovered Documents\Moringa\Module 5\Summative2\realwaste\realwaste-main\RealWaste\Paper\Paper_279.jpg,Paper,Paper_279.jpg
D:\Recovered Documents\Moringa\Module 5\Summative2\realwaste\realwaste-main\RealWaste\Vegetation\Vegetation_63.jpg,Vegetation,Vegetation_63.jpg
D:\Recovered Documents\Moringa\Module 5\Summative2\realwaste\realwaste-main\RealWaste\Glass\Glass_265.jpg,Glass,Glass_265.jpg
D:\Recovered Documents\Moringa\Module 5\Summative2\realwaste\realwaste-main\RealWaste\Food Organics\Food Organics_121.jpg,Food Organics,Food Organics_121.jpg
D:\Recovered Documents\Moringa\Module 5\Summative2\realwaste\realwaste-main\RealWaste\Metal\Metal_36.jpg,Metal,Metal_36.jpg
D:\Recovered Documents\Moringa\Module 5\Summative2\realwaste\realwaste-main\RealWaste\Paper\Paper_255.jpg,Paper,Paper_255.jpg
D:\Recovered Documents\Moringa\Module 5\Summative2\realwaste\realwaste-main\RealWaste\Miscellaneous Trash\Miscellaneous Trash_287.jpg,Miscellaneous Trash,Miscellaneous Trash_287.jpg
D:\Recovered Documents\Moringa\Module 5\Summative2\realwaste\realwaste-main\RealWaste\Cardboard\Cardboard_259.jpg,Cardboard,Cardboard_259.jpg
D:\Recovered Documents\Moringa\Module 5\Summative2\realwaste\realwaste-main\RealWaste\Metal\Metal_747.jpg,Metal,Metal_747.jpg
D:\Recovered Documents\Moringa\Module 5\Summative2\realwaste\realwaste-main\RealWaste\Metal\Metal_496.jpg,Metal,Metal_496.jpg
D:\Recovered Documents\Moringa\Module 5\Summative2\realwaste\realwaste-main\RealWaste\Metal\Metal_629.jpg,Metal,Metal_629.jpg
D:\Recovered Documents\Moringa\Module 5\Summative2\realwaste\realwaste-main\RealWaste\Food Organics\Food Organics_305.jpg,Food Organics,Food Organics_305.jpg
D:\Recovered Documents\Moringa\Module 5\Summative2\realwaste\realwaste-main\RealWaste\Plastic\Plastic_816.jpg,Plastic,Plastic_816.jpg
D:\Recovered Documents\Moringa\Module 5\Summative2\realwaste\realwaste-main\RealWaste\Metal\Metal_29.jpg,Metal,Metal_29.jpg
D:\Recovered Documents\Moringa\Module 5\Summative2\realwaste\realwaste-main\RealWaste\Miscellaneous Trash\Miscellaneous Trash_151.jpg,Miscellaneous Trash,Miscellaneous Trash_151.jpg
D:\Recovered Documents\Moringa\Module 5\Summative2\realwaste\realwaste-main\RealWaste\Food Organics\Food Organics_173.jpg,Food Organics,Food Organics_173.jpg
D:\Recovered Documents\Moringa\Module 5\Summative2\realwaste\realwaste-main\RealWaste\Plastic\Plastic_326.jpg,Plastic,Plastic_326.jpg
D:\Recovered Documents\Moringa\Module 5\Summative2\realwaste\realwaste-main\RealWaste\Miscellaneous Trash\Miscellaneous Trash_423.jpg,Miscellaneous Trash,Miscellaneous Trash_423.jpg
D:\Recovered Documents\Moringa\Module 5\Summative2\realwaste\realwaste-main\RealWaste\Metal\Metal_244.jpg,Metal,Metal_244.jpg
D:\Recovered Documents\Moringa\Module 5\Summative2\realwaste\realwaste-main\RealWaste\Glass\Glass_79.jpg,Glass,Glass_79.jpg
D:\Recovered Documents\Moringa\Module 5\Summative2\realwaste\realwaste-main\RealWaste\Plastic\Plastic_578.jpg,Plastic,Plastic_578.jpg
D:\Recovered Documents\Moringa\Module 5\Summative2\realwaste\realwaste-main\RealWaste\Cardboard\Cardboard_42.jpg,Cardboard,Cardboard_42.jpg
D:\Recovered Documents\Moringa\Module 5\Summative2\realwaste\realwaste-main\RealWaste\Miscellaneous Trash\Miscellaneous Trash_257.jpg,Miscellaneous Trash,Miscellaneous Trash_257.jpg
D:\Recovered Documents\Moringa\Module 5\Summative2\realwaste\realwaste-main\RealWaste\Metal\Metal_399.jpg,Metal,Metal_399.jpg
D:\Recovered Documents\Moringa\Module 5\Summative2\realwaste\realwaste-main\RealWaste\Paper\Paper_186.jpg,Paper,Paper_186.jpg
D:\Recovered Documents\Moringa\Module 5\Summative2\realwaste\realwaste-main\RealWaste\Food Organics\Food Organics_111.jpg,Food Organics,Food Organics_111.jpg
D:\Recovered Documents\Moringa\Module 5\Summative2\realwaste\realwaste-main\RealWaste\Plastic\Plastic_279.jpg,Plastic,Plastic_279.jpg
D:\Recovered Documents\Moringa\Module 5\Summative2\realwaste\realwaste-main\RealWaste\Cardboard\Cardboard_6.jpg,Cardboard,Cardboard_6.jpg
D:\Recovered Documents\Moringa\Module 5\Summative2\realwaste\realwaste-main\RealWaste\Cardboard\Cardboard_100.jpg,Cardboard,Cardboard_100.jpg
D:\Recovered Documents\Moringa\Module 5\Summative2\realwaste\realwaste-main\RealWaste\Metal\Metal_577.jpg,Metal,Metal_577.jpg
D:\Recovered Documents\Moringa\Module 5\Summative2\realwaste\realwaste-main\RealWaste\Plastic\Plastic_684.jpg,Plastic,Plastic_684.jpg
D:\Recovered Documents\Moringa\Module 5\Summative2\realwaste\realwaste-main\RealWaste\Plastic\Plastic_871.jpg,Plastic,Plastic_871.jpg
D:\Recovered Documents\Moringa\Module 5\Summative2\realwaste\realwaste-main\RealWaste\Vegetation\Vegetation_387.jpg,Vegetation,Vegetation_387.jpg
D:\Recovered Documents\Moringa\Module 5\Summative2\realwaste\realwaste-main\RealWaste\Paper\Paper_65.jpg,Paper,Paper_65.jpg
D:\Recovered Documents\Moringa\Module 5\Summative2\realwaste\realwaste-main\RealWaste\Paper\Paper_408.jpg,Paper,Paper_408.jpg
D:\Recovered Documents\Moringa\Module 5\Summative2\realwaste\realwaste-main\RealWaste\Plastic\Plastic_620.jpg,Plastic,Plastic_620.jpg
D:\Recovered Documents\Moringa\Module 5\Summative2\realwaste\realwaste-main\RealWaste\Food Organics\Food Organics_346.jpg,Food Organics,Food Organics_346.jpg
D:\Recovered Documents\Moringa\Module 5\Summative2\realwaste\realwaste-main\RealWaste\Plastic\Plastic_854.jpg,Plastic,Plastic_854.jpg
D:\Recovered Documents\Moringa\Module 5\Summative2\realwaste\realwaste-main\RealWaste\Plastic\Plastic_710.jpg,Plastic,Plastic_710.jpg
D:\Recovered Documents\Moringa\Module 5\Summative2\realwaste\realwaste-main\RealWaste\Textile Trash\Textile Trash_252.jpg,Textile Trash,Textile Trash_252.jpg
D:\Recovered Documents\Moringa\Module 5\Summative2\realwaste\realwaste-main\RealWaste\Metal\Metal_371.jpg,Metal,Metal_371.jpg
D:\Recovered Documents\Moringa\Module 5\Summative2\realwaste\realwaste-main\RealWaste\Glass\Glass_358.jpg,Glass,Glass_358.jpg
D:\Recovered Documents\Moringa\Module 5\Summative2\realwaste\realwaste-main\RealWaste\Vegetation\Vegetation_384.jpg,Vegetation,Vegetation_384.jpg
D:\Recovered Documents\Moringa\Module 5\Summative2\realwaste\realwaste-main\RealWaste\Textile Trash\Textile Trash_115.jpg,Textile Trash,Textile Trash_115.jpg
D:\Recovered Documents\Moringa\Module 5\Summative2\realwaste\realwaste-main\RealWaste\Paper\Paper_341.jpg,Paper,Paper_341.jpg
D:\Recovered Documents\Moringa\Module 5\Summative2\realwaste\realwaste-main\RealWaste\Metal\Metal_262.jpg,Metal,Metal_262.jpg
D:\Recovered Documents\Moringa\Module 5\Summative2\realwaste\realwaste-main\RealWaste\Miscellaneous Trash\Miscellaneous Trash_467.jpg,Miscellaneous Trash,Miscellaneous Trash_467.jpg
D:\Recovered Documents\Moringa\Module 5\Summative2\realwaste\realwaste-main\RealWaste\Plastic\Plastic_327.jpg,Plastic,Plastic_327.jpg
D:\Recovered Documents\Moringa\Module 5\Summative2\realwaste\realwaste-main\RealWaste\Food Organics\Food Organics_213.jpg,Food Organics,Food Organics_213.jpg
D:\Recovered Documents\Moringa\Module 5\Summative2\realwaste\realwaste-main\RealWaste\Metal\Metal_327.jpg,Metal,Metal_327.jpg
D:\Recovered Documents\Moringa\Module 5\Summative2\realwaste\realwaste-main\RealWaste\Miscellaneous Trash\Miscellaneous Trash_396.jpg,Miscellaneous Trash,Miscellaneous Trash_396.jpg
D:\Recovered Documents\Moringa\Module 5\Summative2\realwaste\realwaste-main\RealWaste\Textile Trash\Textile Trash_171.jpg,Textile Trash,Textile Trash_171.jpg
D:\Recovered Documents\Moringa\Module 5\Summative2\realwaste\realwaste-main\RealWaste\Food Organics\Food Organics_4.jpg,Food Organics,Food Organics_4.jpg
D:\Recovered Documents\Moringa\Module 5\Summative2\realwaste\realwaste-main\RealWaste\Paper\Paper_167.jpg,Paper,Paper_167.jpg
D:\Recovered Documents\Moringa\Module 5\Summative2\realwaste\realwaste-main\RealWaste\Paper\Paper_339.jpg,Paper,Paper_339.jpg
D:\Recovered Documents\Moringa\Module 5\Summative2\realwaste\realwaste-main\RealWaste\Metal\Metal_32.jpg,Metal,Metal_32.jpg
D:\Recovered Documents\Moringa\Module 5\Summative2\realwaste\realwaste-main\RealWaste\Vegetation\Vegetation_315.jpg,Vegetation,Vegetation_315.jpg
D:\Recovered Documents\Moringa\Module 5\Summative2\realwaste\realwaste-main\RealWaste\Plastic\Plastic_910.jpg,Plastic,Plastic_910.jpg
D:\Recovered Documents\Moringa\Module 5\Summative2\realwaste\realwaste-main\RealWaste\Miscellaneous Trash\Miscellaneous Trash_427.jpg,Miscellaneous Trash,Miscellaneous Trash_427.jpg
D:\Recovered Documents\Moringa\Module 5\Summative2\realwaste\realwaste-main\RealWaste\Paper\Paper_202.jpg,Paper,Paper_202.jpg
D:\Recovered Documents\Moringa\Module 5\Summative2\realwaste\realwaste-main\RealWaste\Food Organics\Food Organics_143.jpg,Food Organics,Food Organics_143.jpg
D:\Recovered Documents\Moringa\Module 5\Summative2\realwaste\realwaste-main\RealWaste\Miscellaneous Trash\Miscellaneous Trash_178.jpg,Miscellaneous Trash,Miscellaneous Trash_178.jpg
D:\Recovered Documents\Moringa\Module 5\Summative2\realwaste\realwaste-main\RealWaste\Vegetation\Vegetation_228.jpg,Vegetation,Vegetation_228.jpg
D:\Recovered Documents\Moringa\Module 5\Summative2\realwaste\realwaste-main\RealWaste\Metal\Metal_310.jpg,Metal,Metal_310.jpg
D:\Recovered Documents\Moringa\Module 5\Summative2\realwaste\realwaste-main\RealWaste\Plastic\Plastic_294.jpg,Plastic,Plastic_294.jpg
D:\Recovered Documents\Moringa\Module 5\Summative2\realwaste\realwaste-main\RealWaste\Cardboard\Cardboard_257.jpg,Cardboard,Cardboard_257.jpg
D:\Recovered Documents\Moringa\Module 5\Summative2\realwaste\realwaste-main\RealWaste\Vegetation\Vegetation_252.jpg,Vegetation,Vegetation_252.jpg
D:\Recovered Documents\Moringa\Module 5\Summative2\realwaste\realwaste-main\RealWaste\Glass\Glass_341.jpg,Glass,Glass_341.jpg
D:\Recovered Documents\Moringa\Module 5\Summative2\realwaste\realwaste-main\RealWaste\Textile Trash\Textile Trash_297.jpg,Textile Trash,Textile Trash_297.jpg
D:\Recovered Documents\Moringa\Module 5\Summative2\realwaste\realwaste-main\RealWaste\Metal\Metal_436.jpg,Metal,Metal_436.jpg
D:\Recovered Documents\Moringa\Module 5\Summative2\realwaste\realwaste-main\RealWaste\Miscellaneous Trash\Miscellaneous Trash_127.jpg,Miscellaneous Trash,Miscellaneous Trash_127.jpg
D:\Recovered Documents\Moringa\Module 5\Summative2\realwaste\realwaste-main\RealWaste\Vegetation\Vegetation_162.jpg,Vegetation,Vegetation_162.jpg
D:\Recovered Documents\Moringa\Module 5\Summative2\realwaste\realwaste-main\RealWaste\Glass\Glass_34.jpg,Glass,Glass_34.jpg
D:\Recovered Documents\Moringa\Module 5\Summative2\realwaste\realwaste-main\RealWaste\Paper\Paper_250.jpg,Paper,Paper_250.jpg
D:\Recovered Documents\Moringa\Module 5\Summative2\realwaste\realwaste-main\RealWaste\Glass\Glass_376.jpg,Glass,Glass_376.jpg
D:\Recovered Documents\Moringa\Module 5\Summative2\realwaste\realwaste-main\RealWaste\Plastic\Plastic_455.jpg,Plastic,Plastic_455.jpg
D:\Recovered Documents\Moringa\Module 5\Summative2\realwaste\realwaste-main\RealWaste\Glass\Glass_142.jpg,Glass,Glass_142.jpg
D:\Recovered Documents\Moringa\Module 5\Summative2\realwaste\realwaste-main\RealWaste\Plastic\Plastic_708.jpg,Plastic,Plastic_708.jpg
D:\Recovered Documents\Moringa\Module 5\Summative2\realwaste\realwaste-main\RealWaste\Textile Trash\Textile Trash_194.jpg,Textile Trash,Textile Trash_194.jpg
D:\Recovered Documents\Moringa\Module 5\Summative2\realwaste\realwaste-main\RealWaste\Food Organics\Food Organics_190.jpg,Food Organics,Food Organics_190.jpg
D:\Recovered Documents\Moringa\Module 5\Summative2\realwaste\realwaste-main\RealWaste\Paper\Paper_153.jpg,Paper,Paper_153.jpg
D:\Recovered Documents\Moringa\Module 5\Summative2\realwaste\realwaste-main\RealWaste\Glass\Glass_383.jpg,Glass,Glass_383.jpg
D:\Recovered Documents\Moringa\Module 5\Summative2\realwaste\realwaste-main\RealWaste\Glass\Glass_377.jpg,Glass,Glass_377.jpg
D:\Recovered Documents\Moringa\Module 5\Summative2\realwaste\realwaste-main\RealWaste\Glass\Glass_400.jpg,Glass,Glass_400.jpg
D:\Recovered Documents\Moringa\Module 5\Summative2\realwaste\realwaste-main\RealWaste\Metal\Metal_575.jpg,Metal,Metal_575.jpg
D:\Recovered Documents\Moringa\Module 5\Summative2\realwaste\realwaste-main\RealWaste\Metal\Metal_723.jpg,Metal,Metal_723.jpg
D:\Recovered Documents\Moringa\Module 5\Summative2\realwaste\realwaste-main\RealWaste\Food Organics\Food Organics_333.jpg,Food Organics,Food Organics_333.jpg
D:\Recovered Documents\Moringa\Module 5\Summative2\realwaste\realwaste-main\RealWaste\Miscellaneous Trash\Miscellaneous Trash_265.jpg,Miscellaneous Trash,Miscellaneous Trash_265.jpg
D:\Recovered Documents\Moringa\Module 5\Summative2\realwaste\realwaste-main\RealWaste\Paper\Paper_263.jpg,Paper,Paper_263.jpg
D:\Recovered Documents\Moringa\Module 5\Summative2\realwaste\realwaste-main\RealWaste\Plastic\Plastic_527.jpg,Plastic,Plastic_527.jpg
D:\Recovered Documents\Moringa\Module 5\Summative2\realwaste\realwaste-main\RealWaste\Plastic\Plastic_723.jpg,Plastic,Plastic_723.jpg
D:\Recovered Documents\Moringa\Module 5\Summative2\realwaste\realwaste-main\RealWaste\Miscellaneous Trash\Miscellaneous Trash_388.jpg,Miscellaneous Trash,Miscellaneous Trash_388.jpg
D:\Recovered Documents\Moringa\Module 5\Summative2\realwaste\realwaste-main\RealWaste\Paper\Paper_428.jpg,Paper,Paper_428.jpg
D:\Recovered Documents\Moringa\Module 5\Summative2\realwaste\realwaste-main\RealWaste\Metal\Metal_337.jpg,Metal,Metal_337.jpg
D:\Recovered Documents\Moringa\Module 5\Summative2\realwaste\realwaste-main\RealWaste\Metal\Metal_534.jpg,Metal,Metal_534.jpg
D:\Recovered Documents\Moringa\Module 5\Summative2\realwaste\realwaste-main\RealWaste\Textile Trash\Textile Trash_271.jpg,Textile Trash,Textile Trash_271.jpg
D:\Recovered Documents\Moringa\Module 5\Summative2\realwaste\realwaste-main\RealWaste\Glass\Glass_131.jpg,Glass,Glass_131.jpg
D:\Recovered Documents\Moringa\Module 5\Summative2\realwaste\realwaste-main\RealWaste\Plastic\Plastic_852.jpg,Plastic,Plastic_852.jpg
D:\Recovered Documents\Moringa\Module 5\Summative2\realwaste\realwaste-main\RealWaste\Plastic\Plastic_378.jpg,Plastic,Plastic_378.jpg
D:\Recovered Documents\Moringa\Module 5\Summative2\realwaste\realwaste-main\RealWaste\Paper\Paper_412.jpg,Paper,Paper_412.jpg
D:\Recovered Documents\Moringa\Module 5\Summative2\realwaste\realwaste-main\RealWaste\Plastic\Plastic_316.jpg,Plastic,Plastic_316.jpg
D:\Recovered Documents\Moringa\Module 5\Summative2\realwaste\realwaste-main\RealWaste\Paper\Paper_276.jpg,Paper,Paper_276.jpg
D:\Recovered Documents\Moringa\Module 5\Summative2\realwaste\realwaste-main\RealWaste\Paper\Paper_259.jpg,Paper,Paper_259.jpg
D:\Recovered Documents\Moringa\Module 5\Summative2\realwaste\realwaste-main\RealWaste\Paper\Paper_256.jpg,Paper,Paper_256.jpg
D:\Recovered Documents\Moringa\Module 5\Summative2\realwaste\realwaste-main\RealWaste\Metal\Metal_321.jpg,Metal,Metal_321.jpg
D:\Recovered Documents\Moringa\Module 5\Summative2\realwaste\realwaste-main\RealWaste\Glass\Glass_12.jpg,Glass,Glass_12.jpg
D:\Recovered Documents\Moringa\Module 5\Summative2\realwaste\realwaste-main\RealWaste\Vegetation\Vegetation_93.jpg,Vegetation,Vegetation_93.jpg
D:\Recovered Documents\Moringa\Module 5\Summative2\realwaste\realwaste-main\RealWaste\Miscellaneous Trash\Miscellaneous Trash_397.jpg,Miscellaneous Trash,Miscellaneous Trash_397.jpg
D:\Recovered Documents\Moringa\Module 5\Summative2\realwaste\realwaste-main\RealWaste\Food Organics\Food Organics_252.jpg,Food Organics,Food Organics_252.jpg
D:\Recovered Documents\Moringa\Module 5\Summative2\realwaste\realwaste-main\RealWaste\Vegetation\Vegetation_54.jpg,Vegetation,Vegetation_54.jpg
D:\Recovered Documents\Moringa\Module 5\Summative2\realwaste\realwaste-main\RealWaste\Vegetation\Vegetation_15.jpg,Vegetation,Vegetation_15.jpg
D:\Recovered Documents\Moringa\Module 5\Summative2\realwaste\realwaste-main\RealWaste\Vegetation\Vegetation_41.jpg,Vegetation,Vegetation_41.jpg
D:\Recovered Documents\Moringa\Module 5\Summative2\realwaste\realwaste-main\RealWaste\Metal\Metal_287.jpg,Metal,Metal_287.jpg
D:\Recovered Documents\Moringa\Module 5\Summative2\realwaste\realwaste-main\RealWaste\Miscellaneous Trash\Miscellaneous Trash_302.jpg,Miscellaneous Trash,Miscellaneous Trash_302.jpg
D:\Recovered Documents\Moringa\Module 5\Summative2\realwaste\realwaste-main\RealWaste\Food Organics\Food Organics_97.jpg,Food Organics,Food Organics_97.jpg
D:\Recovered Documents\Moringa\Module 5\Summative2\realwaste\realwaste-main\RealWaste\Plastic\Plastic_631.jpg,Plastic,Plastic_631.jpg
D:\Recovered Documents\Moringa\Module 5\Summative2\realwaste\realwaste-main\RealWaste\Plastic\Plastic_547.jpg,Plastic,Plastic_547.jpg
D:\Recovered Documents\Moringa\Module 5\Summative2\realwaste\realwaste-main\RealWaste\Miscellaneous Trash\Miscellaneous Trash_344.jpg,Miscellaneous Trash,Miscellaneous Trash_344.jpg
D:\Recovered Documents\Moringa\Module 5\Summative2\realwaste\realwaste-main\RealWaste\Paper\Paper_16.jpg,Paper,Paper_16.jpg
D:\Recovered Documents\Moringa\Module 5\Summative2\realwaste\realwaste-main\RealWaste\Metal\Metal_686.jpg,Metal,Metal_686.jpg
D:\Recovered Documents\Moringa\Module 5\Summative2\realwaste\realwaste-main\RealWaste\Metal\Metal_144.jpg,Metal,Metal_144.jpg
D:\Recovered Documents\Moringa\Module 5\Summative2\realwaste\realwaste-main\RealWaste\Miscellaneous Trash\Miscellaneous Trash_381.jpg,Miscellaneous Trash,Miscellaneous Trash_381.jpg
D:\Recovered Documents\Moringa\Module 5\Summative2\realwaste\realwaste-main\RealWaste\Paper\Paper_98.jpg,Paper,Paper_98.jpg
D:\Recovered Documents\Moringa\Module 5\Summative2\realwaste\realwaste-main\RealWaste\Paper\Paper_471.jpg,Paper,Paper_471.jpg
D:\Recovered Documents\Moringa\Module 5\Summative2\realwaste\realwaste-main\RealWaste\Textile Trash\Textile Trash_7.jpg,Textile Trash,Textile Trash_7.jpg
D:\Recovered Documents\Moringa\Module 5\Summative2\realwaste\realwaste-main\RealWaste\Vegetation\Vegetation_424.jpg,Vegetation,Vegetation_424.jpg
D:\Recovered Documents\Moringa\Module 5\Summative2\realwaste\realwaste-main\RealWaste\Vegetation\Vegetation_227.jpg,Vegetation,Vegetation_227.jpg
D:\Recovered Documents\Moringa\Module 5\Summative2\realwaste\realwaste-main\RealWaste\Metal\Metal_163.jpg,Metal,Metal_163.jpg
D:\Recovered Documents\Moringa\Module 5\Summative2\realwaste\realwaste-main\RealWaste\Metal\Metal_178.jpg,Metal,Metal_178.jpg
D:\Recovered Documents\Moringa\Module 5\Summative2\realwaste\realwaste-main\RealWaste\Vegetation\Vegetation_412.jpg,Vegetation,Vegetation_412.jpg
D:\Recovered Documents\Moringa\Module 5\Summative2\realwaste\realwaste-main\RealWaste\Metal\Metal_8.jpg,Metal,Metal_8.jpg
D:\Recovered Documents\Moringa\Module 5\Summative2\realwaste\realwaste-main\RealWaste\Paper\Paper_356.jpg,Paper,Paper_356.jpg
D:\Recovered Documents\Moringa\Module 5\Summative2\realwaste\realwaste-main\RealWaste\Cardboard\Cardboard_73.jpg,Cardboard,Cardboard_73.jpg
D:\Recovered Documents\Moringa\Module 5\Summative2\realwaste\realwaste-main\RealWaste\Textile Trash\Textile Trash_312.jpg,Textile Trash,Textile Trash_312.jpg
D:\Recovered Documents\Moringa\Module 5\Summative2\realwaste\realwaste-main\RealWaste\Paper\Paper_225.jpg,Paper,Paper_225.jpg
D:\Recovered Documents\Moringa\Module 5\Summative2\realwaste\realwaste-main\RealWaste\Metal\Metal_484.jpg,Metal,Metal_484.jpg
D:\Recovered Documents\Moringa\Module 5\Summative2\realwaste\realwaste-main\RealWaste\Metal\Metal_44.jpg,Metal,Metal_44.jpg
D:\Recovered Documents\Moringa\Module 5\Summative2\realwaste\realwaste-main\RealWaste\Vegetation\Vegetation_169.jpg,Vegetation,Vegetation_169.jpg
D:\Recovered Documents\Moringa\Module 5\Summative2\realwaste\realwaste-main\RealWaste\Miscellaneous Trash\Miscellaneous Trash_324.jpg,Miscellaneous Trash,Miscellaneous Trash_324.jpg
D:\Recovered Documents\Moringa\Module 5\Summative2\realwaste\realwaste-main\RealWaste\Metal\Metal_329.jpg,Metal,Metal_329.jpg
D:\Recovered Documents\Moringa\Module 5\Summative2\realwaste\realwaste-main\RealWaste\Plastic\Plastic_609.jpg,Plastic,Plastic_609.jpg
D:\Recovered Documents\Moringa\Module 5\Summative2\realwaste\realwaste-main\RealWaste\Metal\Metal_779.jpg,Metal,Metal_779.jpg
D:\Recovered Documents\Moringa\Module 5\Summative2\realwaste\realwaste-main\RealWaste\Metal\Metal_580.jpg,Metal,Metal_580.jpg
D:\Recovered Documents\Moringa\Module 5\Summative2\realwaste\realwaste-main\RealWaste\Metal\Metal_21.jpg,Metal,Metal_21.jpg
D:\Recovered Documents\Moringa\Module 5\Summative2\realwaste\realwaste-main\RealWaste\Plastic\Plastic_145.jpg,Plastic,Plastic_145.jpg
D:\Recovered Documents\Moringa\Module 5\Summative2\realwaste\realwaste-main\RealWaste\Paper\Paper_261.jpg,Paper,Paper_261.jpg
D:\Recovered Documents\Moringa\Module 5\Summative2\realwaste\realwaste-main\RealWaste\Plastic\Plastic_64.jpg,Plastic,Plastic_64.jpg
D:\Recovered Documents\Moringa\Module 5\Summative2\realwaste\realwaste-main\RealWaste\Metal\Metal_199.jpg,Metal,Metal_199.jpg
D:\Recovered Documents\Moringa\Module 5\Summative2\realwaste\realwaste-main\RealWaste\Paper\Paper_363.jpg,Paper,Paper_363.jpg
D:\Recovered Documents\Moringa\Module 5\Summative2\realwaste\realwaste-main\RealWaste\Miscellaneous Trash\Miscellaneous Trash_17.jpg,Miscellaneous Trash,Miscellaneous Trash_17.jpg
D:\Recovered Documents\Moringa\Module 5\Summative2\realwaste\realwaste-main\RealWaste\Cardboard\Cardboard_425.jpg,Cardboard,Cardboard_425.jpg
D:\Recovered Documents\Moringa\Module 5\Summative2\realwaste\realwaste-main\RealWaste\Plastic\Plastic_833.jpg,Plastic,Plastic_833.jpg
D:\Recovered Documents\Moringa\Module 5\Summative2\realwaste\realwaste-main\RealWaste\Vegetation\Vegetation_56.jpg,Vegetation,Vegetation_56.jpg
D:\Recovered Documents\Moringa\Module 5\Summative2\realwaste\realwaste-main\RealWaste\Miscellaneous Trash\Miscellaneous Trash_159.jpg,Miscellaneous Trash,Miscellaneous Trash_159.jpg
D:\Recovered Documents\Moringa\Module 5\Summative2\realwaste\realwaste-main\RealWaste\Miscellaneous Trash\Miscellaneous Trash_359.jpg,Miscellaneous Trash,Miscellaneous Trash_359.jpg
D:\Recovered Documents\Moringa\Module 5\Summative2\realwaste\realwaste-main\RealWaste\Textile Trash\Textile Trash_137.jpg,Textile Trash,Textile Trash_137.jpg
D:\Recovered Documents\Moringa\Module 5\Summative2\realwaste\realwaste-main\RealWaste\Plastic\Plastic_165.jpg,Plastic,Plastic_165.jpg
D:\Recovered Documents\Moringa\Module 5\Summative2\realwaste\realwaste-main\RealWaste\Vegetation\Vegetation_345.jpg,Vegetation,Vegetation_345.jpg
D:\Recovered Documents\Moringa\Module 5\Summative2\realwaste\realwaste-main\RealWaste\Vegetation\Vegetation_436.jpg,Vegetation,Vegetation_436.jpg
D:\Recovered Documents\Moringa\Module 5\Summative2\realwaste\realwaste-main\RealWaste\Textile Trash\Textile Trash_90.jpg,Textile Trash,Textile Trash_90.jpg
D:\Recovered Documents\Moringa\Module 5\Summative2\realwaste\realwaste-main\RealWaste\Metal\Metal_212.jpg,Metal,Metal_212.jpg
D:\Recovered Documents\Moringa\Module 5\Summative2\realwaste\realwaste-main\RealWaste\Paper\Paper_90.jpg,Paper,Paper_90.jpg
D:\Recovered Documents\Moringa\Module 5\Summative2\realwaste\realwaste-main\RealWaste\Plastic\Plastic_24.jpg,Plastic,Plastic_24.jpg
D:\Recovered Documents\Moringa\Module 5\Summative2\realwaste\realwaste-main\RealWaste\Plastic\Plastic_225.jpg,Plastic,Plastic_225.jpg
D:\Recovered Documents\Moringa\Module 5\Summative2\realwaste\realwaste-main\RealWaste\Miscellaneous Trash\Miscellaneous Trash_68.jpg,Miscellaneous Trash,Miscellaneous Trash_68.jpg
D:\Recovered Documents\Moringa\Module 5\Summative2\realwaste\realwaste-main\RealWaste\Textile Trash\Textile Trash_229.jpg,Textile Trash,Textile Trash_229.jpg
D:\Recovered Documents\Moringa\Module 5\Summative2\realwaste\realwaste-main\RealWaste\Paper\Paper_29.jpg,Paper,Paper_29.jpg
D:\Recovered Documents\Moringa\Module 5\Summative2\realwaste\realwaste-main\RealWaste\Glass\Glass_182.jpg,Glass,Glass_182.jpg
D:\Recovered Documents\Moringa\Module 5\Summative2\realwaste\realwaste-main\RealWaste\Plastic\Plastic_240.jpg,Plastic,Plastic_240.jpg
D:\Recovered Documents\Moringa\Module 5\Summative2\realwaste\realwaste-main\RealWaste\Vegetation\Vegetation_269.jpg,Vegetation,Vegetation_269.jpg
D:\Recovered Documents\Moringa\Module 5\Summative2\realwaste\realwaste-main\RealWaste\Glass\Glass_102.jpg,Glass,Glass_102.jpg
D:\Recovered Documents\Moringa\Module 5\Summative2\realwaste\realwaste-main\RealWaste\Food Organics\Food Organics_307.jpg,Food Organics,Food Organics_307.jpg
D:\Recovered Documents\Moringa\Module 5\Summative2\realwaste\realwaste-main\RealWaste\Plastic\Plastic_364.jpg,Plastic,Plastic_364.jpg
D:\Recovered Documents\Moringa\Module 5\Summative2\realwaste\realwaste-main\RealWaste\Paper\Paper_285.jpg,Paper,Paper_285.jpg
D:\Recovered Documents\Moringa\Module 5\Summative2\realwaste\realwaste-main\RealWaste\Miscellaneous Trash\Miscellaneous Trash_134.jpg,Miscellaneous Trash,Miscellaneous Trash_134.jpg
D:\Recovered Documents\Moringa\Module 5\Summative2\realwaste\realwaste-main\RealWaste\Glass\Glass_46.jpg,Glass,Glass_46.jpg
D:\Recovered Documents\Moringa\Module 5\Summative2\realwaste\realwaste-main\RealWaste\Plastic\Plastic_653.jpg,Plastic,Plastic_653.jpg
D:\Recovered Documents\Moringa\Module 5\Summative2\realwaste\realwaste-main\RealWaste\Metal\Metal_130.jpg,Metal,Metal_130.jpg
D:\Recovered Documents\Moringa\Module 5\Summative2\realwaste\realwaste-main\RealWaste\Cardboard\Cardboard_417.jpg,Cardboard,Cardboard_417.jpg
D:\Recovered Documents\Moringa\Module 5\Summative2\realwaste\realwaste-main\RealWaste\Paper\Paper_35.jpg,Paper,Paper_35.jpg
D:\Recovered Documents\Moringa\Module 5\Summative2\realwaste\realwaste-main\RealWaste\Plastic\Plastic_46.jpg,Plastic,Plastic_46.jpg
D:\Recovered Documents\Moringa\Module 5\Summative2\realwaste\realwaste-main\RealWaste\Cardboard\Cardboard_39.jpg,Cardboard,Cardboard_39.jpg
D:\Recovered Documents\Moringa\Module 5\Summative2\realwaste\realwaste-main\RealWaste\Metal\Metal_781.jpg,Metal,Metal_781.jpg
D:\Recovered Documents\Moringa\Module 5\Summative2\realwaste\realwaste-main\RealWaste\Textile Trash\Textile Trash_91.jpg,Textile Trash,Textile Trash_91.jpg
D:\Recovered Documents\Moringa\Module 5\Summative2\realwaste\realwaste-main\RealWaste\Metal\Metal_145.jpg,Metal,Metal_145.jpg
D:\Recovered Documents\Moringa\Module 5\Summative2\realwaste\realwaste-main\RealWaste\Food Organics\Food Organics_314.jpg,Food Organics,Food Organics_314.jpg
D:\Recovered Documents\Moringa\Module 5\Summative2\realwaste\realwaste-main\RealWaste\Paper\Paper_95.jpg,Paper,Paper_95.jpg
D:\Recovered Documents\Moringa\Module 5\Summative2\realwaste\realwaste-main\RealWaste\Metal\Metal_63.jpg,Metal,Metal_63.jpg
D:\Recovered Documents\Moringa\Module 5\Summative2\realwaste\realwaste-main\RealWaste\Miscellaneous Trash\Miscellaneous Trash_420.jpg,Miscellaneous Trash,Miscellaneous Trash_420.jpg
D:\Recovered Documents\Moringa\Module 5\Summative2\realwaste\realwaste-main\RealWaste\Metal\Metal_150.jpg,Metal,Metal_150.jpg
D:\Recovered Documents\Moringa\Module 5\Summative2\realwaste\realwaste-main\RealWaste\Metal\Metal_463.jpg,Metal,Metal_463.jpg
D:\Recovered Documents\Moringa\Module 5\Summative2\realwaste\realwaste-main\RealWaste\Cardboard\Cardboard_307.jpg,Cardboard,Cardboard_307.jpg
D:\Recovered Documents\Moringa\Module 5\Summative2\realwaste\realwaste-main\RealWaste\Food Organics\Food Organics_239.jpg,Food Organics,Food Organics_239.jpg
D:\Recovered Documents\Moringa\Module 5\Summative2\realwaste\realwaste-main\RealWaste\Metal\Metal_651.jpg,Metal,Metal_651.jpg
D:\Recovered Documents\Moringa\Module 5\Summative2\realwaste\realwaste-main\RealWaste\Miscellaneous Trash\Miscellaneous Trash_300.jpg,Miscellaneous Trash,Miscellaneous Trash_300.jpg
D:\Recovered Documents\Moringa\Module 5\Summative2\realwaste\realwaste-main\RealWaste\Plastic\Plastic_264.jpg,Plastic,Plastic_264.jpg
D:\Recovered Documents\Moringa\Module 5\Summative2\realwaste\realwaste-main\RealWaste\Plastic\Plastic_332.jpg,Plastic,Plastic_332.jpg
D:\Recovered Documents\Moringa\Module 5\Summative2\realwaste\realwaste-main\RealWaste\Metal\Metal_550.jpg,Metal,Metal_550.jpg
D:\Recovered Documents\Moringa\Module 5\Summative2\realwaste\realwaste-main\RealWaste\Paper\Paper_323.jpg,Paper,Paper_323.jpg
D:\Recovered Documents\Moringa\Module 5\Summative2\realwaste\realwaste-main\RealWaste\Metal\Metal_410.jpg,Metal,Metal_410.jpg
D:\Recovered Documents\Moringa\Module 5\Summative2\realwaste\realwaste-main\RealWaste\Plastic\Plastic_433.jpg,Plastic,Plastic_433.jpg
D:\Recovered Documents\Moringa\Module 5\Summative2\realwaste\realwaste-main\RealWaste\Miscellaneous Trash\Miscellaneous Trash_341.jpg,Miscellaneous Trash,Miscellaneous Trash_341.jpg
D:\Recovered Documents\Moringa\Module 5\Summative2\realwaste\realwaste-main\RealWaste\Miscellaneous Trash\Miscellaneous Trash_314.jpg,Miscellaneous Trash,Miscellaneous Trash_314.jpg
D:\Recovered Documents\Moringa\Module 5\Summative2\realwaste\realwaste-main\RealWaste\Textile Trash\Textile Trash_235.jpg,Textile Trash,Textile Trash_235.jpg
D:\Recovered Documents\Moringa\Module 5\Summative2\realwaste\realwaste-main\RealWaste\Textile Trash\Textile Trash_58.jpg,Textile Trash,Textile Trash_58.jpg
D:\Recovered Documents\Moringa\Module 5\Summative2\realwaste\realwaste-main\RealWaste\Plastic\Plastic_120.jpg,Plastic,Plastic_120.jpg
D:\Recovered Documents\Moringa\Module 5\Summative2\realwaste\realwaste-main\RealWaste\Miscellaneous Trash\Miscellaneous Trash_336.jpg,Miscellaneous Trash,Miscellaneous Trash_336.jpg
D:\Recovered Documents\Moringa\Module 5\Summative2\realwaste\realwaste-main\RealWaste\Plastic\Plastic_366.jpg,Plastic,Plastic_366.jpg
D:\Recovered Documents\Moringa\Module 5\Summative2\realwaste\realwaste-main\RealWaste\Glass\Glass_14.jpg,Glass,Glass_14.jpg
D:\Recovered Documents\Moringa\Module 5\Summative2\realwaste\realwaste-main\RealWaste\Glass\Glass_398.jpg,Glass,Glass_398.jpg
D:\Recovered Documents\Moringa\Module 5\Summative2\realwaste\realwaste-main\RealWaste\Plastic\Plastic_511.jpg,Plastic,Plastic_511.jpg
D:\Recovered Documents\Moringa\Module 5\Summative2\realwaste\realwaste-main\RealWaste\Plastic\Plastic_647.jpg,Plastic,Plastic_647.jpg
D:\Recovered Documents\Moringa\Module 5\Summative2\realwaste\realwaste-main\RealWaste\Food Organics\Food Organics_62.jpg,Food Organics,Food Organics_62.jpg
D:\Recovered Documents\Moringa\Module 5\Summative2\realwaste\realwaste-main\RealWaste\Miscellaneous Trash\Miscellaneous Trash_12.jpg,Miscellaneous Trash,Miscellaneous Trash_12.jpg
D:\Recovered Documents\Moringa\Module 5\Summative2\realwaste\realwaste-main\RealWaste\Food Organics\Food Organics_132.jpg,Food Organics,Food Organics_132.jpg
D:\Recovered Documents\Moringa\Module 5\Summative2\realwaste\realwaste-main\RealWaste\Glass\Glass_112.jpg,Glass,Glass_112.jpg
D:\Recovered Documents\Moringa\Module 5\Summative2\realwaste\realwaste-main\RealWaste\Vegetation\Vegetation_85.jpg,Vegetation,Vegetation_85.jpg
D:\Recovered Documents\Moringa\Module 5\Summative2\realwaste\realwaste-main\RealWaste\Cardboard\Cardboard_145.jpg,Cardboard,Cardboard_145.jpg
D:\Recovered Documents\Moringa\Module 5\Summative2\realwaste\realwaste-main\RealWaste\Glass\Glass_249.jpg,Glass,Glass_249.jpg
D:\Recovered Documents\Moringa\Module 5\Summative2\realwaste\realwaste-main\RealWaste\Glass\Glass_67.jpg,Glass,Glass_67.jpg
D:\Recovered Documents\Moringa\Module 5\Summative2\realwaste\realwaste-main\RealWaste\Plastic\Plastic_459.jpg,Plastic,Plastic_459.jpg
D:\Recovered Documents\Moringa\Module 5\Summative2\realwaste\realwaste-main\RealWaste\Metal\Metal_706.jpg,Metal,Metal_706.jpg
D:\Recovered Documents\Moringa\Module 5\Summative2\realwaste\realwaste-main\RealWaste\Glass\Glass_325.jpg,Glass,Glass_325.jpg
D:\Recovered Documents\Moringa\Module 5\Summative2\realwaste\realwaste-main\RealWaste\Miscellaneous Trash\Miscellaneous Trash_230.jpg,Miscellaneous Trash,Miscellaneous Trash_230.jpg
D:\Recovered Documents\Moringa\Module 5\Summative2\realwaste\realwaste-main\RealWaste\Metal\Metal_381.jpg,Metal,Metal_381.jpg
D:\Recovered Documents\Moringa\Module 5\Summative2\realwaste\realwaste-main\RealWaste\Metal\Metal_596.jpg,Metal,Metal_596.jpg
D:\Recovered Documents\Moringa\Module 5\Summative2\realwaste\realwaste-main\RealWaste\Metal\Metal_621.jpg,Metal,Metal_621.jpg
D:\Recovered Documents\Moringa\Module 5\Summative2\realwaste\realwaste-main\RealWaste\Paper\Paper_481.jpg,Paper,Paper_481.jpg
D:\Recovered Documents\Moringa\Module 5\Summative2\realwaste\realwaste-main\RealWaste\Metal\Metal_601.jpg,Metal,Metal_601.jpg
D:\Recovered Documents\Moringa\Module 5\Summative2\realwaste\realwaste-main\RealWaste\Plastic\Plastic_283.jpg,Plastic,Plastic_283.jpg
D:\Recovered Documents\Moringa\Module 5\Summative2\realwaste\realwaste-main\RealWaste\Plastic\Plastic_78.jpg,Plastic,Plastic_78.jpg
D:\Recovered Documents\Moringa\Module 5\Summative2\realwaste\realwaste-main\RealWaste\Textile Trash\Textile Trash_210.jpg,Textile Trash,Textile Trash_210.jpg
D:\Recovered Documents\Moringa\Module 5\Summative2\realwaste\realwaste-main\RealWaste\Metal\Metal_677.jpg,Metal,Metal_677.jpg
D:\Recovered Documents\Moringa\Module 5\Summative2\realwaste\realwaste-main\RealWaste\Plastic\Plastic_606.jpg,Plastic,Plastic_606.jpg
D:\Recovered Documents\Moringa\Module 5\Summative2\realwaste\realwaste-main\RealWaste\Food Organics\Food Organics_296.jpg,Food Organics,Food Organics_296.jpg
D:\Recovered Documents\Moringa\Module 5\Summative2\realwaste\realwaste-main\RealWaste\Glass\Glass_244.jpg,Glass,Glass_244.jpg
D:\Recovered Documents\Moringa\Module 5\Summative2\realwaste\realwaste-main\RealWaste\Paper\Paper_62.jpg,Paper,Paper_62.jpg
D:\Recovered Documents\Moringa\Module 5\Summative2\realwaste\realwaste-main\RealWaste\Textile Trash\Textile Trash_273.jpg,Textile Trash,Textile Trash_273.jpg
D:\Recovered Documents\Moringa\Module 5\Summative2\realwaste\realwaste-main\RealWaste\Plastic\Plastic_361.jpg,Plastic,Plastic_361.jpg
D:\Recovered Documents\Moringa\Module 5\Summative2\realwaste\realwaste-main\RealWaste\Glass\Glass_418.jpg,Glass,Glass_418.jpg
D:\Recovered Documents\Moringa\Module 5\Summative2\realwaste\realwaste-main\RealWaste\Miscellaneous Trash\Miscellaneous Trash_306.jpg,Miscellaneous Trash,Miscellaneous Trash_306.jpg
D:\Recovered Documents\Moringa\Module 5\Summative2\realwaste\realwaste-main\RealWaste\Cardboard\Cardboard_199.jpg,Cardboard,Cardboard_199.jpg
D:\Recovered Documents\Moringa\Module 5\Summative2\realwaste\realwaste-main\RealWaste\Plastic\Plastic_699.jpg,Plastic,Plastic_699.jpg
D:\Recovered Documents\Moringa\Module 5\Summative2\realwaste\realwaste-main\RealWaste\Textile Trash\Textile Trash_178.jpg,Textile Trash,Textile Trash_178.jpg
D:\Recovered Documents\Moringa\Module 5\Summative2\realwaste\realwaste-main\RealWaste\Vegetation\Vegetation_103.jpg,Vegetation,Vegetation_103.jpg
D:\Recovered Documents\Moringa\Module 5\Summative2\realwaste\realwaste-main\RealWaste\Metal\Metal_278.jpg,Metal,Metal_278.jpg
D:\Recovered Documents\Moringa\Module 5\Summative2\realwaste\realwaste-main\RealWaste\Metal\Metal_645.jpg,Metal,Metal_645.jpg
D:\Recovered Documents\Moringa\Module 5\Summative2\realwaste\realwaste-main\RealWaste\Vegetation\Vegetation_337.jpg,Vegetation,Vegetation_337.jpg
D:\Recovered Documents\Moringa\Module 5\Summative2\realwaste\realwaste-main\RealWaste\Miscellaneous Trash\Miscellaneous Trash_470.jpg,Miscellaneous Trash,Miscellaneous Trash_470.jpg
D:\Recovered Documents\Moringa\Module 5\Summative2\realwaste\realwaste-main\RealWaste\Glass\Glass_83.jpg,Glass,Glass_83.jpg
D:\Recovered Documents\Moringa\Module 5\Summative2\realwaste\realwaste-main\RealWaste\Plastic\Plastic_690.jpg,Plastic,Plastic_690.jpg
D:\Recovered Documents\Moringa\Module 5\Summative2\realwaste\realwaste-main\RealWaste\Metal\Metal_704.jpg,Metal,Metal_704.jpg
D:\Recovered Documents\Moringa\Module 5\Summative2\realwaste\realwaste-main\RealWaste\Paper\Paper_385.jpg,Paper,Paper_385.jpg
D:\Recovered Documents\Moringa\Module 5\Summative2\realwaste\realwaste-main\RealWaste\Plastic\Plastic_156.jpg,Plastic,Plastic_156.jpg
D:\Recovered Documents\Moringa\Module 5\Summative2\realwaste\realwaste-main\RealWaste\Paper\Paper_258.jpg,Paper,Paper_258.jpg
D:\Recovered Documents\Moringa\Module 5\Summative2\realwaste\realwaste-main\RealWaste\Food Organics\Food Organics_171.jpg,Food Organics,Food Organics_171.jpg
D:\Recovered Documents\Moringa\Module 5\Summative2\realwaste\realwaste-main\RealWaste\Plastic\Plastic_183.jpg,Plastic,Plastic_183.jpg
D:\Recovered Documents\Moringa\Module 5\Summative2\realwaste\realwaste-main\RealWaste\Miscellaneous Trash\Miscellaneous Trash_321.jpg,Miscellaneous Trash,Miscellaneous Trash_321.jpg
D:\Recovered Documents\Moringa\Module 5\Summative2\realwaste\realwaste-main\RealWaste\Cardboard\Cardboard_441.jpg,Cardboard,Cardboard_441.jpg
D:\Recovered Documents\Moringa\Module 5\Summative2\realwaste\realwaste-main\RealWaste\Vegetation\Vegetation_44.jpg,Vegetation,Vegetation_44.jpg
D:\Recovered Documents\Moringa\Module 5\Summative2\realwaste\realwaste-main\RealWaste\Plastic\Plastic_81.jpg,Plastic,Plastic_81.jpg
D:\Recovered Documents\Moringa\Module 5\Summative2\realwaste\realwaste-main\RealWaste\Cardboard\Cardboard_187.jpg,Cardboard,Cardboard_187.jpg
D:\Recovered Documents\Moringa\Module 5\Summative2\realwaste\realwaste-main\RealWaste\Miscellaneous Trash\Miscellaneous Trash_329.jpg,Miscellaneous Trash,Miscellaneous Trash_329.jpg
D:\Recovered Documents\Moringa\Module 5\Summative2\realwaste\realwaste-main\RealWaste\Glass\Glass_257.jpg,Glass,Glass_257.jpg
D:\Recovered Documents\Moringa\Module 5\Summative2\realwaste\realwaste-main\RealWaste\Food Organics\Food Organics_223.jpg,Food Organics,Food Organics_223.jpg
D:\Recovered Documents\Moringa\Module 5\Summative2\realwaste\realwaste-main\RealWaste\Metal\Metal_22.jpg,Metal,Metal_22.jpg
D:\Recovered Documents\Moringa\Module 5\Summative2\realwaste\realwaste-main\RealWaste\Metal\Metal_383.jpg,Metal,Metal_383.jpg
D:\Recovered Documents\Moringa\Module 5\Summative2\realwaste\realwaste-main\RealWaste\Metal\Metal_682.jpg,Metal,Metal_682.jpg
D:\Recovered Documents\Moringa\Module 5\Summative2\realwaste\realwaste-main\RealWaste\Glass\Glass_269.jpg,Glass,Glass_269.jpg
D:\Recovered Documents\Moringa\Module 5\Summative2\realwaste\realwaste-main\RealWaste\Vegetation\Vegetation_302.jpg,Vegetation,Vegetation_302.jpg
D:\Recovered Documents\Moringa\Module 5\Summative2\realwaste\realwaste-main\RealWaste\Cardboard\Cardboard_319.jpg,Cardboard,Cardboard_319.jpg
D:\Recovered Documents\Moringa\Module 5\Summative2\realwaste\realwaste-main\RealWaste\Metal\Metal_591.jpg,Metal,Metal_591.jpg
D:\Recovered Documents\Moringa\Module 5\Summative2\realwaste\realwaste-main\RealWaste\Food Organics\Food Organics_191.jpg,Food Organics,Food Organics_191.jpg
D:\Recovered Documents\Moringa\Module 5\Summative2\realwaste\realwaste-main\RealWaste\Vegetation\Vegetation_225.jpg,Vegetation,Vegetation_225.jpg
D:\Recovered Documents\Moringa\Module 5\Summative2\realwaste\realwaste-main\RealWaste\Paper\Paper_58.jpg,Paper,Paper_58.jpg
D:\Recovered Documents\Moringa\Module 5\Summative2\realwaste\realwaste-main\RealWaste\Plastic\Plastic_685.jpg,Plastic,Plastic_685.jpg
D:\Recovered Documents\Moringa\Module 5\Summative2\realwaste\realwaste-main\RealWaste\Paper\Paper_154.jpg,Paper,Paper_154.jpg
D:\Recovered Documents\Moringa\Module 5\Summative2\realwaste\realwaste-main\RealWaste\Food Organics\Food Organics_226.jpg,Food Organics,Food Organics_226.jpg
D:\Recovered Documents\Moringa\Module 5\Summative2\realwaste\realwaste-main\RealWaste\Food Organics\Food Organics_315.jpg,Food Organics,Food Organics_315.jpg
D:\Recovered Documents\Moringa\Module 5\Summative2\realwaste\realwaste-main\RealWaste\Cardboard\Cardboard_180.jpg,Cardboard,Cardboard_180.jpg
D:\Recovered Documents\Moringa\Module 5\Summative2\realwaste\realwaste-main\RealWaste\Miscellaneous Trash\Miscellaneous Trash_98.jpg,Miscellaneous Trash,Miscellaneous Trash_98.jpg
D:\Recovered Documents\Moringa\Module 5\Summative2\realwaste\realwaste-main\RealWaste\Glass\Glass_286.jpg,Glass,Glass_286.jpg
D:\Recovered Documents\Moringa\Module 5\Summative2\realwaste\realwaste-main\RealWaste\Cardboard\Cardboard_287.jpg,Cardboard,Cardboard_287.jpg
D:\Recovered Documents\Moringa\Module 5\Summative2\realwaste\realwaste-main\RealWaste\Glass\Glass_138.jpg,Glass,Glass_138.jpg
D:\Recovered Documents\Moringa\Module 5\Summative2\realwaste\realwaste-main\RealWaste\Plastic\Plastic_693.jpg,Plastic,Plastic_693.jpg
D:\Recovered Documents\Moringa\Module 5\Summative2\realwaste\realwaste-main\RealWaste\Cardboard\Cardboard_137.jpg,Cardboard,Cardboard_137.jpg
D:\Recovered Documents\Moringa\Module 5\Summative2\realwaste\realwaste-main\RealWaste\Miscellaneous Trash\Miscellaneous Trash_398.jpg,Miscellaneous Trash,Miscellaneous Trash_398.jpg
D:\Recovered Documents\Moringa\Module 5\Summative2\realwaste\realwaste-main\RealWaste\Plastic\Plastic_725.jpg,Plastic,Plastic_725.jpg
D:\Recovered Documents\Moringa\Module 5\Summative2\realwaste\realwaste-main\RealWaste\Plastic\Plastic_757.jpg,Plastic,Plastic_757.jpg
D:\Recovered Documents\Moringa\Module 5\Summative2\realwaste\realwaste-main\RealWaste\Cardboard\Cardboard_150.jpg,Cardboard,Cardboard_150.jpg
D:\Recovered Documents\Moringa\Module 5\Summative2\realwaste\realwaste-main\RealWaste\Miscellaneous Trash\Miscellaneous Trash_293.jpg,Miscellaneous Trash,Miscellaneous Trash_293.jpg
D:\Recovered Documents\Moringa\Module 5\Summative2\realwaste\realwaste-main\RealWaste\Cardboard\Cardboard_232.jpg,Cardboard,Cardboard_232.jpg
D:\Recovered Documents\Moringa\Module 5\Summative2\realwaste\realwaste-main\RealWaste\Vegetation\Vegetation_191.jpg,Vegetation,Vegetation_191.jpg
D:\Recovered Documents\Moringa\Module 5\Summative2\realwaste\realwaste-main\RealWaste\Vegetation\Vegetation_64.jpg,Vegetation,Vegetation_64.jpg
D:\Recovered Documents\Moringa\Module 5\Summative2\realwaste\realwaste-main\RealWaste\Paper\Paper_165.jpg,Paper,Paper_165.jpg
D:\Recovered Documents\Moringa\Module 5\Summative2\realwaste\realwaste-main\RealWaste\Metal\Metal_128.jpg,Metal,Metal_128.jpg
D:\Recovered Documents\Moringa\Module 5\Summative2\realwaste\realwaste-main\RealWaste\Textile Trash\Textile Trash_296.jpg,Textile Trash,Textile Trash_296.jpg
D:\Recovered Documents\Moringa\Module 5\Summative2\realwaste\realwaste-main\RealWaste\Miscellaneous Trash\Miscellaneous Trash_105.jpg,Miscellaneous Trash,Miscellaneous Trash_105.jpg
D:\Recovered Documents\Moringa\Module 5\Summative2\realwaste\realwaste-main\RealWaste\Paper\Paper_88.jpg,Paper,Paper_88.jpg
D:\Recovered Documents\Moringa\Module 5\Summative2\realwaste\realwaste-main\RealWaste\Paper\Paper_260.jpg,Paper,Paper_260.jpg
D:\Recovered Documents\Moringa\Module 5\Summative2\realwaste\realwaste-main\RealWaste\Miscellaneous Trash\Miscellaneous Trash_408.jpg,Miscellaneous Trash,Miscellaneous Trash_408.jpg
D:\Recovered Documents\Moringa\Module 5\Summative2\realwaste\realwaste-main\RealWaste\Metal\Metal_289.jpg,Metal,Metal_289.jpg
D:\Recovered Documents\Moringa\Module 5\Summative2\realwaste\realwaste-main\RealWaste\Cardboard\Cardboard_447.jpg,Cardboard,Cardboard_447.jpg
D:\Recovered Documents\Moringa\Module 5\Summative2\realwaste\realwaste-main\RealWaste\Plastic\Plastic_14.jpg,Plastic,Plastic_14.jpg
D:\Recovered Documents\Moringa\Module 5\Summative2\realwaste\realwaste-main\RealWaste\Food Organics\Food Organics_194.jpg,Food Organics,Food Organics_194.jpg
D:\Recovered Documents\Moringa\Module 5\Summative2\realwaste\realwaste-main\RealWaste\Plastic\Plastic_589.jpg,Plastic,Plastic_589.jpg
D:\Recovered Documents\Moringa\Module 5\Summative2\realwaste\realwaste-main\RealWaste\Glass\Glass_290.jpg,Glass,Glass_290.jpg
D:\Recovered Documents\Moringa\Module 5\Summative2\realwaste\realwaste-main\RealWaste\Paper\Paper_218.jpg,Paper,Paper_218.jpg
D:\Recovered Documents\Moringa\Module 5\Summative2\realwaste\realwaste-main\RealWaste\Metal\Metal_660.jpg,Metal,Metal_660.jpg
D:\Recovered Documents\Moringa\Module 5\Summative2\realwaste\realwaste-main\RealWaste\Metal\Metal_594.jpg,Metal,Metal_594.jpg
D:\Recovered Documents\Moringa\Module 5\Summative2\realwaste\realwaste-main\RealWaste\Metal\Metal_401.jpg,Metal,Metal_401.jpg
D:\Recovered Documents\Moringa\Module 5\Summative2\realwaste\realwaste-main\RealWaste\Metal\Metal_308.jpg,Metal,Metal_308.jpg
D:\Recovered Documents\Moringa\Module 5\Summative2\realwaste\realwaste-main\RealWaste\Miscellaneous Trash\Miscellaneous Trash_153.jpg,Miscellaneous Trash,Miscellaneous Trash_153.jpg
D:\Recovered Documents\Moringa\Module 5\Summative2\realwaste\realwaste-main\RealWaste\Metal\Metal_189.jpg,Metal,Metal_189.jpg
D:\Recovered Documents\Moringa\Module 5\Summative2\realwaste\realwaste-main\RealWaste\Metal\Metal_68.jpg,Metal,Metal_68.jpg
D:\Recovered Documents\Moringa\Module 5\Summative2\realwaste\realwaste-main\RealWaste\Plastic\Plastic_842.jpg,Plastic,Plastic_842.jpg
D:\Recovered Documents\Moringa\Module 5\Summative2\realwaste\realwaste-main\RealWaste\Cardboard\Cardboard_358.jpg,Cardboard,Cardboard_358.jpg
D:\Recovered Documents\Moringa\Module 5\Summative2\realwaste\realwaste-main\RealWaste\Glass\Glass_238.jpg,Glass,Glass_238.jpg
D:\Recovered Documents\Moringa\Module 5\Summative2\realwaste\realwaste-main\RealWaste\Plastic\Plastic_118.jpg,Plastic,Plastic_118.jpg
D:\Recovered Documents\Moringa\Module 5\Summative2\realwaste\realwaste-main\RealWaste\Vegetation\Vegetation_202.jpg,Vegetation,Vegetation_202.jpg
D:\Recovered Documents\Moringa\Module 5\Summative2\realwaste\realwaste-main\RealWaste\Textile Trash\Textile Trash_124.jpg,Textile Trash,Textile Trash_124.jpg
D:\Recovered Documents\Moringa\Module 5\Summative2\realwaste\realwaste-main\RealWaste\Paper\Paper_367.jpg,Paper,Paper_367.jpg
D:\Recovered Documents\Moringa\Module 5\Summative2\realwaste\realwaste-main\RealWaste\Plastic\Plastic_515.jpg,Plastic,Plastic_515.jpg
D:\Recovered Documents\Moringa\Module 5\Summative2\realwaste\realwaste-main\RealWaste\Cardboard\Cardboard_261.jpg,Cardboard,Cardboard_261.jpg
D:\Recovered Documents\Moringa\Module 5\Summative2\realwaste\realwaste-main\RealWaste\Food Organics\Food Organics_220.jpg,Food Organics,Food Organics_220.jpg
D:\Recovered Documents\Moringa\Module 5\Summative2\realwaste\realwaste-main\RealWaste\Food Organics\Food Organics_148.jpg,Food Organics,Food Organics_148.jpg
D:\Recovered Documents\Moringa\Module 5\Summative2\realwaste\realwaste-main\RealWaste\Plastic\Plastic_449.jpg,Plastic,Plastic_449.jpg
D:\Recovered Documents\Moringa\Module 5\Summative2\realwaste\realwaste-main\RealWaste\Textile Trash\Textile Trash_53.jpg,Textile Trash,Textile Trash_53.jpg
D:\Recovered Documents\Moringa\Module 5\Summative2\realwaste\realwaste-main\RealWaste\Paper\Paper_134.jpg,Paper,Paper_134.jpg
D:\Recovered Documents\Moringa\Module 5\Summative2\realwaste\realwaste-main\RealWaste\Glass\Glass_128.jpg,Glass,Glass_128.jpg
D:\Recovered Documents\Moringa\Module 5\Summative2\realwaste\realwaste-main\RealWaste\Paper\Paper_449.jpg,Paper,Paper_449.jpg
D:\Recovered Documents\Moringa\Module 5\Summative2\realwaste\realwaste-main\RealWaste\Plastic\Plastic_826.jpg,Plastic,Plastic_826.jpg
D:\Recovered Documents\Moringa\Module 5\Summative2\realwaste\realwaste-main\RealWaste\Paper\Paper_157.jpg,Paper,Paper_157.jpg
D:\Recovered Documents\Moringa\Module 5\Summative2\realwaste\realwaste-main\RealWaste\Textile Trash\Textile Trash_207.jpg,Textile Trash,Textile Trash_207.jpg
D:\Recovered Documents\Moringa\Module 5\Summative2\realwaste\realwaste-main\RealWaste\Paper\Paper_56.jpg,Paper,Paper_56.jpg
D:\Recovered Documents\Moringa\Module 5\Summative2\realwaste\realwaste-main\RealWaste\Metal\Metal_702.jpg,Metal,Metal_702.jpg
D:\Recovered Documents\Moringa\Module 5\Summative2\realwaste\realwaste-main\RealWaste\Textile Trash\Textile Trash_50.jpg,Textile Trash,Textile Trash_50.jpg
D:\Recovered Documents\Moringa\Module 5\Summative2\realwaste\realwaste-main\RealWaste\Food Organics\Food Organics_152.jpg,Food Organics,Food Organics_152.jpg
D:\Recovered Documents\Moringa\Module 5\Summative2\realwaste\realwaste-main\RealWaste\Miscellaneous Trash\Miscellaneous Trash_42.jpg,Miscellaneous Trash,Miscellaneous Trash_42.jpg
D:\Recovered Documents\Moringa\Module 5\Summative2\realwaste\realwaste-main\RealWaste\Miscellaneous Trash\Miscellaneous Trash_312.jpg,Miscellaneous Trash,Miscellaneous Trash_312.jpg
D:\Recovered Documents\Moringa\Module 5\Summative2\realwaste\realwaste-main\RealWaste\Cardboard\Cardboard_353.jpg,Cardboard,Cardboard_353.jpg
D:\Recovered Documents\Moringa\Module 5\Summative2\realwaste\realwaste-main\RealWaste\Food Organics\Food Organics_340.jpg,Food Organics,Food Organics_340.jpg
D:\Recovered Documents\Moringa\Module 5\Summative2\realwaste\realwaste-main\RealWaste\Plastic\Plastic_82.jpg,Plastic,Plastic_82.jpg
D:\Recovered Documents\Moringa\Module 5\Summative2\realwaste\realwaste-main\RealWaste\Food Organics\Food Organics_398.jpg,Food Organics,Food Organics_398.jpg
D:\Recovered Documents\Moringa\Module 5\Summative2\realwaste\realwaste-main\RealWaste\Food Organics\Food Organics_61.jpg,Food Organics,Food Organics_61.jpg
D:\Recovered Documents\Moringa\Module 5\Summative2\realwaste\realwaste-main\RealWaste\Food Organics\Food Organics_347.jpg,Food Organics,Food Organics_347.jpg
D:\Recovered Documents\Moringa\Module 5\Summative2\realwaste\realwaste-main\RealWaste\Cardboard\Cardboard_399.jpg,Cardboard,Cardboard_399.jpg
D:\Recovered Documents\Moringa\Module 5\Summative2\realwaste\realwaste-main\RealWaste\Glass\Glass_162.jpg,Glass,Glass_162.jpg
D:\Recovered Documents\Moringa\Module 5\Summative2\realwaste\realwaste-main\RealWaste\Textile Trash\Textile Trash_139.jpg,Textile Trash,Textile Trash_139.jpg
D:\Recovered Documents\Moringa\Module 5\Summative2\realwaste\realwaste-main\RealWaste\Miscellaneous Trash\Miscellaneous Trash_490.jpg,Miscellaneous Trash,Miscellaneous Trash_490.jpg
D:\Recovered Documents\Moringa\Module 5\Summative2\realwaste\realwaste-main\RealWaste\Paper\Paper_182.jpg,Paper,Paper_182.jpg
D:\Recovered Documents\Moringa\Module 5\Summative2\realwaste\realwaste-main\RealWaste\Glass\Glass_417.jpg,Glass,Glass_417.jpg
D:\Recovered Documents\Moringa\Module 5\Summative2\realwaste\realwaste-main\RealWaste\Food Organics\Food Organics_313.jpg,Food Organics,Food Organics_313.jpg
D:\Recovered Documents\Moringa\Module 5\Summative2\realwaste\realwaste-main\RealWaste\Textile Trash\Textile Trash_82.jpg,Textile Trash,Textile Trash_82.jpg
D:\Recovered Documents\Moringa\Module 5\Summative2\realwaste\realwaste-main\RealWaste\Paper\Paper_170.jpg,Paper,Paper_170.jpg
D:\Recovered Documents\Moringa\Module 5\Summative2\realwaste\realwaste-main\RealWaste\Plastic\Plastic_827.jpg,Plastic,Plastic_827.jpg
D:\Recovered Documents\Moringa\Module 5\Summative2\realwaste\realwaste-main\RealWaste\Vegetation\Vegetation_101.jpg,Vegetation,Vegetation_101.jpg
D:\Recovered Documents\Moringa\Module 5\Summative2\realwaste\realwaste-main\RealWaste\Cardboard\Cardboard_36.jpg,Cardboard,Cardboard_36.jpg
D:\Recovered Documents\Moringa\Module 5\Summative2\realwaste\realwaste-main\RealWaste\Paper\Paper_442.jpg,Paper,Paper_442.jpg
D:\Recovered Documents\Moringa\Module 5\Summative2\realwaste\realwaste-main\RealWaste\Plastic\Plastic_581.jpg,Plastic,Plastic_581.jpg
D:\Recovered Documents\Moringa\Module 5\Summative2\realwaste\realwaste-main\RealWaste\Glass\Glass_201.jpg,Glass,Glass_201.jpg
D:\Recovered Documents\Moringa\Module 5\Summative2\realwaste\realwaste-main\RealWaste\Glass\Glass_251.jpg,Glass,Glass_251.jpg
D:\Recovered Documents\Moringa\Module 5\Summative2\realwaste\realwaste-main\RealWaste\Miscellaneous Trash\Miscellaneous Trash_101.jpg,Miscellaneous Trash,Miscellaneous Trash_101.jpg
D:\Recovered Documents\Moringa\Module 5\Summative2\realwaste\realwaste-main\RealWaste\Metal\Metal_411.jpg,Metal,Metal_411.jpg
D:\Recovered Documents\Moringa\Module 5\Summative2\realwaste\realwaste-main\RealWaste\Food Organics\Food Organics_31.jpg,Food Organics,Food Organics_31.jpg
D:\Recovered Documents\Moringa\Module 5\Summative2\realwaste\realwaste-main\RealWaste\Glass\Glass_192.jpg,Glass,Glass_192.jpg
D:\Recovered Documents\Moringa\Module 5\Summative2\realwaste\realwaste-main\RealWaste\Metal\Metal_203.jpg,Metal,Metal_203.jpg
D:\Recovered Documents\Moringa\Module 5\Summative2\realwaste\realwaste-main\RealWaste\Vegetation\Vegetation_204.jpg,Vegetation,Vegetation_204.jpg
D:\Recovered Documents\Moringa\Module 5\Summative2\realwaste\realwaste-main\RealWaste\Textile Trash\Textile Trash_11.jpg,Textile Trash,Textile Trash_11.jpg
D:\Recovered Documents\Moringa\Module 5\Summative2\realwaste\realwaste-main\RealWaste\Vegetation\Vegetation_363.jpg,Vegetation,Vegetation_363.jpg
D:\Recovered Documents\Moringa\Module 5\Summative2\realwaste\realwaste-main\RealWaste\Vegetation\Vegetation_210.jpg,Vegetation,Vegetation_210.jpg
D:\Recovered Documents\Moringa\Module 5\Summative2\realwaste\realwaste-main\RealWaste\Textile Trash\Textile Trash_4.jpg,Textile Trash,Textile Trash_4.jpg
D:\Recovered Documents\Moringa\Module 5\Summative2\realwaste\realwaste-main\RealWaste\Miscellaneous Trash\Miscellaneous Trash_158.jpg,Miscellaneous Trash,Miscellaneous Trash_158.jpg
D:\Recovered Documents\Moringa\Module 5\Summative2\realwaste\realwaste-main\RealWaste\Glass\Glass_71.jpg,Glass,Glass_71.jpg
D:\Recovered Documents\Moringa\Module 5\Summative2\realwaste\realwaste-main\RealWaste\Plastic\Plastic_93.jpg,Plastic,Plastic_93.jpg
D:\Recovered Documents\Moringa\Module 5\Summative2\realwaste\realwaste-main\RealWaste\Paper\Paper_467.jpg,Paper,Paper_467.jpg
D:\Recovered Documents\Moringa\Module 5\Summative2\realwaste\realwaste-main\RealWaste\Miscellaneous Trash\Miscellaneous Trash_197.jpg,Miscellaneous Trash,Miscellaneous Trash_197.jpg
D:\Recovered Documents\Moringa\Module 5\Summative2\realwaste\realwaste-main\RealWaste\Vegetation\Vegetation_55.jpg,Vegetation,Vegetation_55.jpg
D:\Recovered Documents\Moringa\Module 5\Summative2\realwaste\realwaste-main\RealWaste\Glass\Glass_135.jpg,Glass,Glass_135.jpg
D:\Recovered Documents\Moringa\Module 5\Summative2\realwaste\realwaste-main\RealWaste\Cardboard\Cardboard_47.jpg,Cardboard,Cardboard_47.jpg
D:\Recovered Documents\Moringa\Module 5\Summative2\realwaste\realwaste-main\RealWaste\Cardboard\Cardboard_338.jpg,Cardboard,Cardboard_338.jpg
D:\Recovered Documents\Moringa\Module 5\Summative2\realwaste\realwaste-main\RealWaste\Vegetation\Vegetation_320.jpg,Vegetation,Vegetation_320.jpg
D:\Recovered Documents\Moringa\Module 5\Summative2\realwaste\realwaste-main\RealWaste\Plastic\Plastic_302.jpg,Plastic,Plastic_302.jpg
D:\Recovered Documents\Moringa\Module 5\Summative2\realwaste\realwaste-main\RealWaste\Vegetation\Vegetation_308.jpg,Vegetation,Vegetation_308.jpg
D:\Recovered Documents\Moringa\Module 5\Summative2\realwaste\realwaste-main\RealWaste\Food Organics\Food Organics_69.jpg,Food Organics,Food Organics_69.jpg
D:\Recovered Documents\Moringa\Module 5\Summative2\realwaste\realwaste-main\RealWaste\Glass\Glass_393.jpg,Glass,Glass_393.jpg
D:\Recovered Documents\Moringa\Module 5\Summative2\realwaste\realwaste-main\RealWaste\Metal\Metal_45.jpg,Metal,Metal_45.jpg
D:\Recovered Documents\Moringa\Module 5\Summative2\realwaste\realwaste-main\RealWaste\Textile Trash\Textile Trash_161.jpg,Textile Trash,Textile Trash_161.jpg
D:\Recovered Documents\Moringa\Module 5\Summative2\realwaste\realwaste-main\RealWaste\Plastic\Plastic_498.jpg,Plastic,Plastic_498.jpg
D:\Recovered Documents\Moringa\Module 5\Summative2\realwaste\realwaste-main\RealWaste\Food Organics\Food Organics_361.jpg,Food Organics,Food Organics_361.jpg
D:\Recovered Documents\Moringa\Module 5\Summative2\realwaste\realwaste-main\RealWaste\Cardboard\Cardboard_423.jpg,Cardboard,Cardboard_423.jpg
D:\Recovered Documents\Moringa\Module 5\Summative2\realwaste\realwaste-main\RealWaste\Miscellaneous Trash\Miscellaneous Trash_404.jpg,Miscellaneous Trash,Miscellaneous Trash_404.jpg
D:\Recovered Documents\Moringa\Module 5\Summative2\realwaste\realwaste-main\RealWaste\Metal\Metal_342.jpg,Metal,Metal_342.jpg
D:\Recovered Documents\Moringa\Module 5\Summative2\realwaste\realwaste-main\RealWaste\Miscellaneous Trash\Miscellaneous Trash_307.jpg,Miscellaneous Trash,Miscellaneous Trash_307.jpg
D:\Recovered Documents\Moringa\Module 5\Summative2\realwaste\realwaste-main\RealWaste\Food Organics\Food Organics_72.jpg,Food Organics,Food Organics_72.jpg
D:\Recovered Documents\Moringa\Module 5\Summative2\realwaste\realwaste-main\RealWaste\Miscellaneous Trash\Miscellaneous Trash_248.jpg,Miscellaneous Trash,Miscellaneous Trash_248.jpg
D:\Recovered Documents\Moringa\Module 5\Summative2\realwaste\realwaste-main\RealWaste\Metal\Metal_167.jpg,Metal,Metal_167.jpg
D:\Recovered Documents\Moringa\Module 5\Summative2\realwaste\realwaste-main\RealWaste\Miscellaneous Trash\Miscellaneous Trash_431.jpg,Miscellaneous Trash,Miscellaneous Trash_431.jpg
D:\Recovered Documents\Moringa\Module 5\Summative2\realwaste\realwaste-main\RealWaste\Textile Trash\Textile Trash_1.jpg,Textile Trash,Textile Trash_1.jpg
D:\Recovered Documents\Moringa\Module 5\Summative2\realwaste\realwaste-main\RealWaste\Vegetation\Vegetation_158.jpg,Vegetation,Vegetation_158.jpg
D:\Recovered Documents\Moringa\Module 5\Summative2\realwaste\realwaste-main\RealWaste\Cardboard\Cardboard_212.jpg,Cardboard,Cardboard_212.jpg
D:\Recovered Documents\Moringa\Module 5\Summative2\realwaste\realwaste-main\RealWaste\Plastic\Plastic_122.jpg,Plastic,Plastic_122.jpg
D:\Recovered Documents\Moringa\Module 5\Summative2\realwaste\realwaste-main\RealWaste\Vegetation\Vegetation_343.jpg,Vegetation,Vegetation_343.jpg
D:\Recovered Documents\Moringa\Module 5\Summative2\realwaste\realwaste-main\RealWaste\Textile Trash\Textile Trash_257.jpg,Textile Trash,Textile Trash_257.jpg
D:\Recovered Documents\Moringa\Module 5\Summative2\realwaste\realwaste-main\RealWaste\Food Organics\Food Organics_23.jpg,Food Organics,Food Organics_23.jpg
D:\Recovered Documents\Moringa\Module 5\Summative2\realwaste\realwaste-main\RealWaste\Metal\Metal_417.jpg,Metal,Metal_417.jpg
D:\Recovered Documents\Moringa\Module 5\Summative2\realwaste\realwaste-main\RealWaste\Metal\Metal_81.jpg,Metal,Metal_81.jpg
D:\Recovered Documents\Moringa\Module 5\Summative2\realwaste\realwaste-main\RealWaste\Metal\Metal_250.jpg,Metal,Metal_250.jpg
D:\Recovered Documents\Moringa\Module 5\Summative2\realwaste\realwaste-main\RealWaste\Cardboard\Cardboard_156.jpg,Cardboard,Cardboard_156.jpg
D:\Recovered Documents\Moringa\Module 5\Summative2\realwaste\realwaste-main\RealWaste\Plastic\Plastic_293.jpg,Plastic,Plastic_293.jpg
D:\Recovered Documents\Moringa\Module 5\Summative2\realwaste\realwaste-main\RealWaste\Food Organics\Food Organics_162.jpg,Food Organics,Food Organics_162.jpg
D:\Recovered Documents\Moringa\Module 5\Summative2\realwaste\realwaste-main\RealWaste\Plastic\Plastic_789.jpg,Plastic,Plastic_789.jpg
D:\Recovered Documents\Moringa\Module 5\Summative2\realwaste\realwaste-main\RealWaste\Food Organics\Food Organics_268.jpg,Food Organics,Food Organics_268.jpg
D:\Recovered Documents\Moringa\Module 5\Summative2\realwaste\realwaste-main\RealWaste\Plastic\Plastic_622.jpg,Plastic,Plastic_622.jpg
D:\Recovered Documents\Moringa\Module 5\Summative2\realwaste\realwaste-main\RealWaste\Cardboard\Cardboard_228.jpg,Cardboard,Cardboard_228.jpg
D:\Recovered Documents\Moringa\Module 5\Summative2\realwaste\realwaste-main\RealWaste\Vegetation\Vegetation_376.jpg,Vegetation,Vegetation_376.jpg
D:\Recovered Documents\Moringa\Module 5\Summative2\realwaste\realwaste-main\RealWaste\Glass\Glass_365.jpg,Glass,Glass_365.jpg
D:\Recovered Documents\Moringa\Module 5\Summative2\realwaste\realwaste-main\RealWaste\Cardboard\Cardboard_217.jpg,Cardboard,Cardboard_217.jpg
D:\Recovered Documents\Moringa\Module 5\Summative2\realwaste\realwaste-main\RealWaste\Metal\Metal_507.jpg,Metal,Metal_507.jpg
D:\Recovered Documents\Moringa\Module 5\Summative2\realwaste\realwaste-main\RealWaste\Textile Trash\Textile Trash_143.jpg,Textile Trash,Textile Trash_143.jpg
D:\Recovered Documents\Moringa\Module 5\Summative2\realwaste\realwaste-main\RealWaste\Vegetation\Vegetation_236.jpg,Vegetation,Vegetation_236.jpg
D:\Recovered Documents\Moringa\Module 5\Summative2\realwaste\realwaste-main\RealWaste\Paper\Paper_117.jpg,Paper,Paper_117.jpg
D:\Recovered Documents\Moringa\Module 5\Summative2\realwaste\realwaste-main\RealWaste\Plastic\Plastic_663.jpg,Plastic,Plastic_663.jpg
D:\Recovered Documents\Moringa\Module 5\Summative2\realwaste\realwaste-main\RealWaste\Food Organics\Food Organics_113.jpg,Food Organics,Food Organics_113.jpg
D:\Recovered Documents\Moringa\Module 5\Summative2\realwaste\realwaste-main\RealWaste\Cardboard\Cardboard_46.jpg,Cardboard,Cardboard_46.jpg
D:\Recovered Documents\Moringa\Module 5\Summative2\realwaste\realwaste-main\RealWaste\Plastic\Plastic_139.jpg,Plastic,Plastic_139.jpg
D:\Recovered Documents\Moringa\Module 5\Summative2\realwaste\realwaste-main\RealWaste\Vegetation\Vegetation_28.jpg,Vegetation,Vegetation_28.jpg
D:\Recovered Documents\Moringa\Module 5\Summative2\realwaste\realwaste-main\RealWaste\Metal\Metal_557.jpg,Metal,Metal_557.jpg
D:\Recovered Documents\Moringa\Module 5\Summative2\realwaste\realwaste-main\RealWaste\Textile Trash\Textile Trash_13.jpg,Textile Trash,Textile Trash_13.jpg
D:\Recovered Documents\Moringa\Module 5\Summative2\realwaste\realwaste-main\RealWaste\Paper\Paper_173.jpg,Paper,Paper_173.jpg
D:\Recovered Documents\Moringa\Module 5\Summative2\realwaste\realwaste-main\RealWaste\Cardboard\Cardboard_225.jpg,Cardboard,Cardboard_225.jpg
D:\Recovered Documents\Moringa\Module 5\Summative2\realwaste\realwaste-main\RealWaste\Cardboard\Cardboard_192.jpg,Cardboard,Cardboard_192.jpg
D:\Recovered Documents\Moringa\Module 5\Summative2\realwaste\realwaste-main\RealWaste\Plastic\Plastic_2.jpg,Plastic,Plastic_2.jpg
D:\Recovered Documents\Moringa\Module 5\Summative2\realwaste\realwaste-main\RealWaste\Metal\Metal_50.jpg,Metal,Metal_50.jpg
D:\Recovered Documents\Moringa\Module 5\Summative2\realwaste\realwaste-main\RealWaste\Vegetation\Vegetation_374.jpg,Vegetation,Vegetation_374.jpg
D:\Recovered Documents\Moringa\Module 5\Summative2\realwaste\realwaste-main\RealWaste\Food Organics\Food Organics_383.jpg,Food Organics,Food Organics_383.jpg
D:\Recovered Documents\Moringa\Module 5\Summative2\realwaste\realwaste-main\RealWaste\Food Organics\Food Organics_345.jpg,Food Organics,Food Organics_345.jpg
D:\Recovered Documents\Moringa\Module 5\Summative2\realwaste\realwaste-main\RealWaste\Cardboard\Cardboard_149.jpg,Cardboard,Cardboard_149.jpg
D:\Recovered Documents\Moringa\Module 5\Summative2\realwaste\realwaste-main\RealWaste\Plastic\Plastic_412.jpg,Plastic,Plastic_412.jpg
D:\Recovered Documents\Moringa\Module 5\Summative2\realwaste\realwaste-main\RealWaste\Miscellaneous Trash\Miscellaneous Trash_81.jpg,Miscellaneous Trash,Miscellaneous Trash_81.jpg
D:\Recovered Documents\Moringa\Module 5\Summative2\realwaste\realwaste-main\RealWaste\Miscellaneous Trash\Miscellaneous Trash_201.jpg,Miscellaneous Trash,Miscellaneous Trash_201.jpg
D:\Recovered Documents\Moringa\Module 5\Summative2\realwaste\realwaste-main\RealWaste\Plastic\Plastic_106.jpg,Plastic,Plastic_106.jpg
D:\Recovered Documents\Moringa\Module 5\Summative2\realwaste\realwaste-main\RealWaste\Glass\Glass_33.jpg,Glass,Glass_33.jpg
D:\Recovered Documents\Moringa\Module 5\Summative2\realwaste\realwaste-main\RealWaste\Glass\Glass_171.jpg,Glass,Glass_171.jpg
D:\Recovered Documents\Moringa\Module 5\Summative2\realwaste\realwaste-main\RealWaste\Metal\Metal_123.jpg,Metal,Metal_123.jpg
D:\Recovered Documents\Moringa\Module 5\Summative2\realwaste\realwaste-main\RealWaste\Metal\Metal_681.jpg,Metal,Metal_681.jpg
D:\Recovered Documents\Moringa\Module 5\Summative2\realwaste\realwaste-main\RealWaste\Miscellaneous Trash\Miscellaneous Trash_67.jpg,Miscellaneous Trash,Miscellaneous Trash_67.jpg
D:\Recovered Documents\Moringa\Module 5\Summative2\realwaste\realwaste-main\RealWaste\Cardboard\Cardboard_255.jpg,Cardboard,Cardboard_255.jpg
D:\Recovered Documents\Moringa\Module 5\Summative2\realwaste\realwaste-main\RealWaste\Plastic\Plastic_420.jpg,Plastic,Plastic_420.jpg
D:\Recovered Documents\Moringa\Module 5\Summative2\realwaste\realwaste-main\RealWaste\Plastic\Plastic_309.jpg,Plastic,Plastic_309.jpg
D:\Recovered Documents\Moringa\Module 5\Summative2\realwaste\realwaste-main\RealWaste\Miscellaneous Trash\Miscellaneous Trash_475.jpg,Miscellaneous Trash,Miscellaneous Trash_475.jpg
D:\Recovered Documents\Moringa\Module 5\Summative2\realwaste\realwaste-main\RealWaste\Metal\Metal_775.jpg,Metal,Metal_775.jpg
D:\Recovered Documents\Moringa\Module 5\Summative2\realwaste\realwaste-main\RealWaste\Paper\Paper_242.jpg,Paper,Paper_242.jpg
D:\Recovered Documents\Moringa\Module 5\Summative2\realwaste\realwaste-main\RealWaste\Metal\Metal_756.jpg,Metal,Metal_756.jpg
D:\Recovered Documents\Moringa\Module 5\Summative2\realwaste\realwaste-main\RealWaste\Food Organics\Food Organics_373.jpg,Food Organics,Food Organics_373.jpg
D:\Recovered Documents\Moringa\Module 5\Summative2\realwaste\realwaste-main\RealWaste\Metal\Metal_265.jpg,Metal,Metal_265.jpg
D:\Recovered Documents\Moringa\Module 5\Summative2\realwaste\realwaste-main\RealWaste\Glass\Glass_289.jpg,Glass,Glass_289.jpg
D:\Recovered Documents\Moringa\Module 5\Summative2\realwaste\realwaste-main\RealWaste\Metal\Metal_466.jpg,Metal,Metal_466.jpg
D:\Recovered Documents\Moringa\Module 5\Summative2\realwaste\realwaste-main\RealWaste\Paper\Paper_112.jpg,Paper,Paper_112.jpg
D:\Recovered Documents\Moringa\Module 5\Summative2\realwaste\realwaste-main\RealWaste\Miscellaneous Trash\Miscellaneous Trash_132.jpg,Miscellaneous Trash,Miscellaneous Trash_132.jpg
D:\Recovered Documents\Moringa\Module 5\Summative2\realwaste\realwaste-main\RealWaste\Food Organics\Food Organics_232.jpg,Food Organics,Food Organics_232.jpg
D:\Recovered Documents\Moringa\Module 5\Summative2\realwaste\realwaste-main\RealWaste\Glass\Glass_158.jpg,Glass,Glass_158.jpg
D:\Recovered Documents\Moringa\Module 5\Summative2\realwaste\realwaste-main\RealWaste\Vegetation\Vegetation_196.jpg,Vegetation,Vegetation_196.jpg
D:\Recovered Documents\Moringa\Module 5\Summative2\realwaste\realwaste-main\RealWaste\Glass\Glass_94.jpg,Glass,Glass_94.jpg
D:\Recovered Documents\Moringa\Module 5\Summative2\realwaste\realwaste-main\RealWaste\Cardboard\Cardboard_329.jpg,Cardboard,Cardboard_329.jpg
D:\Recovered Documents\Moringa\Module 5\Summative2\realwaste\realwaste-main\RealWaste\Miscellaneous Trash\Miscellaneous Trash_325.jpg,Miscellaneous Trash,Miscellaneous Trash_325.jpg
D:\Recovered Documents\Moringa\Module 5\Summative2\realwaste\realwaste-main\RealWaste\Food Organics\Food Organics_134.jpg,Food Organics,Food Organics_134.jpg
D:\Recovered Documents\Moringa\Module 5\Summative2\realwaste\realwaste-main\RealWaste\Glass\Glass_41.jpg,Glass,Glass_41.jpg
D:\Recovered Documents\Moringa\Module 5\Summative2\realwaste\realwaste-main\RealWaste\Textile Trash\Textile Trash_254.jpg,Textile Trash,Textile Trash_254.jpg
D:\Recovered Documents\Moringa\Module 5\Summative2\realwaste\realwaste-main\RealWaste\Miscellaneous Trash\Miscellaneous Trash_188.jpg,Miscellaneous Trash,Miscellaneous Trash_188.jpg
D:\Recovered Documents\Moringa\Module 5\Summative2\realwaste\realwaste-main\RealWaste\Food Organics\Food Organics_7.jpg,Food Organics,Food Organics_7.jpg
D:\Recovered Documents\Moringa\Module 5\Summative2\realwaste\realwaste-main\RealWaste\Plastic\Plastic_616.jpg,Plastic,Plastic_616.jpg
D:\Recovered Documents\Moringa\Module 5\Summative2\realwaste\realwaste-main\RealWaste\Plastic\Plastic_374.jpg,Plastic,Plastic_374.jpg
D:\Recovered Documents\Moringa\Module 5\Summative2\realwaste\realwaste-main\RealWaste\Plastic\Plastic_755.jpg,Plastic,Plastic_755.jpg
D:\Recovered Documents\Moringa\Module 5\Summative2\realwaste\realwaste-main\RealWaste\Metal\Metal_492.jpg,Metal,Metal_492.jpg
D:\Recovered Documents\Moringa\Module 5\Summative2\realwaste\realwaste-main\RealWaste\Plastic\Plastic_572.jpg,Plastic,Plastic_572.jpg
D:\Recovered Documents\Moringa\Module 5\Summative2\realwaste\realwaste-main\RealWaste\Metal\Metal_1.jpg,Metal,Metal_1.jpg
D:\Recovered Documents\Moringa\Module 5\Summative2\realwaste\realwaste-main\RealWaste\Metal\Metal_431.jpg,Metal,Metal_431.jpg
D:\Recovered Documents\Moringa\Module 5\Summative2\realwaste\realwaste-main\RealWaste\Textile Trash\Textile Trash_294.jpg,Textile Trash,Textile Trash_294.jpg
D:\Recovered Documents\Moringa\Module 5\Summative2\realwaste\realwaste-main\RealWaste\Paper\Paper_486.jpg,Paper,Paper_486.jpg
D:\Recovered Documents\Moringa\Module 5\Summative2\realwaste\realwaste-main\RealWaste\Metal\Metal_479.jpg,Metal,Metal_479.jpg
D:\Recovered Documents\Moringa\Module 5\Summative2\realwaste\realwaste-main\RealWaste\Vegetation\Vegetation_247.jpg,Vegetation,Vegetation_247.jpg
D:\Recovered Documents\Moringa\Module 5\Summative2\realwaste\realwaste-main\RealWaste\Plastic\Plastic_286.jpg,Plastic,Plastic_286.jpg
D:\Recovered Documents\Moringa\Module 5\Summative2\realwaste\realwaste-main\RealWaste\Cardboard\Cardboard_406.jpg,Cardboard,Cardboard_406.jpg
D:\Recovered Documents\Moringa\Module 5\Summative2\realwaste\realwaste-main\RealWaste\Metal\Metal_336.jpg,Metal,Metal_336.jpg
D:\Recovered Documents\Moringa\Module 5\Summative2\realwaste\realwaste-main\RealWaste\Vegetation\Vegetation_39.jpg,Vegetation,Vegetation_39.jpg
D:\Recovered Documents\Moringa\Module 5\Summative2\realwaste\realwaste-main\RealWaste\Miscellaneous Trash\Miscellaneous Trash_389.jpg,Miscellaneous Trash,Miscellaneous Trash_389.jpg
D:\Recovered Documents\Moringa\Module 5\Summative2\realwaste\realwaste-main\RealWaste\Metal\Metal_334.jpg,Metal,Metal_334.jpg
D:\Recovered Documents\Moringa\Module 5\Summative2\realwaste\realwaste-main\RealWaste\Cardboard\Cardboard_248.jpg,Cardboard,Cardboard_248.jpg
D:\Recovered Documents\Moringa\Module 5\Summative2\realwaste\realwaste-main\RealWaste\Miscellaneous Trash\Miscellaneous Trash_206.jpg,Miscellaneous Trash,Miscellaneous Trash_206.jpg
D:\Recovered Documents\Moringa\Module 5\Summative2\realwaste\realwaste-main\RealWaste\Plastic\Plastic_886.jpg,Plastic,Plastic_886.jpg
D:\Recovered Documents\Moringa\Module 5\Summative2\realwaste\realwaste-main\RealWaste\Glass\Glass_194.jpg,Glass,Glass_194.jpg
D:\Recovered Documents\Moringa\Module 5\Summative2\realwaste\realwaste-main\RealWaste\Paper\Paper_462.jpg,Paper,Paper_462.jpg
D:\Recovered Documents\Moringa\Module 5\Summative2\realwaste\realwaste-main\RealWaste\Cardboard\Cardboard_273.jpg,Cardboard,Cardboard_273.jpg
D:\Recovered Documents\Moringa\Module 5\Summative2\realwaste\realwaste-main\RealWaste\Metal\Metal_416.jpg,Metal,Metal_416.jpg
D:\Recovered Documents\Moringa\Module 5\Summative2\realwaste\realwaste-main\RealWaste\Cardboard\Cardboard_366.jpg,Cardboard,Cardboard_366.jpg
D:\Recovered Documents\Moringa\Module 5\Summative2\realwaste\realwaste-main\RealWaste\Textile Trash\Textile Trash_154.jpg,Textile Trash,Textile Trash_154.jpg
D:\Recovered Documents\Moringa\Module 5\Summative2\realwaste\realwaste-main\RealWaste\Miscellaneous Trash\Miscellaneous Trash_78.jpg,Miscellaneous Trash,Miscellaneous Trash_78.jpg
D:\Recovered Documents\Moringa\Module 5\Summative2\realwaste\realwaste-main\RealWaste\Glass\Glass_73.jpg,Glass,Glass_73.jpg
D:\Recovered Documents\Moringa\Module 5\Summative2\realwaste\realwaste-main\RealWaste\Paper\Paper_476.jpg,Paper,Paper_476.jpg
D:\Recovered Documents\Moringa\Module 5\Summative2\realwaste\realwaste-main\RealWaste\Miscellaneous Trash\Miscellaneous Trash_102.jpg,Miscellaneous Trash,Miscellaneous Trash_102.jpg
D:\Recovered Documents\Moringa\Module 5\Summative2\realwaste\realwaste-main\RealWaste\Vegetation\Vegetation_216.jpg,Vegetation,Vegetation_216.jpg
D:\Recovered Documents\Moringa\Module 5\Summative2\realwaste\realwaste-main\RealWaste\Paper\Paper_455.jpg,Paper,Paper_455.jpg
D:\Recovered Documents\Moringa\Module 5\Summative2\realwaste\realwaste-main\RealWaste\Plastic\Plastic_57.jpg,Plastic,Plastic_57.jpg
D:\Recovered Documents\Moringa\Module 5\Summative2\realwaste\realwaste-main\RealWaste\Glass\Glass_108.jpg,Glass,Glass_108.jpg
D:\Recovered Documents\Moringa\Module 5\Summative2\realwaste\realwaste-main\RealWaste\Metal\Metal_760.jpg,Metal,Metal_760.jpg
D:\Recovered Documents\Moringa\Module 5\Summative2\realwaste\realwaste-main\RealWaste\Miscellaneous Trash\Miscellaneous Trash_310.jpg,Miscellaneous Trash,Miscellaneous Trash_310.jpg
D:\Recovered Documents\Moringa\Module 5\Summative2\realwaste\realwaste-main\RealWaste\Textile Trash\Textile Trash_168.jpg,Textile Trash,Textile Trash_168.jpg
D:\Recovered Documents\Moringa\Module 5\Summative2\realwaste\realwaste-main\RealWaste\Glass\Glass_118.jpg,Glass,Glass_118.jpg
D:\Recovered Documents\Moringa\Module 5\Summative2\realwaste\realwaste-main\RealWaste\Cardboard\Cardboard_109.jpg,Cardboard,Cardboard_109.jpg
D:\Recovered Documents\Moringa\Module 5\Summative2\realwaste\realwaste-main\RealWaste\Food Organics\Food Organics_105.jpg,Food Organics,Food Organics_105.jpg
D:\Recovered Documents\Moringa\Module 5\Summative2\realwaste\realwaste-main\RealWaste\Plastic\Plastic_127.jpg,Plastic,Plastic_127.jpg
D:\Recovered Documents\Moringa\Module 5\Summative2\realwaste\realwaste-main\RealWaste\Vegetation\Vegetation_70.jpg,Vegetation,Vegetation_70.jpg
D:\Recovered Documents\Moringa\Module 5\Summative2\realwaste\realwaste-main\RealWaste\Plastic\Plastic_758.jpg,Plastic,Plastic_758.jpg
D:\Recovered Documents\Moringa\Module 5\Summative2\realwaste\realwaste-main\RealWaste\Miscellaneous Trash\Miscellaneous Trash_48.jpg,Miscellaneous Trash,Miscellaneous Trash_48.jpg
D:\Recovered Documents\Moringa\Module 5\Summative2\realwaste\realwaste-main\RealWaste\Metal\Metal_15.jpg,Metal,Metal_15.jpg
D:\Recovered Documents\Moringa\Module 5\Summative2\realwaste\realwaste-main\RealWaste\Plastic\Plastic_646.jpg,Plastic,Plastic_646.jpg
D:\Recovered Documents\Moringa\Module 5\Summative2\realwaste\realwaste-main\RealWaste\Paper\Paper_57.jpg,Paper,Paper_57.jpg
D:\Recovered Documents\Moringa\Module 5\Summative2\realwaste\realwaste-main\RealWaste\Textile Trash\Textile Trash_37.jpg,Textile Trash,Textile Trash_37.jpg
D:\Recovered Documents\Moringa\Module 5\Summative2\realwaste\realwaste-main\RealWaste\Cardboard\Cardboard_331.jpg,Cardboard,Cardboard_331.jpg
D:\Recovered Documents\Moringa\Module 5\Summative2\realwaste\realwaste-main\RealWaste\Cardboard\Cardboard_3.jpg,Cardboard,Cardboard_3.jpg
D:\Recovered Documents\Moringa\Module 5\Summative2\realwaste\realwaste-main\RealWaste\Food Organics\Food Organics_186.jpg,Food Organics,Food Organics_186.jpg
D:\Recovered Documents\Moringa\Module 5\Summative2\realwaste\realwaste-main\RealWaste\Metal\Metal_207.jpg,Metal,Metal_207.jpg
D:\Recovered Documents\Moringa\Module 5\Summative2\realwaste\realwaste-main\RealWaste\Glass\Glass_232.jpg,Glass,Glass_232.jpg
D:\Recovered Documents\Moringa\Module 5\Summative2\realwaste\realwaste-main\RealWaste\Textile Trash\Textile Trash_240.jpg,Textile Trash,Textile Trash_240.jpg
D:\Recovered Documents\Moringa\Module 5\Summative2\realwaste\realwaste-main\RealWaste\Vegetation\Vegetation_433.jpg,Vegetation,Vegetation_433.jpg
D:\Recovered Documents\Moringa\Module 5\Summative2\realwaste\realwaste-main\RealWaste\Miscellaneous Trash\Miscellaneous Trash_28.jpg,Miscellaneous Trash,Miscellaneous Trash_28.jpg
D:\Recovered Documents\Moringa\Module 5\Summative2\realwaste\realwaste-main\RealWaste\Food Organics\Food Organics_49.jpg,Food Organics,Food Organics_49.jpg
D:\Recovered Documents\Moringa\Module 5\Summative2\realwaste\realwaste-main\RealWaste\Plastic\Plastic_490.jpg,Plastic,Plastic_490.jpg
D:\Recovered Documents\Moringa\Module 5\Summative2\realwaste\realwaste-main\RealWaste\Plastic\Plastic_136.jpg,Plastic,Plastic_136.jpg
D:\Recovered Documents\Moringa\Module 5\Summative2\realwaste\realwaste-main\RealWaste\Plastic\Plastic_483.jpg,Plastic,Plastic_483.jpg
D:\Recovered Documents\Moringa\Module 5\Summative2\realwaste\realwaste-main\RealWaste\Glass\Glass_147.jpg,Glass,Glass_147.jpg
D:\Recovered Documents\Moringa\Module 5\Summative2\realwaste\realwaste-main\RealWaste\Plastic\Plastic_750.jpg,Plastic,Plastic_750.jpg
D:\Recovered Documents\Moringa\Module 5\Summative2\realwaste\realwaste-main\RealWaste\Plastic\Plastic_324.jpg,Plastic,Plastic_324.jpg
D:\Recovered Documents\Moringa\Module 5\Summative2\realwaste\realwaste-main\RealWaste\Vegetation\Vegetation_352.jpg,Vegetation,Vegetation_352.jpg
D:\Recovered Documents\Moringa\Module 5\Summative2\realwaste\realwaste-main\RealWaste\Metal\Metal_444.jpg,Metal,Metal_444.jpg
D:\Recovered Documents\Moringa\Module 5\Summative2\realwaste\realwaste-main\RealWaste\Cardboard\Cardboard_241.jpg,Cardboard,Cardboard_241.jpg
D:\Recovered Documents\Moringa\Module 5\Summative2\realwaste\realwaste-main\RealWaste\Textile Trash\Textile Trash_99.jpg,Textile Trash,Textile Trash_99.jpg
D:\Recovered Documents\Moringa\Module 5\Summative2\realwaste\realwaste-main\RealWaste\Food Organics\Food Organics_324.jpg,Food Organics,Food Organics_324.jpg
D:\Recovered Documents\Moringa\Module 5\Summative2\realwaste\realwaste-main\RealWaste\Metal\Metal_559.jpg,Metal,Metal_559.jpg
D:\Recovered Documents\Moringa\Module 5\Summative2\realwaste\realwaste-main\RealWaste\Food Organics\Food Organics_81.jpg,Food Organics,Food Organics_81.jpg
D:\Recovered Documents\Moringa\Module 5\Summative2\realwaste\realwaste-main\RealWaste\Cardboard\Cardboard_419.jpg,Cardboard,Cardboard_419.jpg
D:\Recovered Documents\Moringa\Module 5\Summative2\realwaste\realwaste-main\RealWaste\Metal\Metal_257.jpg,Metal,Metal_257.jpg
D:\Recovered Documents\Moringa\Module 5\Summative2\realwaste\realwaste-main\RealWaste\Glass\Glass_152.jpg,Glass,Glass_152.jpg
D:\Recovered Documents\Moringa\Module 5\Summative2\realwaste\realwaste-main\RealWaste\Cardboard\Cardboard_200.jpg,Cardboard,Cardboard_200.jpg
D:\Recovered Documents\Moringa\Module 5\Summative2\realwaste\realwaste-main\RealWaste\Textile Trash\Textile Trash_83.jpg,Textile Trash,Textile Trash_83.jpg
D:\Recovered Documents\Moringa\Module 5\Summative2\realwaste\realwaste-main\RealWaste\Food Organics\Food Organics_44.jpg,Food Organics,Food Organics_44.jpg
D:\Recovered Documents\Moringa\Module 5\Summative2\realwaste\realwaste-main\RealWaste\Miscellaneous Trash\Miscellaneous Trash_182.jpg,Miscellaneous Trash,Miscellaneous Trash_182.jpg
D:\Recovered Documents\Moringa\Module 5\Summative2\realwaste\realwaste-main\RealWaste\Vegetation\Vegetation_186.jpg,Vegetation,Vegetation_186.jpg
D:\Recovered Documents\Moringa\Module 5\Summative2\realwaste\realwaste-main\RealWaste\Plastic\Plastic_538.jpg,Plastic,Plastic_538.jpg
D:\Recovered Documents\Moringa\Module 5\Summative2\realwaste\realwaste-main\RealWaste\Paper\Paper_343.jpg,Paper,Paper_343.jpg
D:\Recovered Documents\Moringa\Module 5\Summative2\realwaste\realwaste-main\RealWaste\Plastic\Plastic_644.jpg,Plastic,Plastic_644.jpg
D:\Recovered Documents\Moringa\Module 5\Summative2\realwaste\realwaste-main\RealWaste\Food Organics\Food Organics_205.jpg,Food Organics,Food Organics_205.jpg
D:\Recovered Documents\Moringa\Module 5\Summative2\realwaste\realwaste-main\RealWaste\Metal\Metal_780.jpg,Metal,Metal_780.jpg
D:\Recovered Documents\Moringa\Module 5\Summative2\realwaste\realwaste-main\RealWaste\Cardboard\Cardboard_120.jpg,Cardboard,Cardboard_120.jpg
D:\Recovered Documents\Moringa\Module 5\Summative2\realwaste\realwaste-main\RealWaste\Cardboard\Cardboard_299.jpg,Cardboard,Cardboard_299.jpg
D:\Recovered Documents\Moringa\Module 5\Summative2\realwaste\realwaste-main\RealWaste\Textile Trash\Textile Trash_166.jpg,Textile Trash,Textile Trash_166.jpg
D:\Recovered Documents\Moringa\Module 5\Summative2\realwaste\realwaste-main\RealWaste\Metal\Metal_675.jpg,Metal,Metal_675.jpg
D:\Recovered Documents\Moringa\Module 5\Summative2\realwaste\realwaste-main\RealWaste\Paper\Paper_284.jpg,Paper,Paper_284.jpg
D:\Recovered Documents\Moringa\Module 5\Summative2\realwaste\realwaste-main\RealWaste\Paper\Paper_99.jpg,Paper,Paper_99.jpg
D:\Recovered Documents\Moringa\Module 5\Summative2\realwaste\realwaste-main\RealWaste\Metal\Metal_786.jpg,Metal,Metal_786.jpg
D:\Recovered Documents\Moringa\Module 5\Summative2\realwaste\realwaste-main\RealWaste\Miscellaneous Trash\Miscellaneous Trash_432.jpg,Miscellaneous Trash,Miscellaneous Trash_432.jpg
D:\Recovered Documents\Moringa\Module 5\Summative2\realwaste\realwaste-main\RealWaste\Food Organics\Food Organics_349.jpg,Food Organics,Food Organics_349.jpg
D:\Recovered Documents\Moringa\Module 5\Summative2\realwaste\realwaste-main\RealWaste\Cardboard\Cardboard_75.jpg,Cardboard,Cardboard_75.jpg
D:\Recovered Documents\Moringa\Module 5\Summative2\realwaste\realwaste-main\RealWaste\Metal\Metal_52.jpg,Metal,Metal_52.jpg
D:\Recovered Documents\Moringa\Module 5\Summative2\realwaste\realwaste-main\RealWaste\Food Organics\Food Organics_375.jpg,Food Organics,Food Organics_375.jpg
D:\Recovered Documents\Moringa\Module 5\Summative2\realwaste\realwaste-main\RealWaste\Cardboard\Cardboard_354.jpg,Cardboard,Cardboard_354.jpg
D:\Recovered Documents\Moringa\Module 5\Summative2\realwaste\realwaste-main\RealWaste\Food Organics\Food Organics_46.jpg,Food Organics,Food Organics_46.jpg
D:\Recovered Documents\Moringa\Module 5\Summative2\realwaste\realwaste-main\RealWaste\Glass\Glass_262.jpg,Glass,Glass_262.jpg
D:\Recovered Documents\Moringa\Module 5\Summative2\realwaste\realwaste-main\RealWaste\Plastic\Plastic_297.jpg,Plastic,Plastic_297.jpg
D:\Recovered Documents\Moringa\Module 5\Summative2\realwaste\realwaste-main\RealWaste\Glass\Glass_360.jpg,Glass,Glass_360.jpg
D:\Recovered Documents\Moringa\Module 5\Summative2\realwaste\realwaste-main\RealWaste\Vegetation\Vegetation_333.jpg,Vegetation,Vegetation_333.jpg
D:\Recovered Documents\Moringa\Module 5\Summative2\realwaste\realwaste-main\RealWaste\Plastic\Plastic_384.jpg,Plastic,Plastic_384.jpg
D:\Recovered Documents\Moringa\Module 5\Summative2\realwaste\realwaste-main\RealWaste\Textile Trash\Textile Trash_196.jpg,Textile Trash,Textile Trash_196.jpg
D:\Recovered Documents\Moringa\Module 5\Summative2\realwaste\realwaste-main\RealWaste\Metal\Metal_282.jpg,Metal,Metal_282.jpg
D:\Recovered Documents\Moringa\Module 5\Summative2\realwaste\realwaste-main\RealWaste\Glass\Glass_350.jpg,Glass,Glass_350.jpg
D:\Recovered Documents\Moringa\Module 5\Summative2\realwaste\realwaste-main\RealWaste\Miscellaneous Trash\Miscellaneous Trash_259.jpg,Miscellaneous Trash,Miscellaneous Trash_259.jpg
D:\Recovered Documents\Moringa\Module 5\Summative2\realwaste\realwaste-main\RealWaste\Paper\Paper_93.jpg,Paper,Paper_93.jpg
D:\Recovered Documents\Moringa\Module 5\Summative2\realwaste\realwaste-main\RealWaste\Vegetation\Vegetation_224.jpg,Vegetation,Vegetation_224.jpg
D:\Recovered Documents\Moringa\Module 5\Summative2\realwaste\realwaste-main\RealWaste\Plastic\Plastic_720.jpg,Plastic,Plastic_720.jpg
D:\Recovered Documents\Moringa\Module 5\Summative2\realwaste\realwaste-main\RealWaste\Glass\Glass_368.jpg,Glass,Glass_368.jpg
D:\Recovered Documents\Moringa\Module 5\Summative2\realwaste\realwaste-main\RealWaste\Miscellaneous Trash\Miscellaneous Trash_299.jpg,Miscellaneous Trash,Miscellaneous Trash_299.jpg
D:\Recovered Documents\Moringa\Module 5\Summative2\realwaste\realwaste-main\RealWaste\Miscellaneous Trash\Miscellaneous Trash_262.jpg,Miscellaneous Trash,Miscellaneous Trash_262.jpg
D:\Recovered Documents\Moringa\Module 5\Summative2\realwaste\realwaste-main\RealWaste\Miscellaneous Trash\Miscellaneous Trash_125.jpg,Miscellaneous Trash,Miscellaneous Trash_125.jpg
D:\Recovered Documents\Moringa\Module 5\Summative2\realwaste\realwaste-main\RealWaste\Miscellaneous Trash\Miscellaneous Trash_177.jpg,Miscellaneous Trash,Miscellaneous Trash_177.jpg
D:\Recovered Documents\Moringa\Module 5\Summative2\realwaste\realwaste-main\RealWaste\Paper\Paper_195.jpg,Paper,Paper_195.jpg
D:\Recovered Documents\Moringa\Module 5\Summative2\realwaste\realwaste-main\RealWaste\Cardboard\Cardboard_57.jpg,Cardboard,Cardboard_57.jpg
D:\Recovered Documents\Moringa\Module 5\Summative2\realwaste\realwaste-main\RealWaste\Paper\Paper_379.jpg,Paper,Paper_379.jpg
D:\Recovered Documents\Moringa\Module 5\Summative2\realwaste\realwaste-main\RealWaste\Vegetation\Vegetation_231.jpg,Vegetation,Vegetation_231.jpg
D:\Recovered Documents\Moringa\Module 5\Summative2\realwaste\realwaste-main\RealWaste\Food Organics\Food Organics_408.jpg,Food Organics,Food Organics_408.jpg
D:\Recovered Documents\Moringa\Module 5\Summative2\realwaste\realwaste-main\RealWaste\Metal\Metal_589.jpg,Metal,Metal_589.jpg
D:\Recovered Documents\Moringa\Module 5\Summative2\realwaste\realwaste-main\RealWaste\Metal\Metal_423.jpg,Metal,Metal_423.jpg
D:\Recovered Documents\Moringa\Module 5\Summative2\realwaste\realwaste-main\RealWaste\Plastic\Plastic_566.jpg,Plastic,Plastic_566.jpg
D:\Recovered Documents\Moringa\Module 5\Summative2\realwaste\realwaste-main\RealWaste\Paper\Paper_216.jpg,Paper,Paper_216.jpg
D:\Recovered Documents\Moringa\Module 5\Summative2\realwaste\realwaste-main\RealWaste\Paper\Paper_168.jpg,Paper,Paper_168.jpg
D:\Recovered Documents\Moringa\Module 5\Summative2\realwaste\realwaste-main\RealWaste\Food Organics\Food Organics_387.jpg,Food Organics,Food Organics_387.jpg
D:\Recovered Documents\Moringa\Module 5\Summative2\realwaste\realwaste-main\RealWaste\Paper\Paper_247.jpg,Paper,Paper_247.jpg
D:\Recovered Documents\Moringa\Module 5\Summative2\realwaste\realwaste-main\RealWaste\Vegetation\Vegetation_129.jpg,Vegetation,Vegetation_129.jpg
D:\Recovered Documents\Moringa\Module 5\Summative2\realwaste\realwaste-main\RealWaste\Glass\Glass_276.jpg,Glass,Glass_276.jpg
D:\Recovered Documents\Moringa\Module 5\Summative2\realwaste\realwaste-main\RealWaste\Paper\Paper_145.jpg,Paper,Paper_145.jpg
D:\Recovered Documents\Moringa\Module 5\Summative2\realwaste\realwaste-main\RealWaste\Glass\Glass_76.jpg,Glass,Glass_76.jpg
D:\Recovered Documents\Moringa\Module 5\Summative2\realwaste\realwaste-main\RealWaste\Food Organics\Food Organics_352.jpg,Food Organics,Food Organics_352.jpg
D:\Recovered Documents\Moringa\Module 5\Summative2\realwaste\realwaste-main\RealWaste\Plastic\Plastic_713.jpg,Plastic,Plastic_713.jpg
D:\Recovered Documents\Moringa\Module 5\Summative2\realwaste\realwaste-main\RealWaste\Cardboard\Cardboard_80.jpg,Cardboard,Cardboard_80.jpg
D:\Recovered Documents\Moringa\Module 5\Summative2\realwaste\realwaste-main\RealWaste\Metal\Metal_227.jpg,Metal,Metal_227.jpg
D:\Recovered Documents\Moringa\Module 5\Summative2\realwaste\realwaste-main\RealWaste\Paper\Paper_136.jpg,Paper,Paper_136.jpg
D:\Recovered Documents\Moringa\Module 5\Summative2\realwaste\realwaste-main\RealWaste\Textile Trash\Textile Trash_282.jpg,Textile Trash,Textile Trash_282.jpg
D:\Recovered Documents\Moringa\Module 5\Summative2\realwaste\realwaste-main\RealWaste\Plastic\Plastic_296.jpg,Plastic,Plastic_296.jpg
D:\Recovered Documents\Moringa\Module 5\Summative2\realwaste\realwaste-main\RealWaste\Metal\Metal_556.jpg,Metal,Metal_556.jpg
D:\Recovered Documents\Moringa\Module 5\Summative2\realwaste\realwaste-main\RealWaste\Miscellaneous Trash\Miscellaneous Trash_113.jpg,Miscellaneous Trash,Miscellaneous Trash_113.jpg
D:\Recovered Documents\Moringa\Module 5\Summative2\realwaste\realwaste-main\RealWaste\Paper\Paper_443.jpg,Paper,Paper_443.jpg
D:\Recovered Documents\Moringa\Module 5\Summative2\realwaste\realwaste-main\RealWaste\Food Organics\Food Organics_48.jpg,Food Organics,Food Organics_48.jpg
D:\Recovered Documents\Moringa\Module 5\Summative2\realwaste\realwaste-main\RealWaste\Food Organics\Food Organics_272.jpg,Food Organics,Food Organics_272.jpg
D:\Recovered Documents\Moringa\Module 5\Summative2\realwaste\realwaste-main\RealWaste\Vegetation\Vegetation_326.jpg,Vegetation,Vegetation_326.jpg
D:\Recovered Documents\Moringa\Module 5\Summative2\realwaste\realwaste-main\RealWaste\Miscellaneous Trash\Miscellaneous Trash_487.jpg,Miscellaneous Trash,Miscellaneous Trash_487.jpg
D:\Recovered Documents\Moringa\Module 5\Summative2\realwaste\realwaste-main\RealWaste\Food Organics\Food Organics_22.jpg,Food Organics,Food Organics_22.jpg
D:\Recovered Documents\Moringa\Module 5\Summative2\realwaste\realwaste-main\RealWaste\Cardboard\Cardboard_224.jpg,Cardboard,Cardboard_224.jpg
D:\Recovered Documents\Moringa\Module 5\Summative2\realwaste\realwaste-main\RealWaste\Cardboard\Cardboard_230.jpg,Cardboard,Cardboard_230.jpg
D:\Recovered Documents\Moringa\Module 5\Summative2\realwaste\realwaste-main\RealWaste\Cardboard\Cardboard_415.jpg,Cardboard,Cardboard_415.jpg
D:\Recovered Documents\Moringa\Module 5\Summative2\realwaste\realwaste-main\RealWaste\Plastic\Plastic_733.jpg,Plastic,Plastic_733.jpg
D:\Recovered Documents\Moringa\Module 5\Summative2\realwaste\realwaste-main\RealWaste\Cardboard\Cardboard_108.jpg,Cardboard,Cardboard_108.jpg
D:\Recovered Documents\Moringa\Module 5\Summative2\realwaste\realwaste-main\RealWaste\Plastic\Plastic_409.jpg,Plastic,Plastic_409.jpg
D:\Recovered Documents\Moringa\Module 5\Summative2\realwaste\realwaste-main\RealWaste\Textile Trash\Textile Trash_227.jpg,Textile Trash,Textile Trash_227.jpg
D:\Recovered Documents\Moringa\Module 5\Summative2\realwaste\realwaste-main\RealWaste\Plastic\Plastic_781.jpg,Plastic,Plastic_781.jpg
D:\Recovered Documents\Moringa\Module 5\Summative2\realwaste\realwaste-main\RealWaste\Paper\Paper_194.jpg,Paper,Paper_194.jpg
D:\Recovered Documents\Moringa\Module 5\Summative2\realwaste\realwaste-main\RealWaste\Metal\Metal_691.jpg,Metal,Metal_691.jpg
D:\Recovered Documents\Moringa\Module 5\Summative2\realwaste\realwaste-main\RealWaste\Paper\Paper_352.jpg,Paper,Paper_352.jpg
D:\Recovered Documents\Moringa\Module 5\Summative2\realwaste\realwaste-main\RealWaste\Metal\Metal_291.jpg,Metal,Metal_291.jpg
D:\Recovered Documents\Moringa\Module 5\Summative2\realwaste\realwaste-main\RealWaste\Textile Trash\Textile Trash_263.jpg,Textile Trash,Textile Trash_263.jpg
D:\Recovered Documents\Moringa\Module 5\Summative2\realwaste\realwaste-main\RealWaste\Plastic\Plastic_311.jpg,Plastic,Plastic_311.jpg
D:\Recovered Documents\Moringa\Module 5\Summative2\realwaste\realwaste-main\RealWaste\Plastic\Plastic_721.jpg,Plastic,Plastic_721.jpg
D:\Recovered Documents\Moringa\Module 5\Summative2\realwaste\realwaste-main\RealWaste\Textile Trash\Textile Trash_51.jpg,Textile Trash,Textile Trash_51.jpg
D:\Recovered Documents\Moringa\Module 5\Summative2\realwaste\realwaste-main\RealWaste\Plastic\Plastic_272.jpg,Plastic,Plastic_272.jpg
D:\Recovered Documents\Moringa\Module 5\Summative2\realwaste\realwaste-main\RealWaste\Miscellaneous Trash\Miscellaneous Trash_211.jpg,Miscellaneous Trash,Miscellaneous Trash_211.jpg
D:\Recovered Documents\Moringa\Module 5\Summative2\realwaste\realwaste-main\RealWaste\Paper\Paper_46.jpg,Paper,Paper_46.jpg
D:\Recovered Documents\Moringa\Module 5\Summative2\realwaste\realwaste-main\RealWaste\Metal\Metal_558.jpg,Metal,Metal_558.jpg
D:\Recovered Documents\Moringa\Module 5\Summative2\realwaste\realwaste-main\RealWaste\Cardboard\Cardboard_297.jpg,Cardboard,Cardboard_297.jpg
D:\Recovered Documents\Moringa\Module 5\Summative2\realwaste\realwaste-main\RealWaste\Glass\Glass_189.jpg,Glass,Glass_189.jpg
D:\Recovered Documents\Moringa\Module 5\Summative2\realwaste\realwaste-main\RealWaste\Vegetation\Vegetation_211.jpg,Vegetation,Vegetation_211.jpg
D:\Recovered Documents\Moringa\Module 5\Summative2\realwaste\realwaste-main\RealWaste\Paper\Paper_10.jpg,Paper,Paper_10.jpg
D:\Recovered Documents\Moringa\Module 5\Summative2\realwaste\realwaste-main\RealWaste\Cardboard\Cardboard_93.jpg,Cardboard,Cardboard_93.jpg
D:\Recovered Documents\Moringa\Module 5\Summative2\realwaste\realwaste-main\RealWaste\Food Organics\Food Organics_342.jpg,Food Organics,Food Organics_342.jpg
D:\Recovered Documents\Moringa\Module 5\Summative2\realwaste\realwaste-main\RealWaste\Metal\Metal_713.jpg,Metal,Metal_713.jpg
D:\Recovered Documents\Moringa\Module 5\Summative2\realwaste\realwaste-main\RealWaste\Cardboard\Cardboard_210.jpg,Cardboard,Cardboard_210.jpg
D:\Recovered Documents\Moringa\Module 5\Summative2\realwaste\realwaste-main\RealWaste\Metal\Metal_53.jpg,Metal,Metal_53.jpg
D:\Recovered Documents\Moringa\Module 5\Summative2\realwaste\realwaste-main\RealWaste\Metal\Metal_228.jpg,Metal,Metal_228.jpg
D:\Recovered Documents\Moringa\Module 5\Summative2\realwaste\realwaste-main\RealWaste\Vegetation\Vegetation_250.jpg,Vegetation,Vegetation_250.jpg
D:\Recovered Documents\Moringa\Module 5\Summative2\realwaste\realwaste-main\RealWaste\Glass\Glass_44.jpg,Glass,Glass_44.jpg
D:\Recovered Documents\Moringa\Module 5\Summative2\realwaste\realwaste-main\RealWaste\Metal\Metal_260.jpg,Metal,Metal_260.jpg
D:\Recovered Documents\Moringa\Module 5\Summative2\realwaste\realwaste-main\RealWaste\Plastic\Plastic_901.jpg,Plastic,Plastic_901.jpg
D:\Recovered Documents\Moringa\Module 5\Summative2\realwaste\realwaste-main\RealWaste\Textile Trash\Textile Trash_114.jpg,Textile Trash,Textile Trash_114.jpg
D:\Recovered Documents\Moringa\Module 5\Summative2\realwaste\realwaste-main\RealWaste\Vegetation\Vegetation_213.jpg,Vegetation,Vegetation_213.jpg
D:\Recovered Documents\Moringa\Module 5\Summative2\realwaste\realwaste-main\RealWaste\Metal\Metal_238.jpg,Metal,Metal_238.jpg
D:\Recovered Documents\Moringa\Module 5\Summative2\realwaste\realwaste-main\RealWaste\Miscellaneous Trash\Miscellaneous Trash_15.jpg,Miscellaneous Trash,Miscellaneous Trash_15.jpg
D:\Recovered Documents\Moringa\Module 5\Summative2\realwaste\realwaste-main\RealWaste\Metal\Metal_758.jpg,Metal,Metal_758.jpg
D:\Recovered Documents\Moringa\Module 5\Summative2\realwaste\realwaste-main\RealWaste\Cardboard\Cardboard_221.jpg,Cardboard,Cardboard_221.jpg
D:\Recovered Documents\Moringa\Module 5\Summative2\realwaste\realwaste-main\RealWaste\Cardboard\Cardboard_398.jpg,Cardboard,Cardboard_398.jpg
D:\Recovered Documents\Moringa\Module 5\Summative2\realwaste\realwaste-main\RealWaste\Textile Trash\Textile Trash_270.jpg,Textile Trash,Textile Trash_270.jpg
D:\Recovered Documents\Moringa\Module 5\Summative2\realwaste\realwaste-main\RealWaste\Glass\Glass_309.jpg,Glass,Glass_309.jpg
D:\Recovered Documents\Moringa\Module 5\Summative2\realwaste\realwaste-main\RealWaste\Textile Trash\Textile Trash_32.jpg,Textile Trash,Textile Trash_32.jpg
D:\Recovered Documents\Moringa\Module 5\Summative2\realwaste\realwaste-main\RealWaste\Cardboard\Cardboard_88.jpg,Cardboard,Cardboard_88.jpg
D:\Recovered Documents\Moringa\Module 5\Summative2\realwaste\realwaste-main\RealWaste\Paper\Paper_498.jpg,Paper,Paper_498.jpg
D:\Recovered Documents\Moringa\Module 5\Summative2\realwaste\realwaste-main\RealWaste\Plastic\Plastic_673.jpg,Plastic,Plastic_673.jpg
D:\Recovered Documents\Moringa\Module 5\Summative2\realwaste\realwaste-main\RealWaste\Plastic\Plastic_626.jpg,Plastic,Plastic_626.jpg
D:\Recovered Documents\Moringa\Module 5\Summative2\realwaste\realwaste-main\RealWaste\Textile Trash\Textile Trash_77.jpg,Textile Trash,Textile Trash_77.jpg
D:\Recovered Documents\Moringa\Module 5\Summative2\realwaste\realwaste-main\RealWaste\Paper\Paper_63.jpg,Paper,Paper_63.jpg
D:\Recovered Documents\Moringa\Module 5\Summative2\realwaste\realwaste-main\RealWaste\Plastic\Plastic_760.jpg,Plastic,Plastic_760.jpg
D:\Recovered Documents\Moringa\Module 5\Summative2\realwaste\realwaste-main\RealWaste\Cardboard\Cardboard_18.jpg,Cardboard,Cardboard_18.jpg
D:\Recovered Documents\Moringa\Module 5\Summative2\realwaste\realwaste-main\RealWaste\Cardboard\Cardboard_32.jpg,Cardboard,Cardboard_32.jpg
D:\Recovered Documents\Moringa\Module 5\Summative2\realwaste\realwaste-main\RealWaste\Cardboard\Cardboard_2.jpg,Cardboard,Cardboard_2.jpg
D:\Recovered Documents\Moringa\Module 5\Summative2\realwaste\realwaste-main\RealWaste\Textile Trash\Textile Trash_22.jpg,Textile Trash,Textile Trash_22.jpg
D:\Recovered Documents\Moringa\Module 5\Summative2\realwaste\realwaste-main\RealWaste\Plastic\Plastic_505.jpg,Plastic,Plastic_505.jpg
D:\Recovered Documents\Moringa\Module 5\Summative2\realwaste\realwaste-main\RealWaste\Food Organics\Food Organics_389.jpg,Food Organics,Food Organics_389.jpg
D:\Recovered Documents\Moringa\Module 5\Summative2\realwaste\realwaste-main\RealWaste\Miscellaneous Trash\Miscellaneous Trash_155.jpg,Miscellaneous Trash,Miscellaneous Trash_155.jpg
D:\Recovered Documents\Moringa\Module 5\Summative2\realwaste\realwaste-main\RealWaste\Vegetation\Vegetation_263.jpg,Vegetation,Vegetation_263.jpg
D:\Recovered Documents\Moringa\Module 5\Summative2\realwaste\realwaste-main\RealWaste\Cardboard\Cardboard_227.jpg,Cardboard,Cardboard_227.jpg
D:\Recovered Documents\Moringa\Module 5\Summative2\realwaste\realwaste-main\RealWaste\Glass\Glass_261.jpg,Glass,Glass_261.jpg
D:\Recovered Documents\Moringa\Module 5\Summative2\realwaste\realwaste-main\RealWaste\Plastic\Plastic_44.jpg,Plastic,Plastic_44.jpg
D:\Recovered Documents\Moringa\Module 5\Summative2\realwaste\realwaste-main\RealWaste\Metal\Metal_752.jpg,Metal,Metal_752.jpg
D:\Recovered Documents\Moringa\Module 5\Summative2\realwaste\realwaste-main\RealWaste\Vegetation\Vegetation_17.jpg,Vegetation,Vegetation_17.jpg
D:\Recovered Documents\Moringa\Module 5\Summative2\realwaste\realwaste-main\RealWaste\Cardboard\Cardboard_368.jpg,Cardboard,Cardboard_368.jpg
D:\Recovered Documents\Moringa\Module 5\Summative2\realwaste\realwaste-main\RealWaste\Textile Trash\Textile Trash_78.jpg,Textile Trash,Textile Trash_78.jpg
D:\Recovered Documents\Moringa\Module 5\Summative2\realwaste\realwaste-main\RealWaste\Plastic\Plastic_233.jpg,Plastic,Plastic_233.jpg
D:\Recovered Documents\Moringa\Module 5\Summative2\realwaste\realwaste-main\RealWaste\Textile Trash\Textile Trash_186.jpg,Textile Trash,Textile Trash_186.jpg
D:\Recovered Documents\Moringa\Module 5\Summative2\realwaste\realwaste-main\RealWaste\Plastic\Plastic_352.jpg,Plastic,Plastic_352.jpg
D:\Recovered Documents\Moringa\Module 5\Summative2\realwaste\realwaste-main\RealWaste\Metal\Metal_751.jpg,Metal,Metal_751.jpg
D:\Recovered Documents\Moringa\Module 5\Summative2\realwaste\realwaste-main\RealWaste\Plastic\Plastic_806.jpg,Plastic,Plastic_806.jpg
D:\Recovered Documents\Moringa\Module 5\Summative2\realwaste\realwaste-main\RealWaste\Glass\Glass_86.jpg,Glass,Glass_86.jpg
D:\Recovered Documents\Moringa\Module 5\Summative2\realwaste\realwaste-main\RealWaste\Metal\Metal_71.jpg,Metal,Metal_71.jpg
D:\Recovered Documents\Moringa\Module 5\Summative2\realwaste\realwaste-main\RealWaste\Metal\Metal_184.jpg,Metal,Metal_184.jpg
D:\Recovered Documents\Moringa\Module 5\Summative2\realwaste\realwaste-main\RealWaste\Metal\Metal_746.jpg,Metal,Metal_746.jpg
D:\Recovered Documents\Moringa\Module 5\Summative2\realwaste\realwaste-main\RealWaste\Metal\Metal_62.jpg,Metal,Metal_62.jpg
D:\Recovered Documents\Moringa\Module 5\Summative2\realwaste\realwaste-main\RealWaste\Glass\Glass_53.jpg,Glass,Glass_53.jpg
D:\Recovered Documents\Moringa\Module 5\Summative2\realwaste\realwaste-main\RealWaste\Metal\Metal_604.jpg,Metal,Metal_604.jpg
D:\Recovered Documents\Moringa\Module 5\Summative2\realwaste\realwaste-main\RealWaste\Cardboard\Cardboard_449.jpg,Cardboard,Cardboard_449.jpg
D:\Recovered Documents\Moringa\Module 5\Summative2\realwaste\realwaste-main\RealWaste\Cardboard\Cardboard_278.jpg,Cardboard,Cardboard_278.jpg
D:\Recovered Documents\Moringa\Module 5\Summative2\realwaste\realwaste-main\RealWaste\Cardboard\Cardboard_213.jpg,Cardboard,Cardboard_213.jpg
D:\Recovered Documents\Moringa\Module 5\Summative2\realwaste\realwaste-main\RealWaste\Paper\Paper_361.jpg,Paper,Paper_361.jpg
D:\Recovered Documents\Moringa\Module 5\Summative2\realwaste\realwaste-main\RealWaste\Vegetation\Vegetation_173.jpg,Vegetation,Vegetation_173.jpg
D:\Recovered Documents\Moringa\Module 5\Summative2\realwaste\realwaste-main\RealWaste\Food Organics\Food Organics_379.jpg,Food Organics,Food Organics_379.jpg
D:\Recovered Documents\Moringa\Module 5\Summative2\realwaste\realwaste-main\RealWaste\Textile Trash\Textile Trash_220.jpg,Textile Trash,Textile Trash_220.jpg
D:\Recovered Documents\Moringa\Module 5\Summative2\realwaste\realwaste-main\RealWaste\Plastic\Plastic_516.jpg,Plastic,Plastic_516.jpg
D:\Recovered Documents\Moringa\Module 5\Summative2\realwaste\realwaste-main\RealWaste\Miscellaneous Trash\Miscellaneous Trash_57.jpg,Miscellaneous Trash,Miscellaneous Trash_57.jpg
D:\Recovered Documents\Moringa\Module 5\Summative2\realwaste\realwaste-main\RealWaste\Vegetation\Vegetation_226.jpg,Vegetation,Vegetation_226.jpg
D:\Recovered Documents\Moringa\Module 5\Summative2\realwaste\realwaste-main\RealWaste\Vegetation\Vegetation_67.jpg,Vegetation,Vegetation_67.jpg
D:\Recovered Documents\Moringa\Module 5\Summative2\realwaste\realwaste-main\RealWaste\Vegetation\Vegetation_307.jpg,Vegetation,Vegetation_307.jpg
D:\Recovered Documents\Moringa\Module 5\Summative2\realwaste\realwaste-main\RealWaste\Miscellaneous Trash\Miscellaneous Trash_119.jpg,Miscellaneous Trash,Miscellaneous Trash_119.jpg
D:\Recovered Documents\Moringa\Module 5\Summative2\realwaste\realwaste-main\RealWaste\Glass\Glass_327.jpg,Glass,Glass_327.jpg
D:\Recovered Documents\Moringa\Module 5\Summative2\realwaste\realwaste-main\RealWaste\Metal\Metal_402.jpg,Metal,Metal_402.jpg
D:\Recovered Documents\Moringa\Module 5\Summative2\realwaste\realwaste-main\RealWaste\Miscellaneous Trash\Miscellaneous Trash_216.jpg,Miscellaneous Trash,Miscellaneous Trash_216.jpg
D:\Recovered Documents\Moringa\Module 5\Summative2\realwaste\realwaste-main\RealWaste\Cardboard\Cardboard_60.jpg,Cardboard,Cardboard_60.jpg
D:\Recovered Documents\Moringa\Module 5\Summative2\realwaste\realwaste-main\RealWaste\Metal\Metal_605.jpg,Metal,Metal_605.jpg
D:\Recovered Documents\Moringa\Module 5\Summative2\realwaste\realwaste-main\RealWaste\Plastic\Plastic_355.jpg,Plastic,Plastic_355.jpg
D:\Recovered Documents\Moringa\Module 5\Summative2\realwaste\realwaste-main\RealWaste\Food Organics\Food Organics_40.jpg,Food Organics,Food Organics_40.jpg
D:\Recovered Documents\Moringa\Module 5\Summative2\realwaste\realwaste-main\RealWaste\Miscellaneous Trash\Miscellaneous Trash_476.jpg,Miscellaneous Trash,Miscellaneous Trash_476.jpg
D:\Recovered Documents\Moringa\Module 5\Summative2\realwaste\realwaste-main\RealWaste\Paper\Paper_430.jpg,Paper,Paper_430.jpg
D:\Recovered Documents\Moringa\Module 5\Summative2\realwaste\realwaste-main\RealWaste\Vegetation\Vegetation_296.jpg,Vegetation,Vegetation_296.jpg
D:\Recovered Documents\Moringa\Module 5\Summative2\realwaste\realwaste-main\RealWaste\Metal\Metal_714.jpg,Metal,Metal_714.jpg
D:\Recovered Documents\Moringa\Module 5\Summative2\realwaste\realwaste-main\RealWaste\Miscellaneous Trash\Miscellaneous Trash_438.jpg,Miscellaneous Trash,Miscellaneous Trash_438.jpg
D:\Recovered Documents\Moringa\Module 5\Summative2\realwaste\realwaste-main\RealWaste\Plastic\Plastic_261.jpg,Plastic,Plastic_261.jpg
D:\Recovered Documents\Moringa\Module 5\Summative2\realwaste\realwaste-main\RealWaste\Metal\Metal_698.jpg,Metal,Metal_698.jpg
D:\Recovered Documents\Moringa\Module 5\Summative2\realwaste\realwaste-main\RealWaste\Miscellaneous Trash\Miscellaneous Trash_20.jpg,Miscellaneous Trash,Miscellaneous Trash_20.jpg
D:\Recovered Documents\Moringa\Module 5\Summative2\realwaste\realwaste-main\RealWaste\Miscellaneous Trash\Miscellaneous Trash_19.jpg,Miscellaneous Trash,Miscellaneous Trash_19.jpg
D:\Recovered Documents\Moringa\Module 5\Summative2\realwaste\realwaste-main\RealWaste\Metal\Metal_525.jpg,Metal,Metal_525.jpg
D:\Recovered Documents\Moringa\Module 5\Summative2\realwaste\realwaste-main\RealWaste\Plastic\Plastic_369.jpg,Plastic,Plastic_369.jpg
D:\Recovered Documents\Moringa\Module 5\Summative2\realwaste\realwaste-main\RealWaste\Plastic\Plastic_170.jpg,Plastic,Plastic_170.jpg
D:\Recovered Documents\Moringa\Module 5\Summative2\realwaste\realwaste-main\RealWaste\Cardboard\Cardboard_183.jpg,Cardboard,Cardboard_183.jpg
D:\Recovered Documents\Moringa\Module 5\Summative2\realwaste\realwaste-main\RealWaste\Metal\Metal_553.jpg,Metal,Metal_553.jpg
D:\Recovered Documents\Moringa\Module 5\Summative2\realwaste\realwaste-main\RealWaste\Glass\Glass_330.jpg,Glass,Glass_330.jpg
D:\Recovered Documents\Moringa\Module 5\Summative2\realwaste\realwaste-main\RealWaste\Vegetation\Vegetation_389.jpg,Vegetation,Vegetation_389.jpg
D:\Recovered Documents\Moringa\Module 5\Summative2\realwaste\realwaste-main\RealWaste\Food Organics\Food Organics_38.jpg,Food Organics,Food Organics_38.jpg
D:\Recovered Documents\Moringa\Module 5\Summative2\realwaste\realwaste-main\RealWaste\Cardboard\Cardboard_427.jpg,Cardboard,Cardboard_427.jpg
D:\Recovered Documents\Moringa\Module 5\Summative2\realwaste\realwaste-main\RealWaste\Metal\Metal_658.jpg,Metal,Metal_658.jpg
D:\Recovered Documents\Moringa\Module 5\Summative2\realwaste\realwaste-main\RealWaste\Cardboard\Cardboard_374.jpg,Cardboard,Cardboard_374.jpg
D:\Recovered Documents\Moringa\Module 5\Summative2\realwaste\realwaste-main\RealWaste\Metal\Metal_768.jpg,Metal,Metal_768.jpg
D:\Recovered Documents\Moringa\Module 5\Summative2\realwaste\realwaste-main\RealWaste\Metal\Metal_127.jpg,Metal,Metal_127.jpg
D:\Recovered Documents\Moringa\Module 5\Summative2\realwaste\realwaste-main\RealWaste\Glass\Glass_354.jpg,Glass,Glass_354.jpg
D:\Recovered Documents\Moringa\Module 5\Summative2\realwaste\realwaste-main\RealWaste\Cardboard\Cardboard_203.jpg,Cardboard,Cardboard_203.jpg
D:\Recovered Documents\Moringa\Module 5\Summative2\realwaste\realwaste-main\RealWaste\Plastic\Plastic_746.jpg,Plastic,Plastic_746.jpg
D:\Recovered Documents\Moringa\Module 5\Summative2\realwaste\realwaste-main\RealWaste\Paper\Paper_497.jpg,Paper,Paper_497.jpg
D:\Recovered Documents\Moringa\Module 5\Summative2\realwaste\realwaste-main\RealWaste\Paper\Paper_314.jpg,Paper,Paper_314.jpg
D:\Recovered Documents\Moringa\Module 5\Summative2\realwaste\realwaste-main\RealWaste\Metal\Metal_157.jpg,Metal,Metal_157.jpg
D:\Recovered Documents\Moringa\Module 5\Summative2\realwaste\realwaste-main\RealWaste\Cardboard\Cardboard_264.jpg,Cardboard,Cardboard_264.jpg
D:\Recovered Documents\Moringa\Module 5\Summative2\realwaste\realwaste-main\RealWaste\Cardboard\Cardboard_95.jpg,Cardboard,Cardboard_95.jpg
D:\Recovered Documents\Moringa\Module 5\Summative2\realwaste\realwaste-main\RealWaste\Metal\Metal_424.jpg,Metal,Metal_424.jpg
D:\Recovered Documents\Moringa\Module 5\Summative2\realwaste\realwaste-main\RealWaste\Plastic\Plastic_172.jpg,Plastic,Plastic_172.jpg
D:\Recovered Documents\Moringa\Module 5\Summative2\realwaste\realwaste-main\RealWaste\Metal\Metal_774.jpg,Metal,Metal_774.jpg
D:\Recovered Documents\Moringa\Module 5\Summative2\realwaste\realwaste-main\RealWaste\Food Organics\Food Organics_129.jpg,Food Organics,Food Organics_129.jpg
D:\Recovered Documents\Moringa\Module 5\Summative2\realwaste\realwaste-main\RealWaste\Vegetation\Vegetation_289.jpg,Vegetation,Vegetation_289.jpg
D:\Recovered Documents\Moringa\Module 5\Summative2\realwaste\realwaste-main\RealWaste\Glass\Glass_241.jpg,Glass,Glass_241.jpg
D:\Recovered Documents\Moringa\Module 5\Summative2\realwaste\realwaste-main\RealWaste\Metal\Metal_35.jpg,Metal,Metal_35.jpg
D:\Recovered Documents\Moringa\Module 5\Summative2\realwaste\realwaste-main\RealWaste\Cardboard\Cardboard_445.jpg,Cardboard,Cardboard_445.jpg
D:\Recovered Documents\Moringa\Module 5\Summative2\realwaste\realwaste-main\RealWaste\Vegetation\Vegetation_127.jpg,Vegetation,Vegetation_127.jpg
D:\Recovered Documents\Moringa\Module 5\Summative2\realwaste\realwaste-main\RealWaste\Glass\Glass_270.jpg,Glass,Glass_270.jpg
D:\Recovered Documents\Moringa\Module 5\Summative2\realwaste\realwaste-main\RealWaste\Cardboard\Cardboard_321.jpg,Cardboard,Cardboard_321.jpg
D:\Recovered Documents\Moringa\Module 5\Summative2\realwaste\realwaste-main\RealWaste\Textile Trash\Textile Trash_71.jpg,Textile Trash,Textile Trash_71.jpg
D:\Recovered Documents\Moringa\Module 5\Summative2\realwaste\realwaste-main\RealWaste\Miscellaneous Trash\Miscellaneous Trash_366.jpg,Miscellaneous Trash,Miscellaneous Trash_366.jpg
D:\Recovered Documents\Moringa\Module 5\Summative2\realwaste\realwaste-main\RealWaste\Plastic\Plastic_189.jpg,Plastic,Plastic_189.jpg
D:\Recovered Documents\Moringa\Module 5\Summative2\realwaste\realwaste-main\RealWaste\Metal\Metal_607.jpg,Metal,Metal_607.jpg
D:\Recovered Documents\Moringa\Module 5\Summative2\realwaste\realwaste-main\RealWaste\Miscellaneous Trash\Miscellaneous Trash_276.jpg,Miscellaneous Trash,Miscellaneous Trash_276.jpg
D:\Recovered Documents\Moringa\Module 5\Summative2\realwaste\realwaste-main\RealWaste\Cardboard\Cardboard_305.jpg,Cardboard,Cardboard_305.jpg
D:\Recovered Documents\Moringa\Module 5\Summative2\realwaste\realwaste-main\RealWaste\Glass\Glass_263.jpg,Glass,Glass_263.jpg
D:\Recovered Documents\Moringa\Module 5\Summative2\realwaste\realwaste-main\RealWaste\Metal\Metal_778.jpg,Metal,Metal_778.jpg
D:\Recovered Documents\Moringa\Module 5\Summative2\realwaste\realwaste-main\RealWaste\Cardboard\Cardboard_1.jpg,Cardboard,Cardboard_1.jpg
D:\Recovered Documents\Moringa\Module 5\Summative2\realwaste\realwaste-main\RealWaste\Vegetation\Vegetation_298.jpg,Vegetation,Vegetation_298.jpg
D:\Recovered Documents\Moringa\Module 5\Summative2\realwaste\realwaste-main\RealWaste\Food Organics\Food Organics_285.jpg,Food Organics,Food Organics_285.jpg
D:\Recovered Documents\Moringa\Module 5\Summative2\realwaste\realwaste-main\RealWaste\Miscellaneous Trash\Miscellaneous Trash_444.jpg,Miscellaneous Trash,Miscellaneous Trash_444.jpg
D:\Recovered Documents\Moringa\Module 5\Summative2\realwaste\realwaste-main\RealWaste\Paper\Paper_43.jpg,Paper,Paper_43.jpg
D:\Recovered Documents\Moringa\Module 5\Summative2\realwaste\realwaste-main\RealWaste\Metal\Metal_43.jpg,Metal,Metal_43.jpg
D:\Recovered Documents\Moringa\Module 5\Summative2\realwaste\realwaste-main\RealWaste\Glass\Glass_329.jpg,Glass,Glass_329.jpg
D:\Recovered Documents\Moringa\Module 5\Summative2\realwaste\realwaste-main\RealWaste\Metal\Metal_115.jpg,Metal,Metal_115.jpg
D:\Recovered Documents\Moringa\Module 5\Summative2\realwaste\realwaste-main\RealWaste\Plastic\Plastic_559.jpg,Plastic,Plastic_559.jpg
D:\Recovered Documents\Moringa\Module 5\Summative2\realwaste\realwaste-main\RealWaste\Vegetation\Vegetation_245.jpg,Vegetation,Vegetation_245.jpg
D:\Recovered Documents\Moringa\Module 5\Summative2\realwaste\realwaste-main\RealWaste\Glass\Glass_213.jpg,Glass,Glass_213.jpg
D:\Recovered Documents\Moringa\Module 5\Summative2\realwaste\realwaste-main\RealWaste\Plastic\Plastic_686.jpg,Plastic,Plastic_686.jpg
D:\Recovered Documents\Moringa\Module 5\Summative2\realwaste\realwaste-main\RealWaste\Paper\Paper_73.jpg,Paper,Paper_73.jpg
D:\Recovered Documents\Moringa\Module 5\Summative2\realwaste\realwaste-main\RealWaste\Textile Trash\Textile Trash_226.jpg,Textile Trash,Textile Trash_226.jpg
D:\Recovered Documents\Moringa\Module 5\Summative2\realwaste\realwaste-main\RealWaste\Plastic\Plastic_248.jpg,Plastic,Plastic_248.jpg
D:\Recovered Documents\Moringa\Module 5\Summative2\realwaste\realwaste-main\RealWaste\Food Organics\Food Organics_108.jpg,Food Organics,Food Organics_108.jpg
D:\Recovered Documents\Moringa\Module 5\Summative2\realwaste\realwaste-main\RealWaste\Plastic\Plastic_513.jpg,Plastic,Plastic_513.jpg
D:\Recovered Documents\Moringa\Module 5\Summative2\realwaste\realwaste-main\RealWaste\Plastic\Plastic_882.jpg,Plastic,Plastic_882.jpg
D:\Recovered Documents\Moringa\Module 5\Summative2\realwaste\realwaste-main\RealWaste\Metal\Metal_272.jpg,Metal,Metal_272.jpg
D:\Recovered Documents\Moringa\Module 5\Summative2\realwaste\realwaste-main\RealWaste\Cardboard\Cardboard_403.jpg,Cardboard,Cardboard_403.jpg
D:\Recovered Documents\Moringa\Module 5\Summative2\realwaste\realwaste-main\RealWaste\Food Organics\Food Organics_90.jpg,Food Organics,Food Organics_90.jpg
D:\Recovered Documents\Moringa\Module 5\Summative2\realwaste\realwaste-main\RealWaste\Glass\Glass_315.jpg,Glass,Glass_315.jpg
D:\Recovered Documents\Moringa\Module 5\Summative2\realwaste\realwaste-main\RealWaste\Glass\Glass_245.jpg,Glass,Glass_245.jpg
D:\Recovered Documents\Moringa\Module 5\Summative2\realwaste\realwaste-main\RealWaste\Paper\Paper_479.jpg,Paper,Paper_479.jpg
D:\Recovered Documents\Moringa\Module 5\Summative2\realwaste\realwaste-main\RealWaste\Metal\Metal_305.jpg,Metal,Metal_305.jpg
D:\Recovered Documents\Moringa\Module 5\Summative2\realwaste\realwaste-main\RealWaste\Miscellaneous Trash\Miscellaneous Trash_96.jpg,Miscellaneous Trash,Miscellaneous Trash_96.jpg
D:\Recovered Documents\Moringa\Module 5\Summative2\realwaste\realwaste-main\RealWaste\Vegetation\Vegetation_425.jpg,Vegetation,Vegetation_425.jpg
D:\Recovered Documents\Moringa\Module 5\Summative2\realwaste\realwaste-main\RealWaste\Plastic\Plastic_333.jpg,Plastic,Plastic_333.jpg
D:\Recovered Documents\Moringa\Module 5\Summative2\realwaste\realwaste-main\RealWaste\Cardboard\Cardboard_124.jpg,Cardboard,Cardboard_124.jpg
D:\Recovered Documents\Moringa\Module 5\Summative2\realwaste\realwaste-main\RealWaste\Vegetation\Vegetation_324.jpg,Vegetation,Vegetation_324.jpg
D:\Recovered Documents\Moringa\Module 5\Summative2\realwaste\realwaste-main\RealWaste\Plastic\Plastic_137.jpg,Plastic,Plastic_137.jpg
D:\Recovered Documents\Moringa\Module 5\Summative2\realwaste\realwaste-main\RealWaste\Glass\Glass_198.jpg,Glass,Glass_198.jpg
D:\Recovered Documents\Moringa\Module 5\Summative2\realwaste\realwaste-main\RealWaste\Metal\Metal_58.jpg,Metal,Metal_58.jpg
D:\Recovered Documents\Moringa\Module 5\Summative2\realwaste\realwaste-main\RealWaste\Vegetation\Vegetation_136.jpg,Vegetation,Vegetation_136.jpg
D:\Recovered Documents\Moringa\Module 5\Summative2\realwaste\realwaste-main\RealWaste\Metal\Metal_452.jpg,Metal,Metal_452.jpg
D:\Recovered Documents\Moringa\Module 5\Summative2\realwaste\realwaste-main\RealWaste\Glass\Glass_370.jpg,Glass,Glass_370.jpg
D:\Recovered Documents\Moringa\Module 5\Summative2\realwaste\realwaste-main\RealWaste\Plastic\Plastic_63.jpg,Plastic,Plastic_63.jpg
D:\Recovered Documents\Moringa\Module 5\Summative2\realwaste\realwaste-main\RealWaste\Miscellaneous Trash\Miscellaneous Trash_126.jpg,Miscellaneous Trash,Miscellaneous Trash_126.jpg
D:\Recovered Documents\Moringa\Module 5\Summative2\realwaste\realwaste-main\RealWaste\Plastic\Plastic_310.jpg,Plastic,Plastic_310.jpg
D:\Recovered Documents\Moringa\Module 5\Summative2\realwaste\realwaste-main\RealWaste\Paper\Paper_215.jpg,Paper,Paper_215.jpg
D:\Recovered Documents\Moringa\Module 5\Summative2\realwaste\realwaste-main\RealWaste\Miscellaneous Trash\Miscellaneous Trash_219.jpg,Miscellaneous Trash,Miscellaneous Trash_219.jpg
D:\Recovered Documents\Moringa\Module 5\Summative2\realwaste\realwaste-main\RealWaste\Metal\Metal_11.jpg,Metal,Metal_11.jpg
D:\Recovered Documents\Moringa\Module 5\Summative2\realwaste\realwaste-main\RealWaste\Miscellaneous Trash\Miscellaneous Trash_320.jpg,Miscellaneous Trash,Miscellaneous Trash_320.jpg
D:\Recovered Documents\Moringa\Module 5\Summative2\realwaste\realwaste-main\RealWaste\Textile Trash\Textile Trash_255.jpg,Textile Trash,Textile Trash_255.jpg
D:\Recovered Documents\Moringa\Module 5\Summative2\realwaste\realwaste-main\RealWaste\Plastic\Plastic_880.jpg,Plastic,Plastic_880.jpg
D:\Recovered Documents\Moringa\Module 5\Summative2\realwaste\realwaste-main\RealWaste\Plastic\Plastic_284.jpg,Plastic,Plastic_284.jpg
D:\Recovered Documents\Moringa\Module 5\Summative2\realwaste\realwaste-main\RealWaste\Textile Trash\Textile Trash_46.jpg,Textile Trash,Textile Trash_46.jpg
D:\Recovered Documents\Moringa\Module 5\Summative2\realwaste\realwaste-main\RealWaste\Metal\Metal_198.jpg,Metal,Metal_198.jpg
D:\Recovered Documents\Moringa\Module 5\Summative2\realwaste\realwaste-main\RealWaste\Metal\Metal_729.jpg,Metal,Metal_729.jpg
D:\Recovered Documents\Moringa\Module 5\Summative2\realwaste\realwaste-main\RealWaste\Plastic\Plastic_96.jpg,Plastic,Plastic_96.jpg
D:\Recovered Documents\Moringa\Module 5\Summative2\realwaste\realwaste-main\RealWaste\Plastic\Plastic_478.jpg,Plastic,Plastic_478.jpg
D:\Recovered Documents\Moringa\Module 5\Summative2\realwaste\realwaste-main\RealWaste\Vegetation\Vegetation_52.jpg,Vegetation,Vegetation_52.jpg
D:\Recovered Documents\Moringa\Module 5\Summative2\realwaste\realwaste-main\RealWaste\Cardboard\Cardboard_103.jpg,Cardboard,Cardboard_103.jpg
D:\Recovered Documents\Moringa\Module 5\Summative2\realwaste\realwaste-main\RealWaste\Food Organics\Food Organics_210.jpg,Food Organics,Food Organics_210.jpg
D:\Recovered Documents\Moringa\Module 5\Summative2\realwaste\realwaste-main\RealWaste\Paper\Paper_392.jpg,Paper,Paper_392.jpg
D:\Recovered Documents\Moringa\Module 5\Summative2\realwaste\realwaste-main\RealWaste\Miscellaneous Trash\Miscellaneous Trash_283.jpg,Miscellaneous Trash,Miscellaneous Trash_283.jpg
D:\Recovered Documents\Moringa\Module 5\Summative2\realwaste\realwaste-main\RealWaste\Glass\Glass_386.jpg,Glass,Glass_386.jpg
D:\Recovered Documents\Moringa\Module 5\Summative2\realwaste\realwaste-main\RealWaste\Food Organics\Food Organics_219.jpg,Food Organics,Food Organics_219.jpg
D:\Recovered Documents\Moringa\Module 5\Summative2\realwaste\realwaste-main\RealWaste\Miscellaneous Trash\Miscellaneous Trash_402.jpg,Miscellaneous Trash,Miscellaneous Trash_402.jpg
D:\Recovered Documents\Moringa\Module 5\Summative2\realwaste\realwaste-main\RealWaste\Metal\Metal_126.jpg,Metal,Metal_126.jpg
D:\Recovered Documents\Moringa\Module 5\Summative2\realwaste\realwaste-main\RealWaste\Paper\Paper_377.jpg,Paper,Paper_377.jpg
D:\Recovered Documents\Moringa\Module 5\Summative2\realwaste\realwaste-main\RealWaste\Plastic\Plastic_712.jpg,Plastic,Plastic_712.jpg
D:\Recovered Documents\Moringa\Module 5\Summative2\realwaste\realwaste-main\RealWaste\Metal\Metal_152.jpg,Metal,Metal_152.jpg
D:\Recovered Documents\Moringa\Module 5\Summative2\realwaste\realwaste-main\RealWaste\Paper\Paper_130.jpg,Paper,Paper_130.jpg
D:\Recovered Documents\Moringa\Module 5\Summative2\realwaste\realwaste-main\RealWaste\Textile Trash\Textile Trash_289.jpg,Textile Trash,Textile Trash_289.jpg
D:\Recovered Documents\Moringa\Module 5\Summative2\realwaste\realwaste-main\RealWaste\Vegetation\Vegetation_42.jpg,Vegetation,Vegetation_42.jpg
D:\Recovered Documents\Moringa\Module 5\Summative2\realwaste\realwaste-main\RealWaste\Vegetation\Vegetation_273.jpg,Vegetation,Vegetation_273.jpg
D:\Recovered Documents\Moringa\Module 5\Summative2\realwaste\realwaste-main\RealWaste\Metal\Metal_469.jpg,Metal,Metal_469.jpg
D:\Recovered Documents\Moringa\Module 5\Summative2\realwaste\realwaste-main\RealWaste\Food Organics\Food Organics_262.jpg,Food Organics,Food Organics_262.jpg
D:\Recovered Documents\Moringa\Module 5\Summative2\realwaste\realwaste-main\RealWaste\Food Organics\Food Organics_367.jpg,Food Organics,Food Organics_367.jpg
D:\Recovered Documents\Moringa\Module 5\Summative2\realwaste\realwaste-main\RealWaste\Plastic\Plastic_238.jpg,Plastic,Plastic_238.jpg
D:\Recovered Documents\Moringa\Module 5\Summative2\realwaste\realwaste-main\RealWaste\Miscellaneous Trash\Miscellaneous Trash_104.jpg,Miscellaneous Trash,Miscellaneous Trash_104.jpg
D:\Recovered Documents\Moringa\Module 5\Summative2\realwaste\realwaste-main\RealWaste\Food Organics\Food Organics_300.jpg,Food Organics,Food Organics_300.jpg
D:\Recovered Documents\Moringa\Module 5\Summative2\realwaste\realwaste-main\RealWaste\Textile Trash\Textile Trash_122.jpg,Textile Trash,Textile Trash_122.jpg
D:\Recovered Documents\Moringa\Module 5\Summative2\realwaste\realwaste-main\RealWaste\Glass\Glass_267.jpg,Glass,Glass_267.jpg
D:\Recovered Documents\Moringa\Module 5\Summative2\realwaste\realwaste-main\RealWaste\Glass\Glass_231.jpg,Glass,Glass_231.jpg
D:\Recovered Documents\Moringa\Module 5\Summative2\realwaste\realwaste-main\RealWaste\Food Organics\Food Organics_256.jpg,Food Organics,Food Organics_256.jpg
D:\Recovered Documents\Moringa\Module 5\Summative2\realwaste\realwaste-main\RealWaste\Glass\Glass_332.jpg,Glass,Glass_332.jpg
D:\Recovered Documents\Moringa\Module 5\Summative2\realwaste\realwaste-main\RealWaste\Textile Trash\Textile Trash_283.jpg,Textile Trash,Textile Trash_283.jpg
D:\Recovered Documents\Moringa\Module 5\Summative2\realwaste\realwaste-main\RealWaste\Cardboard\Cardboard_190.jpg,Cardboard,Cardboard_190.jpg
D:\Recovered Documents\Moringa\Module 5\Summative2\realwaste\realwaste-main\RealWaste\Metal\Metal_543.jpg,Metal,Metal_543.jpg
D:\Recovered Documents\Moringa\Module 5\Summative2\realwaste\realwaste-main\RealWaste\Textile Trash\Textile Trash_231.jpg,Textile Trash,Textile Trash_231.jpg
D:\Recovered Documents\Moringa\Module 5\Summative2\realwaste\realwaste-main\RealWaste\Metal\Metal_223.jpg,Metal,Metal_223.jpg
D:\Recovered Documents\Moringa\Module 5\Summative2\realwaste\realwaste-main\RealWaste\Paper\Paper_315.jpg,Paper,Paper_315.jpg
D:\Recovered Documents\Moringa\Module 5\Summative2\realwaste\realwaste-main\RealWaste\Cardboard\Cardboard_437.jpg,Cardboard,Cardboard_437.jpg
D:\Recovered Documents\Moringa\Module 5\Summative2\realwaste\realwaste-main\RealWaste\Food Organics\Food Organics_310.jpg,Food Organics,Food Organics_310.jpg
D:\Recovered Documents\Moringa\Module 5\Summative2\realwaste\realwaste-main\RealWaste\Metal\Metal_602.jpg,Metal,Metal_602.jpg
D:\Recovered Documents\Moringa\Module 5\Summative2\realwaste\realwaste-main\RealWaste\Plastic\Plastic_100.jpg,Plastic,Plastic_100.jpg
D:\Recovered Documents\Moringa\Module 5\Summative2\realwaste\realwaste-main\RealWaste\Cardboard\Cardboard_12.jpg,Cardboard,Cardboard_12.jpg
D:\Recovered Documents\Moringa\Module 5\Summative2\realwaste\realwaste-main\RealWaste\Metal\Metal_579.jpg,Metal,Metal_579.jpg
D:\Recovered Documents\Moringa\Module 5\Summative2\realwaste\realwaste-main\RealWaste\Plastic\Plastic_362.jpg,Plastic,Plastic_362.jpg
D:\Recovered Documents\Moringa\Module 5\Summative2\realwaste\realwaste-main\RealWaste\Plastic\Plastic_329.jpg,Plastic,Plastic_329.jpg
D:\Recovered Documents\Moringa\Module 5\Summative2\realwaste\realwaste-main\RealWaste\Miscellaneous Trash\Miscellaneous Trash_285.jpg,Miscellaneous Trash,Miscellaneous Trash_285.jpg
D:\Recovered Documents\Moringa\Module 5\Summative2\realwaste\realwaste-main\RealWaste\Food Organics\Food Organics_216.jpg,Food Organics,Food Organics_216.jpg
D:\Recovered Documents\Moringa\Module 5\Summative2\realwaste\realwaste-main\RealWaste\Food Organics\Food Organics_255.jpg,Food Organics,Food Organics_255.jpg
D:\Recovered Documents\Moringa\Module 5\Summative2\realwaste\realwaste-main\RealWaste\Metal\Metal_387.jpg,Metal,Metal_387.jpg
D:\Recovered Documents\Moringa\Module 5\Summative2\realwaste\realwaste-main\RealWaste\Paper\Paper_81.jpg,Paper,Paper_81.jpg
D:\Recovered Documents\Moringa\Module 5\Summative2\realwaste\realwaste-main\RealWaste\Miscellaneous Trash\Miscellaneous Trash_382.jpg,Miscellaneous Trash,Miscellaneous Trash_382.jpg
D:\Recovered Documents\Moringa\Module 5\Summative2\realwaste\realwaste-main\RealWaste\Metal\Metal_233.jpg,Metal,Metal_233.jpg
D:\Recovered Documents\Moringa\Module 5\Summative2\realwaste\realwaste-main\RealWaste\Plastic\Plastic_504.jpg,Plastic,Plastic_504.jpg
D:\Recovered Documents\Moringa\Module 5\Summative2\realwaste\realwaste-main\RealWaste\Glass\Glass_200.jpg,Glass,Glass_200.jpg
D:\Recovered Documents\Moringa\Module 5\Summative2\realwaste\realwaste-main\RealWaste\Metal\Metal_397.jpg,Metal,Metal_397.jpg
D:\Recovered Documents\Moringa\Module 5\Summative2\realwaste\realwaste-main\RealWaste\Plastic\Plastic_875.jpg,Plastic,Plastic_875.jpg
D:\Recovered Documents\Moringa\Module 5\Summative2\realwaste\realwaste-main\RealWaste\Plastic\Plastic_431.jpg,Plastic,Plastic_431.jpg
D:\Recovered Documents\Moringa\Module 5\Summative2\realwaste\realwaste-main\RealWaste\Cardboard\Cardboard_308.jpg,Cardboard,Cardboard_308.jpg
D:\Recovered Documents\Moringa\Module 5\Summative2\realwaste\realwaste-main\RealWaste\Miscellaneous Trash\Miscellaneous Trash_202.jpg,Miscellaneous Trash,Miscellaneous Trash_202.jpg
D:\Recovered Documents\Moringa\Module 5\Summative2\realwaste\realwaste-main\RealWaste\Metal\Metal_696.jpg,Metal,Metal_696.jpg
D:\Recovered Documents\Moringa\Module 5\Summative2\realwaste\realwaste-main\RealWaste\Miscellaneous Trash\Miscellaneous Trash_82.jpg,Miscellaneous Trash,Miscellaneous Trash_82.jpg
D:\Recovered Documents\Moringa\Module 5\Summative2\realwaste\realwaste-main\RealWaste\Miscellaneous Trash\Miscellaneous Trash_278.jpg,Miscellaneous Trash,Miscellaneous Trash_278.jpg
D:\Recovered Documents\Moringa\Module 5\Summative2\realwaste\realwaste-main\RealWaste\Plastic\Plastic_568.jpg,Plastic,Plastic_568.jpg
D:\Recovered Documents\Moringa\Module 5\Summative2\realwaste\realwaste-main\RealWaste\Vegetation\Vegetation_97.jpg,Vegetation,Vegetation_97.jpg
D:\Recovered Documents\Moringa\Module 5\Summative2\realwaste\realwaste-main\RealWaste\Glass\Glass_170.jpg,Glass,Glass_170.jpg
D:\Recovered Documents\Moringa\Module 5\Summative2\realwaste\realwaste-main\RealWaste\Plastic\Plastic_95.jpg,Plastic,Plastic_95.jpg
D:\Recovered Documents\Moringa\Module 5\Summative2\realwaste\realwaste-main\RealWaste\Miscellaneous Trash\Miscellaneous Trash_406.jpg,Miscellaneous Trash,Miscellaneous Trash_406.jpg
D:\Recovered Documents\Moringa\Module 5\Summative2\realwaste\realwaste-main\RealWaste\Vegetation\Vegetation_34.jpg,Vegetation,Vegetation_34.jpg
D:\Recovered Documents\Moringa\Module 5\Summative2\realwaste\realwaste-main\RealWaste\Metal\Metal_465.jpg,Metal,Metal_465.jpg
D:\Recovered Documents\Moringa\Module 5\Summative2\realwaste\realwaste-main\RealWaste\Glass\Glass_127.jpg,Glass,Glass_127.jpg
D:\Recovered Documents\Moringa\Module 5\Summative2\realwaste\realwaste-main\RealWaste\Cardboard\Cardboard_176.jpg,Cardboard,Cardboard_176.jpg
D:\Recovered Documents\Moringa\Module 5\Summative2\realwaste\realwaste-main\RealWaste\Paper\Paper_201.jpg,Paper,Paper_201.jpg
D:\Recovered Documents\Moringa\Module 5\Summative2\realwaste\realwaste-main\RealWaste\Miscellaneous Trash\Miscellaneous Trash_65.jpg,Miscellaneous Trash,Miscellaneous Trash_65.jpg
D:\Recovered Documents\Moringa\Module 5\Summative2\realwaste\realwaste-main\RealWaste\Plastic\Plastic_375.jpg,Plastic,Plastic_375.jpg
D:\Recovered Documents\Moringa\Module 5\Summative2\realwaste\realwaste-main\RealWaste\Metal\Metal_194.jpg,Metal,Metal_194.jpg
D:\Recovered Documents\Moringa\Module 5\Summative2\realwaste\realwaste-main\RealWaste\Plastic\Plastic_331.jpg,Plastic,Plastic_331.jpg
D:\Recovered Documents\Moringa\Module 5\Summative2\realwaste\realwaste-main\RealWaste\Plastic\Plastic_735.jpg,Plastic,Plastic_735.jpg
D:\Recovered Documents\Moringa\Module 5\Summative2\realwaste\realwaste-main\RealWaste\Plastic\Plastic_887.jpg,Plastic,Plastic_887.jpg
D:\Recovered Documents\Moringa\Module 5\Summative2\realwaste\realwaste-main\RealWaste\Glass\Glass_37.jpg,Glass,Glass_37.jpg
D:\Recovered Documents\Moringa\Module 5\Summative2\realwaste\realwaste-main\RealWaste\Food Organics\Food Organics_79.jpg,Food Organics,Food Organics_79.jpg
D:\Recovered Documents\Moringa\Module 5\Summative2\realwaste\realwaste-main\RealWaste\Paper\Paper_121.jpg,Paper,Paper_121.jpg
D:\Recovered Documents\Moringa\Module 5\Summative2\realwaste\realwaste-main\RealWaste\Miscellaneous Trash\Miscellaneous Trash_186.jpg,Miscellaneous Trash,Miscellaneous Trash_186.jpg
D:\Recovered Documents\Moringa\Module 5\Summative2\realwaste\realwaste-main\RealWaste\Plastic\Plastic_917.jpg,Plastic,Plastic_917.jpg
D:\Recovered Documents\Moringa\Module 5\Summative2\realwaste\realwaste-main\RealWaste\Food Organics\Food Organics_406.jpg,Food Organics,Food Organics_406.jpg
D:\Recovered Documents\Moringa\Module 5\Summative2\realwaste\realwaste-main\RealWaste\Textile Trash\Textile Trash_216.jpg,Textile Trash,Textile Trash_216.jpg
D:\Recovered Documents\Moringa\Module 5\Summative2\realwaste\realwaste-main\RealWaste\Food Organics\Food Organics_409.jpg,Food Organics,Food Organics_409.jpg
D:\Recovered Documents\Moringa\Module 5\Summative2\realwaste\realwaste-main\RealWaste\Plastic\Plastic_768.jpg,Plastic,Plastic_768.jpg
D:\Recovered Documents\Moringa\Module 5\Summative2\realwaste\realwaste-main\RealWaste\Metal\Metal_332.jpg,Metal,Metal_332.jpg
D:\Recovered Documents\Moringa\Module 5\Summative2\realwaste\realwaste-main\RealWaste\Cardboard\Cardboard_317.jpg,Cardboard,Cardboard_317.jpg
D:\Recovered Documents\Moringa\Module 5\Summative2\realwaste\realwaste-main\RealWaste\Metal\Metal_326.jpg,Metal,Metal_326.jpg
D:\Recovered Documents\Moringa\Module 5\Summative2\realwaste\realwaste-main\RealWaste\Glass\Glass_24.jpg,Glass,Glass_24.jpg
D:\Recovered Documents\Moringa\Module 5\Summative2\realwaste\realwaste-main\RealWaste\Glass\Glass_172.jpg,Glass,Glass_172.jpg
D:\Recovered Documents\Moringa\Module 5\Summative2\realwaste\realwaste-main\RealWaste\Plastic\Plastic_143.jpg,Plastic,Plastic_143.jpg
D:\Recovered Documents\Moringa\Module 5\Summative2\realwaste\realwaste-main\RealWaste\Metal\Metal_204.jpg,Metal,Metal_204.jpg
D:\Recovered Documents\Moringa\Module 5\Summative2\realwaste\realwaste-main\RealWaste\Glass\Glass_207.jpg,Glass,Glass_207.jpg
D:\Recovered Documents\Moringa\Module 5\Summative2\realwaste\realwaste-main\RealWaste\Plastic\Plastic_531.jpg,Plastic,Plastic_531.jpg
D:\Recovered Documents\Moringa\Module 5\Summative2\realwaste\realwaste-main\RealWaste\Cardboard\Cardboard_206.jpg,Cardboard,Cardboard_206.jpg
D:\Recovered Documents\Moringa\Module 5\Summative2\realwaste\realwaste-main\RealWaste\Plastic\Plastic_229.jpg,Plastic,Plastic_229.jpg
D:\Recovered Documents\Moringa\Module 5\Summative2\realwaste\realwaste-main\RealWaste\Plastic\Plastic_200.jpg,Plastic,Plastic_200.jpg
D:\Recovered Documents\Moringa\Module 5\Summative2\realwaste\realwaste-main\RealWaste\Glass\Glass_208.jpg,Glass,Glass_208.jpg
D:\Recovered Documents\Moringa\Module 5\Summative2\realwaste\realwaste-main\RealWaste\Textile Trash\Textile Trash_299.jpg,Textile Trash,Textile Trash_299.jpg
D:\Recovered Documents\Moringa\Module 5\Summative2\realwaste\realwaste-main\RealWaste\Food Organics\Food Organics_269.jpg,Food Organics,Food Organics_269.jpg
D:\Recovered Documents\Moringa\Module 5\Summative2\realwaste\realwaste-main\RealWaste\Food Organics\Food Organics_309.jpg,Food Organics,Food Organics_309.jpg
D:\Recovered Documents\Moringa\Module 5\Summative2\realwaste\realwaste-main\RealWaste\Cardboard\Cardboard_250.jpg,Cardboard,Cardboard_250.jpg
D:\Recovered Documents\Moringa\Module 5\Summative2\realwaste\realwaste-main\RealWaste\Miscellaneous Trash\Miscellaneous Trash_284.jpg,Miscellaneous Trash,Miscellaneous Trash_284.jpg
D:\Recovered Documents\Moringa\Module 5\Summative2\realwaste\realwaste-main\RealWaste\Glass\Glass_177.jpg,Glass,Glass_177.jpg
D:\Recovered Documents\Moringa\Module 5\Summative2\realwaste\realwaste-main\RealWaste\Metal\Metal_489.jpg,Metal,Metal_489.jpg
D:\Recovered Documents\Moringa\Module 5\Summative2\realwaste\realwaste-main\RealWaste\Plastic\Plastic_463.jpg,Plastic,Plastic_463.jpg
D:\Recovered Documents\Moringa\Module 5\Summative2\realwaste\realwaste-main\RealWaste\Food Organics\Food Organics_96.jpg,Food Organics,Food Organics_96.jpg
D:\Recovered Documents\Moringa\Module 5\Summative2\realwaste\realwaste-main\RealWaste\Vegetation\Vegetation_16.jpg,Vegetation,Vegetation_16.jpg
D:\Recovered Documents\Moringa\Module 5\Summative2\realwaste\realwaste-main\RealWaste\Metal\Metal_340.jpg,Metal,Metal_340.jpg
D:\Recovered Documents\Moringa\Module 5\Summative2\realwaste\realwaste-main\RealWaste\Metal\Metal_61.jpg,Metal,Metal_61.jpg
D:\Recovered Documents\Moringa\Module 5\Summative2\realwaste\realwaste-main\RealWaste\Paper\Paper_126.jpg,Paper,Paper_126.jpg
D:\Recovered Documents\Moringa\Module 5\Summative2\realwaste\realwaste-main\RealWaste\Textile Trash\Textile Trash_75.jpg,Textile Trash,Textile Trash_75.jpg
D:\Recovered Documents\Moringa\Module 5\Summative2\realwaste\realwaste-main\RealWaste\Plastic\Plastic_607.jpg,Plastic,Plastic_607.jpg
D:\Recovered Documents\Moringa\Module 5\Summative2\realwaste\realwaste-main\RealWaste\Cardboard\Cardboard_82.jpg,Cardboard,Cardboard_82.jpg
D:\Recovered Documents\Moringa\Module 5\Summative2\realwaste\realwaste-main\RealWaste\Miscellaneous Trash\Miscellaneous Trash_74.jpg,Miscellaneous Trash,Miscellaneous Trash_74.jpg
D:\Recovered Documents\Moringa\Module 5\Summative2\realwaste\realwaste-main\RealWaste\Metal\Metal_587.jpg,Metal,Metal_587.jpg
D:\Recovered Documents\Moringa\Module 5\Summative2\realwaste\realwaste-main\RealWaste\Cardboard\Cardboard_153.jpg,Cardboard,Cardboard_153.jpg
D:\Recovered Documents\Moringa\Module 5\Summative2\realwaste\realwaste-main\RealWaste\Miscellaneous Trash\Miscellaneous Trash_425.jpg,Miscellaneous Trash,Miscellaneous Trash_425.jpg
D:\Recovered Documents\Moringa\Module 5\Summative2\realwaste\realwaste-main\RealWaste\Metal\Metal_687.jpg,Metal,Metal_687.jpg
D:\Recovered Documents\Moringa\Module 5\Summative2\realwaste\realwaste-main\RealWaste\Paper\Paper_374.jpg,Paper,Paper_374.jpg
D:\Recovered Documents\Moringa\Module 5\Summative2\realwaste\realwaste-main\RealWaste\Paper\Paper_51.jpg,Paper,Paper_51.jpg
D:\Recovered Documents\Moringa\Module 5\Summative2\realwaste\realwaste-main\RealWaste\Plastic\Plastic_896.jpg,Plastic,Plastic_896.jpg
D:\Recovered Documents\Moringa\Module 5\Summative2\realwaste\realwaste-main\RealWaste\Plastic\Plastic_475.jpg,Plastic,Plastic_475.jpg
D:\Recovered Documents\Moringa\Module 5\Summative2\realwaste\realwaste-main\RealWaste\Metal\Metal_202.jpg,Metal,Metal_202.jpg
D:\Recovered Documents\Moringa\Module 5\Summative2\realwaste\realwaste-main\RealWaste\Plastic\Plastic_203.jpg,Plastic,Plastic_203.jpg
D:\Recovered Documents\Moringa\Module 5\Summative2\realwaste\realwaste-main\RealWaste\Textile Trash\Textile Trash_6.jpg,Textile Trash,Textile Trash_6.jpg
D:\Recovered Documents\Moringa\Module 5\Summative2\realwaste\realwaste-main\RealWaste\Paper\Paper_398.jpg,Paper,Paper_398.jpg
D:\Recovered Documents\Moringa\Module 5\Summative2\realwaste\realwaste-main\RealWaste\Metal\Metal_620.jpg,Metal,Metal_620.jpg
D:\Recovered Documents\Moringa\Module 5\Summative2\realwaste\realwaste-main\RealWaste\Textile Trash\Textile Trash_181.jpg,Textile Trash,Textile Trash_181.jpg
D:\Recovered Documents\Moringa\Module 5\Summative2\realwaste\realwaste-main\RealWaste\Paper\Paper_175.jpg,Paper,Paper_175.jpg
D:\Recovered Documents\Moringa\Module 5\Summative2\realwaste\realwaste-main\RealWaste\Glass\Glass_240.jpg,Glass,Glass_240.jpg
D:\Recovered Documents\Moringa\Module 5\Summative2\realwaste\realwaste-main\RealWaste\Plastic\Plastic_667.jpg,Plastic,Plastic_667.jpg
D:\Recovered Documents\Moringa\Module 5\Summative2\realwaste\realwaste-main\RealWaste\Plastic\Plastic_104.jpg,Plastic,Plastic_104.jpg
D:\Recovered Documents\Moringa\Module 5\Summative2\realwaste\realwaste-main\RealWaste\Cardboard\Cardboard_174.jpg,Cardboard,Cardboard_174.jpg
D:\Recovered Documents\Moringa\Module 5\Summative2\realwaste\realwaste-main\RealWaste\Vegetation\Vegetation_138.jpg,Vegetation,Vegetation_138.jpg
D:\Recovered Documents\Moringa\Module 5\Summative2\realwaste\realwaste-main\RealWaste\Food Organics\Food Organics_114.jpg,Food Organics,Food Organics_114.jpg
D:\Recovered Documents\Moringa\Module 5\Summative2\realwaste\realwaste-main\RealWaste\Plastic\Plastic_580.jpg,Plastic,Plastic_580.jpg
D:\Recovered Documents\Moringa\Module 5\Summative2\realwaste\realwaste-main\RealWaste\Cardboard\Cardboard_193.jpg,Cardboard,Cardboard_193.jpg
D:\Recovered Documents\Moringa\Module 5\Summative2\realwaste\realwaste-main\RealWaste\Glass\Glass_264.jpg,Glass,Glass_264.jpg
D:\Recovered Documents\Moringa\Module 5\Summative2\realwaste\realwaste-main\RealWaste\Textile Trash\Textile Trash_185.jpg,Textile Trash,Textile Trash_185.jpg
D:\Recovered Documents\Moringa\Module 5\Summative2\realwaste\realwaste-main\RealWaste\Miscellaneous Trash\Miscellaneous Trash_112.jpg,Miscellaneous Trash,Miscellaneous Trash_112.jpg
D:\Recovered Documents\Moringa\Module 5\Summative2\realwaste\realwaste-main\RealWaste\Metal\Metal_261.jpg,Metal,Metal_261.jpg
D:\Recovered Documents\Moringa\Module 5\Summative2\realwaste\realwaste-main\RealWaste\Vegetation\Vegetation_78.jpg,Vegetation,Vegetation_78.jpg
D:\Recovered Documents\Moringa\Module 5\Summative2\realwaste\realwaste-main\RealWaste\Plastic\Plastic_219.jpg,Plastic,Plastic_219.jpg
D:\Recovered Documents\Moringa\Module 5\Summative2\realwaste\realwaste-main\RealWaste\Glass\Glass_255.jpg,Glass,Glass_255.jpg
D:\Recovered Documents\Moringa\Module 5\Summative2\realwaste\realwaste-main\RealWaste\Plastic\Plastic_246.jpg,Plastic,Plastic_246.jpg
D:\Recovered Documents\Moringa\Module 5\Summative2\realwaste\realwaste-main\RealWaste\Food Organics\Food Organics_218.jpg,Food Organics,Food Organics_218.jpg
D:\Recovered Documents\Moringa\Module 5\Summative2\realwaste\realwaste-main\RealWaste\Metal\Metal_382.jpg,Metal,Metal_382.jpg
D:\Recovered Documents\Moringa\Module 5\Summative2\realwaste\realwaste-main\RealWaste\Vegetation\Vegetation_261.jpg,Vegetation,Vegetation_261.jpg
D:\Recovered Documents\Moringa\Module 5\Summative2\realwaste\realwaste-main\RealWaste\Miscellaneous Trash\Miscellaneous Trash_357.jpg,Miscellaneous Trash,Miscellaneous Trash_357.jpg
D:\Recovered Documents\Moringa\Module 5\Summative2\realwaste\realwaste-main\RealWaste\Vegetation\Vegetation_4.jpg,Vegetation,Vegetation_4.jpg
D:\Recovered Documents\Moringa\Module 5\Summative2\realwaste\realwaste-main\RealWaste\Cardboard\Cardboard_391.jpg,Cardboard,Cardboard_391.jpg
D:\Recovered Documents\Moringa\Module 5\Summative2\realwaste\realwaste-main\RealWaste\Miscellaneous Trash\Miscellaneous Trash_328.jpg,Miscellaneous Trash,Miscellaneous Trash_328.jpg
D:\Recovered Documents\Moringa\Module 5\Summative2\realwaste\realwaste-main\RealWaste\Miscellaneous Trash\Miscellaneous Trash_332.jpg,Miscellaneous Trash,Miscellaneous Trash_332.jpg
D:\Recovered Documents\Moringa\Module 5\Summative2\realwaste\realwaste-main\RealWaste\Paper\Paper_380.jpg,Paper,Paper_380.jpg
D:\Recovered Documents\Moringa\Module 5\Summative2\realwaste\realwaste-main\RealWaste\Cardboard\Cardboard_289.jpg,Cardboard,Cardboard_289.jpg
D:\Recovered Documents\Moringa\Module 5\Summative2\realwaste\realwaste-main\RealWaste\Plastic\Plastic_61.jpg,Plastic,Plastic_61.jpg
D:\Recovered Documents\Moringa\Module 5\Summative2\realwaste\realwaste-main\RealWaste\Textile Trash\Textile Trash_264.jpg,Textile Trash,Textile Trash_264.jpg
D:\Recovered Documents\Moringa\Module 5\Summative2\realwaste\realwaste-main\RealWaste\Vegetation\Vegetation_30.jpg,Vegetation,Vegetation_30.jpg
D:\Recovered Documents\Moringa\Module 5\Summative2\realwaste\realwaste-main\RealWaste\Glass\Glass_115.jpg,Glass,Glass_115.jpg
D:\Recovered Documents\Moringa\Module 5\Summative2\realwaste\realwaste-main\RealWaste\Metal\Metal_125.jpg,Metal,Metal_125.jpg
D:\Recovered Documents\Moringa\Module 5\Summative2\realwaste\realwaste-main\RealWaste\Plastic\Plastic_889.jpg,Plastic,Plastic_889.jpg
D:\Recovered Documents\Moringa\Module 5\Summative2\realwaste\realwaste-main\RealWaste\Plastic\Plastic_652.jpg,Plastic,Plastic_652.jpg
D:\Recovered Documents\Moringa\Module 5\Summative2\realwaste\realwaste-main\RealWaste\Paper\Paper_307.jpg,Paper,Paper_307.jpg
D:\Recovered Documents\Moringa\Module 5\Summative2\realwaste\realwaste-main\RealWaste\Metal\Metal_453.jpg,Metal,Metal_453.jpg
D:\Recovered Documents\Moringa\Module 5\Summative2\realwaste\realwaste-main\RealWaste\Vegetation\Vegetation_175.jpg,Vegetation,Vegetation_175.jpg
D:\Recovered Documents\Moringa\Module 5\Summative2\realwaste\realwaste-main\RealWaste\Glass\Glass_106.jpg,Glass,Glass_106.jpg
D:\Recovered Documents\Moringa\Module 5\Summative2\realwaste\realwaste-main\RealWaste\Vegetation\Vegetation_369.jpg,Vegetation,Vegetation_369.jpg
D:\Recovered Documents\Moringa\Module 5\Summative2\realwaste\realwaste-main\RealWaste\Textile Trash\Textile Trash_315.jpg,Textile Trash,Textile Trash_315.jpg
D:\Recovered Documents\Moringa\Module 5\Summative2\realwaste\realwaste-main\RealWaste\Plastic\Plastic_588.jpg,Plastic,Plastic_588.jpg
D:\Recovered Documents\Moringa\Module 5\Summative2\realwaste\realwaste-main\RealWaste\Miscellaneous Trash\Miscellaneous Trash_85.jpg,Miscellaneous Trash,Miscellaneous Trash_85.jpg
D:\Recovered Documents\Moringa\Module 5\Summative2\realwaste\realwaste-main\RealWaste\Glass\Glass_258.jpg,Glass,Glass_258.jpg
D:\Recovered Documents\Moringa\Module 5\Summative2\realwaste\realwaste-main\RealWaste\Metal\Metal_316.jpg,Metal,Metal_316.jpg
D:\Recovered Documents\Moringa\Module 5\Summative2\realwaste\realwaste-main\RealWaste\Vegetation\Vegetation_359.jpg,Vegetation,Vegetation_359.jpg
D:\Recovered Documents\Moringa\Module 5\Summative2\realwaste\realwaste-main\RealWaste\Food Organics\Food Organics_20.jpg,Food Organics,Food Organics_20.jpg
D:\Recovered Documents\Moringa\Module 5\Summative2\realwaste\realwaste-main\RealWaste\Plastic\Plastic_29.jpg,Plastic,Plastic_29.jpg
D:\Recovered Documents\Moringa\Module 5\Summative2\realwaste\realwaste-main\RealWaste\Cardboard\Cardboard_303.jpg,Cardboard,Cardboard_303.jpg
D:\Recovered Documents\Moringa\Module 5\Summative2\realwaste\realwaste-main\RealWaste\Metal\Metal_300.jpg,Metal,Metal_300.jpg
D:\Recovered Documents\Moringa\Module 5\Summative2\realwaste\realwaste-main\RealWaste\Cardboard\Cardboard_373.jpg,Cardboard,Cardboard_373.jpg
D:\Recovered Documents\Moringa\Module 5\Summative2\realwaste\realwaste-main\RealWaste\Vegetation\Vegetation_277.jpg,Vegetation,Vegetation_277.jpg
D:\Recovered Documents\Moringa\Module 5\Summative2\realwaste\realwaste-main\RealWaste\Plastic\Plastic_214.jpg,Plastic,Plastic_214.jpg
D:\Recovered Documents\Moringa\Module 5\Summative2\realwaste\realwaste-main\RealWaste\Miscellaneous Trash\Miscellaneous Trash_59.jpg,Miscellaneous Trash,Miscellaneous Trash_59.jpg
D:\Recovered Documents\Moringa\Module 5\Summative2\realwaste\realwaste-main\RealWaste\Paper\Paper_399.jpg,Paper,Paper_399.jpg
D:\Recovered Documents\Moringa\Module 5\Summative2\realwaste\realwaste-main\RealWaste\Plastic\Plastic_124.jpg,Plastic,Plastic_124.jpg
D:\Recovered Documents\Moringa\Module 5\Summative2\realwaste\realwaste-main\RealWaste\Plastic\Plastic_422.jpg,Plastic,Plastic_422.jpg
D:\Recovered Documents\Moringa\Module 5\Summative2\realwaste\realwaste-main\RealWaste\Paper\Paper_439.jpg,Paper,Paper_439.jpg
D:\Recovered Documents\Moringa\Module 5\Summative2\realwaste\realwaste-main\RealWaste\Plastic\Plastic_404.jpg,Plastic,Plastic_404.jpg
D:\Recovered Documents\Moringa\Module 5\Summative2\realwaste\realwaste-main\RealWaste\Metal\Metal_303.jpg,Metal,Metal_303.jpg
D:\Recovered Documents\Moringa\Module 5\Summative2\realwaste\realwaste-main\RealWaste\Vegetation\Vegetation_244.jpg,Vegetation,Vegetation_244.jpg
D:\Recovered Documents\Moringa\Module 5\Summative2\realwaste\realwaste-main\RealWaste\Metal\Metal_158.jpg,Metal,Metal_158.jpg
D:\Recovered Documents\Moringa\Module 5\Summative2\realwaste\realwaste-main\RealWaste\Miscellaneous Trash\Miscellaneous Trash_442.jpg,Miscellaneous Trash,Miscellaneous Trash_442.jpg
D:\Recovered Documents\Moringa\Module 5\Summative2\realwaste\realwaste-main\RealWaste\Metal\Metal_208.jpg,Metal,Metal_208.jpg
D:\Recovered Documents\Moringa\Module 5\Summative2\realwaste\realwaste-main\RealWaste\Miscellaneous Trash\Miscellaneous Trash_99.jpg,Miscellaneous Trash,Miscellaneous Trash_99.jpg
D:\Recovered Documents\Moringa\Module 5\Summative2\realwaste\realwaste-main\RealWaste\Paper\Paper_103.jpg,Paper,Paper_103.jpg
D:\Recovered Documents\Moringa\Module 5\Summative2\realwaste\realwaste-main\RealWaste\Plastic\Plastic_678.jpg,Plastic,Plastic_678.jpg
D:\Recovered Documents\Moringa\Module 5\Summative2\realwaste\realwaste-main\RealWaste\Plastic\Plastic_133.jpg,Plastic,Plastic_133.jpg
D:\Recovered Documents\Moringa\Module 5\Summative2\realwaste\realwaste-main\RealWaste\Plastic\Plastic_683.jpg,Plastic,Plastic_683.jpg
D:\Recovered Documents\Moringa\Module 5\Summative2\realwaste\realwaste-main\RealWaste\Miscellaneous Trash\Miscellaneous Trash_451.jpg,Miscellaneous Trash,Miscellaneous Trash_451.jpg
D:\Recovered Documents\Moringa\Module 5\Summative2\realwaste\realwaste-main\RealWaste\Cardboard\Cardboard_86.jpg,Cardboard,Cardboard_86.jpg
D:\Recovered Documents\Moringa\Module 5\Summative2\realwaste\realwaste-main\RealWaste\Vegetation\Vegetation_349.jpg,Vegetation,Vegetation_349.jpg
D:\Recovered Documents\Moringa\Module 5\Summative2\realwaste\realwaste-main\RealWaste\Food Organics\Food Organics_161.jpg,Food Organics,Food Organics_161.jpg
D:\Recovered Documents\Moringa\Module 5\Summative2\realwaste\realwaste-main\RealWaste\Plastic\Plastic_48.jpg,Plastic,Plastic_48.jpg
D:\Recovered Documents\Moringa\Module 5\Summative2\realwaste\realwaste-main\RealWaste\Cardboard\Cardboard_454.jpg,Cardboard,Cardboard_454.jpg
D:\Recovered Documents\Moringa\Module 5\Summative2\realwaste\realwaste-main\RealWaste\Textile Trash\Textile Trash_288.jpg,Textile Trash,Textile Trash_288.jpg
D:\Recovered Documents\Moringa\Module 5\Summative2\realwaste\realwaste-main\RealWaste\Food Organics\Food Organics_244.jpg,Food Organics,Food Organics_244.jpg
D:\Recovered Documents\Moringa\Module 5\Summative2\realwaste\realwaste-main\RealWaste\Food Organics\Food Organics_180.jpg,Food Organics,Food Organics_180.jpg
D:\Recovered Documents\Moringa\Module 5\Summative2\realwaste\realwaste-main\RealWaste\Miscellaneous Trash\Miscellaneous Trash_118.jpg,Miscellaneous Trash,Miscellaneous Trash_118.jpg
D:\Recovered Documents\Moringa\Module 5\Summative2\realwaste\realwaste-main\RealWaste\Metal\Metal_738.jpg,Metal,Metal_738.jpg
D:\Recovered Documents\Moringa\Module 5\Summative2\realwaste\realwaste-main\RealWaste\Glass\Glass_195.jpg,Glass,Glass_195.jpg
D:\Recovered Documents\Moringa\Module 5\Summative2\realwaste\realwaste-main\RealWaste\Plastic\Plastic_484.jpg,Plastic,Plastic_484.jpg
D:\Recovered Documents\Moringa\Module 5\Summative2\realwaste\realwaste-main\RealWaste\Paper\Paper_295.jpg,Paper,Paper_295.jpg
D:\Recovered Documents\Moringa\Module 5\Summative2\realwaste\realwaste-main\RealWaste\Miscellaneous Trash\Miscellaneous Trash_269.jpg,Miscellaneous Trash,Miscellaneous Trash_269.jpg
D:\Recovered Documents\Moringa\Module 5\Summative2\realwaste\realwaste-main\RealWaste\Metal\Metal_131.jpg,Metal,Metal_131.jpg
D:\Recovered Documents\Moringa\Module 5\Summative2\realwaste\realwaste-main\RealWaste\Plastic\Plastic_666.jpg,Plastic,Plastic_666.jpg
D:\Recovered Documents\Moringa\Module 5\Summative2\realwaste\realwaste-main\RealWaste\Metal\Metal_348.jpg,Metal,Metal_348.jpg
D:\Recovered Documents\Moringa\Module 5\Summative2\realwaste\realwaste-main\RealWaste\Glass\Glass_408.jpg,Glass,Glass_408.jpg
D:\Recovered Documents\Moringa\Module 5\Summative2\realwaste\realwaste-main\RealWaste\Food Organics\Food Organics_150.jpg,Food Organics,Food Organics_150.jpg
D:\Recovered Documents\Moringa\Module 5\Summative2\realwaste\realwaste-main\RealWaste\Paper\Paper_404.jpg,Paper,Paper_404.jpg
D:\Recovered Documents\Moringa\Module 5\Summative2\realwaste\realwaste-main\RealWaste\Vegetation\Vegetation_235.jpg,Vegetation,Vegetation_235.jpg
D:\Recovered Documents\Moringa\Module 5\Summative2\realwaste\realwaste-main\RealWaste\Paper\Paper_366.jpg,Paper,Paper_366.jpg
D:\Recovered Documents\Moringa\Module 5\Summative2\realwaste\realwaste-main\RealWaste\Metal\Metal_661.jpg,Metal,Metal_661.jpg
D:\Recovered Documents\Moringa\Module 5\Summative2\realwaste\realwaste-main\RealWaste\Paper\Paper_164.jpg,Paper,Paper_164.jpg
D:\Recovered Documents\Moringa\Module 5\Summative2\realwaste\realwaste-main\RealWaste\Cardboard\Cardboard_254.jpg,Cardboard,Cardboard_254.jpg
D:\Recovered Documents\Moringa\Module 5\Summative2\realwaste\realwaste-main\RealWaste\Textile Trash\Textile Trash_242.jpg,Textile Trash,Textile Trash_242.jpg
D:\Recovered Documents\Moringa\Module 5\Summative2\realwaste\realwaste-main\RealWaste\Paper\Paper_50.jpg,Paper,Paper_50.jpg
D:\Recovered Documents\Moringa\Module 5\Summative2\realwaste\realwaste-main\RealWaste\Plastic\Plastic_823.jpg,Plastic,Plastic_823.jpg
D:\Recovered Documents\Moringa\Module 5\Summative2\realwaste\realwaste-main\RealWaste\Metal\Metal_477.jpg,Metal,Metal_477.jpg
D:\Recovered Documents\Moringa\Module 5\Summative2\realwaste\realwaste-main\RealWaste\Metal\Metal_561.jpg,Metal,Metal_561.jpg
D:\Recovered Documents\Moringa\Module 5\Summative2\realwaste\realwaste-main\RealWaste\Miscellaneous Trash\Miscellaneous Trash_226.jpg,Miscellaneous Trash,Miscellaneous Trash_226.jpg
D:\Recovered Documents\Moringa\Module 5\Summative2\realwaste\realwaste-main\RealWaste\Miscellaneous Trash\Miscellaneous Trash_331.jpg,Miscellaneous Trash,Miscellaneous Trash_331.jpg
D:\Recovered Documents\Moringa\Module 5\Summative2\realwaste\realwaste-main\RealWaste\Vegetation\Vegetation_256.jpg,Vegetation,Vegetation_256.jpg
D:\Recovered Documents\Moringa\Module 5\Summative2\realwaste\realwaste-main\RealWaste\Paper\Paper_319.jpg,Paper,Paper_319.jpg
D:\Recovered Documents\Moringa\Module 5\Summative2\realwaste\realwaste-main\RealWaste\Metal\Metal_102.jpg,Metal,Metal_102.jpg
D:\Recovered Documents\Moringa\Module 5\Summative2\realwaste\realwaste-main\RealWaste\Food Organics\Food Organics_56.jpg,Food Organics,Food Organics_56.jpg
D:\Recovered Documents\Moringa\Module 5\Summative2\realwaste\realwaste-main\RealWaste\Glass\Glass_196.jpg,Glass,Glass_196.jpg
D:\Recovered Documents\Moringa\Module 5\Summative2\realwaste\realwaste-main\RealWaste\Food Organics\Food Organics_222.jpg,Food Organics,Food Organics_222.jpg
D:\Recovered Documents\Moringa\Module 5\Summative2\realwaste\realwaste-main\RealWaste\Plastic\Plastic_243.jpg,Plastic,Plastic_243.jpg
D:\Recovered Documents\Moringa\Module 5\Summative2\realwaste\realwaste-main\RealWaste\Miscellaneous Trash\Miscellaneous Trash_379.jpg,Miscellaneous Trash,Miscellaneous Trash_379.jpg
D:\Recovered Documents\Moringa\Module 5\Summative2\realwaste\realwaste-main\RealWaste\Plastic\Plastic_301.jpg,Plastic,Plastic_301.jpg
D:\Recovered Documents\Moringa\Module 5\Summative2\realwaste\realwaste-main\RealWaste\Plastic\Plastic_702.jpg,Plastic,Plastic_702.jpg
D:\Recovered Documents\Moringa\Module 5\Summative2\realwaste\realwaste-main\RealWaste\Glass\Glass_10.jpg,Glass,Glass_10.jpg
D:\Recovered Documents\Moringa\Module 5\Summative2\realwaste\realwaste-main\RealWaste\Miscellaneous Trash\Miscellaneous Trash_459.jpg,Miscellaneous Trash,Miscellaneous Trash_459.jpg
D:\Recovered Documents\Moringa\Module 5\Summative2\realwaste\realwaste-main\RealWaste\Metal\Metal_732.jpg,Metal,Metal_732.jpg
D:\Recovered Documents\Moringa\Module 5\Summative2\realwaste\realwaste-main\RealWaste\Metal\Metal_91.jpg,Metal,Metal_91.jpg
D:\Recovered Documents\Moringa\Module 5\Summative2\realwaste\realwaste-main\RealWaste\Textile Trash\Textile Trash_215.jpg,Textile Trash,Textile Trash_215.jpg
D:\Recovered Documents\Moringa\Module 5\Summative2\realwaste\realwaste-main\RealWaste\Miscellaneous Trash\Miscellaneous Trash_334.jpg,Miscellaneous Trash,Miscellaneous Trash_334.jpg
D:\Recovered Documents\Moringa\Module 5\Summative2\realwaste\realwaste-main\RealWaste\Cardboard\Cardboard_126.jpg,Cardboard,Cardboard_126.jpg
D:\Recovered Documents\Moringa\Module 5\Summative2\realwaste\realwaste-main\RealWaste\Glass\Glass_278.jpg,Glass,Glass_278.jpg
D:\Recovered Documents\Moringa\Module 5\Summative2\realwaste\realwaste-main\RealWaste\Vegetation\Vegetation_49.jpg,Vegetation,Vegetation_49.jpg
D:\Recovered Documents\Moringa\Module 5\Summative2\realwaste\realwaste-main\RealWaste\Textile Trash\Textile Trash_208.jpg,Textile Trash,Textile Trash_208.jpg
D:\Recovered Documents\Moringa\Module 5\Summative2\realwaste\realwaste-main\RealWaste\Paper\Paper_480.jpg,Paper,Paper_480.jpg
D:\Recovered Documents\Moringa\Module 5\Summative2\realwaste\realwaste-main\RealWaste\Plastic\Plastic_339.jpg,Plastic,Plastic_339.jpg
D:\Recovered Documents\Moringa\Module 5\Summative2\realwaste\realwaste-main\RealWaste\Plastic\Plastic_542.jpg,Plastic,Plastic_542.jpg
D:\Recovered Documents\Moringa\Module 5\Summative2\realwaste\realwaste-main\RealWaste\Food Organics\Food Organics_68.jpg,Food Organics,Food Organics_68.jpg
D:\Recovered Documents\Moringa\Module 5\Summative2\realwaste\realwaste-main\RealWaste\Metal\Metal_372.jpg,Metal,Metal_372.jpg
D:\Recovered Documents\Moringa\Module 5\Summative2\realwaste\realwaste-main\RealWaste\Paper\Paper_357.jpg,Paper,Paper_357.jpg
D:\Recovered Documents\Moringa\Module 5\Summative2\realwaste\realwaste-main\RealWaste\Metal\Metal_499.jpg,Metal,Metal_499.jpg
D:\Recovered Documents\Moringa\Module 5\Summative2\realwaste\realwaste-main\RealWaste\Cardboard\Cardboard_272.jpg,Cardboard,Cardboard_272.jpg
D:\Recovered Documents\Moringa\Module 5\Summative2\realwaste\realwaste-main\RealWaste\Paper\Paper_160.jpg,Paper,Paper_160.jpg
D:\Recovered Documents\Moringa\Module 5\Summative2\realwaste\realwaste-main\RealWaste\Food Organics\Food Organics_281.jpg,Food Organics,Food Organics_281.jpg
D:\Recovered Documents\Moringa\Module 5\Summative2\realwaste\realwaste-main\RealWaste\Metal\Metal_515.jpg,Metal,Metal_515.jpg
D:\Recovered Documents\Moringa\Module 5\Summative2\realwaste\realwaste-main\RealWaste\Metal\Metal_472.jpg,Metal,Metal_472.jpg
D:\Recovered Documents\Moringa\Module 5\Summative2\realwaste\realwaste-main\RealWaste\Food Organics\Food Organics_229.jpg,Food Organics,Food Organics_229.jpg
D:\Recovered Documents\Moringa\Module 5\Summative2\realwaste\realwaste-main\RealWaste\Paper\Paper_61.jpg,Paper,Paper_61.jpg
D:\Recovered Documents\Moringa\Module 5\Summative2\realwaste\realwaste-main\RealWaste\Metal\Metal_514.jpg,Metal,Metal_514.jpg
D:\Recovered Documents\Moringa\Module 5\Summative2\realwaste\realwaste-main\RealWaste\Plastic\Plastic_417.jpg,Plastic,Plastic_417.jpg
D:\Recovered Documents\Moringa\Module 5\Summative2\realwaste\realwaste-main\RealWaste\Plastic\Plastic_718.jpg,Plastic,Plastic_718.jpg
D:\Recovered Documents\Moringa\Module 5\Summative2\realwaste\realwaste-main\RealWaste\Textile Trash\Textile Trash_144.jpg,Textile Trash,Textile Trash_144.jpg
D:\Recovered Documents\Moringa\Module 5\Summative2\realwaste\realwaste-main\RealWaste\Cardboard\Cardboard_50.jpg,Cardboard,Cardboard_50.jpg
D:\Recovered Documents\Moringa\Module 5\Summative2\realwaste\realwaste-main\RealWaste\Food Organics\Food Organics_390.jpg,Food Organics,Food Organics_390.jpg
D:\Recovered Documents\Moringa\Module 5\Summative2\realwaste\realwaste-main\RealWaste\Glass\Glass_181.jpg,Glass,Glass_181.jpg
D:\Recovered Documents\Moringa\Module 5\Summative2\realwaste\realwaste-main\RealWaste\Cardboard\Cardboard_327.jpg,Cardboard,Cardboard_327.jpg
D:\Recovered Documents\Moringa\Module 5\Summative2\realwaste\realwaste-main\RealWaste\Vegetation\Vegetation_79.jpg,Vegetation,Vegetation_79.jpg
D:\Recovered Documents\Moringa\Module 5\Summative2\realwaste\realwaste-main\RealWaste\Miscellaneous Trash\Miscellaneous Trash_208.jpg,Miscellaneous Trash,Miscellaneous Trash_208.jpg
D:\Recovered Documents\Moringa\Module 5\Summative2\realwaste\realwaste-main\RealWaste\Plastic\Plastic_435.jpg,Plastic,Plastic_435.jpg
D:\Recovered Documents\Moringa\Module 5\Summative2\realwaste\realwaste-main\RealWaste\Plastic\Plastic_241.jpg,Plastic,Plastic_241.jpg
D:\Recovered Documents\Moringa\Module 5\Summative2\realwaste\realwaste-main\RealWaste\Glass\Glass_275.jpg,Glass,Glass_275.jpg
D:\Recovered Documents\Moringa\Module 5\Summative2\realwaste\realwaste-main\RealWaste\Paper\Paper_403.jpg,Paper,Paper_403.jpg
D:\Recovered Documents\Moringa\Module 5\Summative2\realwaste\realwaste-main\RealWaste\Plastic\Plastic_546.jpg,Plastic,Plastic_546.jpg
D:\Recovered Documents\Moringa\Module 5\Summative2\realwaste\realwaste-main\RealWaste\Paper\Paper_14.jpg,Paper,Paper_14.jpg
D:\Recovered Documents\Moringa\Module 5\Summative2\realwaste\realwaste-main\RealWaste\Plastic\Plastic_101.jpg,Plastic,Plastic_101.jpg
D:\Recovered Documents\Moringa\Module 5\Summative2\realwaste\realwaste-main\RealWaste\Paper\Paper_6.jpg,Paper,Paper_6.jpg
D:\Recovered Documents\Moringa\Module 5\Summative2\realwaste\realwaste-main\RealWaste\Plastic\Plastic_103.jpg,Plastic,Plastic_103.jpg
D:\Recovered Documents\Moringa\Module 5\Summative2\realwaste\realwaste-main\RealWaste\Plastic\Plastic_500.jpg,Plastic,Plastic_500.jpg
D:\Recovered Documents\Moringa\Module 5\Summative2\realwaste\realwaste-main\RealWaste\Vegetation\Vegetation_286.jpg,Vegetation,Vegetation_286.jpg
D:\Recovered Documents\Moringa\Module 5\Summative2\realwaste\realwaste-main\RealWaste\Plastic\Plastic_23.jpg,Plastic,Plastic_23.jpg
D:\Recovered Documents\Moringa\Module 5\Summative2\realwaste\realwaste-main\RealWaste\Food Organics\Food Organics_257.jpg,Food Organics,Food Organics_257.jpg
D:\Recovered Documents\Moringa\Module 5\Summative2\realwaste\realwaste-main\RealWaste\Plastic\Plastic_521.jpg,Plastic,Plastic_521.jpg
D:\Recovered Documents\Moringa\Module 5\Summative2\realwaste\realwaste-main\RealWaste\Plastic\Plastic_512.jpg,Plastic,Plastic_512.jpg
D:\Recovered Documents\Moringa\Module 5\Summative2\realwaste\realwaste-main\RealWaste\Textile Trash\Textile Trash_68.jpg,Textile Trash,Textile Trash_68.jpg
D:\Recovered Documents\Moringa\Module 5\Summative2\realwaste\realwaste-main\RealWaste\Food Organics\Food Organics_338.jpg,Food Organics,Food Organics_338.jpg
D:\Recovered Documents\Moringa\Module 5\Summative2\realwaste\realwaste-main\RealWaste\Miscellaneous Trash\Miscellaneous Trash_304.jpg,Miscellaneous Trash,Miscellaneous Trash_304.jpg
D:\Recovered Documents\Moringa\Module 5\Summative2\realwaste\realwaste-main\RealWaste\Plastic\Plastic_429.jpg,Plastic,Plastic_429.jpg
D:\Recovered Documents\Moringa\Module 5\Summative2\realwaste\realwaste-main\RealWaste\Plastic\Plastic_343.jpg,Plastic,Plastic_343.jpg
D:\Recovered Documents\Moringa\Module 5\Summative2\realwaste\realwaste-main\RealWaste\Plastic\Plastic_51.jpg,Plastic,Plastic_51.jpg
D:\Recovered Documents\Moringa\Module 5\Summative2\realwaste\realwaste-main\RealWaste\Food Organics\Food Organics_17.jpg,Food Organics,Food Organics_17.jpg
D:\Recovered Documents\Moringa\Module 5\Summative2\realwaste\realwaste-main\RealWaste\Cardboard\Cardboard_113.jpg,Cardboard,Cardboard_113.jpg
D:\Recovered Documents\Moringa\Module 5\Summative2\realwaste\realwaste-main\RealWaste\Plastic\Plastic_471.jpg,Plastic,Plastic_471.jpg
D:\Recovered Documents\Moringa\Module 5\Summative2\realwaste\realwaste-main\RealWaste\Food Organics\Food Organics_366.jpg,Food Organics,Food Organics_366.jpg
D:\Recovered Documents\Moringa\Module 5\Summative2\realwaste\realwaste-main\RealWaste\Metal\Metal_281.jpg,Metal,Metal_281.jpg
D:\Recovered Documents\Moringa\Module 5\Summative2\realwaste\realwaste-main\RealWaste\Cardboard\Cardboard_300.jpg,Cardboard,Cardboard_300.jpg
D:\Recovered Documents\Moringa\Module 5\Summative2\realwaste\realwaste-main\RealWaste\Food Organics\Food Organics_211.jpg,Food Organics,Food Organics_211.jpg
D:\Recovered Documents\Moringa\Module 5\Summative2\realwaste\realwaste-main\RealWaste\Miscellaneous Trash\Miscellaneous Trash_338.jpg,Miscellaneous Trash,Miscellaneous Trash_338.jpg
D:\Recovered Documents\Moringa\Module 5\Summative2\realwaste\realwaste-main\RealWaste\Miscellaneous Trash\Miscellaneous Trash_149.jpg,Miscellaneous Trash,Miscellaneous Trash_149.jpg
D:\Recovered Documents\Moringa\Module 5\Summative2\realwaste\realwaste-main\RealWaste\Plastic\Plastic_474.jpg,Plastic,Plastic_474.jpg
D:\Recovered Documents\Moringa\Module 5\Summative2\realwaste\realwaste-main\RealWaste\Plastic\Plastic_680.jpg,Plastic,Plastic_680.jpg
D:\Recovered Documents\Moringa\Module 5\Summative2\realwaste\realwaste-main\RealWaste\Food Organics\Food Organics_290.jpg,Food Organics,Food Organics_290.jpg
D:\Recovered Documents\Moringa\Module 5\Summative2\realwaste\realwaste-main\RealWaste\Plastic\Plastic_510.jpg,Plastic,Plastic_510.jpg
D:\Recovered Documents\Moringa\Module 5\Summative2\realwaste\realwaste-main\RealWaste\Plastic\Plastic_856.jpg,Plastic,Plastic_856.jpg
D:\Recovered Documents\Moringa\Module 5\Summative2\realwaste\realwaste-main\RealWaste\Paper\Paper_185.jpg,Paper,Paper_185.jpg
D:\Recovered Documents\Moringa\Module 5\Summative2\realwaste\realwaste-main\RealWaste\Vegetation\Vegetation_271.jpg,Vegetation,Vegetation_271.jpg
D:\Recovered Documents\Moringa\Module 5\Summative2\realwaste\realwaste-main\RealWaste\Miscellaneous Trash\Miscellaneous Trash_352.jpg,Miscellaneous Trash,Miscellaneous Trash_352.jpg
D:\Recovered Documents\Moringa\Module 5\Summative2\realwaste\realwaste-main\RealWaste\Metal\Metal_701.jpg,Metal,Metal_701.jpg
D:\Recovered Documents\Moringa\Module 5\Summative2\realwaste\realwaste-main\RealWaste\Glass\Glass_143.jpg,Glass,Glass_143.jpg
D:\Recovered Documents\Moringa\Module 5\Summative2\realwaste\realwaste-main\RealWaste\Miscellaneous Trash\Miscellaneous Trash_373.jpg,Miscellaneous Trash,Miscellaneous Trash_373.jpg
D:\Recovered Documents\Moringa\Module 5\Summative2\realwaste\realwaste-main\RealWaste\Plastic\Plastic_564.jpg,Plastic,Plastic_564.jpg
D:\Recovered Documents\Moringa\Module 5\Summative2\realwaste\realwaste-main\RealWaste\Food Organics\Food Organics_155.jpg,Food Organics,Food Organics_155.jpg
D:\Recovered Documents\Moringa\Module 5\Summative2\realwaste\realwaste-main\RealWaste\Metal\Metal_306.jpg,Metal,Metal_306.jpg
D:\Recovered Documents\Moringa\Module 5\Summative2\realwaste\realwaste-main\RealWaste\Food Organics\Food Organics_332.jpg,Food Organics,Food Organics_332.jpg
D:\Recovered Documents\Moringa\Module 5\Summative2\realwaste\realwaste-main\RealWaste\Glass\Glass_227.jpg,Glass,Glass_227.jpg
D:\Recovered Documents\Moringa\Module 5\Summative2\realwaste\realwaste-main\RealWaste\Cardboard\Cardboard_167.jpg,Cardboard,Cardboard_167.jpg
D:\Recovered Documents\Moringa\Module 5\Summative2\realwaste\realwaste-main\RealWaste\Vegetation\Vegetation_406.jpg,Vegetation,Vegetation_406.jpg
D:\Recovered Documents\Moringa\Module 5\Summative2\realwaste\realwaste-main\RealWaste\Paper\Paper_67.jpg,Paper,Paper_67.jpg
D:\Recovered Documents\Moringa\Module 5\Summative2\realwaste\realwaste-main\RealWaste\Cardboard\Cardboard_152.jpg,Cardboard,Cardboard_152.jpg
D:\Recovered Documents\Moringa\Module 5\Summative2\realwaste\realwaste-main\RealWaste\Food Organics\Food Organics_187.jpg,Food Organics,Food Organics_187.jpg
D:\Recovered Documents\Moringa\Module 5\Summative2\realwaste\realwaste-main\RealWaste\Paper\Paper_390.jpg,Paper,Paper_390.jpg
D:\Recovered Documents\Moringa\Module 5\Summative2\realwaste\realwaste-main\RealWaste\Vegetation\Vegetation_171.jpg,Vegetation,Vegetation_171.jpg
D:\Recovered Documents\Moringa\Module 5\Summative2\realwaste\realwaste-main\RealWaste\Miscellaneous Trash\Miscellaneous Trash_430.jpg,Miscellaneous Trash,Miscellaneous Trash_430.jpg
D:\Recovered Documents\Moringa\Module 5\Summative2\realwaste\realwaste-main\RealWaste\Cardboard\Cardboard_344.jpg,Cardboard,Cardboard_344.jpg
D:\Recovered Documents\Moringa\Module 5\Summative2\realwaste\realwaste-main\RealWaste\Cardboard\Cardboard_15.jpg,Cardboard,Cardboard_15.jpg
D:\Recovered Documents\Moringa\Module 5\Summative2\realwaste\realwaste-main\RealWaste\Glass\Glass_374.jpg,Glass,Glass_374.jpg
D:\Recovered Documents\Moringa\Module 5\Summative2\realwaste\realwaste-main\RealWaste\Glass\Glass_318.jpg,Glass,Glass_318.jpg
D:\Recovered Documents\Moringa\Module 5\Summative2\realwaste\realwaste-main\RealWaste\Glass\Glass_92.jpg,Glass,Glass_92.jpg
D:\Recovered Documents\Moringa\Module 5\Summative2\realwaste\realwaste-main\RealWaste\Vegetation\Vegetation_7.jpg,Vegetation,Vegetation_7.jpg
D:\Recovered Documents\Moringa\Module 5\Summative2\realwaste\realwaste-main\RealWaste\Plastic\Plastic_235.jpg,Plastic,Plastic_235.jpg
D:\Recovered Documents\Moringa\Module 5\Summative2\realwaste\realwaste-main\RealWaste\Plastic\Plastic_414.jpg,Plastic,Plastic_414.jpg
D:\Recovered Documents\Moringa\Module 5\Summative2\realwaste\realwaste-main\RealWaste\Paper\Paper_5.jpg,Paper,Paper_5.jpg
D:\Recovered Documents\Moringa\Module 5\Summative2\realwaste\realwaste-main\RealWaste\Plastic\Plastic_623.jpg,Plastic,Plastic_623.jpg
D:\Recovered Documents\Moringa\Module 5\Summative2\realwaste\realwaste-main\RealWaste\Textile Trash\Textile Trash_228.jpg,Textile Trash,Textile Trash_228.jpg
D:\Recovered Documents\Moringa\Module 5\Summative2\realwaste\realwaste-main\RealWaste\Food Organics\Food Organics_221.jpg,Food Organics,Food Organics_221.jpg
D:\Recovered Documents\Moringa\Module 5\Summative2\realwaste\realwaste-main\RealWaste\Cardboard\Cardboard_401.jpg,Cardboard,Cardboard_401.jpg
D:\Recovered Documents\Moringa\Module 5\Summative2\realwaste\realwaste-main\RealWaste\Cardboard\Cardboard_219.jpg,Cardboard,Cardboard_219.jpg
D:\Recovered Documents\Moringa\Module 5\Summative2\realwaste\realwaste-main\RealWaste\Paper\Paper_433.jpg,Paper,Paper_433.jpg
D:\Recovered Documents\Moringa\Module 5\Summative2\realwaste\realwaste-main\RealWaste\Cardboard\Cardboard_405.jpg,Cardboard,Cardboard_405.jpg
D:\Recovered Documents\Moringa\Module 5\Summative2\realwaste\realwaste-main\RealWaste\Paper\Paper_25.jpg,Paper,Paper_25.jpg
D:\Recovered Documents\Moringa\Module 5\Summative2\realwaste\realwaste-main\RealWaste\Textile Trash\Textile Trash_203.jpg,Textile Trash,Textile Trash_203.jpg
D:\Recovered Documents\Moringa\Module 5\Summative2\realwaste\realwaste-main\RealWaste\Glass\Glass_68.jpg,Glass,Glass_68.jpg
D:\Recovered Documents\Moringa\Module 5\Summative2\realwaste\realwaste-main\RealWaste\Metal\Metal_405.jpg,Metal,Metal_405.jpg
D:\Recovered Documents\Moringa\Module 5\Summative2\realwaste\realwaste-main\RealWaste\Textile Trash\Textile Trash_10.jpg,Textile Trash,Textile Trash_10.jpg
D:\Recovered Documents\Moringa\Module 5\Summative2\realwaste\realwaste-main\RealWaste\Metal\Metal_666.jpg,Metal,Metal_666.jpg
D:\Recovered Documents\Moringa\Module 5\Summative2\realwaste\realwaste-main\RealWaste\Plastic\Plastic_903.jpg,Plastic,Plastic_903.jpg
D:\Recovered Documents\Moringa\Module 5\Summative2\realwaste\realwaste-main\RealWaste\Textile Trash\Textile Trash_72.jpg,Textile Trash,Textile Trash_72.jpg
D:\Recovered Documents\Moringa\Module 5\Summative2\realwaste\realwaste-main\RealWaste\Glass\Glass_406.jpg,Glass,Glass_406.jpg
D:\Recovered Documents\Moringa\Module 5\Summative2\realwaste\realwaste-main\RealWaste\Glass\Glass_27.jpg,Glass,Glass_27.jpg
D:\Recovered Documents\Moringa\Module 5\Summative2\realwaste\realwaste-main\RealWaste\Cardboard\Cardboard_26.jpg,Cardboard,Cardboard_26.jpg
D:\Recovered Documents\Moringa\Module 5\Summative2\realwaste\realwaste-main\RealWaste\Plastic\Plastic_570.jpg,Plastic,Plastic_570.jpg
D:\Recovered Documents\Moringa\Module 5\Summative2\realwaste\realwaste-main\RealWaste\Metal\Metal_562.jpg,Metal,Metal_562.jpg
D:\Recovered Documents\Moringa\Module 5\Summative2\realwaste\realwaste-main\RealWaste\Cardboard\Cardboard_384.jpg,Cardboard,Cardboard_384.jpg
D:\Recovered Documents\Moringa\Module 5\Summative2\realwaste\realwaste-main\RealWaste\Cardboard\Cardboard_207.jpg,Cardboard,Cardboard_207.jpg
D:\Recovered Documents\Moringa\Module 5\Summative2\realwaste\realwaste-main\RealWaste\Cardboard\Cardboard_198.jpg,Cardboard,Cardboard_198.jpg
D:\Recovered Documents\Moringa\Module 5\Summative2\realwaste\realwaste-main\RealWaste\Cardboard\Cardboard_364.jpg,Cardboard,Cardboard_364.jpg
D:\Recovered Documents\Moringa\Module 5\Summative2\realwaste\realwaste-main\RealWaste\Paper\Paper_21.jpg,Paper,Paper_21.jpg
D:\Recovered Documents\Moringa\Module 5\Summative2\realwaste\realwaste-main\RealWaste\Plastic\Plastic_358.jpg,Plastic,Plastic_358.jpg
D:\Recovered Documents\Moringa\Module 5\Summative2\realwaste\realwaste-main\RealWaste\Plastic\Plastic_292.jpg,Plastic,Plastic_292.jpg
D:\Recovered Documents\Moringa\Module 5\Summative2\realwaste\realwaste-main\RealWaste\Paper\Paper_243.jpg,Paper,Paper_243.jpg
D:\Recovered Documents\Moringa\Module 5\Summative2\realwaste\realwaste-main\RealWaste\Plastic\Plastic_697.jpg,Plastic,Plastic_697.jpg
D:\Recovered Documents\Moringa\Module 5\Summative2\realwaste\realwaste-main\RealWaste\Miscellaneous Trash\Miscellaneous Trash_267.jpg,Miscellaneous Trash,Miscellaneous Trash_267.jpg
D:\Recovered Documents\Moringa\Module 5\Summative2\realwaste\realwaste-main\RealWaste\Food Organics\Food Organics_393.jpg,Food Organics,Food Organics_393.jpg
D:\Recovered Documents\Moringa\Module 5\Summative2\realwaste\realwaste-main\RealWaste\Cardboard\Cardboard_279.jpg,Cardboard,Cardboard_279.jpg
D:\Recovered Documents\Moringa\Module 5\Summative2\realwaste\realwaste-main\RealWaste\Glass\Glass_169.jpg,Glass,Glass_169.jpg
D:\Recovered Documents\Moringa\Module 5\Summative2\realwaste\realwaste-main\RealWaste\Metal\Metal_595.jpg,Metal,Metal_595.jpg
D:\Recovered Documents\Moringa\Module 5\Summative2\realwaste\realwaste-main\RealWaste\Paper\Paper_488.jpg,Paper,Paper_488.jpg
D:\Recovered Documents\Moringa\Module 5\Summative2\realwaste\realwaste-main\RealWaste\Plastic\Plastic_451.jpg,Plastic,Plastic_451.jpg
D:\Recovered Documents\Moringa\Module 5\Summative2\realwaste\realwaste-main\RealWaste\Glass\Glass_51.jpg,Glass,Glass_51.jpg
D:\Recovered Documents\Moringa\Module 5\Summative2\realwaste\realwaste-main\RealWaste\Cardboard\Cardboard_43.jpg,Cardboard,Cardboard_43.jpg
D:\Recovered Documents\Moringa\Module 5\Summative2\realwaste\realwaste-main\RealWaste\Cardboard\Cardboard_430.jpg,Cardboard,Cardboard_430.jpg
D:\Recovered Documents\Moringa\Module 5\Summative2\realwaste\realwaste-main\RealWaste\Plastic\Plastic_814.jpg,Plastic,Plastic_814.jpg
D:\Recovered Documents\Moringa\Module 5\Summative2\realwaste\realwaste-main\RealWaste\Paper\Paper_48.jpg,Paper,Paper_48.jpg
D:\Recovered Documents\Moringa\Module 5\Summative2\realwaste\realwaste-main\RealWaste\Glass\Glass_96.jpg,Glass,Glass_96.jpg
D:\Recovered Documents\Moringa\Module 5\Summative2\realwaste\realwaste-main\RealWaste\Metal\Metal_72.jpg,Metal,Metal_72.jpg
D:\Recovered Documents\Moringa\Module 5\Summative2\realwaste\realwaste-main\RealWaste\Glass\Glass_287.jpg,Glass,Glass_287.jpg
D:\Recovered Documents\Moringa\Module 5\Summative2\realwaste\realwaste-main\RealWaste\Plastic\Plastic_899.jpg,Plastic,Plastic_899.jpg
D:\Recovered Documents\Moringa\Module 5\Summative2\realwaste\realwaste-main\RealWaste\Vegetation\Vegetation_128.jpg,Vegetation,Vegetation_128.jpg
D:\Recovered Documents\Moringa\Module 5\Summative2\realwaste\realwaste-main\RealWaste\Metal\Metal_483.jpg,Metal,Metal_483.jpg
D:\Recovered Documents\Moringa\Module 5\Summative2\realwaste\realwaste-main\RealWaste\Glass\Glass_137.jpg,Glass,Glass_137.jpg
D:\Recovered Documents\Moringa\Module 5\Summative2\realwaste\realwaste-main\RealWaste\Food Organics\Food Organics_192.jpg,Food Organics,Food Organics_192.jpg
D:\Recovered Documents\Moringa\Module 5\Summative2\realwaste\realwaste-main\RealWaste\Plastic\Plastic_583.jpg,Plastic,Plastic_583.jpg
D:\Recovered Documents\Moringa\Module 5\Summative2\realwaste\realwaste-main\RealWaste\Plastic\Plastic_168.jpg,Plastic,Plastic_168.jpg
D:\Recovered Documents\Moringa\Module 5\Summative2\realwaste\realwaste-main\RealWaste\Plastic\Plastic_395.jpg,Plastic,Plastic_395.jpg
D:\Recovered Documents\Moringa\Module 5\Summative2\realwaste\realwaste-main\RealWaste\Food Organics\Food Organics_251.jpg,Food Organics,Food Organics_251.jpg
D:\Recovered Documents\Moringa\Module 5\Summative2\realwaste\realwaste-main\RealWaste\Vegetation\Vegetation_350.jpg,Vegetation,Vegetation_350.jpg
D:\Recovered Documents\Moringa\Module 5\Summative2\realwaste\realwaste-main\RealWaste\Paper\Paper_435.jpg,Paper,Paper_435.jpg
D:\Recovered Documents\Moringa\Module 5\Summative2\realwaste\realwaste-main\RealWaste\Plastic\Plastic_249.jpg,Plastic,Plastic_249.jpg
D:\Recovered Documents\Moringa\Module 5\Summative2\realwaste\realwaste-main\RealWaste\Metal\Metal_77.jpg,Metal,Metal_77.jpg
D:\Recovered Documents\Moringa\Module 5\Summative2\realwaste\realwaste-main\RealWaste\Plastic\Plastic_10.jpg,Plastic,Plastic_10.jpg
D:\Recovered Documents\Moringa\Module 5\Summative2\realwaste\realwaste-main\RealWaste\Food Organics\Food Organics_6.jpg,Food Organics,Food Organics_6.jpg
D:\Recovered Documents\Moringa\Module 5\Summative2\realwaste\realwaste-main\RealWaste\Paper\Paper_484.jpg,Paper,Paper_484.jpg
D:\Recovered Documents\Moringa\Module 5\Summative2\realwaste\realwaste-main\RealWaste\Glass\Glass_209.jpg,Glass,Glass_209.jpg
D:\Recovered Documents\Moringa\Module 5\Summative2\realwaste\realwaste-main\RealWaste\Miscellaneous Trash\Miscellaneous Trash_345.jpg,Miscellaneous Trash,Miscellaneous Trash_345.jpg
D:\Recovered Documents\Moringa\Module 5\Summative2\realwaste\realwaste-main\RealWaste\Paper\Paper_282.jpg,Paper,Paper_282.jpg
D:\Recovered Documents\Moringa\Module 5\Summative2\realwaste\realwaste-main\RealWaste\Glass\Glass_216.jpg,Glass,Glass_216.jpg
D:\Recovered Documents\Moringa\Module 5\Summative2\realwaste\realwaste-main\RealWaste\Textile Trash\Textile Trash_177.jpg,Textile Trash,Textile Trash_177.jpg
D:\Recovered Documents\Moringa\Module 5\Summative2\realwaste\realwaste-main\RealWaste\Glass\Glass_188.jpg,Glass,Glass_188.jpg
D:\Recovered Documents\Moringa\Module 5\Summative2\realwaste\realwaste-main\RealWaste\Paper\Paper_434.jpg,Paper,Paper_434.jpg
D:\Recovered Documents\Moringa\Module 5\Summative2\realwaste\realwaste-main\RealWaste\Plastic\Plastic_900.jpg,Plastic,Plastic_900.jpg
D:\Recovered Documents\Moringa\Module 5\Summative2\realwaste\realwaste-main\RealWaste\Metal\Metal_277.jpg,Metal,Metal_277.jpg
D:\Recovered Documents\Moringa\Module 5\Summative2\realwaste\realwaste-main\RealWaste\Glass\Glass_28.jpg,Glass,Glass_28.jpg
D:\Recovered Documents\Moringa\Module 5\Summative2\realwaste\realwaste-main\RealWaste\Paper\Paper_113.jpg,Paper,Paper_113.jpg
D:\Recovered Documents\Moringa\Module 5\Summative2\realwaste\realwaste-main\RealWaste\Miscellaneous Trash\Miscellaneous Trash_446.jpg,Miscellaneous Trash,Miscellaneous Trash_446.jpg
D:\Recovered Documents\Moringa\Module 5\Summative2\realwaste\realwaste-main\RealWaste\Vegetation\Vegetation_205.jpg,Vegetation,Vegetation_205.jpg
D:\Recovered Documents\Moringa\Module 5\Summative2\realwaste\realwaste-main\RealWaste\Textile Trash\Textile Trash_163.jpg,Textile Trash,Textile Trash_163.jpg
D:\Recovered Documents\Moringa\Module 5\Summative2\realwaste\realwaste-main\RealWaste\Metal\Metal_413.jpg,Metal,Metal_413.jpg
D:\Recovered Documents\Moringa\Module 5\Summative2\realwaste\realwaste-main\RealWaste\Paper\Paper_350.jpg,Paper,Paper_350.jpg
D:\Recovered Documents\Moringa\Module 5\Summative2\realwaste\realwaste-main\RealWaste\Plastic\Plastic_486.jpg,Plastic,Plastic_486.jpg
D:\Recovered Documents\Moringa\Module 5\Summative2\realwaste\realwaste-main\RealWaste\Food Organics\Food Organics_126.jpg,Food Organics,Food Organics_126.jpg
D:\Recovered Documents\Moringa\Module 5\Summative2\realwaste\realwaste-main\RealWaste\Paper\Paper_291.jpg,Paper,Paper_291.jpg
D:\Recovered Documents\Moringa\Module 5\Summative2\realwaste\realwaste-main\RealWaste\Miscellaneous Trash\Miscellaneous Trash_190.jpg,Miscellaneous Trash,Miscellaneous Trash_190.jpg
D:\Recovered Documents\Moringa\Module 5\Summative2\realwaste\realwaste-main\RealWaste\Food Organics\Food Organics_63.jpg,Food Organics,Food Organics_63.jpg
D:\Recovered Documents\Moringa\Module 5\Summative2\realwaste\realwaste-main\RealWaste\Cardboard\Cardboard_81.jpg,Cardboard,Cardboard_81.jpg
D:\Recovered Documents\Moringa\Module 5\Summative2\realwaste\realwaste-main\RealWaste\Plastic\Plastic_864.jpg,Plastic,Plastic_864.jpg
D:\Recovered Documents\Moringa\Module 5\Summative2\realwaste\realwaste-main\RealWaste\Textile Trash\Textile Trash_309.jpg,Textile Trash,Textile Trash_309.jpg
D:\Recovered Documents\Moringa\Module 5\Summative2\realwaste\realwaste-main\RealWaste\Glass\Glass_256.jpg,Glass,Glass_256.jpg
D:\Recovered Documents\Moringa\Module 5\Summative2\realwaste\realwaste-main\RealWaste\Paper\Paper_500.jpg,Paper,Paper_500.jpg
D:\Recovered Documents\Moringa\Module 5\Summative2\realwaste\realwaste-main\RealWaste\Vegetation\Vegetation_90.jpg,Vegetation,Vegetation_90.jpg
D:\Recovered Documents\Moringa\Module 5\Summative2\realwaste\realwaste-main\RealWaste\Paper\Paper_68.jpg,Paper,Paper_68.jpg
D:\Recovered Documents\Moringa\Module 5\Summative2\realwaste\realwaste-main\RealWaste\Paper\Paper_395.jpg,Paper,Paper_395.jpg
D:\Recovered Documents\Moringa\Module 5\Summative2\realwaste\realwaste-main\RealWaste\Vegetation\Vegetation_306.jpg,Vegetation,Vegetation_306.jpg
D:\Recovered Documents\Moringa\Module 5\Summative2\realwaste\realwaste-main\RealWaste\Plastic\Plastic_738.jpg,Plastic,Plastic_738.jpg
D:\Recovered Documents\Moringa\Module 5\Summative2\realwaste\realwaste-main\RealWaste\Metal\Metal_51.jpg,Metal,Metal_51.jpg
D:\Recovered Documents\Moringa\Module 5\Summative2\realwaste\realwaste-main\RealWaste\Plastic\Plastic_495.jpg,Plastic,Plastic_495.jpg
D:\Recovered Documents\Moringa\Module 5\Summative2\realwaste\realwaste-main\RealWaste\Miscellaneous Trash\Miscellaneous Trash_128.jpg,Miscellaneous Trash,Miscellaneous Trash_128.jpg
D:\Recovered Documents\Moringa\Module 5\Summative2\realwaste\realwaste-main\RealWaste\Miscellaneous Trash\Miscellaneous Trash_462.jpg,Miscellaneous Trash,Miscellaneous Trash_462.jpg
D:\Recovered Documents\Moringa\Module 5\Summative2\realwaste\realwaste-main\RealWaste\Metal\Metal_220.jpg,Metal,Metal_220.jpg
D:\Recovered Documents\Moringa\Module 5\Summative2\realwaste\realwaste-main\RealWaste\Textile Trash\Textile Trash_170.jpg,Textile Trash,Textile Trash_170.jpg
D:\Recovered Documents\Moringa\Module 5\Summative2\realwaste\realwaste-main\RealWaste\Glass\Glass_113.jpg,Glass,Glass_113.jpg
D:\Recovered Documents\Moringa\Module 5\Summative2\realwaste\realwaste-main\RealWaste\Miscellaneous Trash\Miscellaneous Trash_349.jpg,Miscellaneous Trash,Miscellaneous Trash_349.jpg
D:\Recovered Documents\Moringa\Module 5\Summative2\realwaste\realwaste-main\RealWaste\Textile Trash\Textile Trash_20.jpg,Textile Trash,Textile Trash_20.jpg
D:\Recovered Documents\Moringa\Module 5\Summative2\realwaste\realwaste-main\RealWaste\Food Organics\Food Organics_240.jpg,Food Organics,Food Organics_240.jpg
D:\Recovered Documents\Moringa\Module 5\Summative2\realwaste\realwaste-main\RealWaste\Vegetation\Vegetation_105.jpg,Vegetation,Vegetation_105.jpg
D:\Recovered Documents\Moringa\Module 5\Summative2\realwaste\realwaste-main\RealWaste\Miscellaneous Trash\Miscellaneous Trash_191.jpg,Miscellaneous Trash,Miscellaneous Trash_191.jpg
D:\Recovered Documents\Moringa\Module 5\Summative2\realwaste\realwaste-main\RealWaste\Paper\Paper_321.jpg,Paper,Paper_321.jpg
D:\Recovered Documents\Moringa\Module 5\Summative2\realwaste\realwaste-main\RealWaste\Paper\Paper_331.jpg,Paper,Paper_331.jpg
D:\Recovered Documents\Moringa\Module 5\Summative2\realwaste\realwaste-main\RealWaste\Textile Trash\Textile Trash_201.jpg,Textile Trash,Textile Trash_201.jpg
D:\Recovered Documents\Moringa\Module 5\Summative2\realwaste\realwaste-main\RealWaste\Miscellaneous Trash\Miscellaneous Trash_187.jpg,Miscellaneous Trash,Miscellaneous Trash_187.jpg
D:\Recovered Documents\Moringa\Module 5\Summative2\realwaste\realwaste-main\RealWaste\Miscellaneous Trash\Miscellaneous Trash_66.jpg,Miscellaneous Trash,Miscellaneous Trash_66.jpg
D:\Recovered Documents\Moringa\Module 5\Summative2\realwaste\realwaste-main\RealWaste\Glass\Glass_307.jpg,Glass,Glass_307.jpg
D:\Recovered Documents\Moringa\Module 5\Summative2\realwaste\realwaste-main\RealWaste\Food Organics\Food Organics_212.jpg,Food Organics,Food Organics_212.jpg
D:\Recovered Documents\Moringa\Module 5\Summative2\realwaste\realwaste-main\RealWaste\Plastic\Plastic_627.jpg,Plastic,Plastic_627.jpg
D:\Recovered Documents\Moringa\Module 5\Summative2\realwaste\realwaste-main\RealWaste\Metal\Metal_149.jpg,Metal,Metal_149.jpg
D:\Recovered Documents\Moringa\Module 5\Summative2\realwaste\realwaste-main\RealWaste\Metal\Metal_169.jpg,Metal,Metal_169.jpg
D:\Recovered Documents\Moringa\Module 5\Summative2\realwaste\realwaste-main\RealWaste\Plastic\Plastic_533.jpg,Plastic,Plastic_533.jpg
D:\Recovered Documents\Moringa\Module 5\Summative2\realwaste\realwaste-main\RealWaste\Plastic\Plastic_388.jpg,Plastic,Plastic_388.jpg
D:\Recovered Documents\Moringa\Module 5\Summative2\realwaste\realwaste-main\RealWaste\Plastic\Plastic_822.jpg,Plastic,Plastic_822.jpg
D:\Recovered Documents\Moringa\Module 5\Summative2\realwaste\realwaste-main\RealWaste\Paper\Paper_369.jpg,Paper,Paper_369.jpg
D:\Recovered Documents\Moringa\Module 5\Summative2\realwaste\realwaste-main\RealWaste\Metal\Metal_615.jpg,Metal,Metal_615.jpg
D:\Recovered Documents\Moringa\Module 5\Summative2\realwaste\realwaste-main\RealWaste\Plastic\Plastic_544.jpg,Plastic,Plastic_544.jpg
D:\Recovered Documents\Moringa\Module 5\Summative2\realwaste\realwaste-main\RealWaste\Vegetation\Vegetation_403.jpg,Vegetation,Vegetation_403.jpg
D:\Recovered Documents\Moringa\Module 5\Summative2\realwaste\realwaste-main\RealWaste\Food Organics\Food Organics_403.jpg,Food Organics,Food Organics_403.jpg
D:\Recovered Documents\Moringa\Module 5\Summative2\realwaste\realwaste-main\RealWaste\Plastic\Plastic_843.jpg,Plastic,Plastic_843.jpg
D:\Recovered Documents\Moringa\Module 5\Summative2\realwaste\realwaste-main\RealWaste\Metal\Metal_511.jpg,Metal,Metal_511.jpg
D:\Recovered Documents\Moringa\Module 5\Summative2\realwaste\realwaste-main\RealWaste\Vegetation\Vegetation_373.jpg,Vegetation,Vegetation_373.jpg
D:\Recovered Documents\Moringa\Module 5\Summative2\realwaste\realwaste-main\RealWaste\Plastic\Plastic_418.jpg,Plastic,Plastic_418.jpg
D:\Recovered Documents\Moringa\Module 5\Summative2\realwaste\realwaste-main\RealWaste\Metal\Metal_593.jpg,Metal,Metal_593.jpg
D:\Recovered Documents\Moringa\Module 5\Summative2\realwaste\realwaste-main\RealWaste\Plastic\Plastic_915.jpg,Plastic,Plastic_915.jpg
D:\Recovered Documents\Moringa\Module 5\Summative2\realwaste\realwaste-main\RealWaste\Food Organics\Food Organics_371.jpg,Food Organics,Food Organics_371.jpg
D:\Recovered Documents\Moringa\Module 5\Summative2\realwaste\realwaste-main\RealWaste\Vegetation\Vegetation_241.jpg,Vegetation,Vegetation_241.jpg
D:\Recovered Documents\Moringa\Module 5\Summative2\realwaste\realwaste-main\RealWaste\Plastic\Plastic_421.jpg,Plastic,Plastic_421.jpg
D:\Recovered Documents\Moringa\Module 5\Summative2\realwaste\realwaste-main\RealWaste\Cardboard\Cardboard_134.jpg,Cardboard,Cardboard_134.jpg
D:\Recovered Documents\Moringa\Module 5\Summative2\realwaste\realwaste-main\RealWaste\Paper\Paper_278.jpg,Paper,Paper_278.jpg
D:\Recovered Documents\Moringa\Module 5\Summative2\realwaste\realwaste-main\RealWaste\Metal\Metal_104.jpg,Metal,Metal_104.jpg
D:\Recovered Documents\Moringa\Module 5\Summative2\realwaste\realwaste-main\RealWaste\Paper\Paper_180.jpg,Paper,Paper_180.jpg
D:\Recovered Documents\Moringa\Module 5\Summative2\realwaste\realwaste-main\RealWaste\Miscellaneous Trash\Miscellaneous Trash_9.jpg,Miscellaneous Trash,Miscellaneous Trash_9.jpg
D:\Recovered Documents\Moringa\Module 5\Summative2\realwaste\realwaste-main\RealWaste\Paper\Paper_288.jpg,Paper,Paper_288.jpg
D:\Recovered Documents\Moringa\Module 5\Summative2\realwaste\realwaste-main\RealWaste\Cardboard\Cardboard_236.jpg,Cardboard,Cardboard_236.jpg
D:\Recovered Documents\Moringa\Module 5\Summative2\realwaste\realwaste-main\RealWaste\Miscellaneous Trash\Miscellaneous Trash_231.jpg,Miscellaneous Trash,Miscellaneous Trash_231.jpg
D:\Recovered Documents\Moringa\Module 5\Summative2\realwaste\realwaste-main\RealWaste\Plastic\Plastic_481.jpg,Plastic,Plastic_481.jpg
D:\Recovered Documents\Moringa\Module 5\Summative2\realwaste\realwaste-main\RealWaste\Glass\Glass_104.jpg,Glass,Glass_104.jpg
D:\Recovered Documents\Moringa\Module 5\Summative2\realwaste\realwaste-main\RealWaste\Miscellaneous Trash\Miscellaneous Trash_234.jpg,Miscellaneous Trash,Miscellaneous Trash_234.jpg
D:\Recovered Documents\Moringa\Module 5\Summative2\realwaste\realwaste-main\RealWaste\Glass\Glass_225.jpg,Glass,Glass_225.jpg
D:\Recovered Documents\Moringa\Module 5\Summative2\realwaste\realwaste-main\RealWaste\Metal\Metal_266.jpg,Metal,Metal_266.jpg
D:\Recovered Documents\Moringa\Module 5\Summative2\realwaste\realwaste-main\RealWaste\Metal\Metal_711.jpg,Metal,Metal_711.jpg
D:\Recovered Documents\Moringa\Module 5\Summative2\realwaste\realwaste-main\RealWaste\Plastic\Plastic_780.jpg,Plastic,Plastic_780.jpg
D:\Recovered Documents\Moringa\Module 5\Summative2\realwaste\realwaste-main\RealWaste\Metal\Metal_531.jpg,Metal,Metal_531.jpg
D:\Recovered Documents\Moringa\Module 5\Summative2\realwaste\realwaste-main\RealWaste\Metal\Metal_106.jpg,Metal,Metal_106.jpg
D:\Recovered Documents\Moringa\Module 5\Summative2\realwaste\realwaste-main\RealWaste\Food Organics\Food Organics_47.jpg,Food Organics,Food Organics_47.jpg
D:\Recovered Documents\Moringa\Module 5\Summative2\realwaste\realwaste-main\RealWaste\Paper\Paper_397.jpg,Paper,Paper_397.jpg
D:\Recovered Documents\Moringa\Module 5\Summative2\realwaste\realwaste-main\RealWaste\Cardboard\Cardboard_202.jpg,Cardboard,Cardboard_202.jpg
D:\Recovered Documents\Moringa\Module 5\Summative2\realwaste\realwaste-main\RealWaste\Vegetation\Vegetation_187.jpg,Vegetation,Vegetation_187.jpg
D:\Recovered Documents\Moringa\Module 5\Summative2\realwaste\realwaste-main\RealWaste\Cardboard\Cardboard_160.jpg,Cardboard,Cardboard_160.jpg
D:\Recovered Documents\Moringa\Module 5\Summative2\realwaste\realwaste-main\RealWaste\Vegetation\Vegetation_88.jpg,Vegetation,Vegetation_88.jpg
D:\Recovered Documents\Moringa\Module 5\Summative2\realwaste\realwaste-main\RealWaste\Food Organics\Food Organics_358.jpg,Food Organics,Food Organics_358.jpg
D:\Recovered Documents\Moringa\Module 5\Summative2\realwaste\realwaste-main\RealWaste\Textile Trash\Textile Trash_212.jpg,Textile Trash,Textile Trash_212.jpg
D:\Recovered Documents\Moringa\Module 5\Summative2\realwaste\realwaste-main\RealWaste\Glass\Glass_88.jpg,Glass,Glass_88.jpg
D:\Recovered Documents\Moringa\Module 5\Summative2\realwaste\realwaste-main\RealWaste\Metal\Metal_246.jpg,Metal,Metal_246.jpg
D:\Recovered Documents\Moringa\Module 5\Summative2\realwaste\realwaste-main\RealWaste\Metal\Metal_170.jpg,Metal,Metal_170.jpg
D:\Recovered Documents\Moringa\Module 5\Summative2\realwaste\realwaste-main\RealWaste\Miscellaneous Trash\Miscellaneous Trash_40.jpg,Miscellaneous Trash,Miscellaneous Trash_40.jpg
D:\Recovered Documents\Moringa\Module 5\Summative2\realwaste\realwaste-main\RealWaste\Glass\Glass_117.jpg,Glass,Glass_117.jpg
D:\Recovered Documents\Moringa\Module 5\Summative2\realwaste\realwaste-main\RealWaste\Paper\Paper_174.jpg,Paper,Paper_174.jpg
D:\Recovered Documents\Moringa\Module 5\Summative2\realwaste\realwaste-main\RealWaste\Vegetation\Vegetation_95.jpg,Vegetation,Vegetation_95.jpg
D:\Recovered Documents\Moringa\Module 5\Summative2\realwaste\realwaste-main\RealWaste\Metal\Metal_470.jpg,Metal,Metal_470.jpg
D:\Recovered Documents\Moringa\Module 5\Summative2\realwaste\realwaste-main\RealWaste\Plastic\Plastic_576.jpg,Plastic,Plastic_576.jpg
D:\Recovered Documents\Moringa\Module 5\Summative2\realwaste\realwaste-main\RealWaste\Miscellaneous Trash\Miscellaneous Trash_377.jpg,Miscellaneous Trash,Miscellaneous Trash_377.jpg
D:\Recovered Documents\Moringa\Module 5\Summative2\realwaste\realwaste-main\RealWaste\Textile Trash\Textile Trash_128.jpg,Textile Trash,Textile Trash_128.jpg
D:\Recovered Documents\Moringa\Module 5\Summative2\realwaste\realwaste-main\RealWaste\Textile Trash\Textile Trash_258.jpg,Textile Trash,Textile Trash_258.jpg
D:\Recovered Documents\Moringa\Module 5\Summative2\realwaste\realwaste-main\RealWaste\Metal\Metal_283.jpg,Metal,Metal_283.jpg
D:\Recovered Documents\Moringa\Module 5\Summative2\realwaste\realwaste-main\RealWaste\Metal\Metal_273.jpg,Metal,Metal_273.jpg
D:\Recovered Documents\Moringa\Module 5\Summative2\realwaste\realwaste-main\RealWaste\Plastic\Plastic_711.jpg,Plastic,Plastic_711.jpg
D:\Recovered Documents\Moringa\Module 5\Summative2\realwaste\realwaste-main\RealWaste\Miscellaneous Trash\Miscellaneous Trash_200.jpg,Miscellaneous Trash,Miscellaneous Trash_200.jpg
D:\Recovered Documents\Moringa\Module 5\Summative2\realwaste\realwaste-main\RealWaste\Vegetation\Vegetation_339.jpg,Vegetation,Vegetation_339.jpg
D:\Recovered Documents\Moringa\Module 5\Summative2\realwaste\realwaste-main\RealWaste\Plastic\Plastic_737.jpg,Plastic,Plastic_737.jpg
D:\Recovered Documents\Moringa\Module 5\Summative2\realwaste\realwaste-main\RealWaste\Cardboard\Cardboard_121.jpg,Cardboard,Cardboard_121.jpg
D:\Recovered Documents\Moringa\Module 5\Summative2\realwaste\realwaste-main\RealWaste\Textile Trash\Textile Trash_138.jpg,Textile Trash,Textile Trash_138.jpg
D:\Recovered Documents\Moringa\Module 5\Summative2\realwaste\realwaste-main\RealWaste\Metal\Metal_486.jpg,Metal,Metal_486.jpg
D:\Recovered Documents\Moringa\Module 5\Summative2\realwaste\realwaste-main\RealWaste\Paper\Paper_53.jpg,Paper,Paper_53.jpg
D:\Recovered Documents\Moringa\Module 5\Summative2\realwaste\realwaste-main\RealWaste\Glass\Glass_356.jpg,Glass,Glass_356.jpg
D:\Recovered Documents\Moringa\Module 5\Summative2\realwaste\realwaste-main\RealWaste\Plastic\Plastic_371.jpg,Plastic,Plastic_371.jpg
D:\Recovered Documents\Moringa\Module 5\Summative2\realwaste\realwaste-main\RealWaste\Vegetation\Vegetation_276.jpg,Vegetation,Vegetation_276.jpg
D:\Recovered Documents\Moringa\Module 5\Summative2\realwaste\realwaste-main\RealWaste\Miscellaneous Trash\Miscellaneous Trash_317.jpg,Miscellaneous Trash,Miscellaneous Trash_317.jpg
D:\Recovered Documents\Moringa\Module 5\Summative2\realwaste\realwaste-main\RealWaste\Metal\Metal_211.jpg,Metal,Metal_211.jpg
D:\Recovered Documents\Moringa\Module 5\Summative2\realwaste\realwaste-main\RealWaste\Metal\Metal_548.jpg,Metal,Metal_548.jpg
D:\Recovered Documents\Moringa\Module 5\Summative2\realwaste\realwaste-main\RealWaste\Miscellaneous Trash\Miscellaneous Trash_263.jpg,Miscellaneous Trash,Miscellaneous Trash_263.jpg
D:\Recovered Documents\Moringa\Module 5\Summative2\realwaste\realwaste-main\RealWaste\Food Organics\Food Organics_10.jpg,Food Organics,Food Organics_10.jpg
D:\Recovered Documents\Moringa\Module 5\Summative2\realwaste\realwaste-main\RealWaste\Metal\Metal_368.jpg,Metal,Metal_368.jpg
D:\Recovered Documents\Moringa\Module 5\Summative2\realwaste\realwaste-main\RealWaste\Glass\Glass_334.jpg,Glass,Glass_334.jpg
D:\Recovered Documents\Moringa\Module 5\Summative2\realwaste\realwaste-main\RealWaste\Textile Trash\Textile Trash_60.jpg,Textile Trash,Textile Trash_60.jpg
D:\Recovered Documents\Moringa\Module 5\Summative2\realwaste\realwaste-main\RealWaste\Paper\Paper_246.jpg,Paper,Paper_246.jpg
D:\Recovered Documents\Moringa\Module 5\Summative2\realwaste\realwaste-main\RealWaste\Plastic\Plastic_921.jpg,Plastic,Plastic_921.jpg
D:\Recovered Documents\Moringa\Module 5\Summative2\realwaste\realwaste-main\RealWaste\Miscellaneous Trash\Miscellaneous Trash_279.jpg,Miscellaneous Trash,Miscellaneous Trash_279.jpg
D:\Recovered Documents\Moringa\Module 5\Summative2\realwaste\realwaste-main\RealWaste\Cardboard\Cardboard_38.jpg,Cardboard,Cardboard_38.jpg
D:\Recovered Documents\Moringa\Module 5\Summative2\realwaste\realwaste-main\RealWaste\Metal\Metal_366.jpg,Metal,Metal_366.jpg
D:\Recovered Documents\Moringa\Module 5\Summative2\realwaste\realwaste-main\RealWaste\Food Organics\Food Organics_286.jpg,Food Organics,Food Organics_286.jpg
D:\Recovered Documents\Moringa\Module 5\Summative2\realwaste\realwaste-main\RealWaste\Food Organics\Food Organics_203.jpg,Food Organics,Food Organics_203.jpg
D:\Recovered Documents\Moringa\Module 5\Summative2\realwaste\realwaste-main\RealWaste\Food Organics\Food Organics_318.jpg,Food Organics,Food Organics_318.jpg
D:\Recovered Documents\Moringa\Module 5\Summative2\realwaste\realwaste-main\RealWaste\Miscellaneous Trash\Miscellaneous Trash_223.jpg,Miscellaneous Trash,Miscellaneous Trash_223.jpg
D:\Recovered Documents\Moringa\Module 5\Summative2\realwaste\realwaste-main\RealWaste\Plastic\Plastic_878.jpg,Plastic,Plastic_878.jpg
D:\Recovered Documents\Moringa\Module 5\Summative2\realwaste\realwaste-main\RealWaste\Metal\Metal_533.jpg,Metal,Metal_533.jpg
D:\Recovered Documents\Moringa\Module 5\Summative2\realwaste\realwaste-main\RealWaste\Plastic\Plastic_77.jpg,Plastic,Plastic_77.jpg
D:\Recovered Documents\Moringa\Module 5\Summative2\realwaste\realwaste-main\RealWaste\Cardboard\Cardboard_166.jpg,Cardboard,Cardboard_166.jpg
D:\Recovered Documents\Moringa\Module 5\Summative2\realwaste\realwaste-main\RealWaste\Metal\Metal_6.jpg,Metal,Metal_6.jpg
D:\Recovered Documents\Moringa\Module 5\Summative2\realwaste\realwaste-main\RealWaste\Plastic\Plastic_45.jpg,Plastic,Plastic_45.jpg
D:\Recovered Documents\Moringa\Module 5\Summative2\realwaste\realwaste-main\RealWaste\Food Organics\Food Organics_225.jpg,Food Organics,Food Organics_225.jpg
D:\Recovered Documents\Moringa\Module 5\Summative2\realwaste\realwaste-main\RealWaste\Miscellaneous Trash\Miscellaneous Trash_261.jpg,Miscellaneous Trash,Miscellaneous Trash_261.jpg
D:\Recovered Documents\Moringa\Module 5\Summative2\realwaste\realwaste-main\RealWaste\Paper\Paper_40.jpg,Paper,Paper_40.jpg
D:\Recovered Documents\Moringa\Module 5\Summative2\realwaste\realwaste-main\RealWaste\Metal\Metal_755.jpg,Metal,Metal_755.jpg
D:\Recovered Documents\Moringa\Module 5\Summative2\realwaste\realwaste-main\RealWaste\Paper\Paper_89.jpg,Paper,Paper_89.jpg
D:\Recovered Documents\Moringa\Module 5\Summative2\realwaste\realwaste-main\RealWaste\Vegetation\Vegetation_310.jpg,Vegetation,Vegetation_310.jpg
D:\Recovered Documents\Moringa\Module 5\Summative2\realwaste\realwaste-main\RealWaste\Cardboard\Cardboard_11.jpg,Cardboard,Cardboard_11.jpg
D:\Recovered Documents\Moringa\Module 5\Summative2\realwaste\realwaste-main\RealWaste\Food Organics\Food Organics_214.jpg,Food Organics,Food Organics_214.jpg
D:\Recovered Documents\Moringa\Module 5\Summative2\realwaste\realwaste-main\RealWaste\Paper\Paper_189.jpg,Paper,Paper_189.jpg
D:\Recovered Documents\Moringa\Module 5\Summative2\realwaste\realwaste-main\RealWaste\Miscellaneous Trash\Miscellaneous Trash_139.jpg,Miscellaneous Trash,Miscellaneous Trash_139.jpg
D:\Recovered Documents\Moringa\Module 5\Summative2\realwaste\realwaste-main\RealWaste\Plastic\Plastic_92.jpg,Plastic,Plastic_92.jpg
D:\Recovered Documents\Moringa\Module 5\Summative2\realwaste\realwaste-main\RealWaste\Miscellaneous Trash\Miscellaneous Trash_37.jpg,Miscellaneous Trash,Miscellaneous Trash_37.jpg
D:\Recovered Documents\Moringa\Module 5\Summative2\realwaste\realwaste-main\RealWaste\Vegetation\Vegetation_426.jpg,Vegetation,Vegetation_426.jpg
D:\Recovered Documents\Moringa\Module 5\Summative2\realwaste\realwaste-main\RealWaste\Textile Trash\Textile Trash_141.jpg,Textile Trash,Textile Trash_141.jpg
D:\Recovered Documents\Moringa\Module 5\Summative2\realwaste\realwaste-main\RealWaste\Cardboard\Cardboard_40.jpg,Cardboard,Cardboard_40.jpg
D:\Recovered Documents\Moringa\Module 5\Summative2\realwaste\realwaste-main\RealWaste\Miscellaneous Trash\Miscellaneous Trash_247.jpg,Miscellaneous Trash,Miscellaneous Trash_247.jpg
D:\Recovered Documents\Moringa\Module 5\Summative2\realwaste\realwaste-main\RealWaste\Metal\Metal_493.jpg,Metal,Metal_493.jpg
D:\Recovered Documents\Moringa\Module 5\Summative2\realwaste\realwaste-main\RealWaste\Miscellaneous Trash\Miscellaneous Trash_31.jpg,Miscellaneous Trash,Miscellaneous Trash_31.jpg
D:\Recovered Documents\Moringa\Module 5\Summative2\realwaste\realwaste-main\RealWaste\Cardboard\Cardboard_274.jpg,Cardboard,Cardboard_274.jpg
D:\Recovered Documents\Moringa\Module 5\Summative2\realwaste\realwaste-main\RealWaste\Metal\Metal_699.jpg,Metal,Metal_699.jpg
D:\Recovered Documents\Moringa\Module 5\Summative2\realwaste\realwaste-main\RealWaste\Food Organics\Food Organics_54.jpg,Food Organics,Food Organics_54.jpg
D:\Recovered Documents\Moringa\Module 5\Summative2\realwaste\realwaste-main\RealWaste\Plastic\Plastic_744.jpg,Plastic,Plastic_744.jpg
D:\Recovered Documents\Moringa\Module 5\Summative2\realwaste\realwaste-main\RealWaste\Cardboard\Cardboard_296.jpg,Cardboard,Cardboard_296.jpg
D:\Recovered Documents\Moringa\Module 5\Summative2\realwaste\realwaste-main\RealWaste\Plastic\Plastic_552.jpg,Plastic,Plastic_552.jpg
D:\Recovered Documents\Moringa\Module 5\Summative2\realwaste\realwaste-main\RealWaste\Plastic\Plastic_382.jpg,Plastic,Plastic_382.jpg
D:\Recovered Documents\Moringa\Module 5\Summative2\realwaste\realwaste-main\RealWaste\Metal\Metal_374.jpg,Metal,Metal_374.jpg
D:\Recovered Documents\Moringa\Module 5\Summative2\realwaste\realwaste-main\RealWaste\Plastic\Plastic_596.jpg,Plastic,Plastic_596.jpg
D:\Recovered Documents\Moringa\Module 5\Summative2\realwaste\realwaste-main\RealWaste\Glass\Glass_403.jpg,Glass,Glass_403.jpg
D:\Recovered Documents\Moringa\Module 5\Summative2\realwaste\realwaste-main\RealWaste\Plastic\Plastic_265.jpg,Plastic,Plastic_265.jpg
D:\Recovered Documents\Moringa\Module 5\Summative2\realwaste\realwaste-main\RealWaste\Plastic\Plastic_501.jpg,Plastic,Plastic_501.jpg
D:\Recovered Documents\Moringa\Module 5\Summative2\realwaste\realwaste-main\RealWaste\Plastic\Plastic_153.jpg,Plastic,Plastic_153.jpg
D:\Recovered Documents\Moringa\Module 5\Summative2\realwaste\realwaste-main\RealWaste\Food Organics\Food Organics_141.jpg,Food Organics,Food Organics_141.jpg
D:\Recovered Documents\Moringa\Module 5\Summative2\realwaste\realwaste-main\RealWaste\Metal\Metal_10.jpg,Metal,Metal_10.jpg
D:\Recovered Documents\Moringa\Module 5\Summative2\realwaste\realwaste-main\RealWaste\Plastic\Plastic_201.jpg,Plastic,Plastic_201.jpg
D:\Recovered Documents\Moringa\Module 5\Summative2\realwaste\realwaste-main\RealWaste\Glass\Glass_26.jpg,Glass,Glass_26.jpg
D:\Recovered Documents\Moringa\Module 5\Summative2\realwaste\realwaste-main\RealWaste\Vegetation\Vegetation_170.jpg,Vegetation,Vegetation_170.jpg
D:\Recovered Documents\Moringa\Module 5\Summative2\realwaste\realwaste-main\RealWaste\Food Organics\Food Organics_52.jpg,Food Organics,Food Organics_52.jpg
D:\Recovered Documents\Moringa\Module 5\Summative2\realwaste\realwaste-main\RealWaste\Metal\Metal_103.jpg,Metal,Metal_103.jpg
D:\Recovered Documents\Moringa\Module 5\Summative2\realwaste\realwaste-main\RealWaste\Glass\Glass_395.jpg,Glass,Glass_395.jpg
D:\Recovered Documents\Moringa\Module 5\Summative2\realwaste\realwaste-main\RealWaste\Miscellaneous Trash\Miscellaneous Trash_374.jpg,Miscellaneous Trash,Miscellaneous Trash_374.jpg
D:\Recovered Documents\Moringa\Module 5\Summative2\realwaste\realwaste-main\RealWaste\Textile Trash\Textile Trash_81.jpg,Textile Trash,Textile Trash_81.jpg
D:\Recovered Documents\Moringa\Module 5\Summative2\realwaste\realwaste-main\RealWaste\Metal\Metal_487.jpg,Metal,Metal_487.jpg
D:\Recovered Documents\Moringa\Module 5\Summative2\realwaste\realwaste-main\RealWaste\Paper\Paper_54.jpg,Paper,Paper_54.jpg
D:\Recovered Documents\Moringa\Module 5\Summative2\realwaste\realwaste-main\RealWaste\Plastic\Plastic_799.jpg,Plastic,Plastic_799.jpg
D:\Recovered Documents\Moringa\Module 5\Summative2\realwaste\realwaste-main\RealWaste\Vegetation\Vegetation_193.jpg,Vegetation,Vegetation_193.jpg
D:\Recovered Documents\Moringa\Module 5\Summative2\realwaste\realwaste-main\RealWaste\Glass\Glass_141.jpg,Glass,Glass_141.jpg
D:\Recovered Documents\Moringa\Module 5\Summative2\realwaste\realwaste-main\RealWaste\Paper\Paper_388.jpg,Paper,Paper_388.jpg
D:\Recovered Documents\Moringa\Module 5\Summative2\realwaste\realwaste-main\RealWaste\Textile Trash\Textile Trash_105.jpg,Textile Trash,Textile Trash_105.jpg
D:\Recovered Documents\Moringa\Module 5\Summative2\realwaste\realwaste-main\RealWaste\Cardboard\Cardboard_410.jpg,Cardboard,Cardboard_410.jpg
D:\Recovered Documents\Moringa\Module 5\Summative2\realwaste\realwaste-main\RealWaste\Metal\Metal_4.jpg,Metal,Metal_4.jpg
D:\Recovered Documents\Moringa\Module 5\Summative2\realwaste\realwaste-main\RealWaste\Glass\Glass_91.jpg,Glass,Glass_91.jpg
D:\Recovered Documents\Moringa\Module 5\Summative2\realwaste\realwaste-main\RealWaste\Vegetation\Vegetation_275.jpg,Vegetation,Vegetation_275.jpg
D:\Recovered Documents\Moringa\Module 5\Summative2\realwaste\realwaste-main\RealWaste\Metal\Metal_586.jpg,Metal,Metal_586.jpg
D:\Recovered Documents\Moringa\Module 5\Summative2\realwaste\realwaste-main\RealWaste\Glass\Glass_361.jpg,Glass,Glass_361.jpg
D:\Recovered Documents\Moringa\Module 5\Summative2\realwaste\realwaste-main\RealWaste\Cardboard\Cardboard_119.jpg,Cardboard,Cardboard_119.jpg
D:\Recovered Documents\Moringa\Module 5\Summative2\realwaste\realwaste-main\RealWaste\Glass\Glass_279.jpg,Glass,Glass_279.jpg
D:\Recovered Documents\Moringa\Module 5\Summative2\realwaste\realwaste-main\RealWaste\Paper\Paper_419.jpg,Paper,Paper_419.jpg
D:\Recovered Documents\Moringa\Module 5\Summative2\realwaste\realwaste-main\RealWaste\Paper\Paper_267.jpg,Paper,Paper_267.jpg
D:\Recovered Documents\Moringa\Module 5\Summative2\realwaste\realwaste-main\RealWaste\Textile Trash\Textile Trash_304.jpg,Textile Trash,Textile Trash_304.jpg
D:\Recovered Documents\Moringa\Module 5\Summative2\realwaste\realwaste-main\RealWaste\Metal\Metal_789.jpg,Metal,Metal_789.jpg
D:\Recovered Documents\Moringa\Module 5\Summative2\realwaste\realwaste-main\RealWaste\Paper\Paper_337.jpg,Paper,Paper_337.jpg
D:\Recovered Documents\Moringa\Module 5\Summative2\realwaste\realwaste-main\RealWaste\Miscellaneous Trash\Miscellaneous Trash_272.jpg,Miscellaneous Trash,Miscellaneous Trash_272.jpg
D:\Recovered Documents\Moringa\Module 5\Summative2\realwaste\realwaste-main\RealWaste\Plastic\Plastic_747.jpg,Plastic,Plastic_747.jpg
D:\Recovered Documents\Moringa\Module 5\Summative2\realwaste\realwaste-main\RealWaste\Food Organics\Food Organics_254.jpg,Food Organics,Food Organics_254.jpg
D:\Recovered Documents\Moringa\Module 5\Summative2\realwaste\realwaste-main\RealWaste\Metal\Metal_186.jpg,Metal,Metal_186.jpg
D:\Recovered Documents\Moringa\Module 5\Summative2\realwaste\realwaste-main\RealWaste\Cardboard\Cardboard_386.jpg,Cardboard,Cardboard_386.jpg
D:\Recovered Documents\Moringa\Module 5\Summative2\realwaste\realwaste-main\RealWaste\Textile Trash\Textile Trash_121.jpg,Textile Trash,Textile Trash_121.jpg
D:\Recovered Documents\Moringa\Module 5\Summative2\realwaste\realwaste-main\RealWaste\Cardboard\Cardboard_361.jpg,Cardboard,Cardboard_361.jpg
D:\Recovered Documents\Moringa\Module 5\Summative2\realwaste\realwaste-main\RealWaste\Miscellaneous Trash\Miscellaneous Trash_72.jpg,Miscellaneous Trash,Miscellaneous Trash_72.jpg
D:\Recovered Documents\Moringa\Module 5\Summative2\realwaste\realwaste-main\RealWaste\Metal\Metal_630.jpg,Metal,Metal_630.jpg
D:\Recovered Documents\Moringa\Module 5\Summative2\realwaste\realwaste-main\RealWaste\Food Organics\Food Organics_248.jpg,Food Organics,Food Organics_248.jpg
D:\Recovered Documents\Moringa\Module 5\Summative2\realwaste\realwaste-main\RealWaste\Textile Trash\Textile Trash_295.jpg,Textile Trash,Textile Trash_295.jpg
D:\Recovered Documents\Moringa\Module 5\Summative2\realwaste\realwaste-main\RealWaste\Textile Trash\Textile Trash_15.jpg,Textile Trash,Textile Trash_15.jpg
D:\Recovered Documents\Moringa\Module 5\Summative2\realwaste\realwaste-main\RealWaste\Plastic\Plastic_158.jpg,Plastic,Plastic_158.jpg
D:\Recovered Documents\Moringa\Module 5\Summative2\realwaste\realwaste-main\RealWaste\Plastic\Plastic_289.jpg,Plastic,Plastic_289.jpg
D:\Recovered Documents\Moringa\Module 5\Summative2\realwaste\realwaste-main\RealWaste\Metal\Metal_588.jpg,Metal,Metal_588.jpg
D:\Recovered Documents\Moringa\Module 5\Summative2\realwaste\realwaste-main\RealWaste\Miscellaneous Trash\Miscellaneous Trash_368.jpg,Miscellaneous Trash,Miscellaneous Trash_368.jpg
D:\Recovered Documents\Moringa\Module 5\Summative2\realwaste\realwaste-main\RealWaste\Food Organics\Food Organics_125.jpg,Food Organics,Food Organics_125.jpg
D:\Recovered Documents\Moringa\Module 5\Summative2\realwaste\realwaste-main\RealWaste\Miscellaneous Trash\Miscellaneous Trash_339.jpg,Miscellaneous Trash,Miscellaneous Trash_339.jpg
D:\Recovered Documents\Moringa\Module 5\Summative2\realwaste\realwaste-main\RealWaste\Plastic\Plastic_6.jpg,Plastic,Plastic_6.jpg
D:\Recovered Documents\Moringa\Module 5\Summative2\realwaste\realwaste-main\RealWaste\Metal\Metal_297.jpg,Metal,Metal_297.jpg
D:\Recovered Documents\Moringa\Module 5\Summative2\realwaste\realwaste-main\RealWaste\Metal\Metal_761.jpg,Metal,Metal_761.jpg
D:\Recovered Documents\Moringa\Module 5\Summative2\realwaste\realwaste-main\RealWaste\Food Organics\Food Organics_291.jpg,Food Organics,Food Organics_291.jpg
D:\Recovered Documents\Moringa\Module 5\Summative2\realwaste\realwaste-main\RealWaste\Glass\Glass_342.jpg,Glass,Glass_342.jpg
D:\Recovered Documents\Moringa\Module 5\Summative2\realwaste\realwaste-main\RealWaste\Metal\Metal_721.jpg,Metal,Metal_721.jpg
D:\Recovered Documents\Moringa\Module 5\Summative2\realwaste\realwaste-main\RealWaste\Miscellaneous Trash\Miscellaneous Trash_13.jpg,Miscellaneous Trash,Miscellaneous Trash_13.jpg
D:\Recovered Documents\Moringa\Module 5\Summative2\realwaste\realwaste-main\RealWaste\Vegetation\Vegetation_313.jpg,Vegetation,Vegetation_313.jpg
D:\Recovered Documents\Moringa\Module 5\Summative2\realwaste\realwaste-main\RealWaste\Cardboard\Cardboard_420.jpg,Cardboard,Cardboard_420.jpg
D:\Recovered Documents\Moringa\Module 5\Summative2\realwaste\realwaste-main\RealWaste\Metal\Metal_644.jpg,Metal,Metal_644.jpg
D:\Recovered Documents\Moringa\Module 5\Summative2\realwaste\realwaste-main\RealWaste\Glass\Glass_32.jpg,Glass,Glass_32.jpg
D:\Recovered Documents\Moringa\Module 5\Summative2\realwaste\realwaste-main\RealWaste\Metal\Metal_759.jpg,Metal,Metal_759.jpg
D:\Recovered Documents\Moringa\Module 5\Summative2\realwaste\realwaste-main\RealWaste\Plastic\Plastic_138.jpg,Plastic,Plastic_138.jpg
D:\Recovered Documents\Moringa\Module 5\Summative2\realwaste\realwaste-main\RealWaste\Textile Trash\Textile Trash_110.jpg,Textile Trash,Textile Trash_110.jpg
D:\Recovered Documents\Moringa\Module 5\Summative2\realwaste\realwaste-main\RealWaste\Plastic\Plastic_558.jpg,Plastic,Plastic_558.jpg
D:\Recovered Documents\Moringa\Module 5\Summative2\realwaste\realwaste-main\RealWaste\Metal\Metal_636.jpg,Metal,Metal_636.jpg
D:\Recovered Documents\Moringa\Module 5\Summative2\realwaste\realwaste-main\RealWaste\Glass\Glass_375.jpg,Glass,Glass_375.jpg
D:\Recovered Documents\Moringa\Module 5\Summative2\realwaste\realwaste-main\RealWaste\Textile Trash\Textile Trash_307.jpg,Textile Trash,Textile Trash_307.jpg
D:\Recovered Documents\Moringa\Module 5\Summative2\realwaste\realwaste-main\RealWaste\Miscellaneous Trash\Miscellaneous Trash_173.jpg,Miscellaneous Trash,Miscellaneous Trash_173.jpg
D:\Recovered Documents\Moringa\Module 5\Summative2\realwaste\realwaste-main\RealWaste\Paper\Paper_128.jpg,Paper,Paper_128.jpg
D:\Recovered Documents\Moringa\Module 5\Summative2\realwaste\realwaste-main\RealWaste\Paper\Paper_44.jpg,Paper,Paper_44.jpg
D:\Recovered Documents\Moringa\Module 5\Summative2\realwaste\realwaste-main\RealWaste\Cardboard\Cardboard_433.jpg,Cardboard,Cardboard_433.jpg
D:\Recovered Documents\Moringa\Module 5\Summative2\realwaste\realwaste-main\RealWaste\Plastic\Plastic_821.jpg,Plastic,Plastic_821.jpg
D:\Recovered Documents\Moringa\Module 5\Summative2\realwaste\realwaste-main\RealWaste\Metal\Metal_351.jpg,Metal,Metal_351.jpg
D:\Recovered Documents\Moringa\Module 5\Summative2\realwaste\realwaste-main\RealWaste\Cardboard\Cardboard_428.jpg,Cardboard,Cardboard_428.jpg
D:\Recovered Documents\Moringa\Module 5\Summative2\realwaste\realwaste-main\RealWaste\Vegetation\Vegetation_242.jpg,Vegetation,Vegetation_242.jpg
D:\Recovered Documents\Moringa\Module 5\Summative2\realwaste\realwaste-main\RealWaste\Plastic\Plastic_232.jpg,Plastic,Plastic_232.jpg
D:\Recovered Documents\Moringa\Module 5\Summative2\realwaste\realwaste-main\RealWaste\Vegetation\Vegetation_393.jpg,Vegetation,Vegetation_393.jpg
D:\Recovered Documents\Moringa\Module 5\Summative2\realwaste\realwaste-main\RealWaste\Cardboard\Cardboard_380.jpg,Cardboard,Cardboard_380.jpg
D:\Recovered Documents\Moringa\Module 5\Summative2\realwaste\realwaste-main\RealWaste\Plastic\Plastic_199.jpg,Plastic,Plastic_199.jpg
D:\Recovered Documents\Moringa\Module 5\Summative2\realwaste\realwaste-main\RealWaste\Plastic\Plastic_870.jpg,Plastic,Plastic_870.jpg
D:\Recovered Documents\Moringa\Module 5\Summative2\realwaste\realwaste-main\RealWaste\Cardboard\Cardboard_262.jpg,Cardboard,Cardboard_262.jpg
D:\Recovered Documents\Moringa\Module 5\Summative2\realwaste\realwaste-main\RealWaste\Metal\Metal_654.jpg,Metal,Metal_654.jpg
D:\Recovered Documents\Moringa\Module 5\Summative2\realwaste\realwaste-main\RealWaste\Glass\Glass_328.jpg,Glass,Glass_328.jpg
D:\Recovered Documents\Moringa\Module 5\Summative2\realwaste\realwaste-main\RealWaste\Miscellaneous Trash\Miscellaneous Trash_403.jpg,Miscellaneous Trash,Miscellaneous Trash_403.jpg
D:\Recovered Documents\Moringa\Module 5\Summative2\realwaste\realwaste-main\RealWaste\Miscellaneous Trash\Miscellaneous Trash_422.jpg,Miscellaneous Trash,Miscellaneous Trash_422.jpg
D:\Recovered Documents\Moringa\Module 5\Summative2\realwaste\realwaste-main\RealWaste\Cardboard\Cardboard_461.jpg,Cardboard,Cardboard_461.jpg
D:\Recovered Documents\Moringa\Module 5\Summative2\realwaste\realwaste-main\RealWaste\Food Organics\Food Organics_65.jpg,Food Organics,Food Organics_65.jpg
D:\Recovered Documents\Moringa\Module 5\Summative2\realwaste\realwaste-main\RealWaste\Vegetation\Vegetation_104.jpg,Vegetation,Vegetation_104.jpg
D:\Recovered Documents\Moringa\Module 5\Summative2\realwaste\realwaste-main\RealWaste\Food Organics\Food Organics_53.jpg,Food Organics,Food Organics_53.jpg
D:\Recovered Documents\Moringa\Module 5\Summative2\realwaste\realwaste-main\RealWaste\Metal\Metal_271.jpg,Metal,Metal_271.jpg
D:\Recovered Documents\Moringa\Module 5\Summative2\realwaste\realwaste-main\RealWaste\Vegetation\Vegetation_293.jpg,Vegetation,Vegetation_293.jpg
D:\Recovered Documents\Moringa\Module 5\Summative2\realwaste\realwaste-main\RealWaste\Plastic\Plastic_898.jpg,Plastic,Plastic_898.jpg
D:\Recovered Documents\Moringa\Module 5\Summative2\realwaste\realwaste-main\RealWaste\Metal\Metal_65.jpg,Metal,Metal_65.jpg
D:\Recovered Documents\Moringa\Module 5\Summative2\realwaste\realwaste-main\RealWaste\Paper\Paper_365.jpg,Paper,Paper_365.jpg
D:\Recovered Documents\Moringa\Module 5\Summative2\realwaste\realwaste-main\RealWaste\Plastic\Plastic_228.jpg,Plastic,Plastic_228.jpg
D:\Recovered Documents\Moringa\Module 5\Summative2\realwaste\realwaste-main\RealWaste\Food Organics\Food Organics_353.jpg,Food Organics,Food Organics_353.jpg
D:\Recovered Documents\Moringa\Module 5\Summative2\realwaste\realwaste-main\RealWaste\Metal\Metal_222.jpg,Metal,Metal_222.jpg
D:\Recovered Documents\Moringa\Module 5\Summative2\realwaste\realwaste-main\RealWaste\Plastic\Plastic_565.jpg,Plastic,Plastic_565.jpg
D:\Recovered Documents\Moringa\Module 5\Summative2\realwaste\realwaste-main\RealWaste\Cardboard\Cardboard_435.jpg,Cardboard,Cardboard_435.jpg
D:\Recovered Documents\Moringa\Module 5\Summative2\realwaste\realwaste-main\RealWaste\Food Organics\Food Organics_149.jpg,Food Organics,Food Organics_149.jpg
D:\Recovered Documents\Moringa\Module 5\Summative2\realwaste\realwaste-main\RealWaste\Paper\Paper_188.jpg,Paper,Paper_188.jpg
D:\Recovered Documents\Moringa\Module 5\Summative2\realwaste\realwaste-main\RealWaste\Vegetation\Vegetation_292.jpg,Vegetation,Vegetation_292.jpg
D:\Recovered Documents\Moringa\Module 5\Summative2\realwaste\realwaste-main\RealWaste\Glass\Glass_74.jpg,Glass,Glass_74.jpg
D:\Recovered Documents\Moringa\Module 5\Summative2\realwaste\realwaste-main\RealWaste\Metal\Metal_754.jpg,Metal,Metal_754.jpg
D:\Recovered Documents\Moringa\Module 5\Summative2\realwaste\realwaste-main\RealWaste\Plastic\Plastic_469.jpg,Plastic,Plastic_469.jpg
D:\Recovered Documents\Moringa\Module 5\Summative2\realwaste\realwaste-main\RealWaste\Cardboard\Cardboard_450.jpg,Cardboard,Cardboard_450.jpg
D:\Recovered Documents\Moringa\Module 5\Summative2\realwaste\realwaste-main\RealWaste\Vegetation\Vegetation_322.jpg,Vegetation,Vegetation_322.jpg
D:\Recovered Documents\Moringa\Module 5\Summative2\realwaste\realwaste-main\RealWaste\Plastic\Plastic_123.jpg,Plastic,Plastic_123.jpg
D:\Recovered Documents\Moringa\Module 5\Summative2\realwaste\realwaste-main\RealWaste\Vegetation\Vegetation_121.jpg,Vegetation,Vegetation_121.jpg
D:\Recovered Documents\Moringa\Module 5\Summative2\realwaste\realwaste-main\RealWaste\Miscellaneous Trash\Miscellaneous Trash_22.jpg,Miscellaneous Trash,Miscellaneous Trash_22.jpg
D:\Recovered Documents\Moringa\Module 5\Summative2\realwaste\realwaste-main\RealWaste\Metal\Metal_230.jpg,Metal,Metal_230.jpg
D:\Recovered Documents\Moringa\Module 5\Summative2\realwaste\realwaste-main\RealWaste\Paper\Paper_384.jpg,Paper,Paper_384.jpg
D:\Recovered Documents\Moringa\Module 5\Summative2\realwaste\realwaste-main\RealWaste\Plastic\Plastic_536.jpg,Plastic,Plastic_536.jpg
D:\Recovered Documents\Moringa\Module 5\Summative2\realwaste\realwaste-main\RealWaste\Paper\Paper_402.jpg,Paper,Paper_402.jpg
D:\Recovered Documents\Moringa\Module 5\Summative2\realwaste\realwaste-main\RealWaste\Vegetation\Vegetation_215.jpg,Vegetation,Vegetation_215.jpg
D:\Recovered Documents\Moringa\Module 5\Summative2\realwaste\realwaste-main\RealWaste\Plastic\Plastic_12.jpg,Plastic,Plastic_12.jpg
D:\Recovered Documents\Moringa\Module 5\Summative2\realwaste\realwaste-main\RealWaste\Miscellaneous Trash\Miscellaneous Trash_43.jpg,Miscellaneous Trash,Miscellaneous Trash_43.jpg
D:\Recovered Documents\Moringa\Module 5\Summative2\realwaste\realwaste-main\RealWaste\Textile Trash\Textile Trash_306.jpg,Textile Trash,Textile Trash_306.jpg
D:\Recovered Documents\Moringa\Module 5\Summative2\realwaste\realwaste-main\RealWaste\Miscellaneous Trash\Miscellaneous Trash_255.jpg,Miscellaneous Trash,Miscellaneous Trash_255.jpg
D:\Recovered Documents\Moringa\Module 5\Summative2\realwaste\realwaste-main\RealWaste\Vegetation\Vegetation_156.jpg,Vegetation,Vegetation_156.jpg
D:\Recovered Documents\Moringa\Module 5\Summative2\realwaste\realwaste-main\RealWaste\Paper\Paper_219.jpg,Paper,Paper_219.jpg
D:\Recovered Documents\Moringa\Module 5\Summative2\realwaste\realwaste-main\RealWaste\Plastic\Plastic_458.jpg,Plastic,Plastic_458.jpg
D:\Recovered Documents\Moringa\Module 5\Summative2\realwaste\realwaste-main\RealWaste\Glass\Glass_125.jpg,Glass,Glass_125.jpg
D:\Recovered Documents\Moringa\Module 5\Summative2\realwaste\realwaste-main\RealWaste\Cardboard\Cardboard_54.jpg,Cardboard,Cardboard_54.jpg
D:\Recovered Documents\Moringa\Module 5\Summative2\realwaste\realwaste-main\RealWaste\Plastic\Plastic_771.jpg,Plastic,Plastic_771.jpg
D:\Recovered Documents\Moringa\Module 5\Summative2\realwaste\realwaste-main\RealWaste\Miscellaneous Trash\Miscellaneous Trash_146.jpg,Miscellaneous Trash,Miscellaneous Trash_146.jpg
D:\Recovered Documents\Moringa\Module 5\Summative2\realwaste\realwaste-main\RealWaste\Paper\Paper_342.jpg,Paper,Paper_342.jpg
D:\Recovered Documents\Moringa\Module 5\Summative2\realwaste\realwaste-main\RealWaste\Paper\Paper_485.jpg,Paper,Paper_485.jpg
D:\Recovered Documents\Moringa\Module 5\Summative2\realwaste\realwaste-main\RealWaste\Paper\Paper_222.jpg,Paper,Paper_222.jpg
D:\Recovered Documents\Moringa\Module 5\Summative2\realwaste\realwaste-main\RealWaste\Paper\Paper_190.jpg,Paper,Paper_190.jpg
D:\Recovered Documents\Moringa\Module 5\Summative2\realwaste\realwaste-main\RealWaste\Cardboard\Cardboard_440.jpg,Cardboard,Cardboard_440.jpg
D:\Recovered Documents\Moringa\Module 5\Summative2\realwaste\realwaste-main\RealWaste\Paper\Paper_151.jpg,Paper,Paper_151.jpg
D:\Recovered Documents\Moringa\Module 5\Summative2\realwaste\realwaste-main\RealWaste\Glass\Glass_105.jpg,Glass,Glass_105.jpg
D:\Recovered Documents\Moringa\Module 5\Summative2\realwaste\realwaste-main\RealWaste\Metal\Metal_82.jpg,Metal,Metal_82.jpg
D:\Recovered Documents\Moringa\Module 5\Summative2\realwaste\realwaste-main\RealWaste\Food Organics\Food Organics_164.jpg,Food Organics,Food Organics_164.jpg
D:\Recovered Documents\Moringa\Module 5\Summative2\realwaste\realwaste-main\RealWaste\Vegetation\Vegetation_309.jpg,Vegetation,Vegetation_309.jpg
D:\Recovered Documents\Moringa\Module 5\Summative2\realwaste\realwaste-main\RealWaste\Metal\Metal_12.jpg,Metal,Metal_12.jpg
D:\Recovered Documents\Moringa\Module 5\Summative2\realwaste\realwaste-main\RealWaste\Cardboard\Cardboard_201.jpg,Cardboard,Cardboard_201.jpg
D:\Recovered Documents\Moringa\Module 5\Summative2\realwaste\realwaste-main\RealWaste\Miscellaneous Trash\Miscellaneous Trash_466.jpg,Miscellaneous Trash,Miscellaneous Trash_466.jpg
D:\Recovered Documents\Moringa\Module 5\Summative2\realwaste\realwaste-main\RealWaste\Miscellaneous Trash\Miscellaneous Trash_116.jpg,Miscellaneous Trash,Miscellaneous Trash_116.jpg
D:\Recovered Documents\Moringa\Module 5\Summative2\realwaste\realwaste-main\RealWaste\Paper\Paper_66.jpg,Paper,Paper_66.jpg
D:\Recovered Documents\Moringa\Module 5\Summative2\realwaste\realwaste-main\RealWaste\Plastic\Plastic_234.jpg,Plastic,Plastic_234.jpg
D:\Recovered Documents\Moringa\Module 5\Summative2\realwaste\realwaste-main\RealWaste\Vegetation\Vegetation_122.jpg,Vegetation,Vegetation_122.jpg
D:\Recovered Documents\Moringa\Module 5\Summative2\realwaste\realwaste-main\RealWaste\Vegetation\Vegetation_264.jpg,Vegetation,Vegetation_264.jpg
D:\Recovered Documents\Moringa\Module 5\Summative2\realwaste\realwaste-main\RealWaste\Paper\Paper_191.jpg,Paper,Paper_191.jpg
D:\Recovered Documents\Moringa\Module 5\Summative2\realwaste\realwaste-main\RealWaste\Glass\Glass_323.jpg,Glass,Glass_323.jpg
D:\Recovered Documents\Moringa\Module 5\Summative2\realwaste\realwaste-main\RealWaste\Miscellaneous Trash\Miscellaneous Trash_492.jpg,Miscellaneous Trash,Miscellaneous Trash_492.jpg
D:\Recovered Documents\Moringa\Module 5\Summative2\realwaste\realwaste-main\RealWaste\Plastic\Plastic_215.jpg,Plastic,Plastic_215.jpg
D:\Recovered Documents\Moringa\Module 5\Summative2\realwaste\realwaste-main\RealWaste\Glass\Glass_339.jpg,Glass,Glass_339.jpg
D:\Recovered Documents\Moringa\Module 5\Summative2\realwaste\realwaste-main\RealWaste\Food Organics\Food Organics_243.jpg,Food Organics,Food Organics_243.jpg
D:\Recovered Documents\Moringa\Module 5\Summative2\realwaste\realwaste-main\RealWaste\Metal\Metal_641.jpg,Metal,Metal_641.jpg
D:\Recovered Documents\Moringa\Module 5\Summative2\realwaste\realwaste-main\RealWaste\Cardboard\Cardboard_390.jpg,Cardboard,Cardboard_390.jpg
D:\Recovered Documents\Moringa\Module 5\Summative2\realwaste\realwaste-main\RealWaste\Plastic\Plastic_40.jpg,Plastic,Plastic_40.jpg
D:\Recovered Documents\Moringa\Module 5\Summative2\realwaste\realwaste-main\RealWaste\Plastic\Plastic_654.jpg,Plastic,Plastic_654.jpg
D:\Recovered Documents\Moringa\Module 5\Summative2\realwaste\realwaste-main\RealWaste\Cardboard\Cardboard_139.jpg,Cardboard,Cardboard_139.jpg
D:\Recovered Documents\Moringa\Module 5\Summative2\realwaste\realwaste-main\RealWaste\Miscellaneous Trash\Miscellaneous Trash_355.jpg,Miscellaneous Trash,Miscellaneous Trash_355.jpg
D:\Recovered Documents\Moringa\Module 5\Summative2\realwaste\realwaste-main\RealWaste\Cardboard\Cardboard_129.jpg,Cardboard,Cardboard_129.jpg
D:\Recovered Documents\Moringa\Module 5\Summative2\realwaste\realwaste-main\RealWaste\Plastic\Plastic_245.jpg,Plastic,Plastic_245.jpg
D:\Recovered Documents\Moringa\Module 5\Summative2\realwaste\realwaste-main\RealWaste\Vegetation\Vegetation_380.jpg,Vegetation,Vegetation_380.jpg
D:\Recovered Documents\Moringa\Module 5\Summative2\realwaste\realwaste-main\RealWaste\Cardboard\Cardboard_258.jpg,Cardboard,Cardboard_258.jpg
D:\Recovered Documents\Moringa\Module 5\Summative2\realwaste\realwaste-main\RealWaste\Plastic\Plastic_893.jpg,Plastic,Plastic_893.jpg
D:\Recovered Documents\Moringa\Module 5\Summative2\realwaste\realwaste-main\RealWaste\Miscellaneous Trash\Miscellaneous Trash_221.jpg,Miscellaneous Trash,Miscellaneous Trash_221.jpg
D:\Recovered Documents\Moringa\Module 5\Summative2\realwaste\realwaste-main\RealWaste\Glass\Glass_294.jpg,Glass,Glass_294.jpg
D:\Recovered Documents\Moringa\Module 5\Summative2\realwaste\realwaste-main\RealWaste\Plastic\Plastic_345.jpg,Plastic,Plastic_345.jpg
D:\Recovered Documents\Moringa\Module 5\Summative2\realwaste\realwaste-main\RealWaste\Cardboard\Cardboard_159.jpg,Cardboard,Cardboard_159.jpg
D:\Recovered Documents\Moringa\Module 5\Summative2\realwaste\realwaste-main\RealWaste\Plastic\Plastic_866.jpg,Plastic,Plastic_866.jpg
D:\Recovered Documents\Moringa\Module 5\Summative2\realwaste\realwaste-main\RealWaste\Food Organics\Food Organics_386.jpg,Food Organics,Food Organics_386.jpg
D:\Recovered Documents\Moringa\Module 5\Summative2\realwaste\realwaste-main\RealWaste\Paper\Paper_474.jpg,Paper,Paper_474.jpg
D:\Recovered Documents\Moringa\Module 5\Summative2\realwaste\realwaste-main\RealWaste\Textile Trash\Textile Trash_49.jpg,Textile Trash,Textile Trash_49.jpg
D:\Recovered Documents\Moringa\Module 5\Summative2\realwaste\realwaste-main\RealWaste\Cardboard\Cardboard_78.jpg,Cardboard,Cardboard_78.jpg
D:\Recovered Documents\Moringa\Module 5\Summative2\realwaste\realwaste-main\RealWaste\Vegetation\Vegetation_111.jpg,Vegetation,Vegetation_111.jpg
D:\Recovered Documents\Moringa\Module 5\Summative2\realwaste\realwaste-main\RealWaste\Paper\Paper_71.jpg,Paper,Paper_71.jpg
D:\Recovered Documents\Moringa\Module 5\Summative2\realwaste\realwaste-main\RealWaste\Food Organics\Food Organics_71.jpg,Food Organics,Food Organics_71.jpg
D:\Recovered Documents\Moringa\Module 5\Summative2\realwaste\realwaste-main\RealWaste\Textile Trash\Textile Trash_31.jpg,Textile Trash,Textile Trash_31.jpg
D:\Recovered Documents\Moringa\Module 5\Summative2\realwaste\realwaste-main\RealWaste\Plastic\Plastic_563.jpg,Plastic,Plastic_563.jpg
D:\Recovered Documents\Moringa\Module 5\Summative2\realwaste\realwaste-main\RealWaste\Glass\Glass_391.jpg,Glass,Glass_391.jpg
D:\Recovered Documents\Moringa\Module 5\Summative2\realwaste\realwaste-main\RealWaste\Metal\Metal_664.jpg,Metal,Metal_664.jpg
D:\Recovered Documents\Moringa\Module 5\Summative2\realwaste\realwaste-main\RealWaste\Glass\Glass_378.jpg,Glass,Glass_378.jpg
D:\Recovered Documents\Moringa\Module 5\Summative2\realwaste\realwaste-main\RealWaste\Food Organics\Food Organics_177.jpg,Food Organics,Food Organics_177.jpg
D:\Recovered Documents\Moringa\Module 5\Summative2\realwaste\realwaste-main\RealWaste\Paper\Paper_347.jpg,Paper,Paper_347.jpg
D:\Recovered Documents\Moringa\Module 5\Summative2\realwaste\realwaste-main\RealWaste\Paper\Paper_200.jpg,Paper,Paper_200.jpg
D:\Recovered Documents\Moringa\Module 5\Summative2\realwaste\realwaste-main\RealWaste\Plastic\Plastic_252.jpg,Plastic,Plastic_252.jpg
D:\Recovered Documents\Moringa\Module 5\Summative2\realwaste\realwaste-main\RealWaste\Paper\Paper_59.jpg,Paper,Paper_59.jpg
D:\Recovered Documents\Moringa\Module 5\Summative2\realwaste\realwaste-main\RealWaste\Glass\Glass_230.jpg,Glass,Glass_230.jpg
D:\Recovered Documents\Moringa\Module 5\Summative2\realwaste\realwaste-main\RealWaste\Food Organics\Food Organics_66.jpg,Food Organics,Food Organics_66.jpg
D:\Recovered Documents\Moringa\Module 5\Summative2\realwaste\realwaste-main\RealWaste\Glass\Glass_248.jpg,Glass,Glass_248.jpg
D:\Recovered Documents\Moringa\Module 5\Summative2\realwaste\realwaste-main\RealWaste\Plastic\Plastic_211.jpg,Plastic,Plastic_211.jpg
D:\Recovered Documents\Moringa\Module 5\Summative2\realwaste\realwaste-main\RealWaste\Metal\Metal_367.jpg,Metal,Metal_367.jpg
D:\Recovered Documents\Moringa\Module 5\Summative2\realwaste\realwaste-main\RealWaste\Miscellaneous Trash\Miscellaneous Trash_212.jpg,Miscellaneous Trash,Miscellaneous Trash_212.jpg
D:\Recovered Documents\Moringa\Module 5\Summative2\realwaste\realwaste-main\RealWaste\Vegetation\Vegetation_76.jpg,Vegetation,Vegetation_76.jpg
D:\Recovered Documents\Moringa\Module 5\Summative2\realwaste\realwaste-main\RealWaste\Plastic\Plastic_376.jpg,Plastic,Plastic_376.jpg
D:\Recovered Documents\Moringa\Module 5\Summative2\realwaste\realwaste-main\RealWaste\Plastic\Plastic_912.jpg,Plastic,Plastic_912.jpg
D:\Recovered Documents\Moringa\Module 5\Summative2\realwaste\realwaste-main\RealWaste\Plastic\Plastic_373.jpg,Plastic,Plastic_373.jpg
D:\Recovered Documents\Moringa\Module 5\Summative2\realwaste\realwaste-main\RealWaste\Plastic\Plastic_162.jpg,Plastic,Plastic_162.jpg
D:\Recovered Documents\Moringa\Module 5\Summative2\realwaste\realwaste-main\RealWaste\Metal\Metal_521.jpg,Metal,Metal_521.jpg
D:\Recovered Documents\Moringa\Module 5\Summative2\realwaste\realwaste-main\RealWaste\Miscellaneous Trash\Miscellaneous Trash_391.jpg,Miscellaneous Trash,Miscellaneous Trash_391.jpg
D:\Recovered Documents\Moringa\Module 5\Summative2\realwaste\realwaste-main\RealWaste\Miscellaneous Trash\Miscellaneous Trash_147.jpg,Miscellaneous Trash,Miscellaneous Trash_147.jpg
D:\Recovered Documents\Moringa\Module 5\Summative2\realwaste\realwaste-main\RealWaste\Plastic\Plastic_321.jpg,Plastic,Plastic_321.jpg
D:\Recovered Documents\Moringa\Module 5\Summative2\realwaste\realwaste-main\RealWaste\Vegetation\Vegetation_357.jpg,Vegetation,Vegetation_357.jpg
D:\Recovered Documents\Moringa\Module 5\Summative2\realwaste\realwaste-main\RealWaste\Metal\Metal_110.jpg,Metal,Metal_110.jpg
D:\Recovered Documents\Moringa\Module 5\Summative2\realwaste\realwaste-main\RealWaste\Metal\Metal_501.jpg,Metal,Metal_501.jpg
D:\Recovered Documents\Moringa\Module 5\Summative2\realwaste\realwaste-main\RealWaste\Metal\Metal_276.jpg,Metal,Metal_276.jpg
D:\Recovered Documents\Moringa\Module 5\Summative2\realwaste\realwaste-main\RealWaste\Plastic\Plastic_260.jpg,Plastic,Plastic_260.jpg
D:\Recovered Documents\Moringa\Module 5\Summative2\realwaste\realwaste-main\RealWaste\Paper\Paper_313.jpg,Paper,Paper_313.jpg
D:\Recovered Documents\Moringa\Module 5\Summative2\realwaste\realwaste-main\RealWaste\Plastic\Plastic_19.jpg,Plastic,Plastic_19.jpg
D:\Recovered Documents\Moringa\Module 5\Summative2\realwaste\realwaste-main\RealWaste\Glass\Glass_285.jpg,Glass,Glass_285.jpg
D:\Recovered Documents\Moringa\Module 5\Summative2\realwaste\realwaste-main\RealWaste\Plastic\Plastic_660.jpg,Plastic,Plastic_660.jpg
D:\Recovered Documents\Moringa\Module 5\Summative2\realwaste\realwaste-main\RealWaste\Miscellaneous Trash\Miscellaneous Trash_250.jpg,Miscellaneous Trash,Miscellaneous Trash_250.jpg
D:\Recovered Documents\Moringa\Module 5\Summative2\realwaste\realwaste-main\RealWaste\Cardboard\Cardboard_112.jpg,Cardboard,Cardboard_112.jpg
D:\Recovered Documents\Moringa\Module 5\Summative2\realwaste\realwaste-main\RealWaste\Miscellaneous Trash\Miscellaneous Trash_484.jpg,Miscellaneous Trash,Miscellaneous Trash_484.jpg
D:\Recovered Documents\Moringa\Module 5\Summative2\realwaste\realwaste-main\RealWaste\Paper\Paper_156.jpg,Paper,Paper_156.jpg
D:\Recovered Documents\Moringa\Module 5\Summative2\realwaste\realwaste-main\RealWaste\Miscellaneous Trash\Miscellaneous Trash_88.jpg,Miscellaneous Trash,Miscellaneous Trash_88.jpg
D:\Recovered Documents\Moringa\Module 5\Summative2\realwaste\realwaste-main\RealWaste\Glass\Glass_206.jpg,Glass,Glass_206.jpg
D:\Recovered Documents\Moringa\Module 5\Summative2\realwaste\realwaste-main\RealWaste\Cardboard\Cardboard_71.jpg,Cardboard,Cardboard_71.jpg
D:\Recovered Documents\Moringa\Module 5\Summative2\realwaste\realwaste-main\RealWaste\Cardboard\Cardboard_343.jpg,Cardboard,Cardboard_343.jpg
D:\Recovered Documents\Moringa\Module 5\Summative2\realwaste\realwaste-main\RealWaste\Paper\Paper_253.jpg,Paper,Paper_253.jpg
D:\Recovered Documents\Moringa\Module 5\Summative2\realwaste\realwaste-main\RealWaste\Vegetation\Vegetation_347.jpg,Vegetation,Vegetation_347.jpg
D:\Recovered Documents\Moringa\Module 5\Summative2\realwaste\realwaste-main\RealWaste\Glass\Glass_7.jpg,Glass,Glass_7.jpg
D:\Recovered Documents\Moringa\Module 5\Summative2\realwaste\realwaste-main\RealWaste\Plastic\Plastic_176.jpg,Plastic,Plastic_176.jpg
D:\Recovered Documents\Moringa\Module 5\Summative2\realwaste\realwaste-main\RealWaste\Plastic\Plastic_762.jpg,Plastic,Plastic_762.jpg
D:\Recovered Documents\Moringa\Module 5\Summative2\realwaste\realwaste-main\RealWaste\Plastic\Plastic_879.jpg,Plastic,Plastic_879.jpg
D:\Recovered Documents\Moringa\Module 5\Summative2\realwaste\realwaste-main\RealWaste\Food Organics\Food Organics_215.jpg,Food Organics,Food Organics_215.jpg
D:\Recovered Documents\Moringa\Module 5\Summative2\realwaste\realwaste-main\RealWaste\Food Organics\Food Organics_92.jpg,Food Organics,Food Organics_92.jpg
D:\Recovered Documents\Moringa\Module 5\Summative2\realwaste\realwaste-main\RealWaste\Food Organics\Food Organics_142.jpg,Food Organics,Food Organics_142.jpg
D:\Recovered Documents\Moringa\Module 5\Summative2\realwaste\realwaste-main\RealWaste\Glass\Glass_214.jpg,Glass,Glass_214.jpg
D:\Recovered Documents\Moringa\Module 5\Summative2\realwaste\realwaste-main\RealWaste\Textile Trash\Textile Trash_199.jpg,Textile Trash,Textile Trash_199.jpg
D:\Recovered Documents\Moringa\Module 5\Summative2\realwaste\realwaste-main\RealWaste\Metal\Metal_430.jpg,Metal,Metal_430.jpg
D:\Recovered Documents\Moringa\Module 5\Summative2\realwaste\realwaste-main\RealWaste\Vegetation\Vegetation_161.jpg,Vegetation,Vegetation_161.jpg
D:\Recovered Documents\Moringa\Module 5\Summative2\realwaste\realwaste-main\RealWaste\Miscellaneous Trash\Miscellaneous Trash_8.jpg,Miscellaneous Trash,Miscellaneous Trash_8.jpg
D:\Recovered Documents\Moringa\Module 5\Summative2\realwaste\realwaste-main\RealWaste\Cardboard\Cardboard_369.jpg,Cardboard,Cardboard_369.jpg
D:\Recovered Documents\Moringa\Module 5\Summative2\realwaste\realwaste-main\RealWaste\Food Organics\Food Organics_357.jpg,Food Organics,Food Organics_357.jpg
D:\Recovered Documents\Moringa\Module 5\Summative2\realwaste\realwaste-main\RealWaste\Metal\Metal_70.jpg,Metal,Metal_70.jpg
D:\Recovered Documents\Moringa\Module 5\Summative2\realwaste\realwaste-main\RealWaste\Miscellaneous Trash\Miscellaneous Trash_471.jpg,Miscellaneous Trash,Miscellaneous Trash_471.jpg
D:\Recovered Documents\Moringa\Module 5\Summative2\realwaste\realwaste-main\RealWaste\Cardboard\Cardboard_69.jpg,Cardboard,Cardboard_69.jpg
D:\Recovered Documents\Moringa\Module 5\Summative2\realwaste\realwaste-main\RealWaste\Miscellaneous Trash\Miscellaneous Trash_264.jpg,Miscellaneous Trash,Miscellaneous Trash_264.jpg
D:\Recovered Documents\Moringa\Module 5\Summative2\realwaste\realwaste-main\RealWaste\Miscellaneous Trash\Miscellaneous Trash_179.jpg,Miscellaneous Trash,Miscellaneous Trash_179.jpg
D:\Recovered Documents\Moringa\Module 5\Summative2\realwaste\realwaste-main\RealWaste\Food Organics\Food Organics_365.jpg,Food Organics,Food Organics_365.jpg
D:\Recovered Documents\Moringa\Module 5\Summative2\realwaste\realwaste-main\RealWaste\Metal\Metal_567.jpg,Metal,Metal_567.jpg
D:\Recovered Documents\Moringa\Module 5\Summative2\realwaste\realwaste-main\RealWaste\Textile Trash\Textile Trash_80.jpg,Textile Trash,Textile Trash_80.jpg
D:\Recovered Documents\Moringa\Module 5\Summative2\realwaste\realwaste-main\RealWaste\Metal\Metal_183.jpg,Metal,Metal_183.jpg
D:\Recovered Documents\Moringa\Module 5\Summative2\realwaste\realwaste-main\RealWaste\Plastic\Plastic_820.jpg,Plastic,Plastic_820.jpg
D:\Recovered Documents\Moringa\Module 5\Summative2\realwaste\realwaste-main\RealWaste\Plastic\Plastic_304.jpg,Plastic,Plastic_304.jpg
D:\Recovered Documents\Moringa\Module 5\Summative2\realwaste\realwaste-main\RealWaste\Paper\Paper_275.jpg,Paper,Paper_275.jpg
D:\Recovered Documents\Moringa\Module 5\Summative2\realwaste\realwaste-main\RealWaste\Miscellaneous Trash\Miscellaneous Trash_1.jpg,Miscellaneous Trash,Miscellaneous Trash_1.jpg
D:\Recovered Documents\Moringa\Module 5\Summative2\realwaste\realwaste-main\RealWaste\Metal\Metal_309.jpg,Metal,Metal_309.jpg
D:\Recovered Documents\Moringa\Module 5\Summative2\realwaste\realwaste-main\RealWaste\Metal\Metal_24.jpg,Metal,Metal_24.jpg
D:\Recovered Documents\Moringa\Module 5\Summative2\realwaste\realwaste-main\RealWaste\Textile Trash\Textile Trash_103.jpg,Textile Trash,Textile Trash_103.jpg
D:\Recovered Documents\Moringa\Module 5\Summative2\realwaste\realwaste-main\RealWaste\Miscellaneous Trash\Miscellaneous Trash_53.jpg,Miscellaneous Trash,Miscellaneous Trash_53.jpg
D:\Recovered Documents\Moringa\Module 5\Summative2\realwaste\realwaste-main\RealWaste\Food Organics\Food Organics_278.jpg,Food Organics,Food Organics_278.jpg
D:\Recovered Documents\Moringa\Module 5\Summative2\realwaste\realwaste-main\RealWaste\Plastic\Plastic_277.jpg,Plastic,Plastic_277.jpg
D:\Recovered Documents\Moringa\Module 5\Summative2\realwaste\realwaste-main\RealWaste\Vegetation\Vegetation_184.jpg,Vegetation,Vegetation_184.jpg
D:\Recovered Documents\Moringa\Module 5\Summative2\realwaste\realwaste-main\RealWaste\Metal\Metal_117.jpg,Metal,Metal_117.jpg
D:\Recovered Documents\Moringa\Module 5\Summative2\realwaste\realwaste-main\RealWaste\Miscellaneous Trash\Miscellaneous Trash_238.jpg,Miscellaneous Trash,Miscellaneous Trash_238.jpg
D:\Recovered Documents\Moringa\Module 5\Summative2\realwaste\realwaste-main\RealWaste\Miscellaneous Trash\Miscellaneous Trash_419.jpg,Miscellaneous Trash,Miscellaneous Trash_419.jpg
D:\Recovered Documents\Moringa\Module 5\Summative2\realwaste\realwaste-main\RealWaste\Plastic\Plastic_126.jpg,Plastic,Plastic_126.jpg
D:\Recovered Documents\Moringa\Module 5\Summative2\realwaste\realwaste-main\RealWaste\Plastic\Plastic_209.jpg,Plastic,Plastic_209.jpg
D:\Recovered Documents\Moringa\Module 5\Summative2\realwaste\realwaste-main\RealWaste\Plastic\Plastic_322.jpg,Plastic,Plastic_322.jpg
D:\Recovered Documents\Moringa\Module 5\Summative2\realwaste\realwaste-main\RealWaste\Metal\Metal_414.jpg,Metal,Metal_414.jpg
D:\Recovered Documents\Moringa\Module 5\Summative2\realwaste\realwaste-main\RealWaste\Food Organics\Food Organics_153.jpg,Food Organics,Food Organics_153.jpg
D:\Recovered Documents\Moringa\Module 5\Summative2\realwaste\realwaste-main\RealWaste\Glass\Glass_57.jpg,Glass,Glass_57.jpg
D:\Recovered Documents\Moringa\Module 5\Summative2\realwaste\realwaste-main\RealWaste\Cardboard\Cardboard_89.jpg,Cardboard,Cardboard_89.jpg
D:\Recovered Documents\Moringa\Module 5\Summative2\realwaste\realwaste-main\RealWaste\Plastic\Plastic_603.jpg,Plastic,Plastic_603.jpg
D:\Recovered Documents\Moringa\Module 5\Summative2\realwaste\realwaste-main\RealWaste\Paper\Paper_459.jpg,Paper,Paper_459.jpg
D:\Recovered Documents\Moringa\Module 5\Summative2\realwaste\realwaste-main\RealWaste\Paper\Paper_415.jpg,Paper,Paper_415.jpg
D:\Recovered Documents\Moringa\Module 5\Summative2\realwaste\realwaste-main\RealWaste\Food Organics\Food Organics_317.jpg,Food Organics,Food Organics_317.jpg
D:\Recovered Documents\Moringa\Module 5\Summative2\realwaste\realwaste-main\RealWaste\Vegetation\Vegetation_27.jpg,Vegetation,Vegetation_27.jpg
D:\Recovered Documents\Moringa\Module 5\Summative2\realwaste\realwaste-main\RealWaste\Glass\Glass_239.jpg,Glass,Glass_239.jpg
D:\Recovered Documents\Moringa\Module 5\Summative2\realwaste\realwaste-main\RealWaste\Plastic\Plastic_619.jpg,Plastic,Plastic_619.jpg
D:\Recovered Documents\Moringa\Module 5\Summative2\realwaste\realwaste-main\RealWaste\Vegetation\Vegetation_58.jpg,Vegetation,Vegetation_58.jpg
D:\Recovered Documents\Moringa\Module 5\Summative2\realwaste\realwaste-main\RealWaste\Metal\Metal_9.jpg,Metal,Metal_9.jpg
D:\Recovered Documents\Moringa\Module 5\Summative2\realwaste\realwaste-main\RealWaste\Paper\Paper_33.jpg,Paper,Paper_33.jpg
D:\Recovered Documents\Moringa\Module 5\Summative2\realwaste\realwaste-main\RealWaste\Plastic\Plastic_825.jpg,Plastic,Plastic_825.jpg
D:\Recovered Documents\Moringa\Module 5\Summative2\realwaste\realwaste-main\RealWaste\Vegetation\Vegetation_115.jpg,Vegetation,Vegetation_115.jpg
D:\Recovered Documents\Moringa\Module 5\Summative2\realwaste\realwaste-main\RealWaste\Plastic\Plastic_778.jpg,Plastic,Plastic_778.jpg
D:\Recovered Documents\Moringa\Module 5\Summative2\realwaste\realwaste-main\RealWaste\Miscellaneous Trash\Miscellaneous Trash_215.jpg,Miscellaneous Trash,Miscellaneous Trash_215.jpg
D:\Recovered Documents\Moringa\Module 5\Summative2\realwaste\realwaste-main\RealWaste\Textile Trash\Textile Trash_239.jpg,Textile Trash,Textile Trash_239.jpg
D:\Recovered Documents\Moringa\Module 5\Summative2\realwaste\realwaste-main\RealWaste\Metal\Metal_609.jpg,Metal,Metal_609.jpg
D:\Recovered Documents\Moringa\Module 5\Summative2\realwaste\realwaste-main\RealWaste\Plastic\Plastic_812.jpg,Plastic,Plastic_812.jpg
D:\Recovered Documents\Moringa\Module 5\Summative2\realwaste\realwaste-main\RealWaste\Plastic\Plastic_522.jpg,Plastic,Plastic_522.jpg
D:\Recovered Documents\Moringa\Module 5\Summative2\realwaste\realwaste-main\RealWaste\Plastic\Plastic_144.jpg,Plastic,Plastic_144.jpg
D:\Recovered Documents\Moringa\Module 5\Summative2\realwaste\realwaste-main\RealWaste\Paper\Paper_472.jpg,Paper,Paper_472.jpg
D:\Recovered Documents\Moringa\Module 5\Summative2\realwaste\realwaste-main\RealWaste\Paper\Paper_249.jpg,Paper,Paper_249.jpg
D:\Recovered Documents\Moringa\Module 5\Summative2\realwaste\realwaste-main\RealWaste\Metal\Metal_330.jpg,Metal,Metal_330.jpg
D:\Recovered Documents\Moringa\Module 5\Summative2\realwaste\realwaste-main\RealWaste\Glass\Glass_338.jpg,Glass,Glass_338.jpg
D:\Recovered Documents\Moringa\Module 5\Summative2\realwaste\realwaste-main\RealWaste\Paper\Paper_144.jpg,Paper,Paper_144.jpg
D:\Recovered Documents\Moringa\Module 5\Summative2\realwaste\realwaste-main\RealWaste\Paper\Paper_396.jpg,Paper,Paper_396.jpg
D:\Recovered Documents\Moringa\Module 5\Summative2\realwaste\realwaste-main\RealWaste\Vegetation\Vegetation_239.jpg,Vegetation,Vegetation_239.jpg
D:\Recovered Documents\Moringa\Module 5\Summative2\realwaste\realwaste-main\RealWaste\Glass\Glass_38.jpg,Glass,Glass_38.jpg
D:\Recovered Documents\Moringa\Module 5\Summative2\realwaste\realwaste-main\RealWaste\Vegetation\Vegetation_323.jpg,Vegetation,Vegetation_323.jpg
D:\Recovered Documents\Moringa\Module 5\Summative2\realwaste\realwaste-main\RealWaste\Plastic\Plastic_518.jpg,Plastic,Plastic_518.jpg
D:\Recovered Documents\Moringa\Module 5\Summative2\realwaste\realwaste-main\RealWaste\Miscellaneous Trash\Miscellaneous Trash_141.jpg,Miscellaneous Trash,Miscellaneous Trash_141.jpg
D:\Recovered Documents\Moringa\Module 5\Summative2\realwaste\realwaste-main\RealWaste\Miscellaneous Trash\Miscellaneous Trash_63.jpg,Miscellaneous Trash,Miscellaneous Trash_63.jpg
D:\Recovered Documents\Moringa\Module 5\Summative2\realwaste\realwaste-main\RealWaste\Textile Trash\Textile Trash_234.jpg,Textile Trash,Textile Trash_234.jpg
D:\Recovered Documents\Moringa\Module 5\Summative2\realwaste\realwaste-main\RealWaste\Textile Trash\Textile Trash_236.jpg,Textile Trash,Textile Trash_236.jpg
D:\Recovered Documents\Moringa\Module 5\Summative2\realwaste\realwaste-main\RealWaste\Plastic\Plastic_340.jpg,Plastic,Plastic_340.jpg
D:\Recovered Documents\Moringa\Module 5\Summative2\realwaste\realwaste-main\RealWaste\Plastic\Plastic_108.jpg,Plastic,Plastic_108.jpg
D:\Recovered Documents\Moringa\Module 5\Summative2\realwaste\realwaste-main\RealWaste\Metal\Metal_398.jpg,Metal,Metal_398.jpg
D:\Recovered Documents\Moringa\Module 5\Summative2\realwaste\realwaste-main\RealWaste\Paper\Paper_354.jpg,Paper,Paper_354.jpg
D:\Recovered Documents\Moringa\Module 5\Summative2\realwaste\realwaste-main\RealWaste\Plastic\Plastic_298.jpg,Plastic,Plastic_298.jpg
D:\Recovered Documents\Moringa\Module 5\Summative2\realwaste\realwaste-main\RealWaste\Paper\Paper_123.jpg,Paper,Paper_123.jpg
D:\Recovered Documents\Moringa\Module 5\Summative2\realwaste\realwaste-main\RealWaste\Metal\Metal_643.jpg,Metal,Metal_643.jpg
D:\Recovered Documents\Moringa\Module 5\Summative2\realwaste\realwaste-main\RealWaste\Cardboard\Cardboard_328.jpg,Cardboard,Cardboard_328.jpg
D:\Recovered Documents\Moringa\Module 5\Summative2\realwaste\realwaste-main\RealWaste\Vegetation\Vegetation_6.jpg,Vegetation,Vegetation_6.jpg
D:\Recovered Documents\Moringa\Module 5\Summative2\realwaste\realwaste-main\RealWaste\Plastic\Plastic_202.jpg,Plastic,Plastic_202.jpg
D:\Recovered Documents\Moringa\Module 5\Summative2\realwaste\realwaste-main\RealWaste\Glass\Glass_366.jpg,Glass,Glass_366.jpg
D:\Recovered Documents\Moringa\Module 5\Summative2\realwaste\realwaste-main\RealWaste\Metal\Metal_545.jpg,Metal,Metal_545.jpg
D:\Recovered Documents\Moringa\Module 5\Summative2\realwaste\realwaste-main\RealWaste\Vegetation\Vegetation_410.jpg,Vegetation,Vegetation_410.jpg
D:\Recovered Documents\Moringa\Module 5\Summative2\realwaste\realwaste-main\RealWaste\Plastic\Plastic_752.jpg,Plastic,Plastic_752.jpg
D:\Recovered Documents\Moringa\Module 5\Summative2\realwaste\realwaste-main\RealWaste\Plastic\Plastic_52.jpg,Plastic,Plastic_52.jpg
D:\Recovered Documents\Moringa\Module 5\Summative2\realwaste\realwaste-main\RealWaste\Vegetation\Vegetation_219.jpg,Vegetation,Vegetation_219.jpg
D:\Recovered Documents\Moringa\Module 5\Summative2\realwaste\realwaste-main\RealWaste\Cardboard\Cardboard_413.jpg,Cardboard,Cardboard_413.jpg
D:\Recovered Documents\Moringa\Module 5\Summative2\realwaste\realwaste-main\RealWaste\Plastic\Plastic_782.jpg,Plastic,Plastic_782.jpg
D:\Recovered Documents\Moringa\Module 5\Summative2\realwaste\realwaste-main\RealWaste\Cardboard\Cardboard_324.jpg,Cardboard,Cardboard_324.jpg
D:\Recovered Documents\Moringa\Module 5\Summative2\realwaste\realwaste-main\RealWaste\Textile Trash\Textile Trash_190.jpg,Textile Trash,Textile Trash_190.jpg
D:\Recovered Documents\Moringa\Module 5\Summative2\realwaste\realwaste-main\RealWaste\Metal\Metal_347.jpg,Metal,Metal_347.jpg
D:\Recovered Documents\Moringa\Module 5\Summative2\realwaste\realwaste-main\RealWaste\Metal\Metal_502.jpg,Metal,Metal_502.jpg
D:\Recovered Documents\Moringa\Module 5\Summative2\realwaste\realwaste-main\RealWaste\Paper\Paper_251.jpg,Paper,Paper_251.jpg
D:\Recovered Documents\Moringa\Module 5\Summative2\realwaste\realwaste-main\RealWaste\Metal\Metal_769.jpg,Metal,Metal_769.jpg
D:\Recovered Documents\Moringa\Module 5\Summative2\realwaste\realwaste-main\RealWaste\Plastic\Plastic_729.jpg,Plastic,Plastic_729.jpg
D:\Recovered Documents\Moringa\Module 5\Summative2\realwaste\realwaste-main\RealWaste\Metal\Metal_288.jpg,Metal,Metal_288.jpg
D:\Recovered Documents\Moringa\Module 5\Summative2\realwaste\realwaste-main\RealWaste\Miscellaneous Trash\Miscellaneous Trash_412.jpg,Miscellaneous Trash,Miscellaneous Trash_412.jpg
D:\Recovered Documents\Moringa\Module 5\Summative2\realwaste\realwaste-main\RealWaste\Vegetation\Vegetation_419.jpg,Vegetation,Vegetation_419.jpg
D:\Recovered Documents\Moringa\Module 5\Summative2\realwaste\realwaste-main\RealWaste\Plastic\Plastic_828.jpg,Plastic,Plastic_828.jpg
D:\Recovered Documents\Moringa\Module 5\Summative2\realwaste\realwaste-main\RealWaste\Paper\Paper_405.jpg,Paper,Paper_405.jpg
D:\Recovered Documents\Moringa\Module 5\Summative2\realwaste\realwaste-main\RealWaste\Paper\Paper_17.jpg,Paper,Paper_17.jpg
D:\Recovered Documents\Moringa\Module 5\Summative2\realwaste\realwaste-main\RealWaste\Miscellaneous Trash\Miscellaneous Trash_29.jpg,Miscellaneous Trash,Miscellaneous Trash_29.jpg
D:\Recovered Documents\Moringa\Module 5\Summative2\realwaste\realwaste-main\RealWaste\Metal\Metal_509.jpg,Metal,Metal_509.jpg
D:\Recovered Documents\Moringa\Module 5\Summative2\realwaste\realwaste-main\RealWaste\Plastic\Plastic_888.jpg,Plastic,Plastic_888.jpg
D:\Recovered Documents\Moringa\Module 5\Summative2\realwaste\realwaste-main\RealWaste\Plastic\Plastic_54.jpg,Plastic,Plastic_54.jpg
D:\Recovered Documents\Moringa\Module 5\Summative2\realwaste\realwaste-main\RealWaste\Textile Trash\Textile Trash_157.jpg,Textile Trash,Textile Trash_157.jpg
D:\Recovered Documents\Moringa\Module 5\Summative2\realwaste\realwaste-main\RealWaste\Metal\Metal_712.jpg,Metal,Metal_712.jpg
D:\Recovered Documents\Moringa\Module 5\Summative2\realwaste\realwaste-main\RealWaste\Plastic\Plastic_43.jpg,Plastic,Plastic_43.jpg
D:\Recovered Documents\Moringa\Module 5\Summative2\realwaste\realwaste-main\RealWaste\Cardboard\Cardboard_4.jpg,Cardboard,Cardboard_4.jpg
D:\Recovered Documents\Moringa\Module 5\Summative2\realwaste\realwaste-main\RealWaste\Plastic\Plastic_679.jpg,Plastic,Plastic_679.jpg
D:\Recovered Documents\Moringa\Module 5\Summative2\realwaste\realwaste-main\RealWaste\Plastic\Plastic_793.jpg,Plastic,Plastic_793.jpg
D:\Recovered Documents\Moringa\Module 5\Summative2\realwaste\realwaste-main\RealWaste\Plastic\Plastic_739.jpg,Plastic,Plastic_739.jpg
D:\Recovered Documents\Moringa\Module 5\Summative2\realwaste\realwaste-main\RealWaste\Food Organics\Food Organics_402.jpg,Food Organics,Food Organics_402.jpg
D:\Recovered Documents\Moringa\Module 5\Summative2\realwaste\realwaste-main\RealWaste\Metal\Metal_585.jpg,Metal,Metal_585.jpg
D:\Recovered Documents\Moringa\Module 5\Summative2\realwaste\realwaste-main\RealWaste\Paper\Paper_277.jpg,Paper,Paper_277.jpg
D:\Recovered Documents\Moringa\Module 5\Summative2\realwaste\realwaste-main\RealWaste\Metal\Metal_168.jpg,Metal,Metal_168.jpg
D:\Recovered Documents\Moringa\Module 5\Summative2\realwaste\realwaste-main\RealWaste\Textile Trash\Textile Trash_61.jpg,Textile Trash,Textile Trash_61.jpg
D:\Recovered Documents\Moringa\Module 5\Summative2\realwaste\realwaste-main\RealWaste\Miscellaneous Trash\Miscellaneous Trash_288.jpg,Miscellaneous Trash,Miscellaneous Trash_288.jpg
D:\Recovered Documents\Moringa\Module 5\Summative2\realwaste\realwaste-main\RealWaste\Plastic\Plastic_251.jpg,Plastic,Plastic_251.jpg
D:\Recovered Documents\Moringa\Module 5\Summative2\realwaste\realwaste-main\RealWaste\Miscellaneous Trash\Miscellaneous Trash_131.jpg,Miscellaneous Trash,Miscellaneous Trash_131.jpg
D:\Recovered Documents\Moringa\Module 5\Summative2\realwaste\realwaste-main\RealWaste\Metal\Metal_165.jpg,Metal,Metal_165.jpg
D:\Recovered Documents\Moringa\Module 5\Summative2\realwaste\realwaste-main\RealWaste\Plastic\Plastic_416.jpg,Plastic,Plastic_416.jpg
D:\Recovered Documents\Moringa\Module 5\Summative2\realwaste\realwaste-main\RealWaste\Plastic\Plastic_895.jpg,Plastic,Plastic_895.jpg
D:\Recovered Documents\Moringa\Module 5\Summative2\realwaste\realwaste-main\RealWaste\Plastic\Plastic_392.jpg,Plastic,Plastic_392.jpg
D:\Recovered Documents\Moringa\Module 5\Summative2\realwaste\realwaste-main\RealWaste\Vegetation\Vegetation_407.jpg,Vegetation,Vegetation_407.jpg
D:\Recovered Documents\Moringa\Module 5\Summative2\realwaste\realwaste-main\RealWaste\Paper\Paper_84.jpg,Paper,Paper_84.jpg
D:\Recovered Documents\Moringa\Module 5\Summative2\realwaste\realwaste-main\RealWaste\Vegetation\Vegetation_249.jpg,Vegetation,Vegetation_249.jpg
D:\Recovered Documents\Moringa\Module 5\Summative2\realwaste\realwaste-main\RealWaste\Plastic\Plastic_188.jpg,Plastic,Plastic_188.jpg
D:\Recovered Documents\Moringa\Module 5\Summative2\realwaste\realwaste-main\RealWaste\Miscellaneous Trash\Miscellaneous Trash_167.jpg,Miscellaneous Trash,Miscellaneous Trash_167.jpg
D:\Recovered Documents\Moringa\Module 5\Summative2\realwaste\realwaste-main\RealWaste\Cardboard\Cardboard_459.jpg,Cardboard,Cardboard_459.jpg
D:\Recovered Documents\Moringa\Module 5\Summative2\realwaste\realwaste-main\RealWaste\Cardboard\Cardboard_301.jpg,Cardboard,Cardboard_301.jpg
D:\Recovered Documents\Moringa\Module 5\Summative2\realwaste\realwaste-main\RealWaste\Metal\Metal_134.jpg,Metal,Metal_134.jpg
D:\Recovered Documents\Moringa\Module 5\Summative2\realwaste\realwaste-main\RealWaste\Cardboard\Cardboard_323.jpg,Cardboard,Cardboard_323.jpg
D:\Recovered Documents\Moringa\Module 5\Summative2\realwaste\realwaste-main\RealWaste\Metal\Metal_598.jpg,Metal,Metal_598.jpg
D:\Recovered Documents\Moringa\Module 5\Summative2\realwaste\realwaste-main\RealWaste\Paper\Paper_326.jpg,Paper,Paper_326.jpg
D:\Recovered Documents\Moringa\Module 5\Summative2\realwaste\realwaste-main\RealWaste\Vegetation\Vegetation_91.jpg,Vegetation,Vegetation_91.jpg
D:\Recovered Documents\Moringa\Module 5\Summative2\realwaste\realwaste-main\RealWaste\Vegetation\Vegetation_331.jpg,Vegetation,Vegetation_331.jpg
D:\Recovered Documents\Moringa\Module 5\Summative2\realwaste\realwaste-main\RealWaste\Miscellaneous Trash\Miscellaneous Trash_354.jpg,Miscellaneous Trash,Miscellaneous Trash_354.jpg
D:\Recovered Documents\Moringa\Module 5\Summative2\realwaste\realwaste-main\RealWaste\Glass\Glass_72.jpg,Glass,Glass_72.jpg
D:\Recovered Documents\Moringa\Module 5\Summative2\realwaste\realwaste-main\RealWaste\Cardboard\Cardboard_349.jpg,Cardboard,Cardboard_349.jpg
D:\Recovered Documents\Moringa\Module 5\Summative2\realwaste\realwaste-main\RealWaste\Food Organics\Food Organics_341.jpg,Food Organics,Food Organics_341.jpg
D:\Recovered Documents\Moringa\Module 5\Summative2\realwaste\realwaste-main\RealWaste\Plastic\Plastic_772.jpg,Plastic,Plastic_772.jpg
D:\Recovered Documents\Moringa\Module 5\Summative2\realwaste\realwaste-main\RealWaste\Vegetation\Vegetation_297.jpg,Vegetation,Vegetation_297.jpg
D:\Recovered Documents\Moringa\Module 5\Summative2\realwaste\realwaste-main\RealWaste\Food Organics\Food Organics_168.jpg,Food Organics,Food Organics_168.jpg
D:\Recovered Documents\Moringa\Module 5\Summative2\realwaste\realwaste-main\RealWaste\Vegetation\Vegetation_301.jpg,Vegetation,Vegetation_301.jpg
D:\Recovered Documents\Moringa\Module 5\Summative2\realwaste\realwaste-main\RealWaste\Cardboard\Cardboard_94.jpg,Cardboard,Cardboard_94.jpg
D:\Recovered Documents\Moringa\Module 5\Summative2\realwaste\realwaste-main\RealWaste\Paper\Paper_254.jpg,Paper,Paper_254.jpg
D:\Recovered Documents\Moringa\Module 5\Summative2\realwaste\realwaste-main\RealWaste\Textile Trash\Textile Trash_187.jpg,Textile Trash,Textile Trash_187.jpg
D:\Recovered Documents\Moringa\Module 5\Summative2\realwaste\realwaste-main\RealWaste\Plastic\Plastic_315.jpg,Plastic,Plastic_315.jpg
D:\Recovered Documents\Moringa\Module 5\Summative2\realwaste\realwaste-main\RealWaste\Metal\Metal_239.jpg,Metal,Metal_239.jpg
D:\Recovered Documents\Moringa\Module 5\Summative2\realwaste\realwaste-main\RealWaste\Plastic\Plastic_835.jpg,Plastic,Plastic_835.jpg
D:\Recovered Documents\Moringa\Module 5\Summative2\realwaste\realwaste-main\RealWaste\Metal\Metal_13.jpg,Metal,Metal_13.jpg
D:\Recovered Documents\Moringa\Module 5\Summative2\realwaste\realwaste-main\RealWaste\Food Organics\Food Organics_283.jpg,Food Organics,Food Organics_283.jpg
D:\Recovered Documents\Moringa\Module 5\Summative2\realwaste\realwaste-main\RealWaste\Food Organics\Food Organics_382.jpg,Food Organics,Food Organics_382.jpg
D:\Recovered Documents\Moringa\Module 5\Summative2\realwaste\realwaste-main\RealWaste\Food Organics\Food Organics_104.jpg,Food Organics,Food Organics_104.jpg
D:\Recovered Documents\Moringa\Module 5\Summative2\realwaste\realwaste-main\RealWaste\Miscellaneous Trash\Miscellaneous Trash_395.jpg,Miscellaneous Trash,Miscellaneous Trash_395.jpg
D:\Recovered Documents\Moringa\Module 5\Summative2\realwaste\realwaste-main\RealWaste\Plastic\Plastic_911.jpg,Plastic,Plastic_911.jpg
D:\Recovered Documents\Moringa\Module 5\Summative2\realwaste\realwaste-main\RealWaste\Cardboard\Cardboard_385.jpg,Cardboard,Cardboard_385.jpg
D:\Recovered Documents\Moringa\Module 5\Summative2\realwaste\realwaste-main\RealWaste\Food Organics\Food Organics_378.jpg,Food Organics,Food Organics_378.jpg
D:\Recovered Documents\Moringa\Module 5\Summative2\realwaste\realwaste-main\RealWaste\Cardboard\Cardboard_376.jpg,Cardboard,Cardboard_376.jpg
D:\Recovered Documents\Moringa\Module 5\Summative2\realwaste\realwaste-main\RealWaste\Vegetation\Vegetation_270.jpg,Vegetation,Vegetation_270.jpg
D:\Recovered Documents\Moringa\Module 5\Summative2\realwaste\realwaste-main\RealWaste\Vegetation\Vegetation_232.jpg,Vegetation,Vegetation_232.jpg
D:\Recovered Documents\Moringa\Module 5\Summative2\realwaste\realwaste-main\RealWaste\Metal\Metal_353.jpg,Metal,Metal_353.jpg
D:\Recovered Documents\Moringa\Module 5\Summative2\realwaste\realwaste-main\RealWaste\Plastic\Plastic_306.jpg,Plastic,Plastic_306.jpg
D:\Recovered Documents\Moringa\Module 5\Summative2\realwaste\realwaste-main\RealWaste\Metal\Metal_245.jpg,Metal,Metal_245.jpg
D:\Recovered Documents\Moringa\Module 5\Summative2\realwaste\realwaste-main\RealWaste\Food Organics\Food Organics_124.jpg,Food Organics,Food Organics_124.jpg
D:\Recovered Documents\Moringa\Module 5\Summative2\realwaste\realwaste-main\RealWaste\Metal\Metal_673.jpg,Metal,Metal_673.jpg
D:\Recovered Documents\Moringa\Module 5\Summative2\realwaste\realwaste-main\RealWaste\Glass\Glass_284.jpg,Glass,Glass_284.jpg
D:\Recovered Documents\Moringa\Module 5\Summative2\realwaste\realwaste-main\RealWaste\Metal\Metal_409.jpg,Metal,Metal_409.jpg
D:\Recovered Documents\Moringa\Module 5\Summative2\realwaste\realwaste-main\RealWaste\Miscellaneous Trash\Miscellaneous Trash_252.jpg,Miscellaneous Trash,Miscellaneous Trash_252.jpg
D:\Recovered Documents\Moringa\Module 5\Summative2\realwaste\realwaste-main\RealWaste\Cardboard\Cardboard_357.jpg,Cardboard,Cardboard_357.jpg
D:\Recovered Documents\Moringa\Module 5\Summative2\realwaste\realwaste-main\RealWaste\Plastic\Plastic_231.jpg,Plastic,Plastic_231.jpg
D:\Recovered Documents\Moringa\Module 5\Summative2\realwaste\realwaste-main\RealWaste\Cardboard\Cardboard_115.jpg,Cardboard,Cardboard_115.jpg
D:\Recovered Documents\Moringa\Module 5\Summative2\realwaste\realwaste-main\RealWaste\Plastic\Plastic_276.jpg,Plastic,Plastic_276.jpg
D:\Recovered Documents\Moringa\Module 5\Summative2\realwaste\realwaste-main\RealWaste\Plastic\Plastic_811.jpg,Plastic,Plastic_811.jpg
D:\Recovered Documents\Moringa\Module 5\Summative2\realwaste\realwaste-main\RealWaste\Plastic\Plastic_140.jpg,Plastic,Plastic_140.jpg
D:\Recovered Documents\Moringa\Module 5\Summative2\realwaste\realwaste-main\RealWaste\Metal\Metal_31.jpg,Metal,Metal_31.jpg
D:\Recovered Documents\Moringa\Module 5\Summative2\realwaste\realwaste-main\RealWaste\Plastic\Plastic_178.jpg,Plastic,Plastic_178.jpg
D:\Recovered Documents\Moringa\Module 5\Summative2\realwaste\realwaste-main\RealWaste\Plastic\Plastic_30.jpg,Plastic,Plastic_30.jpg
D:\Recovered Documents\Moringa\Module 5\Summative2\realwaste\realwaste-main\RealWaste\Vegetation\Vegetation_10.jpg,Vegetation,Vegetation_10.jpg
D:\Recovered Documents\Moringa\Module 5\Summative2\realwaste\realwaste-main\RealWaste\Paper\Paper_274.jpg,Paper,Paper_274.jpg
D:\Recovered Documents\Moringa\Module 5\Summative2\realwaste\realwaste-main\RealWaste\Vegetation\Vegetation_141.jpg,Vegetation,Vegetation_141.jpg
D:\Recovered Documents\Moringa\Module 5\Summative2\realwaste\realwaste-main\RealWaste\Glass\Glass_62.jpg,Glass,Glass_62.jpg
D:\Recovered Documents\Moringa\Module 5\Summative2\realwaste\realwaste-main\RealWaste\Vegetation\Vegetation_294.jpg,Vegetation,Vegetation_294.jpg
D:\Recovered Documents\Moringa\Module 5\Summative2\realwaste\realwaste-main\RealWaste\Metal\Metal_182.jpg,Metal,Metal_182.jpg
D:\Recovered Documents\Moringa\Module 5\Summative2\realwaste\realwaste-main\RealWaste\Metal\Metal_296.jpg,Metal,Metal_296.jpg
D:\Recovered Documents\Moringa\Module 5\Summative2\realwaste\realwaste-main\RealWaste\Plastic\Plastic_662.jpg,Plastic,Plastic_662.jpg
D:\Recovered Documents\Moringa\Module 5\Summative2\realwaste\realwaste-main\RealWaste\Plastic\Plastic_184.jpg,Plastic,Plastic_184.jpg
D:\Recovered Documents\Moringa\Module 5\Summative2\realwaste\realwaste-main\RealWaste\Metal\Metal_611.jpg,Metal,Metal_611.jpg
D:\Recovered Documents\Moringa\Module 5\Summative2\realwaste\realwaste-main\RealWaste\Miscellaneous Trash\Miscellaneous Trash_193.jpg,Miscellaneous Trash,Miscellaneous Trash_193.jpg
D:\Recovered Documents\Moringa\Module 5\Summative2\realwaste\realwaste-main\RealWaste\Cardboard\Cardboard_104.jpg,Cardboard,Cardboard_104.jpg
D:\Recovered Documents\Moringa\Module 5\Summative2\realwaste\realwaste-main\RealWaste\Glass\Glass_149.jpg,Glass,Glass_149.jpg
D:\Recovered Documents\Moringa\Module 5\Summative2\realwaste\realwaste-main\RealWaste\Miscellaneous Trash\Miscellaneous Trash_89.jpg,Miscellaneous Trash,Miscellaneous Trash_89.jpg
D:\Recovered Documents\Moringa\Module 5\Summative2\realwaste\realwaste-main\RealWaste\Food Organics\Food Organics_207.jpg,Food Organics,Food Organics_207.jpg
D:\Recovered Documents\Moringa\Module 5\Summative2\realwaste\realwaste-main\RealWaste\Miscellaneous Trash\Miscellaneous Trash_46.jpg,Miscellaneous Trash,Miscellaneous Trash_46.jpg
D:\Recovered Documents\Moringa\Module 5\Summative2\realwaste\realwaste-main\RealWaste\Vegetation\Vegetation_130.jpg,Vegetation,Vegetation_130.jpg
D:\Recovered Documents\Moringa\Module 5\Summative2\realwaste\realwaste-main\RealWaste\Metal\Metal_448.jpg,Metal,Metal_448.jpg
D:\Recovered Documents\Moringa\Module 5\Summative2\realwaste\realwaste-main\RealWaste\Cardboard\Cardboard_339.jpg,Cardboard,Cardboard_339.jpg
D:\Recovered Documents\Moringa\Module 5\Summative2\realwaste\realwaste-main\RealWaste\Food Organics\Food Organics_196.jpg,Food Organics,Food Organics_196.jpg
D:\Recovered Documents\Moringa\Module 5\Summative2\realwaste\realwaste-main\RealWaste\Vegetation\Vegetation_185.jpg,Vegetation,Vegetation_185.jpg
D:\Recovered Documents\Moringa\Module 5\Summative2\realwaste\realwaste-main\RealWaste\Vegetation\Vegetation_159.jpg,Vegetation,Vegetation_159.jpg
D:\Recovered Documents\Moringa\Module 5\Summative2\realwaste\realwaste-main\RealWaste\Textile Trash\Textile Trash_130.jpg,Textile Trash,Textile Trash_130.jpg
D:\Recovered Documents\Moringa\Module 5\Summative2\realwaste\realwaste-main\RealWaste\Plastic\Plastic_58.jpg,Plastic,Plastic_58.jpg
D:\Recovered Documents\Moringa\Module 5\Summative2\realwaste\realwaste-main\RealWaste\Metal\Metal_30.jpg,Metal,Metal_30.jpg
D:\Recovered Documents\Moringa\Module 5\Summative2\realwaste\realwaste-main\RealWaste\Vegetation\Vegetation_165.jpg,Vegetation,Vegetation_165.jpg
D:\Recovered Documents\Moringa\Module 5\Summative2\realwaste\realwaste-main\RealWaste\Paper\Paper_432.jpg,Paper,Paper_432.jpg
D:\Recovered Documents\Moringa\Module 5\Summative2\realwaste\realwaste-main\RealWaste\Plastic\Plastic_790.jpg,Plastic,Plastic_790.jpg
D:\Recovered Documents\Moringa\Module 5\Summative2\realwaste\realwaste-main\RealWaste\Miscellaneous Trash\Miscellaneous Trash_469.jpg,Miscellaneous Trash,Miscellaneous Trash_469.jpg
D:\Recovered Documents\Moringa\Module 5\Summative2\realwaste\realwaste-main\RealWaste\Textile Trash\Textile Trash_21.jpg,Textile Trash,Textile Trash_21.jpg
D:\Recovered Documents\Moringa\Module 5\Summative2\realwaste\realwaste-main\RealWaste\Vegetation\Vegetation_401.jpg,Vegetation,Vegetation_401.jpg
D:\Recovered Documents\Moringa\Module 5\Summative2\realwaste\realwaste-main\RealWaste\Textile Trash\Textile Trash_189.jpg,Textile Trash,Textile Trash_189.jpg
D:\Recovered Documents\Moringa\Module 5\Summative2\realwaste\realwaste-main\RealWaste\Textile Trash\Textile Trash_76.jpg,Textile Trash,Textile Trash_76.jpg
D:\Recovered Documents\Moringa\Module 5\Summative2\realwaste\realwaste-main\RealWaste\Paper\Paper_137.jpg,Paper,Paper_137.jpg
D:\Recovered Documents\Moringa\Module 5\Summative2\realwaste\realwaste-main\RealWaste\Vegetation\Vegetation_290.jpg,Vegetation,Vegetation_290.jpg
D:\Recovered Documents\Moringa\Module 5\Summative2\realwaste\realwaste-main\RealWaste\Glass\Glass_236.jpg,Glass,Glass_236.jpg
D:\Recovered Documents\Moringa\Module 5\Summative2\realwaste\realwaste-main\RealWaste\Textile Trash\Textile Trash_247.jpg,Textile Trash,Textile Trash_247.jpg
D:\Recovered Documents\Moringa\Module 5\Summative2\realwaste\realwaste-main\RealWaste\Plastic\Plastic_151.jpg,Plastic,Plastic_151.jpg
D:\Recovered Documents\Moringa\Module 5\Summative2\realwaste\realwaste-main\RealWaste\Plastic\Plastic_359.jpg,Plastic,Plastic_359.jpg
D:\Recovered Documents\Moringa\Module 5\Summative2\realwaste\realwaste-main\RealWaste\Textile Trash\Textile Trash_38.jpg,Textile Trash,Textile Trash_38.jpg
D:\Recovered Documents\Moringa\Module 5\Summative2\realwaste\realwaste-main\RealWaste\Plastic\Plastic_891.jpg,Plastic,Plastic_891.jpg
D:\Recovered Documents\Moringa\Module 5\Summative2\realwaste\realwaste-main\RealWaste\Paper\Paper_197.jpg,Paper,Paper_197.jpg
D:\Recovered Documents\Moringa\Module 5\Summative2\realwaste\realwaste-main\RealWaste\Paper\Paper_414.jpg,Paper,Paper_414.jpg
D:\Recovered Documents\Moringa\Module 5\Summative2\realwaste\realwaste-main\RealWaste\Miscellaneous Trash\Miscellaneous Trash_309.jpg,Miscellaneous Trash,Miscellaneous Trash_309.jpg
D:\Recovered Documents\Moringa\Module 5\Summative2\realwaste\realwaste-main\RealWaste\Metal\Metal_269.jpg,Metal,Metal_269.jpg
D:\Recovered Documents\Moringa\Module 5\Summative2\realwaste\realwaste-main\RealWaste\Cardboard\Cardboard_84.jpg,Cardboard,Cardboard_84.jpg
D:\Recovered Documents\Moringa\Module 5\Summative2\realwaste\realwaste-main\RealWaste\Cardboard\Cardboard_98.jpg,Cardboard,Cardboard_98.jpg
D:\Recovered Documents\Moringa\Module 5\Summative2\realwaste\realwaste-main\RealWaste\Miscellaneous Trash\Miscellaneous Trash_209.jpg,Miscellaneous Trash,Miscellaneous Trash_209.jpg
D:\Recovered Documents\Moringa\Module 5\Summative2\realwaste\realwaste-main\RealWaste\Textile Trash\Textile Trash_43.jpg,Textile Trash,Textile Trash_43.jpg
D:\Recovered Documents\Moringa\Module 5\Summative2\realwaste\realwaste-main\RealWaste\Glass\Glass_148.jpg,Glass,Glass_148.jpg
D:\Recovered Documents\Moringa\Module 5\Summative2\realwaste\realwaste-main\RealWaste\Vegetation\Vegetation_144.jpg,Vegetation,Vegetation_144.jpg
D:\Recovered Documents\Moringa\Module 5\Summative2\realwaste\realwaste-main\RealWaste\Miscellaneous Trash\Miscellaneous Trash_322.jpg,Miscellaneous Trash,Miscellaneous Trash_322.jpg
D:\Recovered Documents\Moringa\Module 5\Summative2\realwaste\realwaste-main\RealWaste\Plastic\Plastic_446.jpg,Plastic,Plastic_446.jpg
D:\Recovered Documents\Moringa\Module 5\Summative2\realwaste\realwaste-main\RealWaste\Metal\Metal_603.jpg,Metal,Metal_603.jpg
D:\Recovered Documents\Moringa\Module 5\Summative2\realwaste\realwaste-main\RealWaste\Vegetation\Vegetation_317.jpg,Vegetation,Vegetation_317.jpg
D:\Recovered Documents\Moringa\Module 5\Summative2\realwaste\realwaste-main\RealWaste\Miscellaneous Trash\Miscellaneous Trash_61.jpg,Miscellaneous Trash,Miscellaneous Trash_61.jpg
D:\Recovered Documents\Moringa\Module 5\Summative2\realwaste\realwaste-main\RealWaste\Plastic\Plastic_430.jpg,Plastic,Plastic_430.jpg
D:\Recovered Documents\Moringa\Module 5\Summative2\realwaste\realwaste-main\RealWaste\Plastic\Plastic_350.jpg,Plastic,Plastic_350.jpg
D:\Recovered Documents\Moringa\Module 5\Summative2\realwaste\realwaste-main\RealWaste\Textile Trash\Textile Trash_123.jpg,Textile Trash,Textile Trash_123.jpg
D:\Recovered Documents\Moringa\Module 5\Summative2\realwaste\realwaste-main\RealWaste\Glass\Glass_13.jpg,Glass,Glass_13.jpg
D:\Recovered Documents\Moringa\Module 5\Summative2\realwaste\realwaste-main\RealWaste\Cardboard\Cardboard_55.jpg,Cardboard,Cardboard_55.jpg
D:\Recovered Documents\Moringa\Module 5\Summative2\realwaste\realwaste-main\RealWaste\Vegetation\Vegetation_355.jpg,Vegetation,Vegetation_355.jpg
D:\Recovered Documents\Moringa\Module 5\Summative2\realwaste\realwaste-main\RealWaste\Miscellaneous Trash\Miscellaneous Trash_455.jpg,Miscellaneous Trash,Miscellaneous Trash_455.jpg
D:\Recovered Documents\Moringa\Module 5\Summative2\realwaste\realwaste-main\RealWaste\Paper\Paper_47.jpg,Paper,Paper_47.jpg
D:\Recovered Documents\Moringa\Module 5\Summative2\realwaste\realwaste-main\RealWaste\Paper\Paper_245.jpg,Paper,Paper_245.jpg
D:\Recovered Documents\Moringa\Module 5\Summative2\realwaste\realwaste-main\RealWaste\Miscellaneous Trash\Miscellaneous Trash_461.jpg,Miscellaneous Trash,Miscellaneous Trash_461.jpg
D:\Recovered Documents\Moringa\Module 5\Summative2\realwaste\realwaste-main\RealWaste\Metal\Metal_725.jpg,Metal,Metal_725.jpg
D:\Recovered Documents\Moringa\Module 5\Summative2\realwaste\realwaste-main\RealWaste\Metal\Metal_443.jpg,Metal,Metal_443.jpg
D:\Recovered Documents\Moringa\Module 5\Summative2\realwaste\realwaste-main\RealWaste\Textile Trash\Textile Trash_206.jpg,Textile Trash,Textile Trash_206.jpg
D:\Recovered Documents\Moringa\Module 5\Summative2\realwaste\realwaste-main\RealWaste\Textile Trash\Textile Trash_224.jpg,Textile Trash,Textile Trash_224.jpg
D:\Recovered Documents\Moringa\Module 5\Summative2\realwaste\realwaste-main\RealWaste\Food Organics\Food Organics_325.jpg,Food Organics,Food Organics_325.jpg
D:\Recovered Documents\Moringa\Module 5\Summative2\realwaste\realwaste-main\RealWaste\Metal\Metal_571.jpg,Metal,Metal_571.jpg
D:\Recovered Documents\Moringa\Module 5\Summative2\realwaste\realwaste-main\RealWaste\Plastic\Plastic_428.jpg,Plastic,Plastic_428.jpg
D:\Recovered Documents\Moringa\Module 5\Summative2\realwaste\realwaste-main\RealWaste\Food Organics\Food Organics_331.jpg,Food Organics,Food Organics_331.jpg
D:\Recovered Documents\Moringa\Module 5\Summative2\realwaste\realwaste-main\RealWaste\Cardboard\Cardboard_30.jpg,Cardboard,Cardboard_30.jpg
D:\Recovered Documents\Moringa\Module 5\Summative2\realwaste\realwaste-main\RealWaste\Miscellaneous Trash\Miscellaneous Trash_308.jpg,Miscellaneous Trash,Miscellaneous Trash_308.jpg
D:\Recovered Documents\Moringa\Module 5\Summative2\realwaste\realwaste-main\RealWaste\Cardboard\Cardboard_416.jpg,Cardboard,Cardboard_416.jpg
D:\Recovered Documents\Moringa\Module 5\Summative2\realwaste\realwaste-main\RealWaste\Glass\Glass_349.jpg,Glass,Glass_349.jpg
D:\Recovered Documents\Moringa\Module 5\Summative2\realwaste\realwaste-main\RealWaste\Textile Trash\Textile Trash_262.jpg,Textile Trash,Textile Trash_262.jpg
D:\Recovered Documents\Moringa\Module 5\Summative2\realwaste\realwaste-main\RealWaste\Plastic\Plastic_221.jpg,Plastic,Plastic_221.jpg
D:\Recovered Documents\Moringa\Module 5\Summative2\realwaste\realwaste-main\RealWaste\Metal\Metal_506.jpg,Metal,Metal_506.jpg
D:\Recovered Documents\Moringa\Module 5\Summative2\realwaste\realwaste-main\RealWaste\Metal\Metal_442.jpg,Metal,Metal_442.jpg
D:\Recovered Documents\Moringa\Module 5\Summative2\realwaste\realwaste-main\RealWaste\Plastic\Plastic_318.jpg,Plastic,Plastic_318.jpg
D:\Recovered Documents\Moringa\Module 5\Summative2\realwaste\realwaste-main\RealWaste\Cardboard\Cardboard_242.jpg,Cardboard,Cardboard_242.jpg
D:\Recovered Documents\Moringa\Module 5\Summative2\realwaste\realwaste-main\RealWaste\Miscellaneous Trash\Miscellaneous Trash_166.jpg,Miscellaneous Trash,Miscellaneous Trash_166.jpg
D:\Recovered Documents\Moringa\Module 5\Summative2\realwaste\realwaste-main\RealWaste\Plastic\Plastic_128.jpg,Plastic,Plastic_128.jpg
D:\Recovered Documents\Moringa\Module 5\Summative2\realwaste\realwaste-main\RealWaste\Plastic\Plastic_748.jpg,Plastic,Plastic_748.jpg
D:\Recovered Documents\Moringa\Module 5\Summative2\realwaste\realwaste-main\RealWaste\Metal\Metal_37.jpg,Metal,Metal_37.jpg
D:\Recovered Documents\Moringa\Module 5\Summative2\realwaste\realwaste-main\RealWaste\Plastic\Plastic_802.jpg,Plastic,Plastic_802.jpg
D:\Recovered Documents\Moringa\Module 5\Summative2\realwaste\realwaste-main\RealWaste\Metal\Metal_177.jpg,Metal,Metal_177.jpg
D:\Recovered Documents\Moringa\Module 5\Summative2\realwaste\realwaste-main\RealWaste\Food Organics\Food Organics_311.jpg,Food Organics,Food Organics_311.jpg
D:\Recovered Documents\Moringa\Module 5\Summative2\realwaste\realwaste-main\RealWaste\Paper\Paper_338.jpg,Paper,Paper_338.jpg
D:\Recovered Documents\Moringa\Module 5\Summative2\realwaste\realwaste-main\RealWaste\Textile Trash\Textile Trash_45.jpg,Textile Trash,Textile Trash_45.jpg
D:\Recovered Documents\Moringa\Module 5\Summative2\realwaste\realwaste-main\RealWaste\Vegetation\Vegetation_327.jpg,Vegetation,Vegetation_327.jpg
D:\Recovered Documents\Moringa\Module 5\Summative2\realwaste\realwaste-main\RealWaste\Paper\Paper_91.jpg,Paper,Paper_91.jpg
D:\Recovered Documents\Moringa\Module 5\Summative2\realwaste\realwaste-main\RealWaste\Miscellaneous Trash\Miscellaneous Trash_326.jpg,Miscellaneous Trash,Miscellaneous Trash_326.jpg
D:\Recovered Documents\Moringa\Module 5\Summative2\realwaste\realwaste-main\RealWaste\Glass\Glass_292.jpg,Glass,Glass_292.jpg
D:\Recovered Documents\Moringa\Module 5\Summative2\realwaste\realwaste-main\RealWaste\Vegetation\Vegetation_400.jpg,Vegetation,Vegetation_400.jpg
D:\Recovered Documents\Moringa\Module 5\Summative2\realwaste\realwaste-main\RealWaste\Vegetation\Vegetation_192.jpg,Vegetation,Vegetation_192.jpg
D:\Recovered Documents\Moringa\Module 5\Summative2\realwaste\realwaste-main\RealWaste\Cardboard\Cardboard_443.jpg,Cardboard,Cardboard_443.jpg
D:\Recovered Documents\Moringa\Module 5\Summative2\realwaste\realwaste-main\RealWaste\Vegetation\Vegetation_31.jpg,Vegetation,Vegetation_31.jpg
D:\Recovered Documents\Moringa\Module 5\Summative2\realwaste\realwaste-main\RealWaste\Paper\Paper_221.jpg,Paper,Paper_221.jpg
D:\Recovered Documents\Moringa\Module 5\Summative2\realwaste\realwaste-main\RealWaste\Metal\Metal_350.jpg,Metal,Metal_350.jpg
D:\Recovered Documents\Moringa\Module 5\Summative2\realwaste\realwaste-main\RealWaste\Glass\Glass_399.jpg,Glass,Glass_399.jpg
D:\Recovered Documents\Moringa\Module 5\Summative2\realwaste\realwaste-main\RealWaste\Food Organics\Food Organics_123.jpg,Food Organics,Food Organics_123.jpg
D:\Recovered Documents\Moringa\Module 5\Summative2\realwaste\realwaste-main\RealWaste\Plastic\Plastic_468.jpg,Plastic,Plastic_468.jpg
D:\Recovered Documents\Moringa\Module 5\Summative2\realwaste\realwaste-main\RealWaste\Glass\Glass_109.jpg,Glass,Glass_109.jpg
D:\Recovered Documents\Moringa\Module 5\Summative2\realwaste\realwaste-main\RealWaste\Textile Trash\Textile Trash_179.jpg,Textile Trash,Textile Trash_179.jpg
D:\Recovered Documents\Moringa\Module 5\Summative2\realwaste\realwaste-main\RealWaste\Miscellaneous Trash\Miscellaneous Trash_277.jpg,Miscellaneous Trash,Miscellaneous Trash_277.jpg
D:\Recovered Documents\Moringa\Module 5\Summative2\realwaste\realwaste-main\RealWaste\Metal\Metal_315.jpg,Metal,Metal_315.jpg
D:\Recovered Documents\Moringa\Module 5\Summative2\realwaste\realwaste-main\RealWaste\Metal\Metal_537.jpg,Metal,Metal_537.jpg
D:\Recovered Documents\Moringa\Module 5\Summative2\realwaste\realwaste-main\RealWaste\Miscellaneous Trash\Miscellaneous Trash_393.jpg,Miscellaneous Trash,Miscellaneous Trash_393.jpg
D:\Recovered Documents\Moringa\Module 5\Summative2\realwaste\realwaste-main\RealWaste\Glass\Glass_402.jpg,Glass,Glass_402.jpg
D:\Recovered Documents\Moringa\Module 5\Summative2\realwaste\realwaste-main\RealWaste\Glass\Glass_401.jpg,Glass,Glass_401.jpg
D:\Recovered Documents\Moringa\Module 5\Summative2\realwaste\realwaste-main\RealWaste\Paper\Paper_187.jpg,Paper,Paper_187.jpg
D:\Recovered Documents\Moringa\Module 5\Summative2\realwaste\realwaste-main\RealWaste\Plastic\Plastic_22.jpg,Plastic,Plastic_22.jpg
D:\Recovered Documents\Moringa\Module 5\Summative2\realwaste\realwaste-main\RealWaste\Plastic\Plastic_69.jpg,Plastic,Plastic_69.jpg
D:\Recovered Documents\Moringa\Module 5\Summative2\realwaste\realwaste-main\RealWaste\Miscellaneous Trash\Miscellaneous Trash_41.jpg,Miscellaneous Trash,Miscellaneous Trash_41.jpg
D:\Recovered Documents\Moringa\Module 5\Summative2\realwaste\realwaste-main\RealWaste\Food Organics\Food Organics_288.jpg,Food Organics,Food Organics_288.jpg
D:\Recovered Documents\Moringa\Module 5\Summative2\realwaste\realwaste-main\RealWaste\Miscellaneous Trash\Miscellaneous Trash_103.jpg,Miscellaneous Trash,Miscellaneous Trash_103.jpg
D:\Recovered Documents\Moringa\Module 5\Summative2\realwaste\realwaste-main\RealWaste\Vegetation\Vegetation_38.jpg,Vegetation,Vegetation_38.jpg
D:\Recovered Documents\Moringa\Module 5\Summative2\realwaste\realwaste-main\RealWaste\Food Organics\Food Organics_377.jpg,Food Organics,Food Organics_377.jpg
D:\Recovered Documents\Moringa\Module 5\Summative2\realwaste\realwaste-main\RealWaste\Metal\Metal_259.jpg,Metal,Metal_259.jpg
D:\Recovered Documents\Moringa\Module 5\Summative2\realwaste\realwaste-main\RealWaste\Plastic\Plastic_159.jpg,Plastic,Plastic_159.jpg
D:\Recovered Documents\Moringa\Module 5\Summative2\realwaste\realwaste-main\RealWaste\Food Organics\Food Organics_9.jpg,Food Organics,Food Organics_9.jpg
D:\Recovered Documents\Moringa\Module 5\Summative2\realwaste\realwaste-main\RealWaste\Food Organics\Food Organics_83.jpg,Food Organics,Food Organics_83.jpg
D:\Recovered Documents\Moringa\Module 5\Summative2\realwaste\realwaste-main\RealWaste\Cardboard\Cardboard_263.jpg,Cardboard,Cardboard_263.jpg
D:\Recovered Documents\Moringa\Module 5\Summative2\realwaste\realwaste-main\RealWaste\Miscellaneous Trash\Miscellaneous Trash_290.jpg,Miscellaneous Trash,Miscellaneous Trash_290.jpg
D:\Recovered Documents\Moringa\Module 5\Summative2\realwaste\realwaste-main\RealWaste\Food Organics\Food Organics_289.jpg,Food Organics,Food Organics_289.jpg
D:\Recovered Documents\Moringa\Module 5\Summative2\realwaste\realwaste-main\RealWaste\Metal\Metal_772.jpg,Metal,Metal_772.jpg
D:\Recovered Documents\Moringa\Module 5\Summative2\realwaste\realwaste-main\RealWaste\Plastic\Plastic_810.jpg,Plastic,Plastic_810.jpg
D:\Recovered Documents\Moringa\Module 5\Summative2\realwaste\realwaste-main\RealWaste\Glass\Glass_31.jpg,Glass,Glass_31.jpg
D:\Recovered Documents\Moringa\Module 5\Summative2\realwaste\realwaste-main\RealWaste\Paper\Paper_231.jpg,Paper,Paper_231.jpg
D:\Recovered Documents\Moringa\Module 5\Summative2\realwaste\realwaste-main\RealWaste\Plastic\Plastic_107.jpg,Plastic,Plastic_107.jpg
D:\Recovered Documents\Moringa\Module 5\Summative2\realwaste\realwaste-main\RealWaste\Textile Trash\Textile Trash_39.jpg,Textile Trash,Textile Trash_39.jpg
D:\Recovered Documents\Moringa\Module 5\Summative2\realwaste\realwaste-main\RealWaste\Textile Trash\Textile Trash_285.jpg,Textile Trash,Textile Trash_285.jpg
D:\Recovered Documents\Moringa\Module 5\Summative2\realwaste\realwaste-main\RealWaste\Textile Trash\Textile Trash_129.jpg,Textile Trash,Textile Trash_129.jpg
D:\Recovered Documents\Moringa\Module 5\Summative2\realwaste\realwaste-main\RealWaste\Food Organics\Food Organics_159.jpg,Food Organics,Food Organics_159.jpg
D:\Recovered Documents\Moringa\Module 5\Summative2\realwaste\realwaste-main\RealWaste\Glass\Glass_252.jpg,Glass,Glass_252.jpg
D:\Recovered Documents\Moringa\Module 5\Summative2\realwaste\realwaste-main\RealWaste\Textile Trash\Textile Trash_70.jpg,Textile Trash,Textile Trash_70.jpg
D:\Recovered Documents\Moringa\Module 5\Summative2\realwaste\realwaste-main\RealWaste\Metal\Metal_234.jpg,Metal,Metal_234.jpg
D:\Recovered Documents\Moringa\Module 5\Summative2\realwaste\realwaste-main\RealWaste\Metal\Metal_608.jpg,Metal,Metal_608.jpg
D:\Recovered Documents\Moringa\Module 5\Summative2\realwaste\realwaste-main\RealWaste\Food Organics\Food Organics_170.jpg,Food Organics,Food Organics_170.jpg
D:\Recovered Documents\Moringa\Module 5\Summative2\realwaste\realwaste-main\RealWaste\Cardboard\Cardboard_185.jpg,Cardboard,Cardboard_185.jpg
D:\Recovered Documents\Moringa\Module 5\Summative2\realwaste\realwaste-main\RealWaste\Glass\Glass_65.jpg,Glass,Glass_65.jpg
D:\Recovered Documents\Moringa\Module 5\Summative2\realwaste\realwaste-main\RealWaste\Glass\Glass_212.jpg,Glass,Glass_212.jpg
D:\Recovered Documents\Moringa\Module 5\Summative2\realwaste\realwaste-main\RealWaste\Paper\Paper_55.jpg,Paper,Paper_55.jpg
D:\Recovered Documents\Moringa\Module 5\Summative2\realwaste\realwaste-main\RealWaste\Plastic\Plastic_874.jpg,Plastic,Plastic_874.jpg
D:\Recovered Documents\Moringa\Module 5\Summative2\realwaste\realwaste-main\RealWaste\Plastic\Plastic_584.jpg,Plastic,Plastic_584.jpg
D:\Recovered Documents\Moringa\Module 5\Summative2\realwaste\realwaste-main\RealWaste\Food Organics\Food Organics_75.jpg,Food Organics,Food Organics_75.jpg
D:\Recovered Documents\Moringa\Module 5\Summative2\realwaste\realwaste-main\RealWaste\Paper\Paper_39.jpg,Paper,Paper_39.jpg
D:\Recovered Documents\Moringa\Module 5\Summative2\realwaste\realwaste-main\RealWaste\Miscellaneous Trash\Miscellaneous Trash_485.jpg,Miscellaneous Trash,Miscellaneous Trash_485.jpg
D:\Recovered Documents\Moringa\Module 5\Summative2\realwaste\realwaste-main\RealWaste\Vegetation\Vegetation_370.jpg,Vegetation,Vegetation_370.jpg
D:\Recovered Documents\Moringa\Module 5\Summative2\realwaste\realwaste-main\RealWaste\Cardboard\Cardboard_215.jpg,Cardboard,Cardboard_215.jpg
D:\Recovered Documents\Moringa\Module 5\Summative2\realwaste\realwaste-main\RealWaste\Plastic\Plastic_152.jpg,Plastic,Plastic_152.jpg
D:\Recovered Documents\Moringa\Module 5\Summative2\realwaste\realwaste-main\RealWaste\Cardboard\Cardboard_367.jpg,Cardboard,Cardboard_367.jpg
D:\Recovered Documents\Moringa\Module 5\Summative2\realwaste\realwaste-main\RealWaste\Food Organics\Food Organics_224.jpg,Food Organics,Food Organics_224.jpg
D:\Recovered Documents\Moringa\Module 5\Summative2\realwaste\realwaste-main\RealWaste\Food Organics\Food Organics_106.jpg,Food Organics,Food Organics_106.jpg
D:\Recovered Documents\Moringa\Module 5\Summative2\realwaste\realwaste-main\RealWaste\Textile Trash\Textile Trash_301.jpg,Textile Trash,Textile Trash_301.jpg
D:\Recovered Documents\Moringa\Module 5\Summative2\realwaste\realwaste-main\RealWaste\Paper\Paper_96.jpg,Paper,Paper_96.jpg
D:\Recovered Documents\Moringa\Module 5\Summative2\realwaste\realwaste-main\RealWaste\Plastic\Plastic_636.jpg,Plastic,Plastic_636.jpg
D:\Recovered Documents\Moringa\Module 5\Summative2\realwaste\realwaste-main\RealWaste\Food Organics\Food Organics_165.jpg,Food Organics,Food Organics_165.jpg
D:\Recovered Documents\Moringa\Module 5\Summative2\realwaste\realwaste-main\RealWaste\Cardboard\Cardboard_164.jpg,Cardboard,Cardboard_164.jpg
D:\Recovered Documents\Moringa\Module 5\Summative2\realwaste\realwaste-main\RealWaste\Metal\Metal_394.jpg,Metal,Metal_394.jpg
D:\Recovered Documents\Moringa\Module 5\Summative2\realwaste\realwaste-main\RealWaste\Miscellaneous Trash\Miscellaneous Trash_181.jpg,Miscellaneous Trash,Miscellaneous Trash_181.jpg
D:\Recovered Documents\Moringa\Module 5\Summative2\realwaste\realwaste-main\RealWaste\Paper\Paper_223.jpg,Paper,Paper_223.jpg
D:\Recovered Documents\Moringa\Module 5\Summative2\realwaste\realwaste-main\RealWaste\Paper\Paper_129.jpg,Paper,Paper_129.jpg
D:\Recovered Documents\Moringa\Module 5\Summative2\realwaste\realwaste-main\RealWaste\Vegetation\Vegetation_328.jpg,Vegetation,Vegetation_328.jpg
D:\Recovered Documents\Moringa\Module 5\Summative2\realwaste\realwaste-main\RealWaste\Cardboard\Cardboard_340.jpg,Cardboard,Cardboard_340.jpg
D:\Recovered Documents\Moringa\Module 5\Summative2\realwaste\realwaste-main\RealWaste\Cardboard\Cardboard_371.jpg,Cardboard,Cardboard_371.jpg
D:\Recovered Documents\Moringa\Module 5\Summative2\realwaste\realwaste-main\RealWaste\Plastic\Plastic_618.jpg,Plastic,Plastic_618.jpg
D:\Recovered Documents\Moringa\Module 5\Summative2\realwaste\realwaste-main\RealWaste\Paper\Paper_198.jpg,Paper,Paper_198.jpg
D:\Recovered Documents\Moringa\Module 5\Summative2\realwaste\realwaste-main\RealWaste\Vegetation\Vegetation_179.jpg,Vegetation,Vegetation_179.jpg
D:\Recovered Documents\Moringa\Module 5\Summative2\realwaste\realwaste-main\RealWaste\Miscellaneous Trash\Miscellaneous Trash_183.jpg,Miscellaneous Trash,Miscellaneous Trash_183.jpg
D:\Recovered Documents\Moringa\Module 5\Summative2\realwaste\realwaste-main\RealWaste\Textile Trash\Textile Trash_248.jpg,Textile Trash,Textile Trash_248.jpg
D:\Recovered Documents\Moringa\Module 5\Summative2\realwaste\realwaste-main\RealWaste\Metal\Metal_649.jpg,Metal,Metal_649.jpg
D:\Recovered Documents\Moringa\Module 5\Summative2\realwaste\realwaste-main\RealWaste\Miscellaneous Trash\Miscellaneous Trash_176.jpg,Miscellaneous Trash,Miscellaneous Trash_176.jpg
D:\Recovered Documents\Moringa\Module 5\Summative2\realwaste\realwaste-main\RealWaste\Metal\Metal_407.jpg,Metal,Metal_407.jpg
D:\Recovered Documents\Moringa\Module 5\Summative2\realwaste\realwaste-main\RealWaste\Metal\Metal_284.jpg,Metal,Metal_284.jpg
D:\Recovered Documents\Moringa\Module 5\Summative2\realwaste\realwaste-main\RealWaste\Glass\Glass_193.jpg,Glass,Glass_193.jpg
D:\Recovered Documents\Moringa\Module 5\Summative2\realwaste\realwaste-main\RealWaste\Plastic\Plastic_147.jpg,Plastic,Plastic_147.jpg
D:\Recovered Documents\Moringa\Module 5\Summative2\realwaste\realwaste-main\RealWaste\Vegetation\Vegetation_220.jpg,Vegetation,Vegetation_220.jpg
D:\Recovered Documents\Moringa\Module 5\Summative2\realwaste\realwaste-main\RealWaste\Plastic\Plastic_890.jpg,Plastic,Plastic_890.jpg
D:\Recovered Documents\Moringa\Module 5\Summative2\realwaste\realwaste-main\RealWaste\Food Organics\Food Organics_301.jpg,Food Organics,Food Organics_301.jpg
D:\Recovered Documents\Moringa\Module 5\Summative2\realwaste\realwaste-main\RealWaste\Food Organics\Food Organics_394.jpg,Food Organics,Food Organics_394.jpg
D:\Recovered Documents\Moringa\Module 5\Summative2\realwaste\realwaste-main\RealWaste\Metal\Metal_474.jpg,Metal,Metal_474.jpg
D:\Recovered Documents\Moringa\Module 5\Summative2\realwaste\realwaste-main\RealWaste\Plastic\Plastic_846.jpg,Plastic,Plastic_846.jpg
D:\Recovered Documents\Moringa\Module 5\Summative2\realwaste\realwaste-main\RealWaste\Vegetation\Vegetation_61.jpg,Vegetation,Vegetation_61.jpg
D:\Recovered Documents\Moringa\Module 5\Summative2\realwaste\realwaste-main\RealWaste\Vegetation\Vegetation_124.jpg,Vegetation,Vegetation_124.jpg
D:\Recovered Documents\Moringa\Module 5\Summative2\realwaste\realwaste-main\RealWaste\Textile Trash\Textile Trash_34.jpg,Textile Trash,Textile Trash_34.jpg
D:\Recovered Documents\Moringa\Module 5\Summative2\realwaste\realwaste-main\RealWaste\Cardboard\Cardboard_74.jpg,Cardboard,Cardboard_74.jpg
D:\Recovered Documents\Moringa\Module 5\Summative2\realwaste\realwaste-main\RealWaste\Metal\Metal_84.jpg,Metal,Metal_84.jpg
D:\Recovered Documents\Moringa\Module 5\Summative2\realwaste\realwaste-main\RealWaste\Textile Trash\Textile Trash_104.jpg,Textile Trash,Textile Trash_104.jpg
D:\Recovered Documents\Moringa\Module 5\Summative2\realwaste\realwaste-main\RealWaste\Metal\Metal_180.jpg,Metal,Metal_180.jpg
D:\Recovered Documents\Moringa\Module 5\Summative2\realwaste\realwaste-main\RealWaste\Vegetation\Vegetation_145.jpg,Vegetation,Vegetation_145.jpg
D:\Recovered Documents\Moringa\Module 5\Summative2\realwaste\realwaste-main\RealWaste\Metal\Metal_307.jpg,Metal,Metal_307.jpg
D:\Recovered Documents\Moringa\Module 5\Summative2\realwaste\realwaste-main\RealWaste\Glass\Glass_186.jpg,Glass,Glass_186.jpg
D:\Recovered Documents\Moringa\Module 5\Summative2\realwaste\realwaste-main\RealWaste\Paper\Paper_177.jpg,Paper,Paper_177.jpg
D:\Recovered Documents\Moringa\Module 5\Summative2\realwaste\realwaste-main\RealWaste\Vegetation\Vegetation_120.jpg,Vegetation,Vegetation_120.jpg
D:\Recovered Documents\Moringa\Module 5\Summative2\realwaste\realwaste-main\RealWaste\Paper\Paper_8.jpg,Paper,Paper_8.jpg
D:\Recovered Documents\Moringa\Module 5\Summative2\realwaste\realwaste-main\RealWaste\Plastic\Plastic_223.jpg,Plastic,Plastic_223.jpg
D:\Recovered Documents\Moringa\Module 5\Summative2\realwaste\realwaste-main\RealWaste\Paper\Paper_454.jpg,Paper,Paper_454.jpg
D:\Recovered Documents\Moringa\Module 5\Summative2\realwaste\realwaste-main\RealWaste\Miscellaneous Trash\Miscellaneous Trash_282.jpg,Miscellaneous Trash,Miscellaneous Trash_282.jpg
D:\Recovered Documents\Moringa\Module 5\Summative2\realwaste\realwaste-main\RealWaste\Metal\Metal_475.jpg,Metal,Metal_475.jpg
D:\Recovered Documents\Moringa\Module 5\Summative2\realwaste\realwaste-main\RealWaste\Vegetation\Vegetation_423.jpg,Vegetation,Vegetation_423.jpg
D:\Recovered Documents\Moringa\Module 5\Summative2\realwaste\realwaste-main\RealWaste\Glass\Glass_291.jpg,Glass,Glass_291.jpg
D:\Recovered Documents\Moringa\Module 5\Summative2\realwaste\realwaste-main\RealWaste\Plastic\Plastic_681.jpg,Plastic,Plastic_681.jpg
D:\Recovered Documents\Moringa\Module 5\Summative2\realwaste\realwaste-main\RealWaste\Cardboard\Cardboard_281.jpg,Cardboard,Cardboard_281.jpg
D:\Recovered Documents\Moringa\Module 5\Summative2\realwaste\realwaste-main\RealWaste\Miscellaneous Trash\Miscellaneous Trash_480.jpg,Miscellaneous Trash,Miscellaneous Trash_480.jpg
D:\Recovered Documents\Moringa\Module 5\Summative2\realwaste\realwaste-main\RealWaste\Miscellaneous Trash\Miscellaneous Trash_385.jpg,Miscellaneous Trash,Miscellaneous Trash_385.jpg
D:\Recovered Documents\Moringa\Module 5\Summative2\realwaste\realwaste-main\RealWaste\Textile Trash\Textile Trash_23.jpg,Textile Trash,Textile Trash_23.jpg
D:\Recovered Documents\Moringa\Module 5\Summative2\realwaste\realwaste-main\RealWaste\Miscellaneous Trash\Miscellaneous Trash_70.jpg,Miscellaneous Trash,Miscellaneous Trash_70.jpg
D:\Recovered Documents\Moringa\Module 5\Summative2\realwaste\realwaste-main\RealWaste\Miscellaneous Trash\Miscellaneous Trash_479.jpg,Miscellaneous Trash,Miscellaneous Trash_479.jpg
D:\Recovered Documents\Moringa\Module 5\Summative2\realwaste\realwaste-main\RealWaste\Plastic\Plastic_11.jpg,Plastic,Plastic_11.jpg
D:\Recovered Documents\Moringa\Module 5\Summative2\realwaste\realwaste-main\RealWaste\Vegetation\Vegetation_421.jpg,Vegetation,Vegetation_421.jpg
D:\Recovered Documents\Moringa\Module 5\Summative2\realwaste\realwaste-main\RealWaste\Plastic\Plastic_709.jpg,Plastic,Plastic_709.jpg
D:\Recovered Documents\Moringa\Module 5\Summative2\realwaste\realwaste-main\RealWaste\Vegetation\Vegetation_154.jpg,Vegetation,Vegetation_154.jpg
D:\Recovered Documents\Moringa\Module 5\Summative2\realwaste\realwaste-main\RealWaste\Paper\Paper_358.jpg,Paper,Paper_358.jpg
D:\Recovered Documents\Moringa\Module 5\Summative2\realwaste\realwaste-main\RealWaste\Cardboard\Cardboard_29.jpg,Cardboard,Cardboard_29.jpg
D:\Recovered Documents\Moringa\Module 5\Summative2\realwaste\realwaste-main\RealWaste\Plastic\Plastic_716.jpg,Plastic,Plastic_716.jpg
D:\Recovered Documents\Moringa\Module 5\Summative2\realwaste\realwaste-main\RealWaste\Glass\Glass_420.jpg,Glass,Glass_420.jpg
D:\Recovered Documents\Moringa\Module 5\Summative2\realwaste\realwaste-main\RealWaste\Paper\Paper_32.jpg,Paper,Paper_32.jpg
D:\Recovered Documents\Moringa\Module 5\Summative2\realwaste\realwaste-main\RealWaste\Plastic\Plastic_722.jpg,Plastic,Plastic_722.jpg
D:\Recovered Documents\Moringa\Module 5\Summative2\realwaste\realwaste-main\RealWaste\Textile Trash\Textile Trash_47.jpg,Textile Trash,Textile Trash_47.jpg
D:\Recovered Documents\Moringa\Module 5\Summative2\realwaste\realwaste-main\RealWaste\Vegetation\Vegetation_113.jpg,Vegetation,Vegetation_113.jpg
D:\Recovered Documents\Moringa\Module 5\Summative2\realwaste\realwaste-main\RealWaste\Plastic\Plastic_49.jpg,Plastic,Plastic_49.jpg
D:\Recovered Documents\Moringa\Module 5\Summative2\realwaste\realwaste-main\RealWaste\Miscellaneous Trash\Miscellaneous Trash_2.jpg,Miscellaneous Trash,Miscellaneous Trash_2.jpg
D:\Recovered Documents\Moringa\Module 5\Summative2\realwaste\realwaste-main\RealWaste\Miscellaneous Trash\Miscellaneous Trash_148.jpg,Miscellaneous Trash,Miscellaneous Trash_148.jpg
D:\Recovered Documents\Moringa\Module 5\Summative2\realwaste\realwaste-main\RealWaste\Plastic\Plastic_441.jpg,Plastic,Plastic_441.jpg
D:\Recovered Documents\Moringa\Module 5\Summative2\realwaste\realwaste-main\RealWaste\Metal\Metal_536.jpg,Metal,Metal_536.jpg
D:\Recovered Documents\Moringa\Module 5\Summative2\realwaste\realwaste-main\RealWaste\Food Organics\Food Organics_231.jpg,Food Organics,Food Organics_231.jpg
D:\Recovered Documents\Moringa\Module 5\Summative2\realwaste\realwaste-main\RealWaste\Paper\Paper_238.jpg,Paper,Paper_238.jpg
D:\Recovered Documents\Moringa\Module 5\Summative2\realwaste\realwaste-main\RealWaste\Plastic\Plastic_869.jpg,Plastic,Plastic_869.jpg
D:\Recovered Documents\Moringa\Module 5\Summative2\realwaste\realwaste-main\RealWaste\Plastic\Plastic_335.jpg,Plastic,Plastic_335.jpg
D:\Recovered Documents\Moringa\Module 5\Summative2\realwaste\realwaste-main\RealWaste\Glass\Glass_202.jpg,Glass,Glass_202.jpg
D:\Recovered Documents\Moringa\Module 5\Summative2\realwaste\realwaste-main\RealWaste\Plastic\Plastic_598.jpg,Plastic,Plastic_598.jpg
D:\Recovered Documents\Moringa\Module 5\Summative2\realwaste\realwaste-main\RealWaste\Vegetation\Vegetation_102.jpg,Vegetation,Vegetation_102.jpg
D:\Recovered Documents\Moringa\Module 5\Summative2\realwaste\realwaste-main\RealWaste\Vegetation\Vegetation_432.jpg,Vegetation,Vegetation_432.jpg
D:\Recovered Documents\Moringa\Module 5\Summative2\realwaste\realwaste-main\RealWaste\Glass\Glass_6.jpg,Glass,Glass_6.jpg
D:\Recovered Documents\Moringa\Module 5\Summative2\realwaste\realwaste-main\RealWaste\Paper\Paper_322.jpg,Paper,Paper_322.jpg
D:\Recovered Documents\Moringa\Module 5\Summative2\realwaste\realwaste-main\RealWaste\Paper\Paper_210.jpg,Paper,Paper_210.jpg
D:\Recovered Documents\Moringa\Module 5\Summative2\realwaste\realwaste-main\RealWaste\Vegetation\Vegetation_237.jpg,Vegetation,Vegetation_237.jpg
D:\Recovered Documents\Moringa\Module 5\Summative2\realwaste\realwaste-main\RealWaste\Food Organics\Food Organics_16.jpg,Food Organics,Food Organics_16.jpg
D:\Recovered Documents\Moringa\Module 5\Summative2\realwaste\realwaste-main\RealWaste\Miscellaneous Trash\Miscellaneous Trash_32.jpg,Miscellaneous Trash,Miscellaneous Trash_32.jpg
D:\Recovered Documents\Moringa\Module 5\Summative2\realwaste\realwaste-main\RealWaste\Vegetation\Vegetation_1.jpg,Vegetation,Vegetation_1.jpg
D:\Recovered Documents\Moringa\Module 5\Summative2\realwaste\realwaste-main\RealWaste\Plastic\Plastic_453.jpg,Plastic,Plastic_453.jpg
D:\Recovered Documents\Moringa\Module 5\Summative2\realwaste\realwaste-main\RealWaste\Plastic\Plastic_257.jpg,Plastic,Plastic_257.jpg
D:\Recovered Documents\Moringa\Module 5\Summative2\realwaste\realwaste-main\RealWaste\Metal\Metal_258.jpg,Metal,Metal_258.jpg
D:\Recovered Documents\Moringa\Module 5\Summative2\realwaste\realwaste-main\RealWaste\Cardboard\Cardboard_370.jpg,Cardboard,Cardboard_370.jpg
D:\Recovered Documents\Moringa\Module 5\Summative2\realwaste\realwaste-main\RealWaste\Food Organics\Food Organics_175.jpg,Food Organics,Food Organics_175.jpg
D:\Recovered Documents\Moringa\Module 5\Summative2\realwaste\realwaste-main\RealWaste\Glass\Glass_144.jpg,Glass,Glass_144.jpg
D:\Recovered Documents\Moringa\Module 5\Summative2\realwaste\realwaste-main\RealWaste\Textile Trash\Textile Trash_253.jpg,Textile Trash,Textile Trash_253.jpg
D:\Recovered Documents\Moringa\Module 5\Summative2\realwaste\realwaste-main\RealWaste\Vegetation\Vegetation_395.jpg,Vegetation,Vegetation_395.jpg
D:\Recovered Documents\Moringa\Module 5\Summative2\realwaste\realwaste-main\RealWaste\Glass\Glass_299.jpg,Glass,Glass_299.jpg
D:\Recovered Documents\Moringa\Module 5\Summative2\realwaste\realwaste-main\RealWaste\Cardboard\Cardboard_288.jpg,Cardboard,Cardboard_288.jpg
D:\Recovered Documents\Moringa\Module 5\Summative2\realwaste\realwaste-main\RealWaste\Glass\Glass_165.jpg,Glass,Glass_165.jpg
D:\Recovered Documents\Moringa\Module 5\Summative2\realwaste\realwaste-main\RealWaste\Plastic\Plastic_830.jpg,Plastic,Plastic_830.jpg
D:\Recovered Documents\Moringa\Module 5\Summative2\realwaste\realwaste-main\RealWaste\Paper\Paper_1.jpg,Paper,Paper_1.jpg
D:\Recovered Documents\Moringa\Module 5\Summative2\realwaste\realwaste-main\RealWaste\Vegetation\Vegetation_11.jpg,Vegetation,Vegetation_11.jpg
D:\Recovered Documents\Moringa\Module 5\Summative2\realwaste\realwaste-main\RealWaste\Food Organics\Food Organics_206.jpg,Food Organics,Food Organics_206.jpg
D:\Recovered Documents\Moringa\Module 5\Summative2\realwaste\realwaste-main\RealWaste\Plastic\Plastic_175.jpg,Plastic,Plastic_175.jpg
D:\Recovered Documents\Moringa\Module 5\Summative2\realwaste\realwaste-main\RealWaste\Food Organics\Food Organics_208.jpg,Food Organics,Food Organics_208.jpg
D:\Recovered Documents\Moringa\Module 5\Summative2\realwaste\realwaste-main\RealWaste\Textile Trash\Textile Trash_148.jpg,Textile Trash,Textile Trash_148.jpg
D:\Recovered Documents\Moringa\Module 5\Summative2\realwaste\realwaste-main\RealWaste\Metal\Metal_766.jpg,Metal,Metal_766.jpg
D:\Recovered Documents\Moringa\Module 5\Summative2\realwaste\realwaste-main\RealWaste\Glass\Glass_357.jpg,Glass,Glass_357.jpg
D:\Recovered Documents\Moringa\Module 5\Summative2\realwaste\realwaste-main\RealWaste\Miscellaneous Trash\Miscellaneous Trash_375.jpg,Miscellaneous Trash,Miscellaneous Trash_375.jpg
D:\Recovered Documents\Moringa\Module 5\Summative2\realwaste\realwaste-main\RealWaste\Paper\Paper_413.jpg,Paper,Paper_413.jpg
D:\Recovered Documents\Moringa\Module 5\Summative2\realwaste\realwaste-main\RealWaste\Miscellaneous Trash\Miscellaneous Trash_343.jpg,Miscellaneous Trash,Miscellaneous Trash_343.jpg
D:\Recovered Documents\Moringa\Module 5\Summative2\realwaste\realwaste-main\RealWaste\Metal\Metal_581.jpg,Metal,Metal_581.jpg
D:\Recovered Documents\Moringa\Module 5\Summative2\realwaste\realwaste-main\RealWaste\Metal\Metal_671.jpg,Metal,Metal_671.jpg
D:\Recovered Documents\Moringa\Module 5\Summative2\realwaste\realwaste-main\RealWaste\Plastic\Plastic_610.jpg,Plastic,Plastic_610.jpg
D:\Recovered Documents\Moringa\Module 5\Summative2\realwaste\realwaste-main\RealWaste\Paper\Paper_171.jpg,Paper,Paper_171.jpg
D:\Recovered Documents\Moringa\Module 5\Summative2\realwaste\realwaste-main\RealWaste\Plastic\Plastic_401.jpg,Plastic,Plastic_401.jpg
D:\Recovered Documents\Moringa\Module 5\Summative2\realwaste\realwaste-main\RealWaste\Plastic\Plastic_491.jpg,Plastic,Plastic_491.jpg
D:\Recovered Documents\Moringa\Module 5\Summative2\realwaste\realwaste-main\RealWaste\Metal\Metal_640.jpg,Metal,Metal_640.jpg
D:\Recovered Documents\Moringa\Module 5\Summative2\realwaste\realwaste-main\RealWaste\Metal\Metal_79.jpg,Metal,Metal_79.jpg
D:\Recovered Documents\Moringa\Module 5\Summative2\realwaste\realwaste-main\RealWaste\Cardboard\Cardboard_304.jpg,Cardboard,Cardboard_304.jpg
D:\Recovered Documents\Moringa\Module 5\Summative2\realwaste\realwaste-main\RealWaste\Food Organics\Food Organics_277.jpg,Food Organics,Food Organics_277.jpg
D:\Recovered Documents\Moringa\Module 5\Summative2\realwaste\realwaste-main\RealWaste\Glass\Glass_17.jpg,Glass,Glass_17.jpg
D:\Recovered Documents\Moringa\Module 5\Summative2\realwaste\realwaste-main\RealWaste\Plastic\Plastic_397.jpg,Plastic,Plastic_397.jpg
D:\Recovered Documents\Moringa\Module 5\Summative2\realwaste\realwaste-main\RealWaste\Plastic\Plastic_621.jpg,Plastic,Plastic_621.jpg
D:\Recovered Documents\Moringa\Module 5\Summative2\realwaste\realwaste-main\RealWaste\Cardboard\Cardboard_392.jpg,Cardboard,Cardboard_392.jpg
D:\Recovered Documents\Moringa\Module 5\Summative2\realwaste\realwaste-main\RealWaste\Plastic\Plastic_381.jpg,Plastic,Plastic_381.jpg
D:\Recovered Documents\Moringa\Module 5\Summative2\realwaste\realwaste-main\RealWaste\Food Organics\Food Organics_209.jpg,Food Organics,Food Organics_209.jpg
D:\Recovered Documents\Moringa\Module 5\Summative2\realwaste\realwaste-main\RealWaste\Metal\Metal_422.jpg,Metal,Metal_422.jpg
D:\Recovered Documents\Moringa\Module 5\Summative2\realwaste\realwaste-main\RealWaste\Plastic\Plastic_56.jpg,Plastic,Plastic_56.jpg
D:\Recovered Documents\Moringa\Module 5\Summative2\realwaste\realwaste-main\RealWaste\Metal\Metal_663.jpg,Metal,Metal_663.jpg
D:\Recovered Documents\Moringa\Module 5\Summative2\realwaste\realwaste-main\RealWaste\Miscellaneous Trash\Miscellaneous Trash_481.jpg,Miscellaneous Trash,Miscellaneous Trash_481.jpg
D:\Recovered Documents\Moringa\Module 5\Summative2\realwaste\realwaste-main\RealWaste\Vegetation\Vegetation_188.jpg,Vegetation,Vegetation_188.jpg
D:\Recovered Documents\Moringa\Module 5\Summative2\realwaste\realwaste-main\RealWaste\Miscellaneous Trash\Miscellaneous Trash_3.jpg,Miscellaneous Trash,Miscellaneous Trash_3.jpg
D:\Recovered Documents\Moringa\Module 5\Summative2\realwaste\realwaste-main\RealWaste\Paper\Paper_334.jpg,Paper,Paper_334.jpg
D:\Recovered Documents\Moringa\Module 5\Summative2\realwaste\realwaste-main\RealWaste\Metal\Metal_763.jpg,Metal,Metal_763.jpg
D:\Recovered Documents\Moringa\Module 5\Summative2\realwaste\realwaste-main\RealWaste\Food Organics\Food Organics_12.jpg,Food Organics,Food Organics_12.jpg
D:\Recovered Documents\Moringa\Module 5\Summative2\realwaste\realwaste-main\RealWaste\Plastic\Plastic_367.jpg,Plastic,Plastic_367.jpg
D:\Recovered Documents\Moringa\Module 5\Summative2\realwaste\realwaste-main\RealWaste\Plastic\Plastic_74.jpg,Plastic,Plastic_74.jpg
D:\Recovered Documents\Moringa\Module 5\Summative2\realwaste\realwaste-main\RealWaste\Miscellaneous Trash\Miscellaneous Trash_229.jpg,Miscellaneous Trash,Miscellaneous Trash_229.jpg
D:\Recovered Documents\Moringa\Module 5\Summative2\realwaste\realwaste-main\RealWaste\Paper\Paper_193.jpg,Paper,Paper_193.jpg
D:\Recovered Documents\Moringa\Module 5\Summative2\realwaste\realwaste-main\RealWaste\Cardboard\Cardboard_277.jpg,Cardboard,Cardboard_277.jpg
D:\Recovered Documents\Moringa\Module 5\Summative2\realwaste\realwaste-main\RealWaste\Textile Trash\Textile Trash_159.jpg,Textile Trash,Textile Trash_159.jpg
D:\Recovered Documents\Moringa\Module 5\Summative2\realwaste\realwaste-main\RealWaste\Plastic\Plastic_377.jpg,Plastic,Plastic_377.jpg
D:\Recovered Documents\Moringa\Module 5\Summative2\realwaste\realwaste-main\RealWaste\Food Organics\Food Organics_110.jpg,Food Organics,Food Organics_110.jpg
D:\Recovered Documents\Moringa\Module 5\Summative2\realwaste\realwaste-main\RealWaste\Metal\Metal_667.jpg,Metal,Metal_667.jpg
D:\Recovered Documents\Moringa\Module 5\Summative2\realwaste\realwaste-main\RealWaste\Food Organics\Food Organics_94.jpg,Food Organics,Food Organics_94.jpg
D:\Recovered Documents\Moringa\Module 5\Summative2\realwaste\realwaste-main\RealWaste\Miscellaneous Trash\Miscellaneous Trash_245.jpg,Miscellaneous Trash,Miscellaneous Trash_245.jpg
D:\Recovered Documents\Moringa\Module 5\Summative2\realwaste\realwaste-main\RealWaste\Plastic\Plastic_629.jpg,Plastic,Plastic_629.jpg
D:\Recovered Documents\Moringa\Module 5\Summative2\realwaste\realwaste-main\RealWaste\Textile Trash\Textile Trash_318.jpg,Textile Trash,Textile Trash_318.jpg
D:\Recovered Documents\Moringa\Module 5\Summative2\realwaste\realwaste-main\RealWaste\Plastic\Plastic_742.jpg,Plastic,Plastic_742.jpg
D:\Recovered Documents\Moringa\Module 5\Summative2\realwaste\realwaste-main\RealWaste\Miscellaneous Trash\Miscellaneous Trash_365.jpg,Miscellaneous Trash,Miscellaneous Trash_365.jpg
D:\Recovered Documents\Moringa\Module 5\Summative2\realwaste\realwaste-main\RealWaste\Plastic\Plastic_534.jpg,Plastic,Plastic_534.jpg
D:\Recovered Documents\Moringa\Module 5\Summative2\realwaste\realwaste-main\RealWaste\Food Organics\Food Organics_280.jpg,Food Organics,Food Organics_280.jpg
D:\Recovered Documents\Moringa\Module 5\Summative2\realwaste\realwaste-main\RealWaste\Cardboard\Cardboard_59.jpg,Cardboard,Cardboard_59.jpg
D:\Recovered Documents\Moringa\Module 5\Summative2\realwaste\realwaste-main\RealWaste\Glass\Glass_416.jpg,Glass,Glass_416.jpg
D:\Recovered Documents\Moringa\Module 5\Summative2\realwaste\realwaste-main\RealWaste\Plastic\Plastic_274.jpg,Plastic,Plastic_274.jpg
D:\Recovered Documents\Moringa\Module 5\Summative2\realwaste\realwaste-main\RealWaste\Plastic\Plastic_696.jpg,Plastic,Plastic_696.jpg
D:\Recovered Documents\Moringa\Module 5\Summative2\realwaste\realwaste-main\RealWaste\Food Organics\Food Organics_147.jpg,Food Organics,Food Organics_147.jpg
D:\Recovered Documents\Moringa\Module 5\Summative2\realwaste\realwaste-main\RealWaste\Cardboard\Cardboard_234.jpg,Cardboard,Cardboard_234.jpg
D:\Recovered Documents\Moringa\Module 5\Summative2\realwaste\realwaste-main\RealWaste\Textile Trash\Textile Trash_214.jpg,Textile Trash,Textile Trash_214.jpg
D:\Recovered Documents\Moringa\Module 5\Summative2\realwaste\realwaste-main\RealWaste\Food Organics\Food Organics_247.jpg,Food Organics,Food Organics_247.jpg
D:\Recovered Documents\Moringa\Module 5\Summative2\realwaste\realwaste-main\RealWaste\Vegetation\Vegetation_230.jpg,Vegetation,Vegetation_230.jpg
D:\Recovered Documents\Moringa\Module 5\Summative2\realwaste\realwaste-main\RealWaste\Vegetation\Vegetation_278.jpg,Vegetation,Vegetation_278.jpg
D:\Recovered Documents\Moringa\Module 5\Summative2\realwaste\realwaste-main\RealWaste\Miscellaneous Trash\Miscellaneous Trash_199.jpg,Miscellaneous Trash,Miscellaneous Trash_199.jpg
D:\Recovered Documents\Moringa\Module 5\Summative2\realwaste\realwaste-main\RealWaste\Textile Trash\Textile Trash_136.jpg,Textile Trash,Textile Trash_136.jpg
D:\Recovered Documents\Moringa\Module 5\Summative2\realwaste\realwaste-main\RealWaste\Food Organics\Food Organics_139.jpg,Food Organics,Food Organics_139.jpg
D:\Recovered Documents\Moringa\Module 5\Summative2\realwaste\realwaste-main\RealWaste\Miscellaneous Trash\Miscellaneous Trash_266.jpg,Miscellaneous Trash,Miscellaneous Trash_266.jpg
D:\Recovered Documents\Moringa\Module 5\Summative2\realwaste\realwaste-main\RealWaste\Metal\Metal_174.jpg,Metal,Metal_174.jpg
D:\Recovered Documents\Moringa\Module 5\Summative2\realwaste\realwaste-main\RealWaste\Food Organics\Food Organics_368.jpg,Food Organics,Food Organics_368.jpg
D:\Recovered Documents\Moringa\Module 5\Summative2\realwaste\realwaste-main\RealWaste\Cardboard\Cardboard_418.jpg,Cardboard,Cardboard_418.jpg
D:\Recovered Documents\Moringa\Module 5\Summative2\realwaste\realwaste-main\RealWaste\Plastic\Plastic_319.jpg,Plastic,Plastic_319.jpg
D:\Recovered Documents\Moringa\Module 5\Summative2\realwaste\realwaste-main\RealWaste\Plastic\Plastic_90.jpg,Plastic,Plastic_90.jpg
D:\Recovered Documents\Moringa\Module 5\Summative2\realwaste\realwaste-main\RealWaste\Food Organics\Food Organics_158.jpg,Food Organics,Food Organics_158.jpg
D:\Recovered Documents\Moringa\Module 5\Summative2\realwaste\realwaste-main\RealWaste\Plastic\Plastic_783.jpg,Plastic,Plastic_783.jpg
D:\Recovered Documents\Moringa\Module 5\Summative2\realwaste\realwaste-main\RealWaste\Food Organics\Food Organics_270.jpg,Food Organics,Food Organics_270.jpg
D:\Recovered Documents\Moringa\Module 5\Summative2\realwaste\realwaste-main\RealWaste\Metal\Metal_659.jpg,Metal,Metal_659.jpg
D:\Recovered Documents\Moringa\Module 5\Summative2\realwaste\realwaste-main\RealWaste\Metal\Metal_14.jpg,Metal,Metal_14.jpg
D:\Recovered Documents\Moringa\Module 5\Summative2\realwaste\realwaste-main\RealWaste\Textile Trash\Textile Trash_131.jpg,Textile Trash,Textile Trash_131.jpg
D:\Recovered Documents\Moringa\Module 5\Summative2\realwaste\realwaste-main\RealWaste\Vegetation\Vegetation_361.jpg,Vegetation,Vegetation_361.jpg
D:\Recovered Documents\Moringa\Module 5\Summative2\realwaste\realwaste-main\RealWaste\Miscellaneous Trash\Miscellaneous Trash_384.jpg,Miscellaneous Trash,Miscellaneous Trash_384.jpg
D:\Recovered Documents\Moringa\Module 5\Summative2\realwaste\realwaste-main\RealWaste\Plastic\Plastic_813.jpg,Plastic,Plastic_813.jpg
D:\Recovered Documents\Moringa\Module 5\Summative2\realwaste\realwaste-main\RealWaste\Cardboard\Cardboard_67.jpg,Cardboard,Cardboard_67.jpg
D:\Recovered Documents\Moringa\Module 5\Summative2\realwaste\realwaste-main\RealWaste\Food Organics\Food Organics_253.jpg,Food Organics,Food Organics_253.jpg
D:\Recovered Documents\Moringa\Module 5\Summative2\realwaste\realwaste-main\RealWaste\Glass\Glass_316.jpg,Glass,Glass_316.jpg
D:\Recovered Documents\Moringa\Module 5\Summative2\realwaste\realwaste-main\RealWaste\Metal\Metal_574.jpg,Metal,Metal_574.jpg
D:\Recovered Documents\Moringa\Module 5\Summative2\realwaste\realwaste-main\RealWaste\Textile Trash\Textile Trash_281.jpg,Textile Trash,Textile Trash_281.jpg
D:\Recovered Documents\Moringa\Module 5\Summative2\realwaste\realwaste-main\RealWaste\Plastic\Plastic_21.jpg,Plastic,Plastic_21.jpg
D:\Recovered Documents\Moringa\Module 5\Summative2\realwaste\realwaste-main\RealWaste\Paper\Paper_122.jpg,Paper,Paper_122.jpg
D:\Recovered Documents\Moringa\Module 5\Summative2\realwaste\realwaste-main\RealWaste\Glass\Glass_168.jpg,Glass,Glass_168.jpg
D:\Recovered Documents\Moringa\Module 5\Summative2\realwaste\realwaste-main\RealWaste\Plastic\Plastic_776.jpg,Plastic,Plastic_776.jpg
D:\Recovered Documents\Moringa\Module 5\Summative2\realwaste\realwaste-main\RealWaste\Plastic\Plastic_908.jpg,Plastic,Plastic_908.jpg
D:\Recovered Documents\Moringa\Module 5\Summative2\realwaste\realwaste-main\RealWaste\Cardboard\Cardboard_456.jpg,Cardboard,Cardboard_456.jpg
D:\Recovered Documents\Moringa\Module 5\Summative2\realwaste\realwaste-main\RealWaste\Textile Trash\Textile Trash_205.jpg,Textile Trash,Textile Trash_205.jpg
D:\Recovered Documents\Moringa\Module 5\Summative2\realwaste\realwaste-main\RealWaste\Glass\Glass_122.jpg,Glass,Glass_122.jpg
D:\Recovered Documents\Moringa\Module 5\Summative2\realwaste\realwaste-main\RealWaste\Metal\Metal_185.jpg,Metal,Metal_185.jpg
D:\Recovered Documents\Moringa\Module 5\Summative2\realwaste\realwaste-main\RealWaste\Plastic\Plastic_59.jpg,Plastic,Plastic_59.jpg
D:\Recovered Documents\Moringa\Module 5\Summative2\realwaste\realwaste-main\RealWaste\Metal\Metal_139.jpg,Metal,Metal_139.jpg
D:\Recovered Documents\Moringa\Module 5\Summative2\realwaste\realwaste-main\RealWaste\Plastic\Plastic_432.jpg,Plastic,Plastic_432.jpg
D:\Recovered Documents\Moringa\Module 5\Summative2\realwaste\realwaste-main\RealWaste\Food Organics\Food Organics_1.jpg,Food Organics,Food Organics_1.jpg
D:\Recovered Documents\Moringa\Module 5\Summative2\realwaste\realwaste-main\RealWaste\Cardboard\Cardboard_285.jpg,Cardboard,Cardboard_285.jpg
D:\Recovered Documents\Moringa\Module 5\Summative2\realwaste\realwaste-main\RealWaste\Metal\Metal_392.jpg,Metal,Metal_392.jpg
D:\Recovered Documents\Moringa\Module 5\Summative2\realwaste\realwaste-main\RealWaste\Metal\Metal_214.jpg,Metal,Metal_214.jpg
D:\Recovered Documents\Moringa\Module 5\Summative2\realwaste\realwaste-main\RealWaste\Cardboard\Cardboard_130.jpg,Cardboard,Cardboard_130.jpg
D:\Recovered Documents\Moringa\Module 5\Summative2\realwaste\realwaste-main\RealWaste\Metal\Metal_674.jpg,Metal,Metal_674.jpg
D:\Recovered Documents\Moringa\Module 5\Summative2\realwaste\realwaste-main\RealWaste\Paper\Paper_257.jpg,Paper,Paper_257.jpg
D:\Recovered Documents\Moringa\Module 5\Summative2\realwaste\realwaste-main\RealWaste\Food Organics\Food Organics_293.jpg,Food Organics,Food Organics_293.jpg
D:\Recovered Documents\Moringa\Module 5\Summative2\realwaste\realwaste-main\RealWaste\Textile Trash\Textile Trash_96.jpg,Textile Trash,Textile Trash_96.jpg
D:\Recovered Documents\Moringa\Module 5\Summative2\realwaste\realwaste-main\RealWaste\Metal\Metal_446.jpg,Metal,Metal_446.jpg
D:\Recovered Documents\Moringa\Module 5\Summative2\realwaste\realwaste-main\RealWaste\Plastic\Plastic_582.jpg,Plastic,Plastic_582.jpg
D:\Recovered Documents\Moringa\Module 5\Summative2\realwaste\realwaste-main\RealWaste\Metal\Metal_162.jpg,Metal,Metal_162.jpg
D:\Recovered Documents\Moringa\Module 5\Summative2\realwaste\realwaste-main\RealWaste\Cardboard\Cardboard_16.jpg,Cardboard,Cardboard_16.jpg
D:\Recovered Documents\Moringa\Module 5\Summative2\realwaste\realwaste-main\RealWaste\Cardboard\Cardboard_438.jpg,Cardboard,Cardboard_438.jpg
D:\Recovered Documents\Moringa\Module 5\Summative2\realwaste\realwaste-main\RealWaste\Cardboard\Cardboard_72.jpg,Cardboard,Cardboard_72.jpg
D:\Recovered Documents\Moringa\Module 5\Summative2\realwaste\realwaste-main\RealWaste\Paper\Paper_120.jpg,Paper,Paper_120.jpg
D:\Recovered Documents\Moringa\Module 5\Summative2\realwaste\realwaste-main\RealWaste\Plastic\Plastic_267.jpg,Plastic,Plastic_267.jpg
D:\Recovered Documents\Moringa\Module 5\Summative2\realwaste\realwaste-main\RealWaste\Plastic\Plastic_66.jpg,Plastic,Plastic_66.jpg
D:\Recovered Documents\Moringa\Module 5\Summative2\realwaste\realwaste-main\RealWaste\Cardboard\Cardboard_101.jpg,Cardboard,Cardboard_101.jpg
D:\Recovered Documents\Moringa\Module 5\Summative2\realwaste\realwaste-main\RealWaste\Metal\Metal_380.jpg,Metal,Metal_380.jpg
D:\Recovered Documents\Moringa\Module 5\Summative2\realwaste\realwaste-main\RealWaste\Paper\Paper_183.jpg,Paper,Paper_183.jpg
D:\Recovered Documents\Moringa\Module 5\Summative2\realwaste\realwaste-main\RealWaste\Plastic\Plastic_514.jpg,Plastic,Plastic_514.jpg
D:\Recovered Documents\Moringa\Module 5\Summative2\realwaste\realwaste-main\RealWaste\Vegetation\Vegetation_176.jpg,Vegetation,Vegetation_176.jpg
D:\Recovered Documents\Moringa\Module 5\Summative2\realwaste\realwaste-main\RealWaste\Plastic\Plastic_270.jpg,Plastic,Plastic_270.jpg
D:\Recovered Documents\Moringa\Module 5\Summative2\realwaste\realwaste-main\RealWaste\Vegetation\Vegetation_43.jpg,Vegetation,Vegetation_43.jpg
D:\Recovered Documents\Moringa\Module 5\Summative2\realwaste\realwaste-main\RealWaste\Plastic\Plastic_131.jpg,Plastic,Plastic_131.jpg
D:\Recovered Documents\Moringa\Module 5\Summative2\realwaste\realwaste-main\RealWaste\Metal\Metal_7.jpg,Metal,Metal_7.jpg
D:\Recovered Documents\Moringa\Module 5\Summative2\realwaste\realwaste-main\RealWaste\Metal\Metal_790.jpg,Metal,Metal_790.jpg
D:\Recovered Documents\Moringa\Module 5\Summative2\realwaste\realwaste-main\RealWaste\Paper\Paper_265.jpg,Paper,Paper_265.jpg
D:\Recovered Documents\Moringa\Module 5\Summative2\realwaste\realwaste-main\RealWaste\Textile Trash\Textile Trash_213.jpg,Textile Trash,Textile Trash_213.jpg
D:\Recovered Documents\Moringa\Module 5\Summative2\realwaste\realwaste-main\RealWaste\Food Organics\Food Organics_199.jpg,Food Organics,Food Organics_199.jpg
D:\Recovered Documents\Moringa\Module 5\Summative2\realwaste\realwaste-main\RealWaste\Metal\Metal_523.jpg,Metal,Metal_523.jpg
D:\Recovered Documents\Moringa\Module 5\Summative2\realwaste\realwaste-main\RealWaste\Food Organics\Food Organics_407.jpg,Food Organics,Food Organics_407.jpg
D:\Recovered Documents\Moringa\Module 5\Summative2\realwaste\realwaste-main\RealWaste\Metal\Metal_298.jpg,Metal,Metal_298.jpg
D:\Recovered Documents\Moringa\Module 5\Summative2\realwaste\realwaste-main\RealWaste\Food Organics\Food Organics_249.jpg,Food Organics,Food Organics_249.jpg
D:\Recovered Documents\Moringa\Module 5\Summative2\realwaste\realwaste-main\RealWaste\Plastic\Plastic_859.jpg,Plastic,Plastic_859.jpg
D:\Recovered Documents\Moringa\Module 5\Summative2\realwaste\realwaste-main\RealWaste\Textile Trash\Textile Trash_260.jpg,Textile Trash,Textile Trash_260.jpg
D:\Recovered Documents\Moringa\Module 5\Summative2\realwaste\realwaste-main\RealWaste\Plastic\Plastic_460.jpg,Plastic,Plastic_460.jpg
D:\Recovered Documents\Moringa\Module 5\Summative2\realwaste\realwaste-main\RealWaste\Paper\Paper_131.jpg,Paper,Paper_131.jpg
D:\Recovered Documents\Moringa\Module 5\Summative2\realwaste\realwaste-main\RealWaste\Vegetation\Vegetation_62.jpg,Vegetation,Vegetation_62.jpg
D:\Recovered Documents\Moringa\Module 5\Summative2\realwaste\realwaste-main\RealWaste\Paper\Paper_325.jpg,Paper,Paper_325.jpg
D:\Recovered Documents\Moringa\Module 5\Summative2\realwaste\realwaste-main\RealWaste\Textile Trash\Textile Trash_86.jpg,Textile Trash,Textile Trash_86.jpg
D:\Recovered Documents\Moringa\Module 5\Summative2\realwaste\realwaste-main\RealWaste\Plastic\Plastic_443.jpg,Plastic,Plastic_443.jpg
D:\Recovered Documents\Moringa\Module 5\Summative2\realwaste\realwaste-main\RealWaste\Paper\Paper_359.jpg,Paper,Paper_359.jpg
D:\Recovered Documents\Moringa\Module 5\Summative2\realwaste\realwaste-main\RealWaste\Textile Trash\Textile Trash_162.jpg,Textile Trash,Textile Trash_162.jpg
D:\Recovered Documents\Moringa\Module 5\Summative2\realwaste\realwaste-main\RealWaste\Paper\Paper_346.jpg,Paper,Paper_346.jpg
D:\Recovered Documents\Moringa\Module 5\Summative2\realwaste\realwaste-main\RealWaste\Food Organics\Food Organics_29.jpg,Food Organics,Food Organics_29.jpg
D:\Recovered Documents\Moringa\Module 5\Summative2\realwaste\realwaste-main\RealWaste\Metal\Metal_95.jpg,Metal,Metal_95.jpg
D:\Recovered Documents\Moringa\Module 5\Summative2\realwaste\realwaste-main\RealWaste\Metal\Metal_146.jpg,Metal,Metal_146.jpg
D:\Recovered Documents\Moringa\Module 5\Summative2\realwaste\realwaste-main\RealWaste\Cardboard\Cardboard_63.jpg,Cardboard,Cardboard_63.jpg
D:\Recovered Documents\Moringa\Module 5\Summative2\realwaste\realwaste-main\RealWaste\Plastic\Plastic_489.jpg,Plastic,Plastic_489.jpg
D:\Recovered Documents\Moringa\Module 5\Summative2\realwaste\realwaste-main\RealWaste\Vegetation\Vegetation_382.jpg,Vegetation,Vegetation_382.jpg
D:\Recovered Documents\Moringa\Module 5\Summative2\realwaste\realwaste-main\RealWaste\Plastic\Plastic_39.jpg,Plastic,Plastic_39.jpg
D:\Recovered Documents\Moringa\Module 5\Summative2\realwaste\realwaste-main\RealWaste\Textile Trash\Textile Trash_195.jpg,Textile Trash,Textile Trash_195.jpg
D:\Recovered Documents\Moringa\Module 5\Summative2\realwaste\realwaste-main\RealWaste\Metal\Metal_569.jpg,Metal,Metal_569.jpg
D:\Recovered Documents\Moringa\Module 5\Summative2\realwaste\realwaste-main\RealWaste\Textile Trash\Textile Trash_24.jpg,Textile Trash,Textile Trash_24.jpg
D:\Recovered Documents\Moringa\Module 5\Summative2\realwaste\realwaste-main\RealWaste\Glass\Glass_340.jpg,Glass,Glass_340.jpg
D:\Recovered Documents\Moringa\Module 5\Summative2\realwaste\realwaste-main\RealWaste\Paper\Paper_328.jpg,Paper,Paper_328.jpg
D:\Recovered Documents\Moringa\Module 5\Summative2\realwaste\realwaste-main\RealWaste\Plastic\Plastic_196.jpg,Plastic,Plastic_196.jpg
D:\Recovered Documents\Moringa\Module 5\Summative2\realwaste\realwaste-main\RealWaste\Paper\Paper_375.jpg,Paper,Paper_375.jpg
D:\Recovered Documents\Moringa\Module 5\Summative2\realwaste\realwaste-main\RealWaste\Vegetation\Vegetation_118.jpg,Vegetation,Vegetation_118.jpg
D:\Recovered Documents\Moringa\Module 5\Summative2\realwaste\realwaste-main\RealWaste\Paper\Paper_297.jpg,Paper,Paper_297.jpg
D:\Recovered Documents\Moringa\Module 5\Summative2\realwaste\realwaste-main\RealWaste\Plastic\Plastic_454.jpg,Plastic,Plastic_454.jpg
D:\Recovered Documents\Moringa\Module 5\Summative2\realwaste\realwaste-main\RealWaste\Paper\Paper_477.jpg,Paper,Paper_477.jpg
D:\Recovered Documents\Moringa\Module 5\Summative2\realwaste\realwaste-main\RealWaste\Cardboard\Cardboard_266.jpg,Cardboard,Cardboard_266.jpg
D:\Recovered Documents\Moringa\Module 5\Summative2\realwaste\realwaste-main\RealWaste\Vegetation\Vegetation_392.jpg,Vegetation,Vegetation_392.jpg
D:\Recovered Documents\Moringa\Module 5\Summative2\realwaste\realwaste-main\RealWaste\Plastic\Plastic_577.jpg,Plastic,Plastic_577.jpg
D:\Recovered Documents\Moringa\Module 5\Summative2\realwaste\realwaste-main\RealWaste\Cardboard\Cardboard_182.jpg,Cardboard,Cardboard_182.jpg
D:\Recovered Documents\Moringa\Module 5\Summative2\realwaste\realwaste-main\RealWaste\Metal\Metal_80.jpg,Metal,Metal_80.jpg
D:\Recovered Documents\Moringa\Module 5\Summative2\realwaste\realwaste-main\RealWaste\Glass\Glass_412.jpg,Glass,Glass_412.jpg
D:\Recovered Documents\Moringa\Module 5\Summative2\realwaste\realwaste-main\RealWaste\Glass\Glass_293.jpg,Glass,Glass_293.jpg
D:\Recovered Documents\Moringa\Module 5\Summative2\realwaste\realwaste-main\RealWaste\Plastic\Plastic_670.jpg,Plastic,Plastic_670.jpg
D:\Recovered Documents\Moringa\Module 5\Summative2\realwaste\realwaste-main\RealWaste\Miscellaneous Trash\Miscellaneous Trash_273.jpg,Miscellaneous Trash,Miscellaneous Trash_273.jpg
D:\Recovered Documents\Moringa\Module 5\Summative2\realwaste\realwaste-main\RealWaste\Cardboard\Cardboard_389.jpg,Cardboard,Cardboard_389.jpg
D:\Recovered Documents\Moringa\Module 5\Summative2\realwaste\realwaste-main\RealWaste\Vegetation\Vegetation_348.jpg,Vegetation,Vegetation_348.jpg
D:\Recovered Documents\Moringa\Module 5\Summative2\realwaste\realwaste-main\RealWaste\Plastic\Plastic_134.jpg,Plastic,Plastic_134.jpg
D:\Recovered Documents\Moringa\Module 5\Summative2\realwaste\realwaste-main\RealWaste\Cardboard\Cardboard_49.jpg,Cardboard,Cardboard_49.jpg
D:\Recovered Documents\Moringa\Module 5\Summative2\realwaste\realwaste-main\RealWaste\Glass\Glass_156.jpg,Glass,Glass_156.jpg
D:\Recovered Documents\Moringa\Module 5\Summative2\realwaste\realwaste-main\RealWaste\Food Organics\Food Organics_276.jpg,Food Organics,Food Organics_276.jpg
D:\Recovered Documents\Moringa\Module 5\Summative2\realwaste\realwaste-main\RealWaste\Miscellaneous Trash\Miscellaneous Trash_323.jpg,Miscellaneous Trash,Miscellaneous Trash_323.jpg
D:\Recovered Documents\Moringa\Module 5\Summative2\realwaste\realwaste-main\RealWaste\Cardboard\Cardboard_21.jpg,Cardboard,Cardboard_21.jpg
D:\Recovered Documents\Moringa\Module 5\Summative2\realwaste\realwaste-main\RealWaste\Cardboard\Cardboard_322.jpg,Cardboard,Cardboard_322.jpg
D:\Recovered Documents\Moringa\Module 5\Summative2\realwaste\realwaste-main\RealWaste\Metal\Metal_119.jpg,Metal,Metal_119.jpg
D:\Recovered Documents\Moringa\Module 5\Summative2\realwaste\realwaste-main\RealWaste\Plastic\Plastic_344.jpg,Plastic,Plastic_344.jpg
D:\Recovered Documents\Moringa\Module 5\Summative2\realwaste\realwaste-main\RealWaste\Vegetation\Vegetation_126.jpg,Vegetation,Vegetation_126.jpg
D:\Recovered Documents\Moringa\Module 5\Summative2\realwaste\realwaste-main\RealWaste\Metal\Metal_731.jpg,Metal,Metal_731.jpg
D:\Recovered Documents\Moringa\Module 5\Summative2\realwaste\realwaste-main\RealWaste\Paper\Paper_382.jpg,Paper,Paper_382.jpg
D:\Recovered Documents\Moringa\Module 5\Summative2\realwaste\realwaste-main\RealWaste\Plastic\Plastic_611.jpg,Plastic,Plastic_611.jpg
D:\Recovered Documents\Moringa\Module 5\Summative2\realwaste\realwaste-main\RealWaste\Vegetation\Vegetation_48.jpg,Vegetation,Vegetation_48.jpg
D:\Recovered Documents\Moringa\Module 5\Summative2\realwaste\realwaste-main\RealWaste\Plastic\Plastic_17.jpg,Plastic,Plastic_17.jpg
D:\Recovered Documents\Moringa\Module 5\Summative2\realwaste\realwaste-main\RealWaste\Paper\Paper_482.jpg,Paper,Paper_482.jpg
D:\Recovered Documents\Moringa\Module 5\Summative2\realwaste\realwaste-main\RealWaste\Glass\Glass_5.jpg,Glass,Glass_5.jpg
D:\Recovered Documents\Moringa\Module 5\Summative2\realwaste\realwaste-main\RealWaste\Textile Trash\Textile Trash_249.jpg,Textile Trash,Textile Trash_249.jpg
D:\Recovered Documents\Moringa\Module 5\Summative2\realwaste\realwaste-main\RealWaste\Vegetation\Vegetation_417.jpg,Vegetation,Vegetation_417.jpg
D:\Recovered Documents\Moringa\Module 5\Summative2\realwaste\realwaste-main\RealWaste\Paper\Paper_418.jpg,Paper,Paper_418.jpg
D:\Recovered Documents\Moringa\Module 5\Summative2\realwaste\realwaste-main\RealWaste\Food Organics\Food Organics_100.jpg,Food Organics,Food Organics_100.jpg
D:\Recovered Documents\Moringa\Module 5\Summative2\realwaste\realwaste-main\RealWaste\Paper\Paper_389.jpg,Paper,Paper_389.jpg
D:\Recovered Documents\Moringa\Module 5\Summative2\realwaste\realwaste-main\RealWaste\Food Organics\Food Organics_21.jpg,Food Organics,Food Organics_21.jpg
D:\Recovered Documents\Moringa\Module 5\Summative2\realwaste\realwaste-main\RealWaste\Vegetation\Vegetation_134.jpg,Vegetation,Vegetation_134.jpg
D:\Recovered Documents\Moringa\Module 5\Summative2\realwaste\realwaste-main\RealWaste\Cardboard\Cardboard_211.jpg,Cardboard,Cardboard_211.jpg
D:\Recovered Documents\Moringa\Module 5\Summative2\realwaste\realwaste-main\RealWaste\Textile Trash\Textile Trash_69.jpg,Textile Trash,Textile Trash_69.jpg
D:\Recovered Documents\Moringa\Module 5\Summative2\realwaste\realwaste-main\RealWaste\Cardboard\Cardboard_162.jpg,Cardboard,Cardboard_162.jpg
D:\Recovered Documents\Moringa\Module 5\Summative2\realwaste\realwaste-main\RealWaste\Miscellaneous Trash\Miscellaneous Trash_161.jpg,Miscellaneous Trash,Miscellaneous Trash_161.jpg
D:\Recovered Documents\Moringa\Module 5\Summative2\realwaste\realwaste-main\RealWaste\Cardboard\Cardboard_62.jpg,Cardboard,Cardboard_62.jpg
D:\Recovered Documents\Moringa\Module 5\Summative2\realwaste\realwaste-main\RealWaste\Paper\Paper_227.jpg,Paper,Paper_227.jpg
D:\Recovered Documents\Moringa\Module 5\Summative2\realwaste\realwaste-main\RealWaste\Glass\Glass_179.jpg,Glass,Glass_179.jpg
D:\Recovered Documents\Moringa\Module 5\Summative2\realwaste\realwaste-main\RealWaste\Vegetation\Vegetation_152.jpg,Vegetation,Vegetation_152.jpg
D:\Recovered Documents\Moringa\Module 5\Summative2\realwaste\realwaste-main\RealWaste\Paper\Paper_141.jpg,Paper,Paper_141.jpg
D:\Recovered Documents\Moringa\Module 5\Summative2\realwaste\realwaste-main\RealWaste\Paper\Paper_248.jpg,Paper,Paper_248.jpg
D:\Recovered Documents\Moringa\Module 5\Summative2\realwaste\realwaste-main\RealWaste\Paper\Paper_457.jpg,Paper,Paper_457.jpg
D:\Recovered Documents\Moringa\Module 5\Summative2\realwaste\realwaste-main\RealWaste\Food Organics\Food Organics_273.jpg,Food Organics,Food Organics_273.jpg
D:\Recovered Documents\Moringa\Module 5\Summative2\realwaste\realwaste-main\RealWaste\Plastic\Plastic_677.jpg,Plastic,Plastic_677.jpg
D:\Recovered Documents\Moringa\Module 5\Summative2\realwaste\realwaste-main\RealWaste\Textile Trash\Textile Trash_145.jpg,Textile Trash,Textile Trash_145.jpg
D:\Recovered Documents\Moringa\Module 5\Summative2\realwaste\realwaste-main\RealWaste\Vegetation\Vegetation_413.jpg,Vegetation,Vegetation_413.jpg
D:\Recovered Documents\Moringa\Module 5\Summative2\realwaste\realwaste-main\RealWaste\Vegetation\Vegetation_163.jpg,Vegetation,Vegetation_163.jpg
D:\Recovered Documents\Moringa\Module 5\Summative2\realwaste\realwaste-main\RealWaste\Metal\Metal_415.jpg,Metal,Metal_415.jpg
D:\Recovered Documents\Moringa\Module 5\Summative2\realwaste\realwaste-main\RealWaste\Cardboard\Cardboard_239.jpg,Cardboard,Cardboard_239.jpg
D:\Recovered Documents\Moringa\Module 5\Summative2\realwaste\realwaste-main\RealWaste\Plastic\Plastic_312.jpg,Plastic,Plastic_312.jpg
D:\Recovered Documents\Moringa\Module 5\Summative2\realwaste\realwaste-main\RealWaste\Plastic\Plastic_529.jpg,Plastic,Plastic_529.jpg
D:\Recovered Documents\Moringa\Module 5\Summative2\realwaste\realwaste-main\RealWaste\Cardboard\Cardboard_132.jpg,Cardboard,Cardboard_132.jpg
D:\Recovered Documents\Moringa\Module 5\Summative2\realwaste\realwaste-main\RealWaste\Food Organics\Food Organics_91.jpg,Food Organics,Food Organics_91.jpg
D:\Recovered Documents\Moringa\Module 5\Summative2\realwaste\realwaste-main\RealWaste\Food Organics\Food Organics_172.jpg,Food Organics,Food Organics_172.jpg
D:\Recovered Documents\Moringa\Module 5\Summative2\realwaste\realwaste-main\RealWaste\Metal\Metal_668.jpg,Metal,Metal_668.jpg
D:\Recovered Documents\Moringa\Module 5\Summative2\realwaste\realwaste-main\RealWaste\Textile Trash\Textile Trash_33.jpg,Textile Trash,Textile Trash_33.jpg
D:\Recovered Documents\Moringa\Module 5\Summative2\realwaste\realwaste-main\RealWaste\Plastic\Plastic_94.jpg,Plastic,Plastic_94.jpg
D:\Recovered Documents\Moringa\Module 5\Summative2\realwaste\realwaste-main\RealWaste\Textile Trash\Textile Trash_97.jpg,Textile Trash,Textile Trash_97.jpg
D:\Recovered Documents\Moringa\Module 5\Summative2\realwaste\realwaste-main\RealWaste\Plastic\Plastic_250.jpg,Plastic,Plastic_250.jpg
D:\Recovered Documents\Moringa\Module 5\Summative2\realwaste\realwaste-main\RealWaste\Metal\Metal_2.jpg,Metal,Metal_2.jpg
D:\Recovered Documents\Moringa\Module 5\Summative2\realwaste\realwaste-main\RealWaste\Food Organics\Food Organics_339.jpg,Food Organics,Food Organics_339.jpg
D:\Recovered Documents\Moringa\Module 5\Summative2\realwaste\realwaste-main\RealWaste\Plastic\Plastic_389.jpg,Plastic,Plastic_389.jpg
D:\Recovered Documents\Moringa\Module 5\Summative2\realwaste\realwaste-main\RealWaste\Miscellaneous Trash\Miscellaneous Trash_305.jpg,Miscellaneous Trash,Miscellaneous Trash_305.jpg
D:\Recovered Documents\Moringa\Module 5\Summative2\realwaste\realwaste-main\RealWaste\Cardboard\Cardboard_209.jpg,Cardboard,Cardboard_209.jpg
D:\Recovered Documents\Moringa\Module 5\Summative2\realwaste\realwaste-main\RealWaste\Glass\Glass_124.jpg,Glass,Glass_124.jpg
D:\Recovered Documents\Moringa\Module 5\Summative2\realwaste\realwaste-main\RealWaste\Metal\Metal_642.jpg,Metal,Metal_642.jpg
D:\Recovered Documents\Moringa\Module 5\Summative2\realwaste\realwaste-main\RealWaste\Paper\Paper_407.jpg,Paper,Paper_407.jpg
D:\Recovered Documents\Moringa\Module 5\Summative2\realwaste\realwaste-main\RealWaste\Metal\Metal_93.jpg,Metal,Metal_93.jpg
D:\Recovered Documents\Moringa\Module 5\Summative2\realwaste\realwaste-main\RealWaste\Glass\Glass_371.jpg,Glass,Glass_371.jpg
D:\Recovered Documents\Moringa\Module 5\Summative2\realwaste\realwaste-main\RealWaste\Plastic\Plastic_50.jpg,Plastic,Plastic_50.jpg
D:\Recovered Documents\Moringa\Module 5\Summative2\realwaste\realwaste-main\RealWaste\Plastic\Plastic_805.jpg,Plastic,Plastic_805.jpg
D:\Recovered Documents\Moringa\Module 5\Summative2\realwaste\realwaste-main\RealWaste\Miscellaneous Trash\Miscellaneous Trash_97.jpg,Miscellaneous Trash,Miscellaneous Trash_97.jpg
D:\Recovered Documents\Moringa\Module 5\Summative2\realwaste\realwaste-main\RealWaste\Plastic\Plastic_141.jpg,Plastic,Plastic_141.jpg
D:\Recovered Documents\Moringa\Module 5\Summative2\realwaste\realwaste-main\RealWaste\Glass\Glass_151.jpg,Glass,Glass_151.jpg
D:\Recovered Documents\Moringa\Module 5\Summative2\realwaste\realwaste-main\RealWaste\Plastic\Plastic_497.jpg,Plastic,Plastic_497.jpg
D:\Recovered Documents\Moringa\Module 5\Summative2\realwaste\realwaste-main\RealWaste\Miscellaneous Trash\Miscellaneous Trash_294.jpg,Miscellaneous Trash,Miscellaneous Trash_294.jpg
D:\Recovered Documents\Moringa\Module 5\Summative2\realwaste\realwaste-main\RealWaste\Vegetation\Vegetation_106.jpg,Vegetation,Vegetation_106.jpg
D:\Recovered Documents\Moringa\Module 5\Summative2\realwaste\realwaste-main\RealWaste\Miscellaneous Trash\Miscellaneous Trash_95.jpg,Miscellaneous Trash,Miscellaneous Trash_95.jpg
D:\Recovered Documents\Moringa\Module 5\Summative2\realwaste\realwaste-main\RealWaste\Paper\Paper_271.jpg,Paper,Paper_271.jpg
D:\Recovered Documents\Moringa\Module 5\Summative2\realwaste\realwaste-main\RealWaste\Miscellaneous Trash\Miscellaneous Trash_295.jpg,Miscellaneous Trash,Miscellaneous Trash_295.jpg
D:\Recovered Documents\Moringa\Module 5\Summative2\realwaste\realwaste-main\RealWaste\Paper\Paper_473.jpg,Paper,Paper_473.jpg
D:\Recovered Documents\Moringa\Module 5\Summative2\realwaste\realwaste-main\RealWaste\Cardboard\Cardboard_298.jpg,Cardboard,Cardboard_298.jpg
D:\Recovered Documents\Moringa\Module 5\Summative2\realwaste\realwaste-main\RealWaste\Metal\Metal_462.jpg,Metal,Metal_462.jpg
D:\Recovered Documents\Moringa\Module 5\Summative2\realwaste\realwaste-main\RealWaste\Metal\Metal_48.jpg,Metal,Metal_48.jpg
D:\Recovered Documents\Moringa\Module 5\Summative2\realwaste\realwaste-main\RealWaste\Textile Trash\Textile Trash_59.jpg,Textile Trash,Textile Trash_59.jpg
D:\Recovered Documents\Moringa\Module 5\Summative2\realwaste\realwaste-main\RealWaste\Vegetation\Vegetation_37.jpg,Vegetation,Vegetation_37.jpg
D:\Recovered Documents\Moringa\Module 5\Summative2\realwaste\realwaste-main\RealWaste\Plastic\Plastic_247.jpg,Plastic,Plastic_247.jpg
D:\Recovered Documents\Moringa\Module 5\Summative2\realwaste\realwaste-main\RealWaste\Metal\Metal_355.jpg,Metal,Metal_355.jpg
D:\Recovered Documents\Moringa\Module 5\Summative2\realwaste\realwaste-main\RealWaste\Textile Trash\Textile Trash_183.jpg,Textile Trash,Textile Trash_183.jpg
D:\Recovered Documents\Moringa\Module 5\Summative2\realwaste\realwaste-main\RealWaste\Glass\Glass_55.jpg,Glass,Glass_55.jpg
D:\Recovered Documents\Moringa\Module 5\Summative2\realwaste\realwaste-main\RealWaste\Miscellaneous Trash\Miscellaneous Trash_62.jpg,Miscellaneous Trash,Miscellaneous Trash_62.jpg
D:\Recovered Documents\Moringa\Module 5\Summative2\realwaste\realwaste-main\RealWaste\Food Organics\Food Organics_321.jpg,Food Organics,Food Organics_321.jpg
D:\Recovered Documents\Moringa\Module 5\Summative2\realwaste\realwaste-main\RealWaste\Plastic\Plastic_253.jpg,Plastic,Plastic_253.jpg
D:\Recovered Documents\Moringa\Module 5\Summative2\realwaste\realwaste-main\RealWaste\Paper\Paper_431.jpg,Paper,Paper_431.jpg
D:\Recovered Documents\Moringa\Module 5\Summative2\realwaste\realwaste-main\RealWaste\Plastic\Plastic_551.jpg,Plastic,Plastic_551.jpg
D:\Recovered Documents\Moringa\Module 5\Summative2\realwaste\realwaste-main\RealWaste\Cardboard\Cardboard_107.jpg,Cardboard,Cardboard_107.jpg
D:\Recovered Documents\Moringa\Module 5\Summative2\realwaste\realwaste-main\RealWaste\Miscellaneous Trash\Miscellaneous Trash_399.jpg,Miscellaneous Trash,Miscellaneous Trash_399.jpg
D:\Recovered Documents\Moringa\Module 5\Summative2\realwaste\realwaste-main\RealWaste\Metal\Metal_286.jpg,Metal,Metal_286.jpg
D:\Recovered Documents\Moringa\Module 5\Summative2\realwaste\realwaste-main\RealWaste\Metal\Metal_356.jpg,Metal,Metal_356.jpg
D:\Recovered Documents\Moringa\Module 5\Summative2\realwaste\realwaste-main\RealWaste\Cardboard\Cardboard_360.jpg,Cardboard,Cardboard_360.jpg
D:\Recovered Documents\Moringa\Module 5\Summative2\realwaste\realwaste-main\RealWaste\Metal\Metal_728.jpg,Metal,Metal_728.jpg
D:\Recovered Documents\Moringa\Module 5\Summative2\realwaste\realwaste-main\RealWaste\Glass\Glass_114.jpg,Glass,Glass_114.jpg
D:\Recovered Documents\Moringa\Module 5\Summative2\realwaste\realwaste-main\RealWaste\Paper\Paper_494.jpg,Paper,Paper_494.jpg
D:\Recovered Documents\Moringa\Module 5\Summative2\realwaste\realwaste-main\RealWaste\Glass\Glass_410.jpg,Glass,Glass_410.jpg
D:\Recovered Documents\Moringa\Module 5\Summative2\realwaste\realwaste-main\RealWaste\Plastic\Plastic_867.jpg,Plastic,Plastic_867.jpg
D:\Recovered Documents\Moringa\Module 5\Summative2\realwaste\realwaste-main\RealWaste\Plastic\Plastic_317.jpg,Plastic,Plastic_317.jpg
D:\Recovered Documents\Moringa\Module 5\Summative2\realwaste\realwaste-main\RealWaste\Miscellaneous Trash\Miscellaneous Trash_123.jpg,Miscellaneous Trash,Miscellaneous Trash_123.jpg
D:\Recovered Documents\Moringa\Module 5\Summative2\realwaste\realwaste-main\RealWaste\Cardboard\Cardboard_432.jpg,Cardboard,Cardboard_432.jpg
D:\Recovered Documents\Moringa\Module 5\Summative2\realwaste\realwaste-main\RealWaste\Food Organics\Food Organics_45.jpg,Food Organics,Food Organics_45.jpg
D:\Recovered Documents\Moringa\Module 5\Summative2\realwaste\realwaste-main\RealWaste\Paper\Paper_391.jpg,Paper,Paper_391.jpg
D:\Recovered Documents\Moringa\Module 5\Summative2\realwaste\realwaste-main\RealWaste\Metal\Metal_270.jpg,Metal,Metal_270.jpg
D:\Recovered Documents\Moringa\Module 5\Summative2\realwaste\realwaste-main\RealWaste\Miscellaneous Trash\Miscellaneous Trash_138.jpg,Miscellaneous Trash,Miscellaneous Trash_138.jpg
D:\Recovered Documents\Moringa\Module 5\Summative2\realwaste\realwaste-main\RealWaste\Metal\Metal_373.jpg,Metal,Metal_373.jpg
D:\Recovered Documents\Moringa\Module 5\Summative2\realwaste\realwaste-main\RealWaste\Glass\Glass_384.jpg,Glass,Glass_384.jpg
D:\Recovered Documents\Moringa\Module 5\Summative2\realwaste\realwaste-main\RealWaste\Paper\Paper_106.jpg,Paper,Paper_106.jpg
D:\Recovered Documents\Moringa\Module 5\Summative2\realwaste\realwaste-main\RealWaste\Plastic\Plastic_751.jpg,Plastic,Plastic_751.jpg
D:\Recovered Documents\Moringa\Module 5\Summative2\realwaste\realwaste-main\RealWaste\Metal\Metal_504.jpg,Metal,Metal_504.jpg
D:\Recovered Documents\Moringa\Module 5\Summative2\realwaste\realwaste-main\RealWaste\Plastic\Plastic_906.jpg,Plastic,Plastic_906.jpg
D:\Recovered Documents\Moringa\Module 5\Summative2\realwaste\realwaste-main\RealWaste\Glass\Glass_63.jpg,Glass,Glass_63.jpg
D:\Recovered Documents\Moringa\Module 5\Summative2\realwaste\realwaste-main\RealWaste\Textile Trash\Textile Trash_182.jpg,Textile Trash,Textile Trash_182.jpg
D:\Recovered Documents\Moringa\Module 5\Summative2\realwaste\realwaste-main\RealWaste\Vegetation\Vegetation_60.jpg,Vegetation,Vegetation_60.jpg
D:\Recovered Documents\Moringa\Module 5\Summative2\realwaste\realwaste-main\RealWaste\Glass\Glass_296.jpg,Glass,Glass_296.jpg
D:\Recovered Documents\Moringa\Module 5\Summative2\realwaste\realwaste-main\RealWaste\Miscellaneous Trash\Miscellaneous Trash_14.jpg,Miscellaneous Trash,Miscellaneous Trash_14.jpg
D:\Recovered Documents\Moringa\Module 5\Summative2\realwaste\realwaste-main\RealWaste\Metal\Metal_505.jpg,Metal,Metal_505.jpg
D:\Recovered Documents\Moringa\Module 5\Summative2\realwaste\realwaste-main\RealWaste\Plastic\Plastic_15.jpg,Plastic,Plastic_15.jpg
D:\Recovered Documents\Moringa\Module 5\Summative2\realwaste\realwaste-main\RealWaste\Metal\Metal_400.jpg,Metal,Metal_400.jpg
D:\Recovered Documents\Moringa\Module 5\Summative2\realwaste\realwaste-main\RealWaste\Glass\Glass_335.jpg,Glass,Glass_335.jpg
D:\Recovered Documents\Moringa\Module 5\Summative2\realwaste\realwaste-main\RealWaste\Glass\Glass_56.jpg,Glass,Glass_56.jpg
D:\Recovered Documents\Moringa\Module 5\Summative2\realwaste\realwaste-main\RealWaste\Vegetation\Vegetation_341.jpg,Vegetation,Vegetation_341.jpg
D:\Recovered Documents\Moringa\Module 5\Summative2\realwaste\realwaste-main\RealWaste\Plastic\Plastic_89.jpg,Plastic,Plastic_89.jpg
D:\Recovered Documents\Moringa\Module 5\Summative2\realwaste\realwaste-main\RealWaste\Textile Trash\Textile Trash_41.jpg,Textile Trash,Textile Trash_41.jpg
D:\Recovered Documents\Moringa\Module 5\Summative2\realwaste\realwaste-main\RealWaste\Metal\Metal_578.jpg,Metal,Metal_578.jpg
D:\Recovered Documents\Moringa\Module 5\Summative2\realwaste\realwaste-main\RealWaste\Metal\Metal_420.jpg,Metal,Metal_420.jpg
D:\Recovered Documents\Moringa\Module 5\Summative2\realwaste\realwaste-main\RealWaste\Miscellaneous Trash\Miscellaneous Trash_356.jpg,Miscellaneous Trash,Miscellaneous Trash_356.jpg
D:\Recovered Documents\Moringa\Module 5\Summative2\realwaste\realwaste-main\RealWaste\Food Organics\Food Organics_374.jpg,Food Organics,Food Organics_374.jpg
D:\Recovered Documents\Moringa\Module 5\Summative2\realwaste\realwaste-main\RealWaste\Food Organics\Food Organics_59.jpg,Food Organics,Food Organics_59.jpg
D:\Recovered Documents\Moringa\Module 5\Summative2\realwaste\realwaste-main\RealWaste\Plastic\Plastic_774.jpg,Plastic,Plastic_774.jpg
D:\Recovered Documents\Moringa\Module 5\Summative2\realwaste\realwaste-main\RealWaste\Vegetation\Vegetation_399.jpg,Vegetation,Vegetation_399.jpg
D:\Recovered Documents\Moringa\Module 5\Summative2\realwaste\realwaste-main\RealWaste\Miscellaneous Trash\Miscellaneous Trash_34.jpg,Miscellaneous Trash,Miscellaneous Trash_34.jpg
D:\Recovered Documents\Moringa\Module 5\Summative2\realwaste\realwaste-main\RealWaste\Vegetation\Vegetation_274.jpg,Vegetation,Vegetation_274.jpg
D:\Recovered Documents\Moringa\Module 5\Summative2\realwaste\realwaste-main\RealWaste\Vegetation\Vegetation_142.jpg,Vegetation,Vegetation_142.jpg
D:\Recovered Documents\Moringa\Module 5\Summative2\realwaste\realwaste-main\RealWaste\Plastic\Plastic_146.jpg,Plastic,Plastic_146.jpg
D:\Recovered Documents\Moringa\Module 5\Summative2\realwaste\realwaste-main\RealWaste\Miscellaneous Trash\Miscellaneous Trash_411.jpg,Miscellaneous Trash,Miscellaneous Trash_411.jpg
D:\Recovered Documents\Moringa\Module 5\Summative2\realwaste\realwaste-main\RealWaste\Paper\Paper_155.jpg,Paper,Paper_155.jpg
D:\Recovered Documents\Moringa\Module 5\Summative2\realwaste\realwaste-main\RealWaste\Plastic\Plastic_853.jpg,Plastic,Plastic_853.jpg
D:\Recovered Documents\Moringa\Module 5\Summative2\realwaste\realwaste-main\RealWaste\Food Organics\Food Organics_144.jpg,Food Organics,Food Organics_144.jpg
D:\Recovered Documents\Moringa\Module 5\Summative2\realwaste\realwaste-main\RealWaste\Plastic\Plastic_130.jpg,Plastic,Plastic_130.jpg
D:\Recovered Documents\Moringa\Module 5\Summative2\realwaste\realwaste-main\RealWaste\Plastic\Plastic_8.jpg,Plastic,Plastic_8.jpg
D:\Recovered Documents\Moringa\Module 5\Summative2\realwaste\realwaste-main\RealWaste\Food Organics\Food Organics_250.jpg,Food Organics,Food Organics_250.jpg
D:\Recovered Documents\Moringa\Module 5\Summative2\realwaste\realwaste-main\RealWaste\Metal\Metal_481.jpg,Metal,Metal_481.jpg
D:\Recovered Documents\Moringa\Module 5\Summative2\realwaste\realwaste-main\RealWaste\Glass\Glass_150.jpg,Glass,Glass_150.jpg
D:\Recovered Documents\Moringa\Module 5\Summative2\realwaste\realwaste-main\RealWaste\Miscellaneous Trash\Miscellaneous Trash_337.jpg,Miscellaneous Trash,Miscellaneous Trash_337.jpg
D:\Recovered Documents\Moringa\Module 5\Summative2\realwaste\realwaste-main\RealWaste\Metal\Metal_290.jpg,Metal,Metal_290.jpg
D:\Recovered Documents\Moringa\Module 5\Summative2\realwaste\realwaste-main\RealWaste\Metal\Metal_734.jpg,Metal,Metal_734.jpg
D:\Recovered Documents\Moringa\Module 5\Summative2\realwaste\realwaste-main\RealWaste\Cardboard\Cardboard_177.jpg,Cardboard,Cardboard_177.jpg
D:\Recovered Documents\Moringa\Module 5\Summative2\realwaste\realwaste-main\RealWaste\Plastic\Plastic_325.jpg,Plastic,Plastic_325.jpg
D:\Recovered Documents\Moringa\Module 5\Summative2\realwaste\realwaste-main\RealWaste\Glass\Glass_85.jpg,Glass,Glass_85.jpg
D:\Recovered Documents\Moringa\Module 5\Summative2\realwaste\realwaste-main\RealWaste\Metal\Metal_247.jpg,Metal,Metal_247.jpg
D:\Recovered Documents\Moringa\Module 5\Summative2\realwaste\realwaste-main\RealWaste\Miscellaneous Trash\Miscellaneous Trash_495.jpg,Miscellaneous Trash,Miscellaneous Trash_495.jpg
D:\Recovered Documents\Moringa\Module 5\Summative2\realwaste\realwaste-main\RealWaste\Vegetation\Vegetation_362.jpg,Vegetation,Vegetation_362.jpg
D:\Recovered Documents\Moringa\Module 5\Summative2\realwaste\realwaste-main\RealWaste\Plastic\Plastic_494.jpg,Plastic,Plastic_494.jpg
D:\Recovered Documents\Moringa\Module 5\Summative2\realwaste\realwaste-main\RealWaste\Cardboard\Cardboard_351.jpg,Cardboard,Cardboard_351.jpg
D:\Recovered Documents\Moringa\Module 5\Summative2\realwaste\realwaste-main\RealWaste\Glass\Glass_163.jpg,Glass,Glass_163.jpg
D:\Recovered Documents\Moringa\Module 5\Summative2\realwaste\realwaste-main\RealWaste\Cardboard\Cardboard_125.jpg,Cardboard,Cardboard_125.jpg
D:\Recovered Documents\Moringa\Module 5\Summative2\realwaste\realwaste-main\RealWaste\Glass\Glass_409.jpg,Glass,Glass_409.jpg
D:\Recovered Documents\Moringa\Module 5\Summative2\realwaste\realwaste-main\RealWaste\Glass\Glass_343.jpg,Glass,Glass_343.jpg
D:\Recovered Documents\Moringa\Module 5\Summative2\realwaste\realwaste-main\RealWaste\Metal\Metal_692.jpg,Metal,Metal_692.jpg
D:\Recovered Documents\Moringa\Module 5\Summative2\realwaste\realwaste-main\RealWaste\Metal\Metal_280.jpg,Metal,Metal_280.jpg
D:\Recovered Documents\Moringa\Module 5\Summative2\realwaste\realwaste-main\RealWaste\Plastic\Plastic_863.jpg,Plastic,Plastic_863.jpg
D:\Recovered Documents\Moringa\Module 5\Summative2\realwaste\realwaste-main\RealWaste\Metal\Metal_49.jpg,Metal,Metal_49.jpg
D:\Recovered Documents\Moringa\Module 5\Summative2\realwaste\realwaste-main\RealWaste\Plastic\Plastic_224.jpg,Plastic,Plastic_224.jpg
D:\Recovered Documents\Moringa\Module 5\Summative2\realwaste\realwaste-main\RealWaste\Textile Trash\Textile Trash_95.jpg,Textile Trash,Textile Trash_95.jpg
D:\Recovered Documents\Moringa\Module 5\Summative2\realwaste\realwaste-main\RealWaste\Metal\Metal_60.jpg,Metal,Metal_60.jpg
D:\Recovered Documents\Moringa\Module 5\Summative2\realwaste\realwaste-main\RealWaste\Paper\Paper_423.jpg,Paper,Paper_423.jpg
D:\Recovered Documents\Moringa\Module 5\Summative2\realwaste\realwaste-main\RealWaste\Plastic\Plastic_160.jpg,Plastic,Plastic_160.jpg
D:\Recovered Documents\Moringa\Module 5\Summative2\realwaste\realwaste-main\RealWaste\Vegetation\Vegetation_404.jpg,Vegetation,Vegetation_404.jpg
D:\Recovered Documents\Moringa\Module 5\Summative2\realwaste\realwaste-main\RealWaste\Vegetation\Vegetation_12.jpg,Vegetation,Vegetation_12.jpg
D:\Recovered Documents\Moringa\Module 5\Summative2\realwaste\realwaste-main\RealWaste\Glass\Glass_58.jpg,Glass,Glass_58.jpg
D:\Recovered Documents\Moringa\Module 5\Summative2\realwaste\realwaste-main\RealWaste\Paper\Paper_345.jpg,Paper,Paper_345.jpg
D:\Recovered Documents\Moringa\Module 5\Summative2\realwaste\realwaste-main\RealWaste\Vegetation\Vegetation_151.jpg,Vegetation,Vegetation_151.jpg
D:\Recovered Documents\Moringa\Module 5\Summative2\realwaste\realwaste-main\RealWaste\Food Organics\Food Organics_384.jpg,Food Organics,Food Organics_384.jpg
D:\Recovered Documents\Moringa\Module 5\Summative2\realwaste\realwaste-main\RealWaste\Paper\Paper_311.jpg,Paper,Paper_311.jpg
D:\Recovered Documents\Moringa\Module 5\Summative2\realwaste\realwaste-main\RealWaste\Plastic\Plastic_676.jpg,Plastic,Plastic_676.jpg
D:\Recovered Documents\Moringa\Module 5\Summative2\realwaste\realwaste-main\RealWaste\Metal\Metal_389.jpg,Metal,Metal_389.jpg
D:\Recovered Documents\Moringa\Module 5\Summative2\realwaste\realwaste-main\RealWaste\Glass\Glass_89.jpg,Glass,Glass_89.jpg
D:\Recovered Documents\Moringa\Module 5\Summative2\realwaste\realwaste-main\RealWaste\Plastic\Plastic_569.jpg,Plastic,Plastic_569.jpg
D:\Recovered Documents\Moringa\Module 5\Summative2\realwaste\realwaste-main\RealWaste\Metal\Metal_161.jpg,Metal,Metal_161.jpg
D:\Recovered Documents\Moringa\Module 5\Summative2\realwaste\realwaste-main\RealWaste\Metal\Metal_107.jpg,Metal,Metal_107.jpg
D:\Recovered Documents\Moringa\Module 5\Summative2\realwaste\realwaste-main\RealWaste\Plastic\Plastic_913.jpg,Plastic,Plastic_913.jpg
D:\Recovered Documents\Moringa\Module 5\Summative2\realwaste\realwaste-main\RealWaste\Cardboard\Cardboard_205.jpg,Cardboard,Cardboard_205.jpg
D:\Recovered Documents\Moringa\Module 5\Summative2\realwaste\realwaste-main\RealWaste\Plastic\Plastic_734.jpg,Plastic,Plastic_734.jpg
D:\Recovered Documents\Moringa\Module 5\Summative2\realwaste\realwaste-main\RealWaste\Metal\Metal_341.jpg,Metal,Metal_341.jpg
D:\Recovered Documents\Moringa\Module 5\Summative2\realwaste\realwaste-main\RealWaste\Vegetation\Vegetation_107.jpg,Vegetation,Vegetation_107.jpg
D:\Recovered Documents\Moringa\Module 5\Summative2\realwaste\realwaste-main\RealWaste\Paper\Paper_41.jpg,Paper,Paper_41.jpg
D:\Recovered Documents\Moringa\Module 5\Summative2\realwaste\realwaste-main\RealWaste\Paper\Paper_262.jpg,Paper,Paper_262.jpg
D:\Recovered Documents\Moringa\Module 5\Summative2\realwaste\realwaste-main\RealWaste\Food Organics\Food Organics_64.jpg,Food Organics,Food Organics_64.jpg
D:\Recovered Documents\Moringa\Module 5\Summative2\realwaste\realwaste-main\RealWaste\Plastic\Plastic_150.jpg,Plastic,Plastic_150.jpg
D:\Recovered Documents\Moringa\Module 5\Summative2\realwaste\realwaste-main\RealWaste\Vegetation\Vegetation_414.jpg,Vegetation,Vegetation_414.jpg
D:\Recovered Documents\Moringa\Module 5\Summative2\realwaste\realwaste-main\RealWaste\Miscellaneous Trash\Miscellaneous Trash_91.jpg,Miscellaneous Trash,Miscellaneous Trash_91.jpg
D:\Recovered Documents\Moringa\Module 5\Summative2\realwaste\realwaste-main\RealWaste\Paper\Paper_105.jpg,Paper,Paper_105.jpg
D:\Recovered Documents\Moringa\Module 5\Summative2\realwaste\realwaste-main\RealWaste\Vegetation\Vegetation_253.jpg,Vegetation,Vegetation_253.jpg
D:\Recovered Documents\Moringa\Module 5\Summative2\realwaste\realwaste-main\RealWaste\Plastic\Plastic_675.jpg,Plastic,Plastic_675.jpg
D:\Recovered Documents\Moringa\Module 5\Summative2\realwaste\realwaste-main\RealWaste\Plastic\Plastic_295.jpg,Plastic,Plastic_295.jpg
D:\Recovered Documents\Moringa\Module 5\Summative2\realwaste\realwaste-main\RealWaste\Metal\Metal_709.jpg,Metal,Metal_709.jpg
D:\Recovered Documents\Moringa\Module 5\Summative2\realwaste\realwaste-main\RealWaste\Food Organics\Food Organics_362.jpg,Food Organics,Food Organics_362.jpg
D:\Recovered Documents\Moringa\Module 5\Summative2\realwaste\realwaste-main\RealWaste\Vegetation\Vegetation_208.jpg,Vegetation,Vegetation_208.jpg
D:\Recovered Documents\Moringa\Module 5\Summative2\realwaste\realwaste-main\RealWaste\Food Organics\Food Organics_181.jpg,Food Organics,Food Organics_181.jpg
D:\Recovered Documents\Moringa\Module 5\Summative2\realwaste\realwaste-main\RealWaste\Textile Trash\Textile Trash_266.jpg,Textile Trash,Textile Trash_266.jpg
D:\Recovered Documents\Moringa\Module 5\Summative2\realwaste\realwaste-main\RealWaste\Paper\Paper_212.jpg,Paper,Paper_212.jpg
D:\Recovered Documents\Moringa\Module 5\Summative2\realwaste\realwaste-main\RealWaste\Miscellaneous Trash\Miscellaneous Trash_171.jpg,Miscellaneous Trash,Miscellaneous Trash_171.jpg
D:\Recovered Documents\Moringa\Module 5\Summative2\realwaste\realwaste-main\RealWaste\Food Organics\Food Organics_227.jpg,Food Organics,Food Organics_227.jpg
D:\Recovered Documents\Moringa\Module 5\Summative2\realwaste\realwaste-main\RealWaste\Metal\Metal_105.jpg,Metal,Metal_105.jpg
D:\Recovered Documents\Moringa\Module 5\Summative2\realwaste\realwaste-main\RealWaste\Metal\Metal_218.jpg,Metal,Metal_218.jpg
D:\Recovered Documents\Moringa\Module 5\Summative2\realwaste\realwaste-main\RealWaste\Plastic\Plastic_68.jpg,Plastic,Plastic_68.jpg
D:\Recovered Documents\Moringa\Module 5\Summative2\realwaste\realwaste-main\RealWaste\Glass\Glass_180.jpg,Glass,Glass_180.jpg
D:\Recovered Documents\Moringa\Module 5\Summative2\realwaste\realwaste-main\RealWaste\Miscellaneous Trash\Miscellaneous Trash_80.jpg,Miscellaneous Trash,Miscellaneous Trash_80.jpg
D:\Recovered Documents\Moringa\Module 5\Summative2\realwaste\realwaste-main\RealWaste\Plastic\Plastic_560.jpg,Plastic,Plastic_560.jpg
D:\Recovered Documents\Moringa\Module 5\Summative2\realwaste\realwaste-main\RealWaste\Glass\Glass_314.jpg,Glass,Glass_314.jpg
D:\Recovered Documents\Moringa\Module 5\Summative2\realwaste\realwaste-main\RealWaste\Textile Trash\Textile Trash_172.jpg,Textile Trash,Textile Trash_172.jpg
D:\Recovered Documents\Moringa\Module 5\Summative2\realwaste\realwaste-main\RealWaste\Metal\Metal_718.jpg,Metal,Metal_718.jpg
D:\Recovered Documents\Moringa\Module 5\Summative2\realwaste\realwaste-main\RealWaste\Paper\Paper_283.jpg,Paper,Paper_283.jpg
D:\Recovered Documents\Moringa\Module 5\Summative2\realwaste\realwaste-main\RealWaste\Paper\Paper_376.jpg,Paper,Paper_376.jpg
D:\Recovered Documents\Moringa\Module 5\Summative2\realwaste\realwaste-main\RealWaste\Food Organics\Food Organics_179.jpg,Food Organics,Food Organics_179.jpg
D:\Recovered Documents\Moringa\Module 5\Summative2\realwaste\realwaste-main\RealWaste\Vegetation\Vegetation_50.jpg,Vegetation,Vegetation_50.jpg
D:\Recovered Documents\Moringa\Module 5\Summative2\realwaste\realwaste-main\RealWaste\Metal\Metal_19.jpg,Metal,Metal_19.jpg
D:\Recovered Documents\Moringa\Module 5\Summative2\realwaste\realwaste-main\RealWaste\Cardboard\Cardboard_282.jpg,Cardboard,Cardboard_282.jpg
D:\Recovered Documents\Moringa\Module 5\Summative2\realwaste\realwaste-main\RealWaste\Vegetation\Vegetation_75.jpg,Vegetation,Vegetation_75.jpg
D:\Recovered Documents\Moringa\Module 5\Summative2\realwaste\realwaste-main\RealWaste\Metal\Metal_491.jpg,Metal,Metal_491.jpg
D:\Recovered Documents\Moringa\Module 5\Summative2\realwaste\realwaste-main\RealWaste\Metal\Metal_143.jpg,Metal,Metal_143.jpg
D:\Recovered Documents\Moringa\Module 5\Summative2\realwaste\realwaste-main\RealWaste\Plastic\Plastic_434.jpg,Plastic,Plastic_434.jpg
D:\Recovered Documents\Moringa\Module 5\Summative2\realwaste\realwaste-main\RealWaste\Miscellaneous Trash\Miscellaneous Trash_448.jpg,Miscellaneous Trash,Miscellaneous Trash_448.jpg
D:\Recovered Documents\Moringa\Module 5\Summative2\realwaste\realwaste-main\RealWaste\Cardboard\Cardboard_20.jpg,Cardboard,Cardboard_20.jpg
D:\Recovered Documents\Moringa\Module 5\Summative2\realwaste\realwaste-main\RealWaste\Glass\Glass_288.jpg,Glass,Glass_288.jpg
D:\Recovered Documents\Moringa\Module 5\Summative2\realwaste\realwaste-main\RealWaste\Textile Trash\Textile Trash_317.jpg,Textile Trash,Textile Trash_317.jpg
D:\Recovered Documents\Moringa\Module 5\Summative2\realwaste\realwaste-main\RealWaste\Vegetation\Vegetation_238.jpg,Vegetation,Vegetation_238.jpg
D:\Recovered Documents\Moringa\Module 5\Summative2\realwaste\realwaste-main\RealWaste\Vegetation\Vegetation_166.jpg,Vegetation,Vegetation_166.jpg
D:\Recovered Documents\Moringa\Module 5\Summative2\realwaste\realwaste-main\RealWaste\Cardboard\Cardboard_23.jpg,Cardboard,Cardboard_23.jpg
D:\Recovered Documents\Moringa\Module 5\Summative2\realwaste\realwaste-main\RealWaste\Food Organics\Food Organics_363.jpg,Food Organics,Food Organics_363.jpg
D:\Recovered Documents\Moringa\Module 5\Summative2\realwaste\realwaste-main\RealWaste\Food Organics\Food Organics_102.jpg,Food Organics,Food Organics_102.jpg
D:\Recovered Documents\Moringa\Module 5\Summative2\realwaste\realwaste-main\RealWaste\Food Organics\Food Organics_24.jpg,Food Organics,Food Organics_24.jpg
D:\Recovered Documents\Moringa\Module 5\Summative2\realwaste\realwaste-main\RealWaste\Vegetation\Vegetation_89.jpg,Vegetation,Vegetation_89.jpg
D:\Recovered Documents\Moringa\Module 5\Summative2\realwaste\realwaste-main\RealWaste\Vegetation\Vegetation_351.jpg,Vegetation,Vegetation_351.jpg
D:\Recovered Documents\Moringa\Module 5\Summative2\realwaste\realwaste-main\RealWaste\Glass\Glass_93.jpg,Glass,Glass_93.jpg
D:\Recovered Documents\Moringa\Module 5\Summative2\realwaste\realwaste-main\RealWaste\Miscellaneous Trash\Miscellaneous Trash_157.jpg,Miscellaneous Trash,Miscellaneous Trash_157.jpg
D:\Recovered Documents\Moringa\Module 5\Summative2\realwaste\realwaste-main\RealWaste\Plastic\Plastic_642.jpg,Plastic,Plastic_642.jpg
D:\Recovered Documents\Moringa\Module 5\Summative2\realwaste\realwaste-main\RealWaste\Paper\Paper_393.jpg,Paper,Paper_393.jpg
D:\Recovered Documents\Moringa\Module 5\Summative2\realwaste\realwaste-main\RealWaste\Food Organics\Food Organics_334.jpg,Food Organics,Food Organics_334.jpg
D:\Recovered Documents\Moringa\Module 5\Summative2\realwaste\realwaste-main\RealWaste\Paper\Paper_425.jpg,Paper,Paper_425.jpg
D:\Recovered Documents\Moringa\Module 5\Summative2\realwaste\realwaste-main\RealWaste\Paper\Paper_76.jpg,Paper,Paper_76.jpg
D:\Recovered Documents\Moringa\Module 5\Summative2\realwaste\realwaste-main\RealWaste\Vegetation\Vegetation_32.jpg,Vegetation,Vegetation_32.jpg
D:\Recovered Documents\Moringa\Module 5\Summative2\realwaste\realwaste-main\RealWaste\Paper\Paper_179.jpg,Paper,Paper_179.jpg
D:\Recovered Documents\Moringa\Module 5\Summative2\realwaste\realwaste-main\RealWaste\Plastic\Plastic_554.jpg,Plastic,Plastic_554.jpg
D:\Recovered Documents\Moringa\Module 5\Summative2\realwaste\realwaste-main\RealWaste\Glass\Glass_250.jpg,Glass,Glass_250.jpg
D:\Recovered Documents\Moringa\Module 5\Summative2\realwaste\realwaste-main\RealWaste\Cardboard\Cardboard_173.jpg,Cardboard,Cardboard_173.jpg
D:\Recovered Documents\Moringa\Module 5\Summative2\realwaste\realwaste-main\RealWaste\Metal\Metal_73.jpg,Metal,Metal_73.jpg
D:\Recovered Documents\Moringa\Module 5\Summative2\realwaste\realwaste-main\RealWaste\Metal\Metal_275.jpg,Metal,Metal_275.jpg
D:\Recovered Documents\Moringa\Module 5\Summative2\realwaste\realwaste-main\RealWaste\Food Organics\Food Organics_178.jpg,Food Organics,Food Organics_178.jpg
D:\Recovered Documents\Moringa\Module 5\Summative2\realwaste\realwaste-main\RealWaste\Metal\Metal_333.jpg,Metal,Metal_333.jpg
D:\Recovered Documents\Moringa\Module 5\Summative2\realwaste\realwaste-main\RealWaste\Glass\Glass_242.jpg,Glass,Glass_242.jpg
D:\Recovered Documents\Moringa\Module 5\Summative2\realwaste\realwaste-main\RealWaste\Plastic\Plastic_586.jpg,Plastic,Plastic_586.jpg
D:\Recovered Documents\Moringa\Module 5\Summative2\realwaste\realwaste-main\RealWaste\Plastic\Plastic_403.jpg,Plastic,Plastic_403.jpg
D:\Recovered Documents\Moringa\Module 5\Summative2\realwaste\realwaste-main\RealWaste\Miscellaneous Trash\Miscellaneous Trash_244.jpg,Miscellaneous Trash,Miscellaneous Trash_244.jpg
D:\Recovered Documents\Moringa\Module 5\Summative2\realwaste\realwaste-main\RealWaste\Food Organics\Food Organics_236.jpg,Food Organics,Food Organics_236.jpg
D:\Recovered Documents\Moringa\Module 5\Summative2\realwaste\realwaste-main\RealWaste\Cardboard\Cardboard_247.jpg,Cardboard,Cardboard_247.jpg
D:\Recovered Documents\Moringa\Module 5\Summative2\realwaste\realwaste-main\RealWaste\Vegetation\Vegetation_299.jpg,Vegetation,Vegetation_299.jpg
D:\Recovered Documents\Moringa\Module 5\Summative2\realwaste\realwaste-main\RealWaste\Textile Trash\Textile Trash_259.jpg,Textile Trash,Textile Trash_259.jpg
D:\Recovered Documents\Moringa\Module 5\Summative2\realwaste\realwaste-main\RealWaste\Miscellaneous Trash\Miscellaneous Trash_353.jpg,Miscellaneous Trash,Miscellaneous Trash_353.jpg
D:\Recovered Documents\Moringa\Module 5\Summative2\realwaste\realwaste-main\RealWaste\Miscellaneous Trash\Miscellaneous Trash_79.jpg,Miscellaneous Trash,Miscellaneous Trash_79.jpg
D:\Recovered Documents\Moringa\Module 5\Summative2\realwaste\realwaste-main\RealWaste\Plastic\Plastic_525.jpg,Plastic,Plastic_525.jpg
D:\Recovered Documents\Moringa\Module 5\Summative2\realwaste\realwaste-main\RealWaste\Textile Trash\Textile Trash_275.jpg,Textile Trash,Textile Trash_275.jpg
D:\Recovered Documents\Moringa\Module 5\Summative2\realwaste\realwaste-main\RealWaste\Glass\Glass_42.jpg,Glass,Glass_42.jpg
D:\Recovered Documents\Moringa\Module 5\Summative2\realwaste\realwaste-main\RealWaste\Textile Trash\Textile Trash_18.jpg,Textile Trash,Textile Trash_18.jpg
D:\Recovered Documents\Moringa\Module 5\Summative2\realwaste\realwaste-main\RealWaste\Textile Trash\Textile Trash_200.jpg,Textile Trash,Textile Trash_200.jpg
D:\Recovered Documents\Moringa\Module 5\Summative2\realwaste\realwaste-main\RealWaste\Glass\Glass_268.jpg,Glass,Glass_268.jpg
D:\Recovered Documents\Moringa\Module 5\Summative2\realwaste\realwaste-main\RealWaste\Plastic\Plastic_402.jpg,Plastic,Plastic_402.jpg
D:\Recovered Documents\Moringa\Module 5\Summative2\realwaste\realwaste-main\RealWaste\Food Organics\Food Organics_298.jpg,Food Organics,Food Organics_298.jpg
D:\Recovered Documents\Moringa\Module 5\Summative2\realwaste\realwaste-main\RealWaste\Glass\Glass_185.jpg,Glass,Glass_185.jpg
D:\Recovered Documents\Moringa\Module 5\Summative2\realwaste\realwaste-main\RealWaste\Miscellaneous Trash\Miscellaneous Trash_298.jpg,Miscellaneous Trash,Miscellaneous Trash_298.jpg
D:\Recovered Documents\Moringa\Module 5\Summative2\realwaste\realwaste-main\RealWaste\Miscellaneous Trash\Miscellaneous Trash_271.jpg,Miscellaneous Trash,Miscellaneous Trash_271.jpg
D:\Recovered Documents\Moringa\Module 5\Summative2\realwaste\realwaste-main\RealWaste\Metal\Metal_311.jpg,Metal,Metal_311.jpg
D:\Recovered Documents\Moringa\Module 5\Summative2\realwaste\realwaste-main\RealWaste\Paper\Paper_410.jpg,Paper,Paper_410.jpg
D:\Recovered Documents\Moringa\Module 5\Summative2\realwaste\realwaste-main\RealWaste\Paper\Paper_499.jpg,Paper,Paper_499.jpg
D:\Recovered Documents\Moringa\Module 5\Summative2\realwaste\realwaste-main\RealWaste\Glass\Glass_311.jpg,Glass,Glass_311.jpg
D:\Recovered Documents\Moringa\Module 5\Summative2\realwaste\realwaste-main\RealWaste\Miscellaneous Trash\Miscellaneous Trash_405.jpg,Miscellaneous Trash,Miscellaneous Trash_405.jpg
D:\Recovered Documents\Moringa\Module 5\Summative2\realwaste\realwaste-main\RealWaste\Glass\Glass_322.jpg,Glass,Glass_322.jpg
D:\Recovered Documents\Moringa\Module 5\Summative2\realwaste\realwaste-main\RealWaste\Plastic\Plastic_705.jpg,Plastic,Plastic_705.jpg
D:\Recovered Documents\Moringa\Module 5\Summative2\realwaste\realwaste-main\RealWaste\Vegetation\Vegetation_18.jpg,Vegetation,Vegetation_18.jpg
D:\Recovered Documents\Moringa\Module 5\Summative2\realwaste\realwaste-main\RealWaste\Miscellaneous Trash\Miscellaneous Trash_449.jpg,Miscellaneous Trash,Miscellaneous Trash_449.jpg
D:\Recovered Documents\Moringa\Module 5\Summative2\realwaste\realwaste-main\RealWaste\Paper\Paper_206.jpg,Paper,Paper_206.jpg
D:\Recovered Documents\Moringa\Module 5\Summative2\realwaste\realwaste-main\RealWaste\Miscellaneous Trash\Miscellaneous Trash_27.jpg,Miscellaneous Trash,Miscellaneous Trash_27.jpg
D:\Recovered Documents\Moringa\Module 5\Summative2\realwaste\realwaste-main\RealWaste\Vegetation\Vegetation_260.jpg,Vegetation,Vegetation_260.jpg
D:\Recovered Documents\Moringa\Module 5\Summative2\realwaste\realwaste-main\RealWaste\Miscellaneous Trash\Miscellaneous Trash_421.jpg,Miscellaneous Trash,Miscellaneous Trash_421.jpg
D:\Recovered Documents\Moringa\Module 5\Summative2\realwaste\realwaste-main\RealWaste\Miscellaneous Trash\Miscellaneous Trash_394.jpg,Miscellaneous Trash,Miscellaneous Trash_394.jpg
D:\Recovered Documents\Moringa\Module 5\Summative2\realwaste\realwaste-main\RealWaste\Food Organics\Food Organics_380.jpg,Food Organics,Food Organics_380.jpg
D:\Recovered Documents\Moringa\Module 5\Summative2\realwaste\realwaste-main\RealWaste\Glass\Glass_9.jpg,Glass,Glass_9.jpg
D:\Recovered Documents\Moringa\Module 5\Summative2\realwaste\realwaste-main\RealWaste\Textile Trash\Textile Trash_192.jpg,Textile Trash,Textile Trash_192.jpg
D:\Recovered Documents\Moringa\Module 5\Summative2\realwaste\realwaste-main\RealWaste\Food Organics\Food Organics_163.jpg,Food Organics,Food Organics_163.jpg
D:\Recovered Documents\Moringa\Module 5\Summative2\realwaste\realwaste-main\RealWaste\Vegetation\Vegetation_8.jpg,Vegetation,Vegetation_8.jpg
D:\Recovered Documents\Moringa\Module 5\Summative2\realwaste\realwaste-main\RealWaste\Plastic\Plastic_213.jpg,Plastic,Plastic_213.jpg
D:\Recovered Documents\Moringa\Module 5\Summative2\realwaste\realwaste-main\RealWaste\Cardboard\Cardboard_5.jpg,Cardboard,Cardboard_5.jpg
D:\Recovered Documents\Moringa\Module 5\Summative2\realwaste\realwaste-main\RealWaste\Miscellaneous Trash\Miscellaneous Trash_364.jpg,Miscellaneous Trash,Miscellaneous Trash_364.jpg
D:\Recovered Documents\Moringa\Module 5\Summative2\realwaste\realwaste-main\RealWaste\Paper\Paper_490.jpg,Paper,Paper_490.jpg
D:\Recovered Documents\Moringa\Module 5\Summative2\realwaste\realwaste-main\RealWaste\Paper\Paper_75.jpg,Paper,Paper_75.jpg
D:\Recovered Documents\Moringa\Module 5\Summative2\realwaste\realwaste-main\RealWaste\Textile Trash\Textile Trash_102.jpg,Textile Trash,Textile Trash_102.jpg
D:\Recovered Documents\Moringa\Module 5\Summative2\realwaste\realwaste-main\RealWaste\Vegetation\Vegetation_201.jpg,Vegetation,Vegetation_201.jpg
D:\Recovered Documents\Moringa\Module 5\Summative2\realwaste\realwaste-main\RealWaste\Cardboard\Cardboard_265.jpg,Cardboard,Cardboard_265.jpg
D:\Recovered Documents\Moringa\Module 5\Summative2\realwaste\realwaste-main\RealWaste\Plastic\Plastic_650.jpg,Plastic,Plastic_650.jpg
D:\Recovered Documents\Moringa\Module 5\Summative2\realwaste\realwaste-main\RealWaste\Metal\Metal_782.jpg,Metal,Metal_782.jpg
D:\Recovered Documents\Moringa\Module 5\Summative2\realwaste\realwaste-main\RealWaste\Food Organics\Food Organics_360.jpg,Food Organics,Food Organics_360.jpg
D:\Recovered Documents\Moringa\Module 5\Summative2\realwaste\realwaste-main\RealWaste\Vegetation\Vegetation_422.jpg,Vegetation,Vegetation_422.jpg
D:\Recovered Documents\Moringa\Module 5\Summative2\realwaste\realwaste-main\RealWaste\Paper\Paper_26.jpg,Paper,Paper_26.jpg
D:\Recovered Documents\Moringa\Module 5\Summative2\realwaste\realwaste-main\RealWaste\Vegetation\Vegetation_71.jpg,Vegetation,Vegetation_71.jpg
D:\Recovered Documents\Moringa\Module 5\Summative2\realwaste\realwaste-main\RealWaste\Miscellaneous Trash\Miscellaneous Trash_401.jpg,Miscellaneous Trash,Miscellaneous Trash_401.jpg
D:\Recovered Documents\Moringa\Module 5\Summative2\realwaste\realwaste-main\RealWaste\Glass\Glass_394.jpg,Glass,Glass_394.jpg
D:\Recovered Documents\Moringa\Module 5\Summative2\realwaste\realwaste-main\RealWaste\Glass\Glass_380.jpg,Glass,Glass_380.jpg
D:\Recovered Documents\Moringa\Module 5\Summative2\realwaste\realwaste-main\RealWaste\Glass\Glass_81.jpg,Glass,Glass_81.jpg
D:\Recovered Documents\Moringa\Module 5\Summative2\realwaste\realwaste-main\RealWaste\Vegetation\Vegetation_189.jpg,Vegetation,Vegetation_189.jpg
D:\Recovered Documents\Moringa\Module 5\Summative2\realwaste\realwaste-main\RealWaste\Cardboard\Cardboard_140.jpg,Cardboard,Cardboard_140.jpg
D:\Recovered Documents\Moringa\Module 5\Summative2\realwaste\realwaste-main\RealWaste\Paper\Paper_27.jpg,Paper,Paper_27.jpg
D:\Recovered Documents\Moringa\Module 5\Summative2\realwaste\realwaste-main\RealWaste\Food Organics\Food Organics_122.jpg,Food Organics,Food Organics_122.jpg
D:\Recovered Documents\Moringa\Module 5\Summative2\realwaste\realwaste-main\RealWaste\Metal\Metal_429.jpg,Metal,Metal_429.jpg
D:\Recovered Documents\Moringa\Module 5\Summative2\realwaste\realwaste-main\RealWaste\Glass\Glass_50.jpg,Glass,Glass_50.jpg
D:\Recovered Documents\Moringa\Module 5\Summative2\realwaste\realwaste-main\RealWaste\Plastic\Plastic_465.jpg,Plastic,Plastic_465.jpg
D:\Recovered Documents\Moringa\Module 5\Summative2\realwaste\realwaste-main\RealWaste\Paper\Paper_60.jpg,Paper,Paper_60.jpg
D:\Recovered Documents\Moringa\Module 5\Summative2\realwaste\realwaste-main\RealWaste\Glass\Glass_351.jpg,Glass,Glass_351.jpg
D:\Recovered Documents\Moringa\Module 5\Summative2\realwaste\realwaste-main\RealWaste\Metal\Metal_16.jpg,Metal,Metal_16.jpg
D:\Recovered Documents\Moringa\Module 5\Summative2\realwaste\realwaste-main\RealWaste\Metal\Metal_17.jpg,Metal,Metal_17.jpg
D:\Recovered Documents\Moringa\Module 5\Summative2\realwaste\realwaste-main\RealWaste\Metal\Metal_467.jpg,Metal,Metal_467.jpg
D:\Recovered Documents\Moringa\Module 5\Summative2\realwaste\realwaste-main\RealWaste\Metal\Metal_700.jpg,Metal,Metal_700.jpg
D:\Recovered Documents\Moringa\Module 5\Summative2\realwaste\realwaste-main\RealWaste\Cardboard\Cardboard_346.jpg,Cardboard,Cardboard_346.jpg
D:\Recovered Documents\Moringa\Module 5\Summative2\realwaste\realwaste-main\RealWaste\Miscellaneous Trash\Miscellaneous Trash_275.jpg,Miscellaneous Trash,Miscellaneous Trash_275.jpg
D:\Recovered Documents\Moringa\Module 5\Summative2\realwaste\realwaste-main\RealWaste\Plastic\Plastic_841.jpg,Plastic,Plastic_841.jpg
D:\Recovered Documents\Moringa\Module 5\Summative2\realwaste\realwaste-main\RealWaste\Glass\Glass_119.jpg,Glass,Glass_119.jpg
D:\Recovered Documents\Moringa\Module 5\Summative2\realwaste\realwaste-main\RealWaste\Paper\Paper_493.jpg,Paper,Paper_493.jpg
D:\Recovered Documents\Moringa\Module 5\Summative2\realwaste\realwaste-main\RealWaste\Plastic\Plastic_715.jpg,Plastic,Plastic_715.jpg
D:\Recovered Documents\Moringa\Module 5\Summative2\realwaste\realwaste-main\RealWaste\Miscellaneous Trash\Miscellaneous Trash_26.jpg,Miscellaneous Trash,Miscellaneous Trash_26.jpg
D:\Recovered Documents\Moringa\Module 5\Summative2\realwaste\realwaste-main\RealWaste\Vegetation\Vegetation_23.jpg,Vegetation,Vegetation_23.jpg
D:\Recovered Documents\Moringa\Module 5\Summative2\realwaste\realwaste-main\RealWaste\Metal\Metal_274.jpg,Metal,Metal_274.jpg
D:\Recovered Documents\Moringa\Module 5\Summative2\realwaste\realwaste-main\RealWaste\Glass\Glass_82.jpg,Glass,Glass_82.jpg
D:\Recovered Documents\Moringa\Module 5\Summative2\realwaste\realwaste-main\RealWaste\Metal\Metal_388.jpg,Metal,Metal_388.jpg
D:\Recovered Documents\Moringa\Module 5\Summative2\realwaste\realwaste-main\RealWaste\Cardboard\Cardboard_314.jpg,Cardboard,Cardboard_314.jpg
D:\Recovered Documents\Moringa\Module 5\Summative2\realwaste\realwaste-main\RealWaste\Glass\Glass_164.jpg,Glass,Glass_164.jpg
D:\Recovered Documents\Moringa\Module 5\Summative2\realwaste\realwaste-main\RealWaste\Miscellaneous Trash\Miscellaneous Trash_468.jpg,Miscellaneous Trash,Miscellaneous Trash_468.jpg
D:\Recovered Documents\Moringa\Module 5\Summative2\realwaste\realwaste-main\RealWaste\Metal\Metal_255.jpg,Metal,Metal_255.jpg
D:\Recovered Documents\Moringa\Module 5\Summative2\realwaste\realwaste-main\RealWaste\Cardboard\Cardboard_396.jpg,Cardboard,Cardboard_396.jpg
D:\Recovered Documents\Moringa\Module 5\Summative2\realwaste\realwaste-main\RealWaste\Plastic\Plastic_540.jpg,Plastic,Plastic_540.jpg
D:\Recovered Documents\Moringa\Module 5\Summative2\realwaste\realwaste-main\RealWaste\Plastic\Plastic_386.jpg,Plastic,Plastic_386.jpg
D:\Recovered Documents\Moringa\Module 5\Summative2\realwaste\realwaste-main\RealWaste\Miscellaneous Trash\Miscellaneous Trash_172.jpg,Miscellaneous Trash,Miscellaneous Trash_172.jpg
D:\Recovered Documents\Moringa\Module 5\Summative2\realwaste\realwaste-main\RealWaste\Cardboard\Cardboard_222.jpg,Cardboard,Cardboard_222.jpg
D:\Recovered Documents\Moringa\Module 5\Summative2\realwaste\realwaste-main\RealWaste\Miscellaneous Trash\Miscellaneous Trash_450.jpg,Miscellaneous Trash,Miscellaneous Trash_450.jpg
D:\Recovered Documents\Moringa\Module 5\Summative2\realwaste\realwaste-main\RealWaste\Cardboard\Cardboard_105.jpg,Cardboard,Cardboard_105.jpg
D:\Recovered Documents\Moringa\Module 5\Summative2\realwaste\realwaste-main\RealWaste\Vegetation\Vegetation_146.jpg,Vegetation,Vegetation_146.jpg
D:\Recovered Documents\Moringa\Module 5\Summative2\realwaste\realwaste-main\RealWaste\Plastic\Plastic_703.jpg,Plastic,Plastic_703.jpg
D:\Recovered Documents\Moringa\Module 5\Summative2\realwaste\realwaste-main\RealWaste\Plastic\Plastic_271.jpg,Plastic,Plastic_271.jpg
D:\Recovered Documents\Moringa\Module 5\Summative2\realwaste\realwaste-main\RealWaste\Miscellaneous Trash\Miscellaneous Trash_473.jpg,Miscellaneous Trash,Miscellaneous Trash_473.jpg
D:\Recovered Documents\Moringa\Module 5\Summative2\realwaste\realwaste-main\RealWaste\Cardboard\Cardboard_175.jpg,Cardboard,Cardboard_175.jpg
D:\Recovered Documents\Moringa\Module 5\Summative2\realwaste\realwaste-main\RealWaste\Food Organics\Food Organics_80.jpg,Food Organics,Food Organics_80.jpg
D:\Recovered Documents\Moringa\Module 5\Summative2\realwaste\realwaste-main\RealWaste\Metal\Metal_468.jpg,Metal,Metal_468.jpg
D:\Recovered Documents\Moringa\Module 5\Summative2\realwaste\realwaste-main\RealWaste\Cardboard\Cardboard_352.jpg,Cardboard,Cardboard_352.jpg
D:\Recovered Documents\Moringa\Module 5\Summative2\realwaste\realwaste-main\RealWaste\Plastic\Plastic_918.jpg,Plastic,Plastic_918.jpg
D:\Recovered Documents\Moringa\Module 5\Summative2\realwaste\realwaste-main\RealWaste\Paper\Paper_453.jpg,Paper,Paper_453.jpg
D:\Recovered Documents\Moringa\Module 5\Summative2\realwaste\realwaste-main\RealWaste\Metal\Metal_672.jpg,Metal,Metal_672.jpg
D:\Recovered Documents\Moringa\Module 5\Summative2\realwaste\realwaste-main\RealWaste\Metal\Metal_137.jpg,Metal,Metal_137.jpg
D:\Recovered Documents\Moringa\Module 5\Summative2\realwaste\realwaste-main\RealWaste\Cardboard\Cardboard_442.jpg,Cardboard,Cardboard_442.jpg
D:\Recovered Documents\Moringa\Module 5\Summative2\realwaste\realwaste-main\RealWaste\Metal\Metal_551.jpg,Metal,Metal_551.jpg
D:\Recovered Documents\Moringa\Module 5\Summative2\realwaste\realwaste-main\RealWaste\Metal\Metal_632.jpg,Metal,Metal_632.jpg
D:\Recovered Documents\Moringa\Module 5\Summative2\realwaste\realwaste-main\RealWaste\Vegetation\Vegetation_116.jpg,Vegetation,Vegetation_116.jpg
D:\Recovered Documents\Moringa\Module 5\Summative2\realwaste\realwaste-main\RealWaste\Plastic\Plastic_851.jpg,Plastic,Plastic_851.jpg
D:\Recovered Documents\Moringa\Module 5\Summative2\realwaste\realwaste-main\RealWaste\Plastic\Plastic_664.jpg,Plastic,Plastic_664.jpg
D:\Recovered Documents\Moringa\Module 5\Summative2\realwaste\realwaste-main\RealWaste\Metal\Metal_377.jpg,Metal,Metal_377.jpg
D:\Recovered Documents\Moringa\Module 5\Summative2\realwaste\realwaste-main\RealWaste\Miscellaneous Trash\Miscellaneous Trash_274.jpg,Miscellaneous Trash,Miscellaneous Trash_274.jpg
D:\Recovered Documents\Moringa\Module 5\Summative2\realwaste\realwaste-main\RealWaste\Food Organics\Food Organics_204.jpg,Food Organics,Food Organics_204.jpg
D:\Recovered Documents\Moringa\Module 5\Summative2\realwaste\realwaste-main\RealWaste\Plastic\Plastic_239.jpg,Plastic,Plastic_239.jpg
D:\Recovered Documents\Moringa\Module 5\Summative2\realwaste\realwaste-main\RealWaste\Plastic\Plastic_557.jpg,Plastic,Plastic_557.jpg
D:\Recovered Documents\Moringa\Module 5\Summative2\realwaste\realwaste-main\RealWaste\Metal\Metal_240.jpg,Metal,Metal_240.jpg
D:\Recovered Documents\Moringa\Module 5\Summative2\realwaste\realwaste-main\RealWaste\Plastic\Plastic_242.jpg,Plastic,Plastic_242.jpg
D:\Recovered Documents\Moringa\Module 5\Summative2\realwaste\realwaste-main\RealWaste\Cardboard\Cardboard_347.jpg,Cardboard,Cardboard_347.jpg
D:\Recovered Documents\Moringa\Module 5\Summative2\realwaste\realwaste-main\RealWaste\Food Organics\Food Organics_57.jpg,Food Organics,Food Organics_57.jpg
D:\Recovered Documents\Moringa\Module 5\Summative2\realwaste\realwaste-main\RealWaste\Cardboard\Cardboard_238.jpg,Cardboard,Cardboard_238.jpg
D:\Recovered Documents\Moringa\Module 5\Summative2\realwaste\realwaste-main\RealWaste\Metal\Metal_98.jpg,Metal,Metal_98.jpg
D:\Recovered Documents\Moringa\Module 5\Summative2\realwaste\realwaste-main\RealWaste\Plastic\Plastic_461.jpg,Plastic,Plastic_461.jpg
D:\Recovered Documents\Moringa\Module 5\Summative2\realwaste\realwaste-main\RealWaste\Food Organics\Food Organics_151.jpg,Food Organics,Food Organics_151.jpg
D:\Recovered Documents\Moringa\Module 5\Summative2\realwaste\realwaste-main\RealWaste\Metal\Metal_716.jpg,Metal,Metal_716.jpg
D:\Recovered Documents\Moringa\Module 5\Summative2\realwaste\realwaste-main\RealWaste\Plastic\Plastic_109.jpg,Plastic,Plastic_109.jpg
D:\Recovered Documents\Moringa\Module 5\Summative2\realwaste\realwaste-main\RealWaste\Plastic\Plastic_185.jpg,Plastic,Plastic_185.jpg
D:\Recovered Documents\Moringa\Module 5\Summative2\realwaste\realwaste-main\RealWaste\Plastic\Plastic_300.jpg,Plastic,Plastic_300.jpg
D:\Recovered Documents\Moringa\Module 5\Summative2\realwaste\realwaste-main\RealWaste\Cardboard\Cardboard_25.jpg,Cardboard,Cardboard_25.jpg
D:\Recovered Documents\Moringa\Module 5\Summative2\realwaste\realwaste-main\RealWaste\Paper\Paper_420.jpg,Paper,Paper_420.jpg
D:\Recovered Documents\Moringa\Module 5\Summative2\realwaste\realwaste-main\RealWaste\Glass\Glass_247.jpg,Glass,Glass_247.jpg
D:\Recovered Documents\Moringa\Module 5\Summative2\realwaste\realwaste-main\RealWaste\Glass\Glass_295.jpg,Glass,Glass_295.jpg
D:\Recovered Documents\Moringa\Module 5\Summative2\realwaste\realwaste-main\RealWaste\Textile Trash\Textile Trash_300.jpg,Textile Trash,Textile Trash_300.jpg
D:\Recovered Documents\Moringa\Module 5\Summative2\realwaste\realwaste-main\RealWaste\Miscellaneous Trash\Miscellaneous Trash_429.jpg,Miscellaneous Trash,Miscellaneous Trash_429.jpg
D:\Recovered Documents\Moringa\Module 5\Summative2\realwaste\realwaste-main\RealWaste\Miscellaneous Trash\Miscellaneous Trash_150.jpg,Miscellaneous Trash,Miscellaneous Trash_150.jpg
D:\Recovered Documents\Moringa\Module 5\Summative2\realwaste\realwaste-main\RealWaste\Metal\Metal_693.jpg,Metal,Metal_693.jpg
D:\Recovered Documents\Moringa\Module 5\Summative2\realwaste\realwaste-main\RealWaste\Plastic\Plastic_278.jpg,Plastic,Plastic_278.jpg
D:\Recovered Documents\Moringa\Module 5\Summative2\realwaste\realwaste-main\RealWaste\Metal\Metal_749.jpg,Metal,Metal_749.jpg
D:\Recovered Documents\Moringa\Module 5\Summative2\realwaste\realwaste-main\RealWaste\Paper\Paper_37.jpg,Paper,Paper_37.jpg
D:\Recovered Documents\Moringa\Module 5\Summative2\realwaste\realwaste-main\RealWaste\Miscellaneous Trash\Miscellaneous Trash_50.jpg,Miscellaneous Trash,Miscellaneous Trash_50.jpg
D:\Recovered Documents\Moringa\Module 5\Summative2\realwaste\realwaste-main\RealWaste\Plastic\Plastic_801.jpg,Plastic,Plastic_801.jpg
D:\Recovered Documents\Moringa\Module 5\Summative2\realwaste\realwaste-main\RealWaste\Metal\Metal_497.jpg,Metal,Metal_497.jpg
D:\Recovered Documents\Moringa\Module 5\Summative2\realwaste\realwaste-main\RealWaste\Metal\Metal_513.jpg,Metal,Metal_513.jpg
D:\Recovered Documents\Moringa\Module 5\Summative2\realwaste\realwaste-main\RealWaste\Metal\Metal_141.jpg,Metal,Metal_141.jpg
D:\Recovered Documents\Moringa\Module 5\Summative2\realwaste\realwaste-main\RealWaste\Vegetation\Vegetation_408.jpg,Vegetation,Vegetation_408.jpg
D:\Recovered Documents\Moringa\Module 5\Summative2\realwaste\realwaste-main\RealWaste\Metal\Metal_447.jpg,Metal,Metal_447.jpg
D:\Recovered Documents\Moringa\Module 5\Summative2\realwaste\realwaste-main\RealWaste\Paper\Paper_13.jpg,Paper,Paper_13.jpg
D:\Recovered Documents\Moringa\Module 5\Summative2\realwaste\realwaste-main\RealWaste\Plastic\Plastic_406.jpg,Plastic,Plastic_406.jpg
D:\Recovered Documents\Moringa\Module 5\Summative2\realwaste\realwaste-main\RealWaste\Cardboard\Cardboard_407.jpg,Cardboard,Cardboard_407.jpg
D:\Recovered Documents\Moringa\Module 5\Summative2\realwaste\realwaste-main\RealWaste\Vegetation\Vegetation_119.jpg,Vegetation,Vegetation_119.jpg
D:\Recovered Documents\Moringa\Module 5\Summative2\realwaste\realwaste-main\RealWaste\Metal\Metal_726.jpg,Metal,Metal_726.jpg
D:\Recovered Documents\Moringa\Module 5\Summative2\realwaste\realwaste-main\RealWaste\Vegetation\Vegetation_366.jpg,Vegetation,Vegetation_366.jpg
D:\Recovered Documents\Moringa\Module 5\Summative2\realwaste\realwaste-main\RealWaste\Metal\Metal_325.jpg,Metal,Metal_325.jpg
D:\Recovered Documents\Moringa\Module 5\Summative2\realwaste\realwaste-main\RealWaste\Cardboard\Cardboard_439.jpg,Cardboard,Cardboard_439.jpg
D:\Recovered Documents\Moringa\Module 5\Summative2\realwaste\realwaste-main\RealWaste\Paper\Paper_69.jpg,Paper,Paper_69.jpg
D:\Recovered Documents\Moringa\Module 5\Summative2\realwaste\realwaste-main\RealWaste\Glass\Glass_347.jpg,Glass,Glass_347.jpg
D:\Recovered Documents\Moringa\Module 5\Summative2\realwaste\realwaste-main\RealWaste\Textile Trash\Textile Trash_184.jpg,Textile Trash,Textile Trash_184.jpg
D:\Recovered Documents\Moringa\Module 5\Summative2\realwaste\realwaste-main\RealWaste\Vegetation\Vegetation_35.jpg,Vegetation,Vegetation_35.jpg
D:\Recovered Documents\Moringa\Module 5\Summative2\realwaste\realwaste-main\RealWaste\Vegetation\Vegetation_360.jpg,Vegetation,Vegetation_360.jpg
D:\Recovered Documents\Moringa\Module 5\Summative2\realwaste\realwaste-main\RealWaste\Metal\Metal_744.jpg,Metal,Metal_744.jpg
D:\Recovered Documents\Moringa\Module 5\Summative2\realwaste\realwaste-main\RealWaste\Miscellaneous Trash\Miscellaneous Trash_214.jpg,Miscellaneous Trash,Miscellaneous Trash_214.jpg
D:\Recovered Documents\Moringa\Module 5\Summative2\realwaste\realwaste-main\RealWaste\Glass\Glass_367.jpg,Glass,Glass_367.jpg
D:\Recovered Documents\Moringa\Module 5\Summative2\realwaste\realwaste-main\RealWaste\Plastic\Plastic_661.jpg,Plastic,Plastic_661.jpg
D:\Recovered Documents\Moringa\Module 5\Summative2\realwaste\realwaste-main\RealWaste\Metal\Metal_560.jpg,Metal,Metal_560.jpg
D:\Recovered Documents\Moringa\Module 5\Summative2\realwaste\realwaste-main\RealWaste\Vegetation\Vegetation_68.jpg,Vegetation,Vegetation_68.jpg
D:\Recovered Documents\Moringa\Module 5\Summative2\realwaste\realwaste-main\RealWaste\Paper\Paper_292.jpg,Paper,Paper_292.jpg
D:\Recovered Documents\Moringa\Module 5\Summative2\realwaste\realwaste-main\RealWaste\Metal\Metal_455.jpg,Metal,Metal_455.jpg
D:\Recovered Documents\Moringa\Module 5\Summative2\realwaste\realwaste-main\RealWaste\Miscellaneous Trash\Miscellaneous Trash_433.jpg,Miscellaneous Trash,Miscellaneous Trash_433.jpg
D:\Recovered Documents\Moringa\Module 5\Summative2\realwaste\realwaste-main\RealWaste\Glass\Glass_324.jpg,Glass,Glass_324.jpg
D:\Recovered Documents\Moringa\Module 5\Summative2\realwaste\realwaste-main\RealWaste\Vegetation\Vegetation_167.jpg,Vegetation,Vegetation_167.jpg
D:\Recovered Documents\Moringa\Module 5\Summative2\realwaste\realwaste-main\RealWaste\Vegetation\Vegetation_20.jpg,Vegetation,Vegetation_20.jpg
D:\Recovered Documents\Moringa\Module 5\Summative2\realwaste\realwaste-main\RealWaste\Food Organics\Food Organics_43.jpg,Food Organics,Food Organics_43.jpg
D:\Recovered Documents\Moringa\Module 5\Summative2\realwaste\realwaste-main\RealWaste\Glass\Glass_228.jpg,Glass,Glass_228.jpg
D:\Recovered Documents\Moringa\Module 5\Summative2\realwaste\realwaste-main\RealWaste\Metal\Metal_544.jpg,Metal,Metal_544.jpg
D:\Recovered Documents\Moringa\Module 5\Summative2\realwaste\realwaste-main\RealWaste\Food Organics\Food Organics_328.jpg,Food Organics,Food Organics_328.jpg
D:\Recovered Documents\Moringa\Module 5\Summative2\realwaste\realwaste-main\RealWaste\Food Organics\Food Organics_50.jpg,Food Organics,Food Organics_50.jpg
D:\Recovered Documents\Moringa\Module 5\Summative2\realwaste\realwaste-main\RealWaste\Miscellaneous Trash\Miscellaneous Trash_296.jpg,Miscellaneous Trash,Miscellaneous Trash_296.jpg
D:\Recovered Documents\Moringa\Module 5\Summative2\realwaste\realwaste-main\RealWaste\Food Organics\Food Organics_74.jpg,Food Organics,Food Organics_74.jpg
D:\Recovered Documents\Moringa\Module 5\Summative2\realwaste\realwaste-main\RealWaste\Miscellaneous Trash\Miscellaneous Trash_56.jpg,Miscellaneous Trash,Miscellaneous Trash_56.jpg
D:\Recovered Documents\Moringa\Module 5\Summative2\realwaste\realwaste-main\RealWaste\Glass\Glass_381.jpg,Glass,Glass_381.jpg
D:\Recovered Documents\Moringa\Module 5\Summative2\realwaste\realwaste-main\RealWaste\Plastic\Plastic_85.jpg,Plastic,Plastic_85.jpg
D:\Recovered Documents\Moringa\Module 5\Summative2\realwaste\realwaste-main\RealWaste\Plastic\Plastic_256.jpg,Plastic,Plastic_256.jpg
D:\Recovered Documents\Moringa\Module 5\Summative2\realwaste\realwaste-main\RealWaste\Vegetation\Vegetation_123.jpg,Vegetation,Vegetation_123.jpg
D:\Recovered Documents\Moringa\Module 5\Summative2\realwaste\realwaste-main\RealWaste\Plastic\Plastic_227.jpg,Plastic,Plastic_227.jpg
D:\Recovered Documents\Moringa\Module 5\Summative2\realwaste\realwaste-main\RealWaste\Plastic\Plastic_394.jpg,Plastic,Plastic_394.jpg
D:\Recovered Documents\Moringa\Module 5\Summative2\realwaste\realwaste-main\RealWaste\Cardboard\Cardboard_122.jpg,Cardboard,Cardboard_122.jpg
D:\Recovered Documents\Moringa\Module 5\Summative2\realwaste\realwaste-main\RealWaste\Glass\Glass_155.jpg,Glass,Glass_155.jpg
D:\Recovered Documents\Moringa\Module 5\Summative2\realwaste\realwaste-main\RealWaste\Plastic\Plastic_70.jpg,Plastic,Plastic_70.jpg
D:\Recovered Documents\Moringa\Module 5\Summative2\realwaste\realwaste-main\RealWaste\Metal\Metal_118.jpg,Metal,Metal_118.jpg
D:\Recovered Documents\Moringa\Module 5\Summative2\realwaste\realwaste-main\RealWaste\Metal\Metal_33.jpg,Metal,Metal_33.jpg
D:\Recovered Documents\Moringa\Module 5\Summative2\realwaste\realwaste-main\RealWaste\Miscellaneous Trash\Miscellaneous Trash_460.jpg,Miscellaneous Trash,Miscellaneous Trash_460.jpg
D:\Recovered Documents\Moringa\Module 5\Summative2\realwaste\realwaste-main\RealWaste\Textile Trash\Textile Trash_28.jpg,Textile Trash,Textile Trash_28.jpg
D:\Recovered Documents\Moringa\Module 5\Summative2\realwaste\realwaste-main\RealWaste\Metal\Metal_623.jpg,Metal,Metal_623.jpg
D:\Recovered Documents\Moringa\Module 5\Summative2\realwaste\realwaste-main\RealWaste\Vegetation\Vegetation_92.jpg,Vegetation,Vegetation_92.jpg
D:\Recovered Documents\Moringa\Module 5\Summative2\realwaste\realwaste-main\RealWaste\Miscellaneous Trash\Miscellaneous Trash_363.jpg,Miscellaneous Trash,Miscellaneous Trash_363.jpg
D:\Recovered Documents\Moringa\Module 5\Summative2\realwaste\realwaste-main\RealWaste\Plastic\Plastic_832.jpg,Plastic,Plastic_832.jpg
D:\Recovered Documents\Moringa\Module 5\Summative2\realwaste\realwaste-main\RealWaste\Paper\Paper_139.jpg,Paper,Paper_139.jpg
D:\Recovered Documents\Moringa\Module 5\Summative2\realwaste\realwaste-main\RealWaste\Metal\Metal_111.jpg,Metal,Metal_111.jpg
D:\Recovered Documents\Moringa\Module 5\Summative2\realwaste\realwaste-main\RealWaste\Metal\Metal_512.jpg,Metal,Metal_512.jpg
D:\Recovered Documents\Moringa\Module 5\Summative2\realwaste\realwaste-main\RealWaste\Paper\Paper_149.jpg,Paper,Paper_149.jpg
D:\Recovered Documents\Moringa\Module 5\Summative2\realwaste\realwaste-main\RealWaste\Plastic\Plastic_873.jpg,Plastic,Plastic_873.jpg
D:\Recovered Documents\Moringa\Module 5\Summative2\realwaste\realwaste-main\RealWaste\Metal\Metal_320.jpg,Metal,Metal_320.jpg
D:\Recovered Documents\Moringa\Module 5\Summative2\realwaste\realwaste-main\RealWaste\Metal\Metal_684.jpg,Metal,Metal_684.jpg
D:\Recovered Documents\Moringa\Module 5\Summative2\realwaste\realwaste-main\RealWaste\Miscellaneous Trash\Miscellaneous Trash_318.jpg,Miscellaneous Trash,Miscellaneous Trash_318.jpg
D:\Recovered Documents\Moringa\Module 5\Summative2\realwaste\realwaste-main\RealWaste\Plastic\Plastic_613.jpg,Plastic,Plastic_613.jpg
D:\Recovered Documents\Moringa\Module 5\Summative2\realwaste\realwaste-main\RealWaste\Plastic\Plastic_452.jpg,Plastic,Plastic_452.jpg
D:\Recovered Documents\Moringa\Module 5\Summative2\realwaste\realwaste-main\RealWaste\Paper\Paper_236.jpg,Paper,Paper_236.jpg
D:\Recovered Documents\Moringa\Module 5\Summative2\realwaste\realwaste-main\RealWaste\Food Organics\Food Organics_156.jpg,Food Organics,Food Organics_156.jpg
D:\Recovered Documents\Moringa\Module 5\Summative2\realwaste\realwaste-main\RealWaste\Miscellaneous Trash\Miscellaneous Trash_64.jpg,Miscellaneous Trash,Miscellaneous Trash_64.jpg
D:\Recovered Documents\Moringa\Module 5\Summative2\realwaste\realwaste-main\RealWaste\Plastic\Plastic_634.jpg,Plastic,Plastic_634.jpg
D:\Recovered Documents\Moringa\Module 5\Summative2\realwaste\realwaste-main\RealWaste\Vegetation\Vegetation_340.jpg,Vegetation,Vegetation_340.jpg
D:\Recovered Documents\Moringa\Module 5\Summative2\realwaste\realwaste-main\RealWaste\Food Organics\Food Organics_78.jpg,Food Organics,Food Organics_78.jpg
D:\Recovered Documents\Moringa\Module 5\Summative2\realwaste\realwaste-main\RealWaste\Plastic\Plastic_645.jpg,Plastic,Plastic_645.jpg
D:\Recovered Documents\Moringa\Module 5\Summative2\realwaste\realwaste-main\RealWaste\Plastic\Plastic_448.jpg,Plastic,Plastic_448.jpg
D:\Recovered Documents\Moringa\Module 5\Summative2\realwaste\realwaste-main\RealWaste\Metal\Metal_742.jpg,Metal,Metal_742.jpg
D:\Recovered Documents\Moringa\Module 5\Summative2\realwaste\realwaste-main\RealWaste\Cardboard\Cardboard_313.jpg,Cardboard,Cardboard_313.jpg
D:\Recovered Documents\Moringa\Module 5\Summative2\realwaste\realwaste-main\RealWaste\Plastic\Plastic_190.jpg,Plastic,Plastic_190.jpg
D:\Recovered Documents\Moringa\Module 5\Summative2\realwaste\realwaste-main\RealWaste\Miscellaneous Trash\Miscellaneous Trash_319.jpg,Miscellaneous Trash,Miscellaneous Trash_319.jpg
D:\Recovered Documents\Moringa\Module 5\Summative2\realwaste\realwaste-main\RealWaste\Vegetation\Vegetation_33.jpg,Vegetation,Vegetation_33.jpg
D:\Recovered Documents\Moringa\Module 5\Summative2\realwaste\realwaste-main\RealWaste\Vegetation\Vegetation_272.jpg,Vegetation,Vegetation_272.jpg
D:\Recovered Documents\Moringa\Module 5\Summative2\realwaste\realwaste-main\RealWaste\Miscellaneous Trash\Miscellaneous Trash_418.jpg,Miscellaneous Trash,Miscellaneous Trash_418.jpg
D:\Recovered Documents\Moringa\Module 5\Summative2\realwaste\realwaste-main\RealWaste\Plastic\Plastic_548.jpg,Plastic,Plastic_548.jpg
D:\Recovered Documents\Moringa\Module 5\Summative2\realwaste\realwaste-main\RealWaste\Plastic\Plastic_571.jpg,Plastic,Plastic_571.jpg
D:\Recovered Documents\Moringa\Module 5\Summative2\realwaste\realwaste-main\RealWaste\Paper\Paper_36.jpg,Paper,Paper_36.jpg
D:\Recovered Documents\Moringa\Module 5\Summative2\realwaste\realwaste-main\RealWaste\Metal\Metal_64.jpg,Metal,Metal_64.jpg
D:\Recovered Documents\Moringa\Module 5\Summative2\realwaste\realwaste-main\RealWaste\Vegetation\Vegetation_13.jpg,Vegetation,Vegetation_13.jpg
D:\Recovered Documents\Moringa\Module 5\Summative2\realwaste\realwaste-main\RealWaste\Vegetation\Vegetation_86.jpg,Vegetation,Vegetation_86.jpg
D:\Recovered Documents\Moringa\Module 5\Summative2\realwaste\realwaste-main\RealWaste\Vegetation\Vegetation_109.jpg,Vegetation,Vegetation_109.jpg
D:\Recovered Documents\Moringa\Module 5\Summative2\realwaste\realwaste-main\RealWaste\Miscellaneous Trash\Miscellaneous Trash_55.jpg,Miscellaneous Trash,Miscellaneous Trash_55.jpg
D:\Recovered Documents\Moringa\Module 5\Summative2\realwaste\realwaste-main\RealWaste\Food Organics\Food Organics_335.jpg,Food Organics,Food Organics_335.jpg
D:\Recovered Documents\Moringa\Module 5\Summative2\realwaste\realwaste-main\RealWaste\Textile Trash\Textile Trash_277.jpg,Textile Trash,Textile Trash_277.jpg
D:\Recovered Documents\Moringa\Module 5\Summative2\realwaste\realwaste-main\RealWaste\Vegetation\Vegetation_303.jpg,Vegetation,Vegetation_303.jpg
D:\Recovered Documents\Moringa\Module 5\Summative2\realwaste\realwaste-main\RealWaste\Glass\Glass_35.jpg,Glass,Glass_35.jpg
D:\Recovered Documents\Moringa\Module 5\Summative2\realwaste\realwaste-main\RealWaste\Metal\Metal_59.jpg,Metal,Metal_59.jpg
D:\Recovered Documents\Moringa\Module 5\Summative2\realwaste\realwaste-main\RealWaste\Glass\Glass_237.jpg,Glass,Glass_237.jpg
D:\Recovered Documents\Moringa\Module 5\Summative2\realwaste\realwaste-main\RealWaste\Textile Trash\Textile Trash_111.jpg,Textile Trash,Textile Trash_111.jpg
D:\Recovered Documents\Moringa\Module 5\Summative2\realwaste\realwaste-main\RealWaste\Glass\Glass_110.jpg,Glass,Glass_110.jpg
D:\Recovered Documents\Moringa\Module 5\Summative2\realwaste\realwaste-main\RealWaste\Miscellaneous Trash\Miscellaneous Trash_260.jpg,Miscellaneous Trash,Miscellaneous Trash_260.jpg
D:\Recovered Documents\Moringa\Module 5\Summative2\realwaste\realwaste-main\RealWaste\Miscellaneous Trash\Miscellaneous Trash_25.jpg,Miscellaneous Trash,Miscellaneous Trash_25.jpg
D:\Recovered Documents\Moringa\Module 5\Summative2\realwaste\realwaste-main\RealWaste\Cardboard\Cardboard_226.jpg,Cardboard,Cardboard_226.jpg
D:\Recovered Documents\Moringa\Module 5\Summative2\realwaste\realwaste-main\RealWaste\Miscellaneous Trash\Miscellaneous Trash_111.jpg,Miscellaneous Trash,Miscellaneous Trash_111.jpg
D:\Recovered Documents\Moringa\Module 5\Summative2\realwaste\realwaste-main\RealWaste\Glass\Glass_282.jpg,Glass,Glass_282.jpg
D:\Recovered Documents\Moringa\Module 5\Summative2\realwaste\realwaste-main\RealWaste\Plastic\Plastic_210.jpg,Plastic,Plastic_210.jpg
D:\Recovered Documents\Moringa\Module 5\Summative2\realwaste\realwaste-main\RealWaste\Metal\Metal_679.jpg,Metal,Metal_679.jpg
D:\Recovered Documents\Moringa\Module 5\Summative2\realwaste\realwaste-main\RealWaste\Cardboard\Cardboard_315.jpg,Cardboard,Cardboard_315.jpg
D:\Recovered Documents\Moringa\Module 5\Summative2\realwaste\realwaste-main\RealWaste\Miscellaneous Trash\Miscellaneous Trash_416.jpg,Miscellaneous Trash,Miscellaneous Trash_416.jpg
D:\Recovered Documents\Moringa\Module 5\Summative2\realwaste\realwaste-main\RealWaste\Food Organics\Food Organics_84.jpg,Food Organics,Food Organics_84.jpg
D:\Recovered Documents\Moringa\Module 5\Summative2\realwaste\realwaste-main\RealWaste\Cardboard\Cardboard_204.jpg,Cardboard,Cardboard_204.jpg
D:\Recovered Documents\Moringa\Module 5\Summative2\realwaste\realwaste-main\RealWaste\Miscellaneous Trash\Miscellaneous Trash_76.jpg,Miscellaneous Trash,Miscellaneous Trash_76.jpg
D:\Recovered Documents\Moringa\Module 5\Summative2\realwaste\realwaste-main\RealWaste\Paper\Paper_80.jpg,Paper,Paper_80.jpg
D:\Recovered Documents\Moringa\Module 5\Summative2\realwaste\realwaste-main\RealWaste\Metal\Metal_783.jpg,Metal,Metal_783.jpg
D:\Recovered Documents\Moringa\Module 5\Summative2\realwaste\realwaste-main\RealWaste\Paper\Paper_102.jpg,Paper,Paper_102.jpg
D:\Recovered Documents\Moringa\Module 5\Summative2\realwaste\realwaste-main\RealWaste\Metal\Metal_524.jpg,Metal,Metal_524.jpg
D:\Recovered Documents\Moringa\Module 5\Summative2\realwaste\realwaste-main\RealWaste\Food Organics\Food Organics_58.jpg,Food Organics,Food Organics_58.jpg
D:\Recovered Documents\Moringa\Module 5\Summative2\realwaste\realwaste-main\RealWaste\Paper\Paper_94.jpg,Paper,Paper_94.jpg
D:\Recovered Documents\Moringa\Module 5\Summative2\realwaste\realwaste-main\RealWaste\Food Organics\Food Organics_287.jpg,Food Organics,Food Organics_287.jpg
D:\Recovered Documents\Moringa\Module 5\Summative2\realwaste\realwaste-main\RealWaste\Plastic\Plastic_282.jpg,Plastic,Plastic_282.jpg
D:\Recovered Documents\Moringa\Module 5\Summative2\realwaste\realwaste-main\RealWaste\Plastic\Plastic_788.jpg,Plastic,Plastic_788.jpg
D:\Recovered Documents\Moringa\Module 5\Summative2\realwaste\realwaste-main\RealWaste\Cardboard\Cardboard_309.jpg,Cardboard,Cardboard_309.jpg
D:\Recovered Documents\Moringa\Module 5\Summative2\realwaste\realwaste-main\RealWaste\Plastic\Plastic_32.jpg,Plastic,Plastic_32.jpg
D:\Recovered Documents\Moringa\Module 5\Summative2\realwaste\realwaste-main\RealWaste\Food Organics\Food Organics_241.jpg,Food Organics,Food Organics_241.jpg
D:\Recovered Documents\Moringa\Module 5\Summative2\realwaste\realwaste-main\RealWaste\Plastic\Plastic_470.jpg,Plastic,Plastic_470.jpg
D:\Recovered Documents\Moringa\Module 5\Summative2\realwaste\realwaste-main\RealWaste\Vegetation\Vegetation_284.jpg,Vegetation,Vegetation_284.jpg
D:\Recovered Documents\Moringa\Module 5\Summative2\realwaste\realwaste-main\RealWaste\Miscellaneous Trash\Miscellaneous Trash_376.jpg,Miscellaneous Trash,Miscellaneous Trash_376.jpg
D:\Recovered Documents\Moringa\Module 5\Summative2\realwaste\realwaste-main\RealWaste\Textile Trash\Textile Trash_119.jpg,Textile Trash,Textile Trash_119.jpg
D:\Recovered Documents\Moringa\Module 5\Summative2\realwaste\realwaste-main\RealWaste\Glass\Glass_353.jpg,Glass,Glass_353.jpg
D:\Recovered Documents\Moringa\Module 5\Summative2\realwaste\realwaste-main\RealWaste\Glass\Glass_146.jpg,Glass,Glass_146.jpg
D:\Recovered Documents\Moringa\Module 5\Summative2\realwaste\realwaste-main\RealWaste\Plastic\Plastic_187.jpg,Plastic,Plastic_187.jpg
D:\Recovered Documents\Moringa\Module 5\Summative2\realwaste\realwaste-main\RealWaste\Paper\Paper_181.jpg,Paper,Paper_181.jpg
D:\Recovered Documents\Moringa\Module 5\Summative2\realwaste\realwaste-main\RealWaste\Metal\Metal_142.jpg,Metal,Metal_142.jpg
D:\Recovered Documents\Moringa\Module 5\Summative2\realwaste\realwaste-main\RealWaste\Cardboard\Cardboard_252.jpg,Cardboard,Cardboard_252.jpg
D:\Recovered Documents\Moringa\Module 5\Summative2\realwaste\realwaste-main\RealWaste\Metal\Metal_459.jpg,Metal,Metal_459.jpg
D:\Recovered Documents\Moringa\Module 5\Summative2\realwaste\realwaste-main\RealWaste\Food Organics\Food Organics_82.jpg,Food Organics,Food Organics_82.jpg
D:\Recovered Documents\Moringa\Module 5\Summative2\realwaste\realwaste-main\RealWaste\Paper\Paper_239.jpg,Paper,Paper_239.jpg
D:\Recovered Documents\Moringa\Module 5\Summative2\realwaste\realwaste-main\RealWaste\Glass\Glass_4.jpg,Glass,Glass_4.jpg
D:\Recovered Documents\Moringa\Module 5\Summative2\realwaste\realwaste-main\RealWaste\Metal\Metal_209.jpg,Metal,Metal_209.jpg
D:\Recovered Documents\Moringa\Module 5\Summative2\realwaste\realwaste-main\RealWaste\Glass\Glass_99.jpg,Glass,Glass_99.jpg
D:\Recovered Documents\Moringa\Module 5\Summative2\realwaste\realwaste-main\RealWaste\Miscellaneous Trash\Miscellaneous Trash_164.jpg,Miscellaneous Trash,Miscellaneous Trash_164.jpg
D:\Recovered Documents\Moringa\Module 5\Summative2\realwaste\realwaste-main\RealWaste\Food Organics\Food Organics_399.jpg,Food Organics,Food Organics_399.jpg
D:\Recovered Documents\Moringa\Module 5\Summative2\realwaste\realwaste-main\RealWaste\Textile Trash\Textile Trash_219.jpg,Textile Trash,Textile Trash_219.jpg
D:\Recovered Documents\Moringa\Module 5\Summative2\realwaste\realwaste-main\RealWaste\Miscellaneous Trash\Miscellaneous Trash_156.jpg,Miscellaneous Trash,Miscellaneous Trash_156.jpg
D:\Recovered Documents\Moringa\Module 5\Summative2\realwaste\realwaste-main\RealWaste\Metal\Metal_26.jpg,Metal,Metal_26.jpg
D:\Recovered Documents\Moringa\Module 5\Summative2\realwaste\realwaste-main\RealWaste\Paper\Paper_427.jpg,Paper,Paper_427.jpg
D:\Recovered Documents\Moringa\Module 5\Summative2\realwaste\realwaste-main\RealWaste\Plastic\Plastic_728.jpg,Plastic,Plastic_728.jpg
D:\Recovered Documents\Moringa\Module 5\Summative2\realwaste\realwaste-main\RealWaste\Paper\Paper_42.jpg,Paper,Paper_42.jpg
D:\Recovered Documents\Moringa\Module 5\Summative2\realwaste\realwaste-main\RealWaste\Cardboard\Cardboard_276.jpg,Cardboard,Cardboard_276.jpg
D:\Recovered Documents\Moringa\Module 5\Summative2\realwaste\realwaste-main\RealWaste\Plastic\Plastic_909.jpg,Plastic,Plastic_909.jpg
D:\Recovered Documents\Moringa\Module 5\Summative2\realwaste\realwaste-main\RealWaste\Plastic\Plastic_884.jpg,Plastic,Plastic_884.jpg
D:\Recovered Documents\Moringa\Module 5\Summative2\realwaste\realwaste-main\RealWaste\Plastic\Plastic_149.jpg,Plastic,Plastic_149.jpg
D:\Recovered Documents\Moringa\Module 5\Summative2\realwaste\realwaste-main\RealWaste\Plastic\Plastic_415.jpg,Plastic,Plastic_415.jpg
D:\Recovered Documents\Moringa\Module 5\Summative2\realwaste\realwaste-main\RealWaste\Vegetation\Vegetation_375.jpg,Vegetation,Vegetation_375.jpg
D:\Recovered Documents\Moringa\Module 5\Summative2\realwaste\realwaste-main\RealWaste\Glass\Glass_139.jpg,Glass,Glass_139.jpg
D:\Recovered Documents\Moringa\Module 5\Summative2\realwaste\realwaste-main\RealWaste\Plastic\Plastic_36.jpg,Plastic,Plastic_36.jpg
D:\Recovered Documents\Moringa\Module 5\Summative2\realwaste\realwaste-main\RealWaste\Textile Trash\Textile Trash_117.jpg,Textile Trash,Textile Trash_117.jpg
D:\Recovered Documents\Moringa\Module 5\Summative2\realwaste\realwaste-main\RealWaste\Metal\Metal_626.jpg,Metal,Metal_626.jpg
D:\Recovered Documents\Moringa\Module 5\Summative2\realwaste\realwaste-main\RealWaste\Miscellaneous Trash\Miscellaneous Trash_47.jpg,Miscellaneous Trash,Miscellaneous Trash_47.jpg
D:\Recovered Documents\Moringa\Module 5\Summative2\realwaste\realwaste-main\RealWaste\Vegetation\Vegetation_258.jpg,Vegetation,Vegetation_258.jpg
D:\Recovered Documents\Moringa\Module 5\Summative2\realwaste\realwaste-main\RealWaste\Miscellaneous Trash\Miscellaneous Trash_453.jpg,Miscellaneous Trash,Miscellaneous Trash_453.jpg
D:\Recovered Documents\Moringa\Module 5\Summative2\realwaste\realwaste-main\RealWaste\Cardboard\Cardboard_87.jpg,Cardboard,Cardboard_87.jpg
D:\Recovered Documents\Moringa\Module 5\Summative2\realwaste\realwaste-main\RealWaste\Cardboard\Cardboard_246.jpg,Cardboard,Cardboard_246.jpg
D:\Recovered Documents\Moringa\Module 5\Summative2\realwaste\realwaste-main\RealWaste\Plastic\Plastic_648.jpg,Plastic,Plastic_648.jpg
D:\Recovered Documents\Moringa\Module 5\Summative2\realwaste\realwaste-main\RealWaste\Metal\Metal_132.jpg,Metal,Metal_132.jpg
D:\Recovered Documents\Moringa\Module 5\Summative2\realwaste\realwaste-main\RealWaste\Plastic\Plastic_905.jpg,Plastic,Plastic_905.jpg
D:\Recovered Documents\Moringa\Module 5\Summative2\realwaste\realwaste-main\RealWaste\Miscellaneous Trash\Miscellaneous Trash_75.jpg,Miscellaneous Trash,Miscellaneous Trash_75.jpg
D:\Recovered Documents\Moringa\Module 5\Summative2\realwaste\realwaste-main\RealWaste\Textile Trash\Textile Trash_17.jpg,Textile Trash,Textile Trash_17.jpg
D:\Recovered Documents\Moringa\Module 5\Summative2\realwaste\realwaste-main\RealWaste\Metal\Metal_639.jpg,Metal,Metal_639.jpg
D:\Recovered Documents\Moringa\Module 5\Summative2\realwaste\realwaste-main\RealWaste\Miscellaneous Trash\Miscellaneous Trash_124.jpg,Miscellaneous Trash,Miscellaneous Trash_124.jpg
D:\Recovered Documents\Moringa\Module 5\Summative2\realwaste\realwaste-main\RealWaste\Paper\Paper_226.jpg,Paper,Paper_226.jpg
D:\Recovered Documents\Moringa\Module 5\Summative2\realwaste\realwaste-main\RealWaste\Cardboard\Cardboard_431.jpg,Cardboard,Cardboard_431.jpg
D:\Recovered Documents\Moringa\Module 5\Summative2\realwaste\realwaste-main\RealWaste\Miscellaneous Trash\Miscellaneous Trash_486.jpg,Miscellaneous Trash,Miscellaneous Trash_486.jpg
D:\Recovered Documents\Moringa\Module 5\Summative2\realwaste\realwaste-main\RealWaste\Cardboard\Cardboard_260.jpg,Cardboard,Cardboard_260.jpg
D:\Recovered Documents\Moringa\Module 5\Summative2\realwaste\realwaste-main\RealWaste\Paper\Paper_79.jpg,Paper,Paper_79.jpg
D:\Recovered Documents\Moringa\Module 5\Summative2\realwaste\realwaste-main\RealWaste\Plastic\Plastic_186.jpg,Plastic,Plastic_186.jpg
D:\Recovered Documents\Moringa\Module 5\Summative2\realwaste\realwaste-main\RealWaste\Metal\Metal_549.jpg,Metal,Metal_549.jpg
D:\Recovered Documents\Moringa\Module 5\Summative2\realwaste\realwaste-main\RealWaste\Miscellaneous Trash\Miscellaneous Trash_333.jpg,Miscellaneous Trash,Miscellaneous Trash_333.jpg
D:\Recovered Documents\Moringa\Module 5\Summative2\realwaste\realwaste-main\RealWaste\Metal\Metal_249.jpg,Metal,Metal_249.jpg
D:\Recovered Documents\Moringa\Module 5\Summative2\realwaste\realwaste-main\RealWaste\Metal\Metal_683.jpg,Metal,Metal_683.jpg
D:\Recovered Documents\Moringa\Module 5\Summative2\realwaste\realwaste-main\RealWaste\Metal\Metal_248.jpg,Metal,Metal_248.jpg
D:\Recovered Documents\Moringa\Module 5\Summative2\realwaste\realwaste-main\RealWaste\Paper\Paper_335.jpg,Paper,Paper_335.jpg
D:\Recovered Documents\Moringa\Module 5\Summative2\realwaste\realwaste-main\RealWaste\Glass\Glass_355.jpg,Glass,Glass_355.jpg
D:\Recovered Documents\Moringa\Module 5\Summative2\realwaste\realwaste-main\RealWaste\Textile Trash\Textile Trash_109.jpg,Textile Trash,Textile Trash_109.jpg
D:\Recovered Documents\Moringa\Module 5\Summative2\realwaste\realwaste-main\RealWaste\Paper\Paper_229.jpg,Paper,Paper_229.jpg
D:\Recovered Documents\Moringa\Module 5\Summative2\realwaste\realwaste-main\RealWaste\Plastic\Plastic_117.jpg,Plastic,Plastic_117.jpg
D:\Recovered Documents\Moringa\Module 5\Summative2\realwaste\realwaste-main\RealWaste\Textile Trash\Textile Trash_180.jpg,Textile Trash,Textile Trash_180.jpg
D:\Recovered Documents\Moringa\Module 5\Summative2\realwaste\realwaste-main\RealWaste\Plastic\Plastic_550.jpg,Plastic,Plastic_550.jpg
D:\Recovered Documents\Moringa\Module 5\Summative2\realwaste\realwaste-main\RealWaste\Plastic\Plastic_216.jpg,Plastic,Plastic_216.jpg
D:\Recovered Documents\Moringa\Module 5\Summative2\realwaste\realwaste-main\RealWaste\Cardboard\Cardboard_131.jpg,Cardboard,Cardboard_131.jpg
D:\Recovered Documents\Moringa\Module 5\Summative2\realwaste\realwaste-main\RealWaste\Paper\Paper_447.jpg,Paper,Paper_447.jpg
D:\Recovered Documents\Moringa\Module 5\Summative2\realwaste\realwaste-main\RealWaste\Vegetation\Vegetation_143.jpg,Vegetation,Vegetation_143.jpg
D:\Recovered Documents\Moringa\Module 5\Summative2\realwaste\realwaste-main\RealWaste\Textile Trash\Textile Trash_150.jpg,Textile Trash,Textile Trash_150.jpg
D:\Recovered Documents\Moringa\Module 5\Summative2\realwaste\realwaste-main\RealWaste\Cardboard\Cardboard_17.jpg,Cardboard,Cardboard_17.jpg
D:\Recovered Documents\Moringa\Module 5\Summative2\realwaste\realwaste-main\RealWaste\Cardboard\Cardboard_335.jpg,Cardboard,Cardboard_335.jpg
D:\Recovered Documents\Moringa\Module 5\Summative2\realwaste\realwaste-main\RealWaste\Textile Trash\Textile Trash_108.jpg,Textile Trash,Textile Trash_108.jpg
D:\Recovered Documents\Moringa\Module 5\Summative2\realwaste\realwaste-main\RealWaste\Metal\Metal_785.jpg,Metal,Metal_785.jpg
D:\Recovered Documents\Moringa\Module 5\Summative2\realwaste\realwaste-main\RealWaste\Plastic\Plastic_287.jpg,Plastic,Plastic_287.jpg
D:\Recovered Documents\Moringa\Module 5\Summative2\realwaste\realwaste-main\RealWaste\Metal\Metal_741.jpg,Metal,Metal_741.jpg
D:\Recovered Documents\Moringa\Module 5\Summative2\realwaste\realwaste-main\RealWaste\Food Organics\Food Organics_127.jpg,Food Organics,Food Organics_127.jpg
D:\Recovered Documents\Moringa\Module 5\Summative2\realwaste\realwaste-main\RealWaste\Plastic\Plastic_313.jpg,Plastic,Plastic_313.jpg
D:\Recovered Documents\Moringa\Module 5\Summative2\realwaste\realwaste-main\RealWaste\Miscellaneous Trash\Miscellaneous Trash_192.jpg,Miscellaneous Trash,Miscellaneous Trash_192.jpg
D:\Recovered Documents\Moringa\Module 5\Summative2\realwaste\realwaste-main\RealWaste\Glass\Glass_396.jpg,Glass,Glass_396.jpg
D:\Recovered Documents\Moringa\Module 5\Summative2\realwaste\realwaste-main\RealWaste\Metal\Metal_739.jpg,Metal,Metal_739.jpg
D:\Recovered Documents\Moringa\Module 5\Summative2\realwaste\realwaste-main\RealWaste\Vegetation\Vegetation_377.jpg,Vegetation,Vegetation_377.jpg
D:\Recovered Documents\Moringa\Module 5\Summative2\realwaste\realwaste-main\RealWaste\Vegetation\Vegetation_314.jpg,Vegetation,Vegetation_314.jpg
D:\Recovered Documents\Moringa\Module 5\Summative2\realwaste\realwaste-main\RealWaste\Cardboard\Cardboard_170.jpg,Cardboard,Cardboard_170.jpg
D:\Recovered Documents\Moringa\Module 5\Summative2\realwaste\realwaste-main\RealWaste\Plastic\Plastic_400.jpg,Plastic,Plastic_400.jpg
D:\Recovered Documents\Moringa\Module 5\Summative2\realwaste\realwaste-main\RealWaste\Textile Trash\Textile Trash_292.jpg,Textile Trash,Textile Trash_292.jpg
D:\Recovered Documents\Moringa\Module 5\Summative2\realwaste\realwaste-main\RealWaste\Glass\Glass_59.jpg,Glass,Glass_59.jpg
D:\Recovered Documents\Moringa\Module 5\Summative2\realwaste\realwaste-main\RealWaste\Miscellaneous Trash\Miscellaneous Trash_270.jpg,Miscellaneous Trash,Miscellaneous Trash_270.jpg
D:\Recovered Documents\Moringa\Module 5\Summative2\realwaste\realwaste-main\RealWaste\Textile Trash\Textile Trash_198.jpg,Textile Trash,Textile Trash_198.jpg
D:\Recovered Documents\Moringa\Module 5\Summative2\realwaste\realwaste-main\RealWaste\Paper\Paper_368.jpg,Paper,Paper_368.jpg
D:\Recovered Documents\Moringa\Module 5\Summative2\realwaste\realwaste-main\RealWaste\Metal\Metal_57.jpg,Metal,Metal_57.jpg
D:\Recovered Documents\Moringa\Module 5\Summative2\realwaste\realwaste-main\RealWaste\Vegetation\Vegetation_295.jpg,Vegetation,Vegetation_295.jpg
D:\Recovered Documents\Moringa\Module 5\Summative2\realwaste\realwaste-main\RealWaste\Metal\Metal_181.jpg,Metal,Metal_181.jpg
D:\Recovered Documents\Moringa\Module 5\Summative2\realwaste\realwaste-main\RealWaste\Metal\Metal_192.jpg,Metal,Metal_192.jpg
D:\Recovered Documents\Moringa\Module 5\Summative2\realwaste\realwaste-main\RealWaste\Metal\Metal_155.jpg,Metal,Metal_155.jpg
D:\Recovered Documents\Moringa\Module 5\Summative2\realwaste\realwaste-main\RealWaste\Food Organics\Food Organics_351.jpg,Food Organics,Food Organics_351.jpg
D:\Recovered Documents\Moringa\Module 5\Summative2\realwaste\realwaste-main\RealWaste\Glass\Glass_157.jpg,Glass,Glass_157.jpg
D:\Recovered Documents\Moringa\Module 5\Summative2\realwaste\realwaste-main\RealWaste\Metal\Metal_690.jpg,Metal,Metal_690.jpg
D:\Recovered Documents\Moringa\Module 5\Summative2\realwaste\realwaste-main\RealWaste\Vegetation\Vegetation_254.jpg,Vegetation,Vegetation_254.jpg
D:\Recovered Documents\Moringa\Module 5\Summative2\realwaste\realwaste-main\RealWaste\Glass\Glass_372.jpg,Glass,Glass_372.jpg
D:\Recovered Documents\Moringa\Module 5\Summative2\realwaste\realwaste-main\RealWaste\Cardboard\Cardboard_161.jpg,Cardboard,Cardboard_161.jpg
D:\Recovered Documents\Moringa\Module 5\Summative2\realwaste\realwaste-main\RealWaste\Plastic\Plastic_129.jpg,Plastic,Plastic_129.jpg
D:\Recovered Documents\Moringa\Module 5\Summative2\realwaste\realwaste-main\RealWaste\Plastic\Plastic_198.jpg,Plastic,Plastic_198.jpg
D:\Recovered Documents\Moringa\Module 5\Summative2\realwaste\realwaste-main\RealWaste\Paper\Paper_468.jpg,Paper,Paper_468.jpg
D:\Recovered Documents\Moringa\Module 5\Summative2\realwaste\realwaste-main\RealWaste\Miscellaneous Trash\Miscellaneous Trash_224.jpg,Miscellaneous Trash,Miscellaneous Trash_224.jpg
D:\Recovered Documents\Moringa\Module 5\Summative2\realwaste\realwaste-main\RealWaste\Glass\Glass_319.jpg,Glass,Glass_319.jpg
D:\Recovered Documents\Moringa\Module 5\Summative2\realwaste\realwaste-main\RealWaste\Metal\Metal_500.jpg,Metal,Metal_500.jpg
D:\Recovered Documents\Moringa\Module 5\Summative2\realwaste\realwaste-main\RealWaste\Plastic\Plastic_275.jpg,Plastic,Plastic_275.jpg
D:\Recovered Documents\Moringa\Module 5\Summative2\realwaste\realwaste-main\RealWaste\Metal\Metal_750.jpg,Metal,Metal_750.jpg
D:\Recovered Documents\Moringa\Module 5\Summative2\realwaste\realwaste-main\RealWaste\Miscellaneous Trash\Miscellaneous Trash_114.jpg,Miscellaneous Trash,Miscellaneous Trash_114.jpg
D:\Recovered Documents\Moringa\Module 5\Summative2\realwaste\realwaste-main\RealWaste\Paper\Paper_320.jpg,Paper,Paper_320.jpg
D:\Recovered Documents\Moringa\Module 5\Summative2\realwaste\realwaste-main\RealWaste\Paper\Paper_316.jpg,Paper,Paper_316.jpg
D:\Recovered Documents\Moringa\Module 5\Summative2\realwaste\realwaste-main\RealWaste\Vegetation\Vegetation_108.jpg,Vegetation,Vegetation_108.jpg
D:\Recovered Documents\Moringa\Module 5\Summative2\realwaste\realwaste-main\RealWaste\Plastic\Plastic_132.jpg,Plastic,Plastic_132.jpg
D:\Recovered Documents\Moringa\Module 5\Summative2\realwaste\realwaste-main\RealWaste\Metal\Metal_78.jpg,Metal,Metal_78.jpg
D:\Recovered Documents\Moringa\Module 5\Summative2\realwaste\realwaste-main\RealWaste\Metal\Metal_717.jpg,Metal,Metal_717.jpg
D:\Recovered Documents\Moringa\Module 5\Summative2\realwaste\realwaste-main\RealWaste\Food Organics\Food Organics_303.jpg,Food Organics,Food Organics_303.jpg
D:\Recovered Documents\Moringa\Module 5\Summative2\realwaste\realwaste-main\RealWaste\Plastic\Plastic_817.jpg,Plastic,Plastic_817.jpg
D:\Recovered Documents\Moringa\Module 5\Summative2\realwaste\realwaste-main\RealWaste\Plastic\Plastic_775.jpg,Plastic,Plastic_775.jpg
D:\Recovered Documents\Moringa\Module 5\Summative2\realwaste\realwaste-main\RealWaste\Paper\Paper_303.jpg,Paper,Paper_303.jpg
D:\Recovered Documents\Moringa\Module 5\Summative2\realwaste\realwaste-main\RealWaste\Paper\Paper_461.jpg,Paper,Paper_461.jpg
D:\Recovered Documents\Moringa\Module 5\Summative2\realwaste\realwaste-main\RealWaste\Cardboard\Cardboard_91.jpg,Cardboard,Cardboard_91.jpg
D:\Recovered Documents\Moringa\Module 5\Summative2\realwaste\realwaste-main\RealWaste\Cardboard\Cardboard_68.jpg,Cardboard,Cardboard_68.jpg
D:\Recovered Documents\Moringa\Module 5\Summative2\realwaste\realwaste-main\RealWaste\Textile Trash\Textile Trash_44.jpg,Textile Trash,Textile Trash_44.jpg
D:\Recovered Documents\Moringa\Module 5\Summative2\realwaste\realwaste-main\RealWaste\Paper\Paper_286.jpg,Paper,Paper_286.jpg
D:\Recovered Documents\Moringa\Module 5\Summative2\realwaste\realwaste-main\RealWaste\Plastic\Plastic_881.jpg,Plastic,Plastic_881.jpg
D:\Recovered Documents\Moringa\Module 5\Summative2\realwaste\realwaste-main\RealWaste\Vegetation\Vegetation_139.jpg,Vegetation,Vegetation_139.jpg
D:\Recovered Documents\Moringa\Module 5\Summative2\realwaste\realwaste-main\RealWaste\Paper\Paper_28.jpg,Paper,Paper_28.jpg
D:\Recovered Documents\Moringa\Module 5\Summative2\realwaste\realwaste-main\RealWaste\Metal\Metal_299.jpg,Metal,Metal_299.jpg
D:\Recovered Documents\Moringa\Module 5\Summative2\realwaste\realwaste-main\RealWaste\Paper\Paper_464.jpg,Paper,Paper_464.jpg
D:\Recovered Documents\Moringa\Module 5\Summative2\realwaste\realwaste-main\RealWaste\Cardboard\Cardboard_382.jpg,Cardboard,Cardboard_382.jpg
D:\Recovered Documents\Moringa\Module 5\Summative2\realwaste\realwaste-main\RealWaste\Metal\Metal_614.jpg,Metal,Metal_614.jpg
D:\Recovered Documents\Moringa\Module 5\Summative2\realwaste\realwaste-main\RealWaste\Glass\Glass_266.jpg,Glass,Glass_266.jpg
D:\Recovered Documents\Moringa\Module 5\Summative2\realwaste\realwaste-main\RealWaste\Cardboard\Cardboard_61.jpg,Cardboard,Cardboard_61.jpg
D:\Recovered Documents\Moringa\Module 5\Summative2\realwaste\realwaste-main\RealWaste\Glass\Glass_298.jpg,Glass,Glass_298.jpg
D:\Recovered Documents\Moringa\Module 5\Summative2\realwaste\realwaste-main\RealWaste\Metal\Metal_418.jpg,Metal,Metal_418.jpg
D:\Recovered Documents\Moringa\Module 5\Summative2\realwaste\realwaste-main\RealWaste\Plastic\Plastic_336.jpg,Plastic,Plastic_336.jpg
D:\Recovered Documents\Moringa\Module 5\Summative2\realwaste\realwaste-main\RealWaste\Glass\Glass_246.jpg,Glass,Glass_246.jpg
D:\Recovered Documents\Moringa\Module 5\Summative2\realwaste\realwaste-main\RealWaste\Metal\Metal_457.jpg,Metal,Metal_457.jpg
D:\Recovered Documents\Moringa\Module 5\Summative2\realwaste\realwaste-main\RealWaste\Glass\Glass_388.jpg,Glass,Glass_388.jpg
D:\Recovered Documents\Moringa\Module 5\Summative2\realwaste\realwaste-main\RealWaste\Cardboard\Cardboard_334.jpg,Cardboard,Cardboard_334.jpg
D:\Recovered Documents\Moringa\Module 5\Summative2\realwaste\realwaste-main\RealWaste\Cardboard\Cardboard_184.jpg,Cardboard,Cardboard_184.jpg
D:\Recovered Documents\Moringa\Module 5\Summative2\realwaste\realwaste-main\RealWaste\Paper\Paper_336.jpg,Paper,Paper_336.jpg
D:\Recovered Documents\Moringa\Module 5\Summative2\realwaste\realwaste-main\RealWaste\Food Organics\Food Organics_319.jpg,Food Organics,Food Organics_319.jpg
D:\Recovered Documents\Moringa\Module 5\Summative2\realwaste\realwaste-main\RealWaste\Paper\Paper_108.jpg,Paper,Paper_108.jpg
D:\Recovered Documents\Moringa\Module 5\Summative2\realwaste\realwaste-main\RealWaste\Paper\Paper_142.jpg,Paper,Paper_142.jpg
D:\Recovered Documents\Moringa\Module 5\Summative2\realwaste\realwaste-main\RealWaste\Cardboard\Cardboard_355.jpg,Cardboard,Cardboard_355.jpg
D:\Recovered Documents\Moringa\Module 5\Summative2\realwaste\realwaste-main\RealWaste\Vegetation\Vegetation_203.jpg,Vegetation,Vegetation_203.jpg
D:\Recovered Documents\Moringa\Module 5\Summative2\realwaste\realwaste-main\RealWaste\Food Organics\Food Organics_217.jpg,Food Organics,Food Organics_217.jpg
D:\Recovered Documents\Moringa\Module 5\Summative2\realwaste\realwaste-main\RealWaste\Paper\Paper_348.jpg,Paper,Paper_348.jpg
D:\Recovered Documents\Moringa\Module 5\Summative2\realwaste\realwaste-main\RealWaste\Paper\Paper_150.jpg,Paper,Paper_150.jpg
D:\Recovered Documents\Moringa\Module 5\Summative2\realwaste\realwaste-main\RealWaste\Plastic\Plastic_380.jpg,Plastic,Plastic_380.jpg
D:\Recovered Documents\Moringa\Module 5\Summative2\realwaste\realwaste-main\RealWaste\Glass\Glass_415.jpg,Glass,Glass_415.jpg
D:\Recovered Documents\Moringa\Module 5\Summative2\realwaste\realwaste-main\RealWaste\Food Organics\Food Organics_279.jpg,Food Organics,Food Organics_279.jpg
D:\Recovered Documents\Moringa\Module 5\Summative2\realwaste\realwaste-main\RealWaste\Textile Trash\Textile Trash_256.jpg,Textile Trash,Textile Trash_256.jpg
D:\Recovered Documents\Moringa\Module 5\Summative2\realwaste\realwaste-main\RealWaste\Metal\Metal_445.jpg,Metal,Metal_445.jpg
D:\Recovered Documents\Moringa\Module 5\Summative2\realwaste\realwaste-main\RealWaste\Plastic\Plastic_499.jpg,Plastic,Plastic_499.jpg
D:\Recovered Documents\Moringa\Module 5\Summative2\realwaste\realwaste-main\RealWaste\Cardboard\Cardboard_218.jpg,Cardboard,Cardboard_218.jpg
D:\Recovered Documents\Moringa\Module 5\Summative2\realwaste\realwaste-main\RealWaste\Vegetation\Vegetation_391.jpg,Vegetation,Vegetation_391.jpg
D:\Recovered Documents\Moringa\Module 5\Summative2\realwaste\realwaste-main\RealWaste\Glass\Glass_203.jpg,Glass,Glass_203.jpg
D:\Recovered Documents\Moringa\Module 5\Summative2\realwaste\realwaste-main\RealWaste\Paper\Paper_301.jpg,Paper,Paper_301.jpg
D:\Recovered Documents\Moringa\Module 5\Summative2\realwaste\realwaste-main\RealWaste\Plastic\Plastic_844.jpg,Plastic,Plastic_844.jpg
D:\Recovered Documents\Moringa\Module 5\Summative2\realwaste\realwaste-main\RealWaste\Plastic\Plastic_222.jpg,Plastic,Plastic_222.jpg
D:\Recovered Documents\Moringa\Module 5\Summative2\realwaste\realwaste-main\RealWaste\Metal\Metal_5.jpg,Metal,Metal_5.jpg
D:\Recovered Documents\Moringa\Module 5\Summative2\realwaste\realwaste-main\RealWaste\Paper\Paper_318.jpg,Paper,Paper_318.jpg
D:\Recovered Documents\Moringa\Module 5\Summative2\realwaste\realwaste-main\RealWaste\Miscellaneous Trash\Miscellaneous Trash_33.jpg,Miscellaneous Trash,Miscellaneous Trash_33.jpg
D:\Recovered Documents\Moringa\Module 5\Summative2\realwaste\realwaste-main\RealWaste\Food Organics\Food Organics_14.jpg,Food Organics,Food Organics_14.jpg
D:\Recovered Documents\Moringa\Module 5\Summative2\realwaste\realwaste-main\RealWaste\Paper\Paper_135.jpg,Paper,Paper_135.jpg
D:\Recovered Documents\Moringa\Module 5\Summative2\realwaste\realwaste-main\RealWaste\Metal\Metal_292.jpg,Metal,Metal_292.jpg
D:\Recovered Documents\Moringa\Module 5\Summative2\realwaste\realwaste-main\RealWaste\Textile Trash\Textile Trash_55.jpg,Textile Trash,Textile Trash_55.jpg
D:\Recovered Documents\Moringa\Module 5\Summative2\realwaste\realwaste-main\RealWaste\Vegetation\Vegetation_427.jpg,Vegetation,Vegetation_427.jpg
D:\Recovered Documents\Moringa\Module 5\Summative2\realwaste\realwaste-main\RealWaste\Vegetation\Vegetation_157.jpg,Vegetation,Vegetation_157.jpg
D:\Recovered Documents\Moringa\Module 5\Summative2\realwaste\realwaste-main\RealWaste\Miscellaneous Trash\Miscellaneous Trash_213.jpg,Miscellaneous Trash,Miscellaneous Trash_213.jpg
D:\Recovered Documents\Moringa\Module 5\Summative2\realwaste\realwaste-main\RealWaste\Metal\Metal_441.jpg,Metal,Metal_441.jpg
D:\Recovered Documents\Moringa\Module 5\Summative2\realwaste\realwaste-main\RealWaste\Plastic\Plastic_630.jpg,Plastic,Plastic_630.jpg
D:\Recovered Documents\Moringa\Module 5\Summative2\realwaste\realwaste-main\RealWaste\Plastic\Plastic_383.jpg,Plastic,Plastic_383.jpg
D:\Recovered Documents\Moringa\Module 5\Summative2\realwaste\realwaste-main\RealWaste\Plastic\Plastic_450.jpg,Plastic,Plastic_450.jpg
D:\Recovered Documents\Moringa\Module 5\Summative2\realwaste\realwaste-main\RealWaste\Glass\Glass_210.jpg,Glass,Glass_210.jpg
D:\Recovered Documents\Moringa\Module 5\Summative2\realwaste\realwaste-main\RealWaste\Plastic\Plastic_592.jpg,Plastic,Plastic_592.jpg
D:\Recovered Documents\Moringa\Module 5\Summative2\realwaste\realwaste-main\RealWaste\Metal\Metal_41.jpg,Metal,Metal_41.jpg
D:\Recovered Documents\Moringa\Module 5\Summative2\realwaste\realwaste-main\RealWaste\Textile Trash\Textile Trash_243.jpg,Textile Trash,Textile Trash_243.jpg
D:\Recovered Documents\Moringa\Module 5\Summative2\realwaste\realwaste-main\RealWaste\Plastic\Plastic_230.jpg,Plastic,Plastic_230.jpg
D:\Recovered Documents\Moringa\Module 5\Summative2\realwaste\realwaste-main\RealWaste\Miscellaneous Trash\Miscellaneous Trash_92.jpg,Miscellaneous Trash,Miscellaneous Trash_92.jpg
D:\Recovered Documents\Moringa\Module 5\Summative2\realwaste\realwaste-main\RealWaste\Food Organics\Food Organics_103.jpg,Food Organics,Food Organics_103.jpg
D:\Recovered Documents\Moringa\Module 5\Summative2\realwaste\realwaste-main\RealWaste\Metal\Metal_688.jpg,Metal,Metal_688.jpg
D:\Recovered Documents\Moringa\Module 5\Summative2\realwaste\realwaste-main\RealWaste\Paper\Paper_159.jpg,Paper,Paper_159.jpg
D:\Recovered Documents\Moringa\Module 5\Summative2\realwaste\realwaste-main\RealWaste\Plastic\Plastic_285.jpg,Plastic,Plastic_285.jpg
D:\Recovered Documents\Moringa\Module 5\Summative2\realwaste\realwaste-main\RealWaste\Cardboard\Cardboard_52.jpg,Cardboard,Cardboard_52.jpg
D:\Recovered Documents\Moringa\Module 5\Summative2\realwaste\realwaste-main\RealWaste\Textile Trash\Textile Trash_142.jpg,Textile Trash,Textile Trash_142.jpg
D:\Recovered Documents\Moringa\Module 5\Summative2\realwaste\realwaste-main\RealWaste\Metal\Metal_360.jpg,Metal,Metal_360.jpg
D:\Recovered Documents\Moringa\Module 5\Summative2\realwaste\realwaste-main\RealWaste\Miscellaneous Trash\Miscellaneous Trash_494.jpg,Miscellaneous Trash,Miscellaneous Trash_494.jpg
D:\Recovered Documents\Moringa\Module 5\Summative2\realwaste\realwaste-main\RealWaste\Paper\Paper_324.jpg,Paper,Paper_324.jpg
D:\Recovered Documents\Moringa\Module 5\Summative2\realwaste\realwaste-main\RealWaste\Metal\Metal_520.jpg,Metal,Metal_520.jpg
D:\Recovered Documents\Moringa\Module 5\Summative2\realwaste\realwaste-main\RealWaste\Plastic\Plastic_472.jpg,Plastic,Plastic_472.jpg
D:\Recovered Documents\Moringa\Module 5\Summative2\realwaste\realwaste-main\RealWaste\Metal\Metal_314.jpg,Metal,Metal_314.jpg
D:\Recovered Documents\Moringa\Module 5\Summative2\realwaste\realwaste-main\RealWaste\Metal\Metal_624.jpg,Metal,Metal_624.jpg
D:\Recovered Documents\Moringa\Module 5\Summative2\realwaste\realwaste-main\RealWaste\Metal\Metal_530.jpg,Metal,Metal_530.jpg
D:\Recovered Documents\Moringa\Module 5\Summative2\realwaste\realwaste-main\RealWaste\Metal\Metal_27.jpg,Metal,Metal_27.jpg
D:\Recovered Documents\Moringa\Module 5\Summative2\realwaste\realwaste-main\RealWaste\Vegetation\Vegetation_5.jpg,Vegetation,Vegetation_5.jpg
D:\Recovered Documents\Moringa\Module 5\Summative2\realwaste\realwaste-main\RealWaste\Metal\Metal_363.jpg,Metal,Metal_363.jpg
D:\Recovered Documents\Moringa\Module 5\Summative2\realwaste\realwaste-main\RealWaste\Plastic\Plastic_865.jpg,Plastic,Plastic_865.jpg
D:\Recovered Documents\Moringa\Module 5\Summative2\realwaste\realwaste-main\RealWaste\Miscellaneous Trash\Miscellaneous Trash_292.jpg,Miscellaneous Trash,Miscellaneous Trash_292.jpg
D:\Recovered Documents\Moringa\Module 5\Summative2\realwaste\realwaste-main\RealWaste\Glass\Glass_305.jpg,Glass,Glass_305.jpg
D:\Recovered Documents\Moringa\Module 5\Summative2\realwaste\realwaste-main\RealWaste\Metal\Metal_727.jpg,Metal,Metal_727.jpg
D:\Recovered Documents\Moringa\Module 5\Summative2\realwaste\realwaste-main\RealWaste\Metal\Metal_96.jpg,Metal,Metal_96.jpg
D:\Recovered Documents\Moringa\Module 5\Summative2\realwaste\realwaste-main\RealWaste\Plastic\Plastic_656.jpg,Plastic,Plastic_656.jpg
D:\Recovered Documents\Moringa\Module 5\Summative2\realwaste\realwaste-main\RealWaste\Glass\Glass_321.jpg,Glass,Glass_321.jpg
D:\Recovered Documents\Moringa\Module 5\Summative2\realwaste\realwaste-main\RealWaste\Plastic\Plastic_262.jpg,Plastic,Plastic_262.jpg
D:\Recovered Documents\Moringa\Module 5\Summative2\realwaste\realwaste-main\RealWaste\Glass\Glass_411.jpg,Glass,Glass_411.jpg
D:\Recovered Documents\Moringa\Module 5\Summative2\realwaste\realwaste-main\RealWaste\Metal\Metal_159.jpg,Metal,Metal_159.jpg
D:\Recovered Documents\Moringa\Module 5\Summative2\realwaste\realwaste-main\RealWaste\Vegetation\Vegetation_110.jpg,Vegetation,Vegetation_110.jpg
D:\Recovered Documents\Moringa\Module 5\Summative2\realwaste\realwaste-main\RealWaste\Cardboard\Cardboard_400.jpg,Cardboard,Cardboard_400.jpg
D:\Recovered Documents\Moringa\Module 5\Summative2\realwaste\realwaste-main\RealWaste\Metal\Metal_494.jpg,Metal,Metal_494.jpg
D:\Recovered Documents\Moringa\Module 5\Summative2\realwaste\realwaste-main\RealWaste\Vegetation\Vegetation_338.jpg,Vegetation,Vegetation_338.jpg
D:\Recovered Documents\Moringa\Module 5\Summative2\realwaste\realwaste-main\RealWaste\Plastic\Plastic_445.jpg,Plastic,Plastic_445.jpg
D:\Recovered Documents\Moringa\Module 5\Summative2\realwaste\realwaste-main\RealWaste\Paper\Paper_495.jpg,Paper,Paper_495.jpg
D:\Recovered Documents\Moringa\Module 5\Summative2\realwaste\realwaste-main\RealWaste\Textile Trash\Textile Trash_146.jpg,Textile Trash,Textile Trash_146.jpg
D:\Recovered Documents\Moringa\Module 5\Summative2\realwaste\realwaste-main\RealWaste\Miscellaneous Trash\Miscellaneous Trash_77.jpg,Miscellaneous Trash,Miscellaneous Trash_77.jpg
D:\Recovered Documents\Moringa\Module 5\Summative2\realwaste\realwaste-main\RealWaste\Vegetation\Vegetation_206.jpg,Vegetation,Vegetation_206.jpg
D:\Recovered Documents\Moringa\Module 5\Summative2\realwaste\realwaste-main\RealWaste\Plastic\Plastic_602.jpg,Plastic,Plastic_602.jpg
D:\Recovered Documents\Moringa\Module 5\Summative2\realwaste\realwaste-main\RealWaste\Metal\Metal_375.jpg,Metal,Metal_375.jpg
D:\Recovered Documents\Moringa\Module 5\Summative2\realwaste\realwaste-main\RealWaste\Glass\Glass_39.jpg,Glass,Glass_39.jpg
D:\Recovered Documents\Moringa\Module 5\Summative2\realwaste\realwaste-main\RealWaste\Paper\Paper_72.jpg,Paper,Paper_72.jpg
D:\Recovered Documents\Moringa\Module 5\Summative2\realwaste\realwaste-main\RealWaste\Textile Trash\Textile Trash_113.jpg,Textile Trash,Textile Trash_113.jpg
D:\Recovered Documents\Moringa\Module 5\Summative2\realwaste\realwaste-main\RealWaste\Cardboard\Cardboard_168.jpg,Cardboard,Cardboard_168.jpg
D:\Recovered Documents\Moringa\Module 5\Summative2\realwaste\realwaste-main\RealWaste\Metal\Metal_210.jpg,Metal,Metal_210.jpg
D:\Recovered Documents\Moringa\Module 5\Summative2\realwaste\realwaste-main\RealWaste\Cardboard\Cardboard_421.jpg,Cardboard,Cardboard_421.jpg
D:\Recovered Documents\Moringa\Module 5\Summative2\realwaste\realwaste-main\RealWaste\Plastic\Plastic_180.jpg,Plastic,Plastic_180.jpg
D:\Recovered Documents\Moringa\Module 5\Summative2\realwaste\realwaste-main\RealWaste\Plastic\Plastic_545.jpg,Plastic,Plastic_545.jpg
D:\Recovered Documents\Moringa\Module 5\Summative2\realwaste\realwaste-main\RealWaste\Food Organics\Food Organics_116.jpg,Food Organics,Food Organics_116.jpg
D:\Recovered Documents\Moringa\Module 5\Summative2\realwaste\realwaste-main\RealWaste\Metal\Metal_541.jpg,Metal,Metal_541.jpg
D:\Recovered Documents\Moringa\Module 5\Summative2\realwaste\realwaste-main\RealWaste\Metal\Metal_101.jpg,Metal,Metal_101.jpg
D:\Recovered Documents\Moringa\Module 5\Summative2\realwaste\realwaste-main\RealWaste\Glass\Glass_234.jpg,Glass,Glass_234.jpg
D:\Recovered Documents\Moringa\Module 5\Summative2\realwaste\realwaste-main\RealWaste\Cardboard\Cardboard_172.jpg,Cardboard,Cardboard_172.jpg
D:\Recovered Documents\Moringa\Module 5\Summative2\realwaste\realwaste-main\RealWaste\Metal\Metal_655.jpg,Metal,Metal_655.jpg
D:\Recovered Documents\Moringa\Module 5\Summative2\realwaste\realwaste-main\RealWaste\Vegetation\Vegetation_66.jpg,Vegetation,Vegetation_66.jpg
D:\Recovered Documents\Moringa\Module 5\Summative2\realwaste\realwaste-main\RealWaste\Food Organics\Food Organics_88.jpg,Food Organics,Food Organics_88.jpg
D:\Recovered Documents\Moringa\Module 5\Summative2\realwaste\realwaste-main\RealWaste\Metal\Metal_685.jpg,Metal,Metal_685.jpg
D:\Recovered Documents\Moringa\Module 5\Summative2\realwaste\realwaste-main\RealWaste\Food Organics\Food Organics_202.jpg,Food Organics,Food Organics_202.jpg
D:\Recovered Documents\Moringa\Module 5\Summative2\realwaste\realwaste-main\RealWaste\Glass\Glass_283.jpg,Glass,Glass_283.jpg
D:\Recovered Documents\Moringa\Module 5\Summative2\realwaste\realwaste-main\RealWaste\Plastic\Plastic_467.jpg,Plastic,Plastic_467.jpg
D:\Recovered Documents\Moringa\Module 5\Summative2\realwaste\realwaste-main\RealWaste\Cardboard\Cardboard_411.jpg,Cardboard,Cardboard_411.jpg
D:\Recovered Documents\Moringa\Module 5\Summative2\realwaste\realwaste-main\RealWaste\Plastic\Plastic_858.jpg,Plastic,Plastic_858.jpg
D:\Recovered Documents\Moringa\Module 5\Summative2\realwaste\realwaste-main\RealWaste\Textile Trash\Textile Trash_286.jpg,Textile Trash,Textile Trash_286.jpg
D:\Recovered Documents\Moringa\Module 5\Summative2\realwaste\realwaste-main\RealWaste\Miscellaneous Trash\Miscellaneous Trash_100.jpg,Miscellaneous Trash,Miscellaneous Trash_100.jpg
D:\Recovered Documents\Moringa\Module 5\Summative2\realwaste\realwaste-main\RealWaste\Food Organics\Food Organics_388.jpg,Food Organics,Food Organics_388.jpg
D:\Recovered Documents\Moringa\Module 5\Summative2\realwaste\realwaste-main\RealWaste\Glass\Glass_30.jpg,Glass,Glass_30.jpg
D:\Recovered Documents\Moringa\Module 5\Summative2\realwaste\realwaste-main\RealWaste\Miscellaneous Trash\Miscellaneous Trash_184.jpg,Miscellaneous Trash,Miscellaneous Trash_184.jpg
D:\Recovered Documents\Moringa\Module 5\Summative2\realwaste\realwaste-main\RealWaste\Plastic\Plastic_562.jpg,Plastic,Plastic_562.jpg
D:\Recovered Documents\Moringa\Module 5\Summative2\realwaste\realwaste-main\RealWaste\Textile Trash\Textile Trash_116.jpg,Textile Trash,Textile Trash_116.jpg
D:\Recovered Documents\Moringa\Module 5\Summative2\realwaste\realwaste-main\RealWaste\Vegetation\Vegetation_288.jpg,Vegetation,Vegetation_288.jpg
D:\Recovered Documents\Moringa\Module 5\Summative2\realwaste\realwaste-main\RealWaste\Glass\Glass_220.jpg,Glass,Glass_220.jpg
D:\Recovered Documents\Moringa\Module 5\Summative2\realwaste\realwaste-main\RealWaste\Paper\Paper_475.jpg,Paper,Paper_475.jpg
D:\Recovered Documents\Moringa\Module 5\Summative2\realwaste\realwaste-main\RealWaste\Metal\Metal_634.jpg,Metal,Metal_634.jpg
D:\Recovered Documents\Moringa\Module 5\Summative2\realwaste\realwaste-main\RealWaste\Vegetation\Vegetation_198.jpg,Vegetation,Vegetation_198.jpg
D:\Recovered Documents\Moringa\Module 5\Summative2\realwaste\realwaste-main\RealWaste\Vegetation\Vegetation_87.jpg,Vegetation,Vegetation_87.jpg
D:\Recovered Documents\Moringa\Module 5\Summative2\realwaste\realwaste-main\RealWaste\Metal\Metal_384.jpg,Metal,Metal_384.jpg
D:\Recovered Documents\Moringa\Module 5\Summative2\realwaste\realwaste-main\RealWaste\Textile Trash\Textile Trash_176.jpg,Textile Trash,Textile Trash_176.jpg
D:\Recovered Documents\Moringa\Module 5\Summative2\realwaste\realwaste-main\RealWaste\Food Organics\Food Organics_343.jpg,Food Organics,Food Organics_343.jpg
D:\Recovered Documents\Moringa\Module 5\Summative2\realwaste\realwaste-main\RealWaste\Metal\Metal_454.jpg,Metal,Metal_454.jpg
D:\Recovered Documents\Moringa\Module 5\Summative2\realwaste\realwaste-main\RealWaste\Metal\Metal_451.jpg,Metal,Metal_451.jpg
D:\Recovered Documents\Moringa\Module 5\Summative2\realwaste\realwaste-main\RealWaste\Plastic\Plastic_218.jpg,Plastic,Plastic_218.jpg
D:\Recovered Documents\Moringa\Module 5\Summative2\realwaste\realwaste-main\RealWaste\Metal\Metal_76.jpg,Metal,Metal_76.jpg
D:\Recovered Documents\Moringa\Module 5\Summative2\realwaste\realwaste-main\RealWaste\Plastic\Plastic_110.jpg,Plastic,Plastic_110.jpg
D:\Recovered Documents\Moringa\Module 5\Summative2\realwaste\realwaste-main\RealWaste\Textile Trash\Textile Trash_272.jpg,Textile Trash,Textile Trash_272.jpg
D:\Recovered Documents\Moringa\Module 5\Summative2\realwaste\realwaste-main\RealWaste\Miscellaneous Trash\Miscellaneous Trash_35.jpg,Miscellaneous Trash,Miscellaneous Trash_35.jpg
D:\Recovered Documents\Moringa\Module 5\Summative2\realwaste\realwaste-main\RealWaste\Plastic\Plastic_632.jpg,Plastic,Plastic_632.jpg
D:\Recovered Documents\Moringa\Module 5\Summative2\realwaste\realwaste-main\RealWaste\Miscellaneous Trash\Miscellaneous Trash_11.jpg,Miscellaneous Trash,Miscellaneous Trash_11.jpg
D:\Recovered Documents\Moringa\Module 5\Summative2\realwaste\realwaste-main\RealWaste\Vegetation\Vegetation_394.jpg,Vegetation,Vegetation_394.jpg
D:\Recovered Documents\Moringa\Module 5\Summative2\realwaste\realwaste-main\RealWaste\Textile Trash\Textile Trash_245.jpg,Textile Trash,Textile Trash_245.jpg
D:\Recovered Documents\Moringa\Module 5\Summative2\realwaste\realwaste-main\RealWaste\Plastic\Plastic_804.jpg,Plastic,Plastic_804.jpg
D:\Recovered Documents\Moringa\Module 5\Summative2\realwaste\realwaste-main\RealWaste\Cardboard\Cardboard_379.jpg,Cardboard,Cardboard_379.jpg
D:\Recovered Documents\Moringa\Module 5\Summative2\realwaste\realwaste-main\RealWaste\Miscellaneous Trash\Miscellaneous Trash_417.jpg,Miscellaneous Trash,Miscellaneous Trash_417.jpg
D:\Recovered Documents\Moringa\Module 5\Summative2\realwaste\realwaste-main\RealWaste\Metal\Metal_328.jpg,Metal,Metal_328.jpg
D:\Recovered Documents\Moringa\Module 5\Summative2\realwaste\realwaste-main\RealWaste\Paper\Paper_209.jpg,Paper,Paper_209.jpg
D:\Recovered Documents\Moringa\Module 5\Summative2\realwaste\realwaste-main\RealWaste\Plastic\Plastic_769.jpg,Plastic,Plastic_769.jpg
D:\Recovered Documents\Moringa\Module 5\Summative2\realwaste\realwaste-main\RealWaste\Metal\Metal_517.jpg,Metal,Metal_517.jpg
D:\Recovered Documents\Moringa\Module 5\Summative2\realwaste\realwaste-main\RealWaste\Miscellaneous Trash\Miscellaneous Trash_428.jpg,Miscellaneous Trash,Miscellaneous Trash_428.jpg
D:\Recovered Documents\Moringa\Module 5\Summative2\realwaste\realwaste-main\RealWaste\Paper\Paper_7.jpg,Paper,Paper_7.jpg
D:\Recovered Documents\Moringa\Module 5\Summative2\realwaste\realwaste-main\RealWaste\Miscellaneous Trash\Miscellaneous Trash_474.jpg,Miscellaneous Trash,Miscellaneous Trash_474.jpg
D:\Recovered Documents\Moringa\Module 5\Summative2\realwaste\realwaste-main\RealWaste\Textile Trash\Textile Trash_152.jpg,Textile Trash,Textile Trash_152.jpg
D:\Recovered Documents\Moringa\Module 5\Summative2\realwaste\realwaste-main\RealWaste\Miscellaneous Trash\Miscellaneous Trash_120.jpg,Miscellaneous Trash,Miscellaneous Trash_120.jpg
D:\Recovered Documents\Moringa\Module 5\Summative2\realwaste\realwaste-main\RealWaste\Glass\Glass_414.jpg,Glass,Glass_414.jpg
D:\Recovered Documents\Moringa\Module 5\Summative2\realwaste\realwaste-main\RealWaste\Metal\Metal_256.jpg,Metal,Metal_256.jpg
D:\Recovered Documents\Moringa\Module 5\Summative2\realwaste\realwaste-main\RealWaste\Plastic\Plastic_763.jpg,Plastic,Plastic_763.jpg
D:\Recovered Documents\Moringa\Module 5\Summative2\realwaste\realwaste-main\RealWaste\Plastic\Plastic_208.jpg,Plastic,Plastic_208.jpg
D:\Recovered Documents\Moringa\Module 5\Summative2\realwaste\realwaste-main\RealWaste\Metal\Metal_516.jpg,Metal,Metal_516.jpg
D:\Recovered Documents\Moringa\Module 5\Summative2\realwaste\realwaste-main\RealWaste\Miscellaneous Trash\Miscellaneous Trash_289.jpg,Miscellaneous Trash,Miscellaneous Trash_289.jpg
D:\Recovered Documents\Moringa\Module 5\Summative2\realwaste\realwaste-main\RealWaste\Glass\Glass_187.jpg,Glass,Glass_187.jpg
D:\Recovered Documents\Moringa\Module 5\Summative2\realwaste\realwaste-main\RealWaste\Paper\Paper_372.jpg,Paper,Paper_372.jpg
D:\Recovered Documents\Moringa\Module 5\Summative2\realwaste\realwaste-main\RealWaste\Textile Trash\Textile Trash_158.jpg,Textile Trash,Textile Trash_158.jpg
D:\Recovered Documents\Moringa\Module 5\Summative2\realwaste\realwaste-main\RealWaste\Plastic\Plastic_161.jpg,Plastic,Plastic_161.jpg
D:\Recovered Documents\Moringa\Module 5\Summative2\realwaste\realwaste-main\RealWaste\Vegetation\Vegetation_72.jpg,Vegetation,Vegetation_72.jpg
D:\Recovered Documents\Moringa\Module 5\Summative2\realwaste\realwaste-main\RealWaste\Metal\Metal_565.jpg,Metal,Metal_565.jpg
D:\Recovered Documents\Moringa\Module 5\Summative2\realwaste\realwaste-main\RealWaste\Textile Trash\Textile Trash_225.jpg,Textile Trash,Textile Trash_225.jpg
D:\Recovered Documents\Moringa\Module 5\Summative2\realwaste\realwaste-main\RealWaste\Food Organics\Food Organics_274.jpg,Food Organics,Food Organics_274.jpg
D:\Recovered Documents\Moringa\Module 5\Summative2\realwaste\realwaste-main\RealWaste\Paper\Paper_169.jpg,Paper,Paper_169.jpg
D:\Recovered Documents\Moringa\Module 5\Summative2\realwaste\realwaste-main\RealWaste\Plastic\Plastic_549.jpg,Plastic,Plastic_549.jpg
D:\Recovered Documents\Moringa\Module 5\Summative2\realwaste\realwaste-main\RealWaste\Cardboard\Cardboard_240.jpg,Cardboard,Cardboard_240.jpg
D:\Recovered Documents\Moringa\Module 5\Summative2\realwaste\realwaste-main\RealWaste\Food Organics\Food Organics_195.jpg,Food Organics,Food Organics_195.jpg
D:\Recovered Documents\Moringa\Module 5\Summative2\realwaste\realwaste-main\RealWaste\Miscellaneous Trash\Miscellaneous Trash_135.jpg,Miscellaneous Trash,Miscellaneous Trash_135.jpg
D:\Recovered Documents\Moringa\Module 5\Summative2\realwaste\realwaste-main\RealWaste\Miscellaneous Trash\Miscellaneous Trash_73.jpg,Miscellaneous Trash,Miscellaneous Trash_73.jpg
D:\Recovered Documents\Moringa\Module 5\Summative2\realwaste\realwaste-main\RealWaste\Cardboard\Cardboard_116.jpg,Cardboard,Cardboard_116.jpg
D:\Recovered Documents\Moringa\Module 5\Summative2\realwaste\realwaste-main\RealWaste\Plastic\Plastic_638.jpg,Plastic,Plastic_638.jpg
D:\Recovered Documents\Moringa\Module 5\Summative2\realwaste\realwaste-main\RealWaste\Food Organics\Food Organics_233.jpg,Food Organics,Food Organics_233.jpg
D:\Recovered Documents\Moringa\Module 5\Summative2\realwaste\realwaste-main\RealWaste\Plastic\Plastic_608.jpg,Plastic,Plastic_608.jpg
D:\Recovered Documents\Moringa\Module 5\Summative2\realwaste\realwaste-main\RealWaste\Vegetation\Vegetation_21.jpg,Vegetation,Vegetation_21.jpg
D:\Recovered Documents\Moringa\Module 5\Summative2\realwaste\realwaste-main\RealWaste\Glass\Glass_272.jpg,Glass,Glass_272.jpg
D:\Recovered Documents\Moringa\Module 5\Summative2\realwaste\realwaste-main\RealWaste\Metal\Metal_599.jpg,Metal,Metal_599.jpg
D:\Recovered Documents\Moringa\Module 5\Summative2\realwaste\realwaste-main\RealWaste\Food Organics\Food Organics_67.jpg,Food Organics,Food Organics_67.jpg
D:\Recovered Documents\Moringa\Module 5\Summative2\realwaste\realwaste-main\RealWaste\Metal\Metal_538.jpg,Metal,Metal_538.jpg
D:\Recovered Documents\Moringa\Module 5\Summative2\realwaste\realwaste-main\RealWaste\Plastic\Plastic_590.jpg,Plastic,Plastic_590.jpg
D:\Recovered Documents\Moringa\Module 5\Summative2\realwaste\realwaste-main\RealWaste\Paper\Paper_9.jpg,Paper,Paper_9.jpg
D:\Recovered Documents\Moringa\Module 5\Summative2\realwaste\realwaste-main\RealWaste\Metal\Metal_335.jpg,Metal,Metal_335.jpg
D:\Recovered Documents\Moringa\Module 5\Summative2\realwaste\realwaste-main\RealWaste\Cardboard\Cardboard_90.jpg,Cardboard,Cardboard_90.jpg
D:\Recovered Documents\Moringa\Module 5\Summative2\realwaste\realwaste-main\RealWaste\Metal\Metal_461.jpg,Metal,Metal_461.jpg
D:\Recovered Documents\Moringa\Module 5\Summative2\realwaste\realwaste-main\RealWaste\Plastic\Plastic_641.jpg,Plastic,Plastic_641.jpg
D:\Recovered Documents\Moringa\Module 5\Summative2\realwaste\realwaste-main\RealWaste\Cardboard\Cardboard_48.jpg,Cardboard,Cardboard_48.jpg
D:\Recovered Documents\Moringa\Module 5\Summative2\realwaste\realwaste-main\RealWaste\Plastic\Plastic_269.jpg,Plastic,Plastic_269.jpg
D:\Recovered Documents\Moringa\Module 5\Summative2\realwaste\realwaste-main\RealWaste\Vegetation\Vegetation_398.jpg,Vegetation,Vegetation_398.jpg
D:\Recovered Documents\Moringa\Module 5\Summative2\realwaste\realwaste-main\RealWaste\Plastic\Plastic_916.jpg,Plastic,Plastic_916.jpg
D:\Recovered Documents\Moringa\Module 5\Summative2\realwaste\realwaste-main\RealWaste\Metal\Metal_219.jpg,Metal,Metal_219.jpg
D:\Recovered Documents\Moringa\Module 5\Summative2\realwaste\realwaste-main\RealWaste\Food Organics\Food Organics_376.jpg,Food Organics,Food Organics_376.jpg
D:\Recovered Documents\Moringa\Module 5\Summative2\realwaste\realwaste-main\RealWaste\Paper\Paper_78.jpg,Paper,Paper_78.jpg
D:\Recovered Documents\Moringa\Module 5\Summative2\realwaste\realwaste-main\RealWaste\Paper\Paper_70.jpg,Paper,Paper_70.jpg
D:\Recovered Documents\Moringa\Module 5\Summative2\realwaste\realwaste-main\RealWaste\Metal\Metal_217.jpg,Metal,Metal_217.jpg
D:\Recovered Documents\Moringa\Module 5\Summative2\realwaste\realwaste-main\RealWaste\Food Organics\Food Organics_238.jpg,Food Organics,Food Organics_238.jpg
D:\Recovered Documents\Moringa\Module 5\Summative2\realwaste\realwaste-main\RealWaste\Textile Trash\Textile Trash_173.jpg,Textile Trash,Textile Trash_173.jpg
D:\Recovered Documents\Moringa\Module 5\Summative2\realwaste\realwaste-main\RealWaste\Plastic\Plastic_205.jpg,Plastic,Plastic_205.jpg
D:\Recovered Documents\Moringa\Module 5\Summative2\realwaste\realwaste-main\RealWaste\Metal\Metal_369.jpg,Metal,Metal_369.jpg
D:\Recovered Documents\Moringa\Module 5\Summative2\realwaste\realwaste-main\RealWaste\Textile Trash\Textile Trash_3.jpg,Textile Trash,Textile Trash_3.jpg
D:\Recovered Documents\Moringa\Module 5\Summative2\realwaste\realwaste-main\RealWaste\Paper\Paper_496.jpg,Paper,Paper_496.jpg
D:\Recovered Documents\Moringa\Module 5\Summative2\realwaste\realwaste-main\RealWaste\Textile Trash\Textile Trash_87.jpg,Textile Trash,Textile Trash_87.jpg
D:\Recovered Documents\Moringa\Module 5\Summative2\realwaste\realwaste-main\RealWaste\Plastic\Plastic_850.jpg,Plastic,Plastic_850.jpg
D:\Recovered Documents\Moringa\Module 5\Summative2\realwaste\realwaste-main\RealWaste\Food Organics\Food Organics_2.jpg,Food Organics,Food Organics_2.jpg
D:\Recovered Documents\Moringa\Module 5\Summative2\realwaste\realwaste-main\RealWaste\Miscellaneous Trash\Miscellaneous Trash_110.jpg,Miscellaneous Trash,Miscellaneous Trash_110.jpg
D:\Recovered Documents\Moringa\Module 5\Summative2\realwaste\realwaste-main\RealWaste\Textile Trash\Textile Trash_193.jpg,Textile Trash,Textile Trash_193.jpg
D:\Recovered Documents\Moringa\Module 5\Summative2\realwaste\realwaste-main\RealWaste\Food Organics\Food Organics_118.jpg,Food Organics,Food Organics_118.jpg
D:\Recovered Documents\Moringa\Module 5\Summative2\realwaste\realwaste-main\RealWaste\Miscellaneous Trash\Miscellaneous Trash_258.jpg,Miscellaneous Trash,Miscellaneous Trash_258.jpg
D:\Recovered Documents\Moringa\Module 5\Summative2\realwaste\realwaste-main\RealWaste\Plastic\Plastic_72.jpg,Plastic,Plastic_72.jpg
D:\Recovered Documents\Moringa\Module 5\Summative2\realwaste\realwaste-main\RealWaste\Plastic\Plastic_877.jpg,Plastic,Plastic_877.jpg
D:\Recovered Documents\Moringa\Module 5\Summative2\realwaste\realwaste-main\RealWaste\Plastic\Plastic_767.jpg,Plastic,Plastic_767.jpg
D:\Recovered Documents\Moringa\Module 5\Summative2\realwaste\realwaste-main\RealWaste\Metal\Metal_114.jpg,Metal,Metal_114.jpg
D:\Recovered Documents\Moringa\Module 5\Summative2\realwaste\realwaste-main\RealWaste\Textile Trash\Textile Trash_149.jpg,Textile Trash,Textile Trash_149.jpg
D:\Recovered Documents\Moringa\Module 5\Summative2\realwaste\realwaste-main\RealWaste\Metal\Metal_552.jpg,Metal,Metal_552.jpg
D:\Recovered Documents\Moringa\Module 5\Summative2\realwaste\realwaste-main\RealWaste\Cardboard\Cardboard_158.jpg,Cardboard,Cardboard_158.jpg
D:\Recovered Documents\Moringa\Module 5\Summative2\realwaste\realwaste-main\RealWaste\Miscellaneous Trash\Miscellaneous Trash_198.jpg,Miscellaneous Trash,Miscellaneous Trash_198.jpg
D:\Recovered Documents\Moringa\Module 5\Summative2\realwaste\realwaste-main\RealWaste\Paper\Paper_294.jpg,Paper,Paper_294.jpg
D:\Recovered Documents\Moringa\Module 5\Summative2\realwaste\realwaste-main\RealWaste\Plastic\Plastic_849.jpg,Plastic,Plastic_849.jpg
D:\Recovered Documents\Moringa\Module 5\Summative2\realwaste\realwaste-main\RealWaste\Miscellaneous Trash\Miscellaneous Trash_347.jpg,Miscellaneous Trash,Miscellaneous Trash_347.jpg
D:\Recovered Documents\Moringa\Module 5\Summative2\realwaste\realwaste-main\RealWaste\Glass\Glass_217.jpg,Glass,Glass_217.jpg
D:\Recovered Documents\Moringa\Module 5\Summative2\realwaste\realwaste-main\RealWaste\Metal\Metal_18.jpg,Metal,Metal_18.jpg
D:\Recovered Documents\Moringa\Module 5\Summative2\realwaste\realwaste-main\RealWaste\Plastic\Plastic_18.jpg,Plastic,Plastic_18.jpg
D:\Recovered Documents\Moringa\Module 5\Summative2\realwaste\realwaste-main\RealWaste\Paper\Paper_273.jpg,Paper,Paper_273.jpg
D:\Recovered Documents\Moringa\Module 5\Summative2\realwaste\realwaste-main\RealWaste\Cardboard\Cardboard_186.jpg,Cardboard,Cardboard_186.jpg
D:\Recovered Documents\Moringa\Module 5\Summative2\realwaste\realwaste-main\RealWaste\Cardboard\Cardboard_452.jpg,Cardboard,Cardboard_452.jpg
D:\Recovered Documents\Moringa\Module 5\Summative2\realwaste\realwaste-main\RealWaste\Cardboard\Cardboard_127.jpg,Cardboard,Cardboard_127.jpg
D:\Recovered Documents\Moringa\Module 5\Summative2\realwaste\realwaste-main\RealWaste\Food Organics\Food Organics_198.jpg,Food Organics,Food Organics_198.jpg
