index,text,label
1591,enormous pink flyer,Paper
2642,personal brown organic glass bottle,Glass
849,dry large pink pillow case,Textile Trash
633,wet transparent glass ornament,Glass
520,crumpled regular sized patterned curtain,Textile Trash
4735,folded brand a tissue paper,Paper
799,dry oversized orange metal pipe,Metal
3787,silver bulk plant stems containing residue,Vegetation
1817,travel sized patterned light bulb,Glass
4248,ripped eco friendly water bottle,Plastic
2033,dairy products,Food Organics
3119,gold local aerosol can,Metal
2854,stained personal striped cd case partially filled,Plastic
3728,damaged standard local brochure,Paper
18,new regular sized purple cardboard tray,Cardboard
3538,oversized white wrapping paper containing residue,Paper
4766,new floral metal pipe empty,Metal
4943,silver plastic wrap,Plastic
4739,new mini pink nail,Metal
3713,wrinkled transparent ceramic mug,Miscellaneous Trash
650,small white fallen leaves,Vegetation
1937,new industrial vegetable plant,Vegetation
856,broken supermarket cardboard mailer,Cardboard
3797,stained compact hedge trimmings,Vegetation
2195,crumpled mini striped food packaging,Cardboard
1340,soiled regular sized floral artisanal metal cutlery,Metal
3856,compact blue premium rug,Textile Trash
2372,intact artisanal paper bag,Paper
1790,ripped small gold plastic cutlery with label attached,Plastic
1994,damaged striped bulk vacuum cleaner bag with liquid inside,Miscellaneous Trash
2770,broken personal pink magazine with label attached,Paper
194,multi colored cotton pen,Miscellaneous Trash
2931,silicone pen,Miscellaneous Trash
4676,imported glass sheet,Glass
1168,stained personal pink magazine,Paper
1985,oversized sticky note,Paper
1520,mini patterned tin can,Metal
83,gold bulk palm fronds,Vegetation
3509,personal brand b beverage carrier,Cardboard
2934,used black silicone socks with contents,Textile Trash
3500,mini patterned generic sticky note,Paper
2150,compact gold wooden homemade cigarette butt,Miscellaneous Trash
2849,fun sized orange imported metal cutlery,Metal
1747,blue paper plate,Paper
4051,dirty pink tea bags,Food Organics
3304,multi colored generic glass bottle,Glass
2859,floral banana peel,Food Organics
3318,folded enormous designer glass candle holder,Glass
1344,new industrial gold bottle cap,Metal
2422,full mini white silicone wool sweater with product remaining,Textile Trash
4843,wrinkled premium electronic device,Miscellaneous Trash
3567,full orange chicken bones,Food Organics
4814,torn medium cardboard scarf,Textile Trash
664,partial tiny black artisanal glass container with contents,Glass
4765,travel sized striped flower petals leaking,Vegetation
1711,empty bulk file box,Cardboard
2440,broken tiny artisanal envelope,Paper
1623,torn small striped imported steel scrap,Metal
1157,partial oversized organic light bulb,Glass
2049,dry mini multi colored glass pitcher,Glass
847,wrinkled cardboard tube,Cardboard
2922,fish bones with food residue,Food Organics
4951,oversized blue glass cup,Glass
3550,used travel sized gift box,Cardboard
1228,clean white natural envelope,Paper
832,dirty cardboard mailer sealed,Cardboard
209,massive paper towel sealed,Paper
1456,fun sized pink pillow case,Textile Trash
2650,damaged tiny red plant stems,Vegetation
4560,damaged artisanal six pack holder containing residue,Cardboard
1118,industrial glass candle holder with product remaining,Glass
151,soiled silicone carpet piece with food residue,Textile Trash
2078,dry medium yellow aluminum foil,Metal
262,full compact spotted designer brochure with food residue,Paper
3603,broken white local disposable diaper,Miscellaneous Trash
4617,dry tiny metal screw,Metal
4182,crumpled designer egg shells,Food Organics
2559,new organic greeting card empty,Paper
3180,tissue paper,Paper
4360,crumpled premium brochure with food residue,Paper
4308,oversized floral premium vacuum cleaner bag,Miscellaneous Trash
2710,orange plastic wrap,Plastic
2117,folded mini floral grass clippings,Vegetation
1399,crumpled massive gold cardboard battery,Miscellaneous Trash
4371,partial medium designer aerosol can,Metal
1264,bubble wrap,Plastic
2294,dirty spotted organic tea bags,Food Organics
2693,partial massive brown bulk metal lid,Metal
2925,wet regular sized glass vase sealed,Glass
3051,organic weeds with label attached,Vegetation
3277,stained yellow premium plastic bag,Plastic
2574,pink commercial tool,Miscellaneous Trash
4937,brown budget perfume bottle,Glass
2681,crumpled mini silver brand a avocado pit,Food Organics
4063,dry homemade flyer,Paper
241,black supermarket clamshell packaging partially filled,Plastic
461,ripped small premium moving box,Cardboard
2462,dirty enormous striped brand b light bulb partially filled,Glass
873,medium electronic device,Miscellaneous Trash
690,intact patterned artisanal cardboard tray,Cardboard
1546,folded premium plant stems,Vegetation
1360,vegetable waste,Food Organics
1176,ripped standard blue artisanal silk tie empty,Textile Trash
2506,dry spotted brand a printer paper,Paper
2074,soiled fabric fabric scrap,Textile Trash
423,black plastic toy,Plastic
3696,dirty industrial yellow printer paper,Paper
4044,empty massive pink fabric homemade tablecloth,Textile Trash
4685,crumpled wool sweater,Textile Trash
4558,pine needles,Vegetation
3207,crumpled oversized local wrapping paper,Paper
3929,clean local shipping box with food residue,Cardboard
2906,glass sheet,Glass
2086,clean patterned notebook with product remaining,Paper
1587,dirty red biodegradable ceramic mug,Miscellaneous Trash
2246,ripped tiny glass container,Glass
1835,small patterned moving box,Cardboard
4413,stained large transparent plastic cutlery leaking,Plastic
3366,standard transparent commercial sheet of paper,Paper
4481,folded enormous brand a shoe box,Cardboard
95,torn regular sized brand a potted plant with liquid inside,Vegetation
3039,clean purple copper wire,Metal
858,industrial perfume bottle containing residue,Glass
2629,intact orange plastic local cigarette butt with food residue,Miscellaneous Trash
1370,intact compact gold cd case with contents,Plastic
4993,broken yellow file box,Cardboard
59,clean mini brand a paper towel,Paper
4187,used industrial appliance box,Cardboard
77,clean massive green metal eco friendly battery,Miscellaneous Trash
3886,crumpled white bed sheet partially filled,Textile Trash
3921,potted plant containing residue,Vegetation
831,ripped red bush clippings,Vegetation
97,fun sized silver fabric rug,Textile Trash
3320,dirty oversized spotted plastic worn jeans,Textile Trash
1031,soiled compact floral flowers,Vegetation
1570,gold brand a glass bottle,Glass
1282,fun sized glass vase,Glass
1156,wrinkled transparent paper artisanal wool sweater,Textile Trash
3133,broken homemade six pack holder with food residue,Cardboard
2005,dry glass sheet,Glass
944,fun sized flyer,Paper
1018,purple organic fish bones sealed,Food Organics
2832,dry plastic toy,Plastic
2181,wrinkled striped brochure,Paper
1942,full floral pen,Miscellaneous Trash
894,empty metal pipe partially filled,Metal
3510,empty white ceramic organic tape,Miscellaneous Trash
513,wet fun sized yellow plastic tray with product remaining,Plastic
1166,dry medium silver fruit peel empty,Food Organics
3969,new personal silver steel container,Metal
4777,broken tiny black bread with liquid inside,Food Organics
353,wet personal nut shells with product remaining,Food Organics
3012,stained transparent organic scarf empty,Textile Trash
2184,full tree bark,Vegetation
217,black bush clippings partially filled,Vegetation
2298,intact white designer plastic straw,Plastic
3468,new white paperback book partially filled,Paper
3709,broken travel sized metal coat hanger,Metal
3524,new standard sticky note,Paper
285,dry fun sized blue brand b tea bags,Food Organics
2507,broken fabric scrap sealed,Textile Trash
67,intact transparent supermarket paper plate,Paper
242,full travel sized rubber band with food residue,Miscellaneous Trash
4432,soiled standard socks,Textile Trash
403,medium blue metal cutlery,Metal
4015,standard foil wrapper,Metal
908,stained green brand b glass pitcher,Glass
3569,intact industrial brown organic rubber band,Miscellaneous Trash
1237,clean imported pizza box,Cardboard
2497,tiny transparent beverage carrier leaking,Cardboard
1148,multi colored food packaging,Cardboard
122,ripped standard purple designer glass ornament,Glass
3751,mini multi colored biodegradable generic toy,Miscellaneous Trash
3543,damaged imported cardboard sleeve,Cardboard
2127,clean steel scrap,Metal
2038,empty oversized blue scarf with product remaining,Textile Trash
1746,empty tiny gold flyer,Paper
4863,used eco friendly newspaper,Paper
4060,blue natural paper cup,Paper
4988,partial orange peel,Food Organics
4890,damaged enormous pizza box,Cardboard
308,multi colored wrapping paper containing residue,Paper
1452,wet industrial purple olive pits,Food Organics
977,fun sized black bamboo eco friendly old t shirt,Textile Trash
4073,ripped white detergent bottle,Plastic
962,new oversized orange polyester jacket,Textile Trash
855,empty bubble wrap with liquid inside,Plastic
99,full multi colored silicone premium tool,Miscellaneous Trash
453,crumpled travel sized appliance box,Cardboard
3405,partial purple bulk grass clippings,Vegetation
1376,tiny orange paper eco friendly rug,Textile Trash
2087,full purple tree bark with food residue,Vegetation
3589,empty homemade metal bottle,Metal
365,dirty travel sized floral shipping box,Cardboard
1106,partial bulk vacuum dust,Miscellaneous Trash
1725,ripped brown imported metal pipe,Metal
1026,green yard trimmings with product remaining,Vegetation
2136,cardboard curtain,Textile Trash
331,ripped industrial multi colored glass container partially filled,Glass
1652,small transparent bulk clamshell packaging,Plastic
576,new local aerosol can,Metal
3946,full tiny white homemade paper cup,Paper
801,regular sized gold brand a cardboard tray,Cardboard
4286,crumpled massive purple wool sweater,Textile Trash
3582,crumpled massive premium six pack holder with liquid inside,Cardboard
1087,empty generic houseplant empty,Vegetation
3061,medium budget shampoo bottle,Plastic
4251,small plant stems,Vegetation
827,spotted designer cd dvd with liquid inside,Miscellaneous Trash
69,homemade gift box,Cardboard
3714,small multi colored leftover pasta partially filled,Food Organics
215,plastic lid,Plastic
4803,purple cardboard disposable razor,Miscellaneous Trash
4906,torn compact transparent garden waste partially filled,Vegetation
1471,dirty brand b beer bottle empty,Glass
819,intact spotted toy,Miscellaneous Trash
3489,empty striped glass supermarket cd dvd,Miscellaneous Trash
4256,glass generic wood piece partially filled,Miscellaneous Trash
4511,full multi colored leather premium old t shirt,Textile Trash
3127,intact brown bamboo brand a bed sheet,Textile Trash
825,wet compact yellow eco friendly leaves,Vegetation
2272,new oversized gold local cotton towel with product remaining,Textile Trash
2972,torn travel sized brochure,Paper
2380,soiled personal bush clippings,Vegetation
1239,folded white tablecloth with contents,Textile Trash
3610,food container,Plastic
4670,pen with liquid inside,Miscellaneous Trash
208,purple orange peel,Food Organics
2251,empty cardboard tray containing residue,Cardboard
2809,damaged travel sized worn jeans,Textile Trash
205,crumpled large multi colored bread containing residue,Food Organics
557,full synthetic designer dryer lint sealed,Miscellaneous Trash
8,designer egg carton,Cardboard
3243,new standard red metal pipe,Metal
3734,stained silver vegetable plant,Vegetation
187,fun sized floral supermarket tool,Miscellaneous Trash
553,wrinkled small blue pine needles containing residue,Vegetation
4168,folded small brown artisanal metal cutlery,Metal
937,new massive pink wire hanger,Metal
3556,ripped toothbrush with label attached,Plastic
3594,empty pink apple core,Food Organics
2202,torn plastic straw with food residue,Plastic
211,torn fun sized silver supermarket newspaper with food residue,Paper
1633,ripped industrial egg shells with food residue,Food Organics
1504,broken travel sized organic corrugated box leaking,Cardboard
1922,transparent artisanal cigarette butt,Miscellaneous Trash
2173,torn travel sized yellow nut shells,Food Organics
1418,large orange artisanal nail,Metal
3286,partial metal cutlery,Metal
4720,torn medium brown plastic metal composite with product remaining,Miscellaneous Trash
335,new glass pitcher,Glass
2445,soiled budget tree bark with product remaining,Vegetation
3780,large transparent cotton budget rubber band,Miscellaneous Trash
1394,regular sized multi colored detergent bottle,Plastic
1822,ripped compact appliance box,Cardboard
3986,crumpled orange brand b aluminum foil,Metal
2057,dirty patterned plastic toy,Plastic
3402,intact enormous transparent local tin can,Metal
283,cardboard tray with product remaining,Cardboard
3584,industrial transparent imported gift box,Cardboard
1705,intact pink glass pitcher with food residue,Glass
3092,folded massive black natural glass bottle,Glass
2780,folded brown commercial notebook paper,Paper
1765,full flower petals,Vegetation
2342,broken hedge trimmings with contents,Vegetation
4819,crumpled flyer,Paper
4075,intact brand b light bulb,Glass
1153,wet enormous pink brand b rubber band,Miscellaneous Trash
4832,wet green commercial mirror fragment with label attached,Glass
1495,ripped industrial striped silicone worn jeans empty,Textile Trash
759,intact patterned commercial avocado pit,Food Organics
4454,green glass pitcher,Glass
29,partial large purple metal pipe,Metal
76,silver premium metal screw,Metal
1251,intact hat,Textile Trash
2932,full regular sized white artisanal office paper,Paper
218,wrinkled compact eco friendly beer bottle,Glass
3669,soiled pen with liquid inside,Miscellaneous Trash
1082,damaged medium red budget plastic metal composite,Miscellaneous Trash
618,compact brown plastic cup with liquid inside,Plastic
2457,full brand b milk jug,Plastic
4046,wet yellow paper plate,Paper
4618,yellow glass container,Glass
543,wire hanger with food residue,Metal
1692,intact small brown natural gloves,Textile Trash
941,transparent corn cob,Food Organics
3178,crumpled generic glass bottle with product remaining,Glass
843,broken small pink brand a takeout container,Plastic
458,enormous orange cardboard bulk scarf,Textile Trash
4615,paper cup with food residue,Paper
3339,damaged tiny blue organic banana peel empty,Food Organics
2296,ripped standard rubber styrofoam with label attached,Miscellaneous Trash
560,damaged medium red budget clamshell packaging,Plastic
775,full copper wire,Metal
3313,full spotted orange peel,Food Organics
1739,folded metal coat hanger with product remaining,Metal
619,purple bulk shipping box,Cardboard
2792,clean transparent toy containing residue,Miscellaneous Trash
2961,massive budget bush clippings,Vegetation
1027,white flowers with product remaining,Vegetation
3962,oversized artisanal food tin,Metal
4917,partial mini generic mirror fragment,Glass
1279,regular sized designer plastic bag,Plastic
3269,blue premium wool sweater containing residue,Textile Trash
1973,new local appliance box with liquid inside,Cardboard
510,dry bulk fallen leaves,Vegetation
3143,broken striped greeting card,Paper
269,intact oversized purple imported plant stems leaking,Vegetation
536,empty oversized blue toy with contents,Miscellaneous Trash
4466,intact enormous transparent cotton rubber band,Miscellaneous Trash
2725,empty appliance box with liquid inside,Cardboard
41,green plastic lid,Plastic
578,empty personal pink fabric local worn jeans with liquid inside,Textile Trash
450,dirty regular sized rug,Textile Trash
548,medium flowers partially filled,Vegetation
4389,medium bulk metal coat hanger,Metal
4374,used tiny bamboo polyester jacket,Textile Trash
4896,ripped tiny black bread,Food Organics
144,damaged oversized sheet of paper,Paper
2228,soiled mini transparent branches with label attached,Vegetation
1459,wrinkled travel sized transparent budget office paper,Paper
2971,eco friendly toothbrush,Plastic
2336,travel sized natural paperback book,Paper
808,brown plastic tablecloth,Textile Trash
986,small brown imported tree limbs,Vegetation
3923,dry blue food scraps,Food Organics
2985,new mini striped branches,Vegetation
3194,ripped soda can,Metal
4335,stained tiny spotted paper towel,Paper
2866,new oversized brown light bulb,Glass
2852,cd case,Plastic
1311,small floral bulk wool sweater,Textile Trash
2452,massive yellow aerosol can,Metal
4719,generic linen cloth,Textile Trash
2023,dry massive eco friendly pen partially filled,Miscellaneous Trash
1981,intact personal blue wire hanger with product remaining,Metal
3138,broken patterned artisanal metal bottle with food residue,Metal
2179,full mini multi colored apple core,Food Organics
4886,partial biodegradable battery,Miscellaneous Trash
3957,empty massive blue imported pine needles,Vegetation
1803,intact purple plastic toy empty,Plastic
3435,brown detergent bottle,Plastic
4240,ripped brown paper bag,Paper
2842,wrinkled regular sized silver biodegradable pillow case with contents,Textile Trash
2339,industrial spotted leftover pasta,Food Organics
4430,crumpled massive patterned plastic cup,Plastic
1506,dry standard spotted bubble wrap,Plastic
930,glass local ceramic mug,Miscellaneous Trash
2063,wooden pen sealed,Miscellaneous Trash
4211,damaged medium brown spoiled food,Food Organics
2936,wrinkled tiny floral dairy products leaking,Food Organics
1301,crumpled personal organic cd case,Plastic
4959,soiled glass vase with product remaining,Glass
1297,clean plastic curtain partially filled,Textile Trash
3576,full local marker,Miscellaneous Trash
186,folded purple artisanal paperback book,Paper
3916,red artisanal dairy products,Food Organics
1808,medium red apple core,Food Organics
4166,brown sheet of paper,Paper
3365,intact standard brown local envelope,Paper
1326,medium ceramic tool with liquid inside,Miscellaneous Trash
4325,wet multi colored eco friendly glass sheet,Glass
395,ripped travel sized green perfume bottle partially filled,Glass
2401,crumpled local fabric scrap containing residue,Textile Trash
240,mini brand a nut shells empty,Food Organics
1617,broken oversized pink pen,Miscellaneous Trash
4671,dry industrial eco friendly moving box,Cardboard
1367,full personal red brand b cotton towel,Textile Trash
2766,oversized striped glass container,Glass
441,empty personal black paperback book,Paper
346,full compact striped tea bags,Food Organics
4831,purple olive pits,Food Organics
2651,soda bottle,Plastic
4694,enormous spotted six pack holder containing residue,Cardboard
1818,mini glass cup with product remaining,Glass
3077,clean standard gold designer vacuum cleaner bag,Miscellaneous Trash
1824,empty standard commercial glass sheet leaking,Glass
231,wrinkled personal metal coat hanger,Metal
3914,medium pink designer houseplant,Vegetation
1196,cardboard sleeve,Cardboard
635,small red flower petals,Vegetation
526,small brand a metal cutlery,Metal
2233,small patterned generic bottle cap containing residue,Metal
2024,white organic water bottle sealed,Plastic
782,dirty takeout container with contents,Plastic
3981,empty large white greeting card,Paper
1603,broken enormous striped coffee grounds,Food Organics
4406,intact oversized yard trimmings,Vegetation
3741,folded orange wooden bed sheet,Textile Trash
1426,ripped travel sized brand a hedge trimmings,Vegetation
1290,damaged standard white disposable diaper with label attached,Miscellaneous Trash
246,new fabric hat,Textile Trash
36,personal spotted silicone old t shirt leaking,Textile Trash
3502,dirty purple cigarette butt,Miscellaneous Trash
148,folded green homemade olive pits,Food Organics
2701,dry travel sized transparent metal cutlery,Metal
4094,folded medium coffee grounds,Food Organics
317,cd case,Plastic
1741,wrinkled eco friendly envelope,Paper
1732,stained black pen,Miscellaneous Trash
3177,damaged metal bottle,Metal
3029,new enormous eco friendly toilet paper roll,Cardboard
1298,used file box,Cardboard
1320,stained silver generic metal lid empty,Metal
3988,damaged orange hedge trimmings,Vegetation
4298,empty medium cardboard dryer lint,Miscellaneous Trash
4663,wet homemade metal cutlery,Metal
1644,dirty designer weeds,Vegetation
2250,enormous brown designer paper bag,Paper
878,crumpled large black artisanal clamshell packaging,Plastic
1897,pink eco friendly window glass,Glass
4804,broken personal natural nail containing residue,Metal
2004,travel sized silver packaging box,Cardboard
2797,striped brand a glass cup,Glass
3907,enormous black fabric brand b gloves,Textile Trash
654,stained small commercial aerosol can,Metal
3711,orange organic wire hanger empty,Metal
4457,dirty large local plastic wrap,Plastic
4798,stained artisanal flyer,Paper
4097,damaged small spotted eco friendly file box,Cardboard
389,broken fun sized patterned plastic leather belt sealed,Textile Trash
4244,soiled pink synthetic tape,Miscellaneous Trash
2716,green bubble wrap,Plastic
4523,crumpled red bulk paper plate with product remaining,Paper
3523,broken yellow generic perfume bottle with contents,Glass
4116,new tiny budget flowers sealed,Vegetation
2837,dry floral gift box,Cardboard
1892,soiled patterned organic carpet piece with liquid inside,Textile Trash
3699,torn organic corrugated box,Cardboard
2225,ripped personal spotted apple core,Food Organics
401,yellow packaging box,Cardboard
2105,dirty small plastic budget tool,Miscellaneous Trash
118,dry regular sized tree limbs with liquid inside,Vegetation
3755,partial mini yellow plastic bag with contents,Plastic
3450,full bottle cap,Metal
2698,regular sized imported pizza box with contents,Cardboard
4846,dry oversized green tablecloth sealed,Textile Trash
4675,orange plastic cup with product remaining,Plastic
905,soiled tiny blue steel scrap,Metal
4801,broken enormous metal coat hanger containing residue,Metal
988,enormous glass sheet with product remaining,Glass
785,clean shoe box,Cardboard
4323,wrinkled palm fronds partially filled,Vegetation
1573,damaged blue glass sheet,Glass
2839,empty fun sized green bread,Food Organics
4246,floral marker,Miscellaneous Trash
222,partial regular sized patterned imported yard trimmings,Vegetation
302,blue cotton towel empty,Textile Trash
3199,broken regular sized wine bottle,Glass
4137,wet natural fish bones,Food Organics
1281,stained glass ornament,Glass
2752,ripped mini brown plastic baby clothes,Textile Trash
3925,enormous bulk aluminum foil,Metal
4026,generic bubble wrap,Plastic
2975,glass tabletop,Glass
3534,torn small spotted natural chicken bones,Food Organics
2735,empty patterned glass old t shirt,Textile Trash
4382,folded tiny black paper battery,Miscellaneous Trash
4132,partial personal budget tin can,Metal
1661,torn purple paper cup,Paper
2442,used pink homemade light bulb containing residue,Glass
4263,homemade plastic bag,Plastic
3860,stained cardboard tape empty,Miscellaneous Trash
1680,used compact orange corrugated box,Cardboard
1775,pink natural wrapping paper empty,Paper
2396,enormous multi colored commercial metal lid,Metal
2818,cotton polyester jacket,Textile Trash
2215,travel sized green homemade cardboard mailer,Cardboard
2034,new silver cigarette butt,Miscellaneous Trash
479,clean enormous floral generic plastic straw,Plastic
4782,used patterned branches,Vegetation
3661,dry orange fish bones,Food Organics
4690,dirty mini pink metal cutlery,Metal
4014,used orange generic grass clippings,Vegetation
3855,white metal coat hanger,Metal
1525,soiled enormous gold garden waste,Vegetation
1526,tiny weeds,Vegetation
2216,torn tiny silver cardboard sleeve,Cardboard
4291,damaged commercial plastic toy with contents,Plastic
2885,stained enormous orange eco friendly houseplant,Vegetation
1782,clean tiny designer glass bottle sealed,Glass
2965,stained standard blue olive pits,Food Organics
1763,full fun sized spotted homemade metal coat hanger,Metal
594,broken eco friendly vacuum cleaner bag with product remaining,Miscellaneous Trash
4103,empty regular sized pink metal tube,Metal
238,stained yellow magazine with liquid inside,Paper
3723,intact mini green light bulb containing residue,Glass
1709,wrinkled dryer lint empty,Miscellaneous Trash
3874,multi colored pencil,Miscellaneous Trash
147,wrinkled enormous brown pencil,Miscellaneous Trash
1485,personal egg carton,Cardboard
2924,brand a corrugated box,Cardboard
1430,tiny blue dryer lint,Miscellaneous Trash
1502,white food packaging,Cardboard
4610,gold rubber band with contents,Miscellaneous Trash
3999,ripped fun sized plastic gloves,Textile Trash
1598,floral generic metal screw,Metal
3196,stained mini yellow champagne bottle,Glass
1911,damaged black natural steel container,Metal
4533,dry orange scarf,Textile Trash
1272,dry massive purple eco friendly banana peel,Food Organics
568,soiled personal brochure,Paper
4955,wet massive black homemade gift box,Cardboard
2715,dry multi colored tree limbs,Vegetation
3702,used blue envelope empty,Paper
1547,soiled tiny striped bamboo wool sweater,Textile Trash
2730,empty large green medicine bottle,Glass
1792,used oversized yellow aerosol can,Metal
3230,damaged brand a metal pipe with label attached,Metal
3839,large natural plant cuttings sealed,Vegetation
4145,new fun sized black organic metal lid,Metal
1788,premium office paper,Paper
607,empty standard striped eco friendly leftover pasta empty,Food Organics
1844,stained mirror fragment,Glass
812,folded personal battery with label attached,Miscellaneous Trash
1134,regular sized bread,Food Organics
2517,damaged compact wrapping paper empty,Paper
2751,gift box partially filled,Cardboard
1230,dry large organic chicken bones empty,Food Organics
3984,used mini homemade plastic lid with label attached,Plastic
3743,ripped medium premium tree bark,Vegetation
1122,damaged patterned wire hanger,Metal
4761,industrial green supermarket mirror fragment,Glass
3408,broken glass tabletop,Glass
2020,intact industrial budget coffee grounds,Food Organics
3813,new brown imported glass cup,Glass
2694,small eco friendly plastic tray with label attached,Plastic
1409,empty tiny patterned paper cup,Paper
4234,soiled large worn jeans,Textile Trash
88,large spotted chicken bones,Food Organics
3175,intact fun sized silicone cotton towel leaking,Textile Trash
2863,personal black hedge trimmings with food residue,Vegetation
637,dirty tiny patterned rubber generic baby clothes with product remaining,Textile Trash
4,empty fun sized purple apple core,Food Organics
3384,generic water bottle,Plastic
3864,full glass cup with contents,Glass
4758,clean industrial spoiled food,Food Organics
1214,torn glass container,Glass
2512,stained silver paperback book with product remaining,Paper
1029,folded multi colored palm fronds containing residue,Vegetation
837,blue meat scraps,Food Organics
1923,full compact metal tube,Metal
1610,new medium wood piece leaking,Miscellaneous Trash
237,full mini blue shoe box with contents,Cardboard
3386,receipt,Paper
2549,wet silver pizza box with liquid inside,Cardboard
3377,full fabric scrap with label attached,Textile Trash
3123,wet blue soda bottle,Plastic
4933,travel sized office paper,Paper
684,used silver homemade paper plate with contents,Paper
3227,large glass pitcher,Glass
1213,personal brand b leather belt with product remaining,Textile Trash
1412,partial linen cloth with contents,Textile Trash
1296,dry red eco friendly grass clippings leaking,Vegetation
1454,used pink organic notebook,Paper
4921,soiled brown cotton pen,Miscellaneous Trash
3693,intact standard homemade rug,Textile Trash
130,homemade plastic straw,Plastic
3115,clean regular sized black branches,Vegetation
2178,dirty fun sized brown designer fruit peel empty,Food Organics
753,transparent budget cereal box,Cardboard
765,clean natural glass candle holder,Glass
3155,broken plastic cup with product remaining,Plastic
2654,wet white cardboard worn jeans,Textile Trash
968,broken large vegetable plant,Vegetation
4800,wooden silk tie partially filled,Textile Trash
4817,empty medium moving box,Cardboard
1063,empty glass vase,Glass
309,full patterned branches,Vegetation
4910,green wine bottle with label attached,Glass
4250,clean tiny yellow natural potted plant,Vegetation
2745,coffee grounds sealed,Food Organics
4957,folded travel sized banana peel,Food Organics
3918,ripped regular sized generic styrofoam,Miscellaneous Trash
4885,new large floral generic weeds,Vegetation
3135,new compact brown designer wire hanger,Metal
1497,oversized appliance box,Cardboard
575,ripped oversized brown toilet paper roll,Cardboard
4645,stained oversized plastic bag,Plastic
3788,clean orange bubble wrap containing residue,Plastic
3040,enormous floral printer paper,Paper
2197,wet purple commercial plastic lid,Plastic
4625,soiled brown eco friendly light bulb,Glass
4679,empty plastic old t shirt,Textile Trash
3895,white cigarette butt,Miscellaneous Trash
1690,dirty orange organic orange peel,Food Organics
2409,medium plastic lid,Plastic
1604,fun sized yellow tape,Miscellaneous Trash
2429,folded patterned toilet paper roll,Cardboard
2083,new compact striped six pack holder with product remaining,Cardboard
1280,transparent supermarket glass bottle,Glass
1131,intact small patterned file box with contents,Cardboard
2259,oversized black cotton rubber band,Miscellaneous Trash
3100,stained striped avocado pit,Food Organics
318,dirty silver wooden organic scarf sealed,Textile Trash
2867,green homemade pine needles,Vegetation
4198,wrinkled massive weeds,Vegetation
1115,ripped massive apple core,Food Organics
4853,ripped metal coat hanger,Metal
1205,clean white brand a six pack holder empty,Cardboard
1167,wet personal silver artisanal plastic cup,Plastic
3539,plant stems leaking,Vegetation
3800,green plant stems,Vegetation
478,massive blue brand a milk jug,Plastic
2764,stained metal commercial tape,Miscellaneous Trash
1629,damaged patterned light bulb containing residue,Glass
1002,massive blue wooden organic worn jeans,Textile Trash
2668,multi colored toilet paper roll,Cardboard
3733,clean multi colored shipping box sealed,Cardboard
2163,standard toothbrush empty,Plastic
2279,ripped large transparent local moving box with contents,Cardboard
1723,intact patterned metal pipe,Metal
2334,regular sized pink leftover pasta,Food Organics
1768,dirty glass ornament,Glass
2318,industrial floral imported metal pipe leaking,Metal
4475,soiled tiny supermarket vegetable plant,Vegetation
2359,partial compact cardboard tray,Cardboard
34,used regular sized striped bottle cap with contents,Metal
2917,wrinkled travel sized notebook,Paper
1676,partial nail with label attached,Metal
2176,folded vegetable waste empty,Food Organics
1347,empty red linen cloth partially filled,Textile Trash
1231,new floral artisanal hedge trimmings,Vegetation
3209,intact personal egg carton,Cardboard
891,empty personal patterned ceramic cd dvd with contents,Miscellaneous Trash
3519,stained black glass ornament with product remaining,Glass
712,fun sized red bamboo tablecloth with contents,Textile Trash
1416,torn yellow natural copper wire,Metal
1784,used yellow detergent bottle,Plastic
929,ripped large metal coat hanger,Metal
2494,intact green glass jar with food residue,Glass
4228,ceramic natural fabric scrap,Textile Trash
1952,full small copper wire,Metal
4878,standard pine needles,Vegetation
722,industrial brown flowers,Vegetation
1299,dirty purple milk jug,Plastic
4364,damaged fun sized patterned soda can sealed,Metal
886,intact brand b food scraps with contents,Food Organics
290,wrinkled regular sized yellow pizza box,Cardboard
3744,torn large patterned bulk drinking glass,Glass
1849,organic toilet paper roll,Cardboard
3110,intact travel sized black newspaper,Paper
316,clean fabric scrap,Textile Trash
207,clean small spotted composite wool sweater with food residue,Textile Trash
1040,personal red soda can,Metal
1898,soiled purple plastic tray,Plastic
1571,used baby clothes,Textile Trash
1490,oversized artisanal aluminum can,Metal
3840,new green curtain,Textile Trash
4020,intact food scraps,Food Organics
4047,dirty striped corn cob,Food Organics
2769,blue glass ornament,Glass
4900,ripped copper wire,Metal
3922,dirty regular sized tree bark,Vegetation
20,clean red wine bottle with food residue,Glass
4995,new red tea bags,Food Organics
2987,used industrial carpet piece,Textile Trash
907,used oversized pink drinking glass,Glass
3613,torn tiny premium houseplant partially filled,Vegetation
1361,regular sized gold eco friendly bottle cap partially filled,Metal
177,ripped massive striped budget plastic wrap,Plastic
6,broken glass container,Glass
2203,soiled commercial battery with food residue,Miscellaneous Trash
3086,local bed sheet,Textile Trash
1830,dry garden waste,Vegetation
2801,dirty pink meat scraps,Food Organics
3174,white eco friendly nail,Metal
3126,multi colored organic pizza box,Cardboard
1780,used oversized transparent glass bottle,Glass
1051,full personal yellow mirror fragment,Glass
1458,stained oversized striped plastic cup,Plastic
4981,dirty medium brand b wire hanger,Metal
2153,patterned commercial cardboard tube,Cardboard
2337,ripped personal pink brand b glass jar,Glass
3452,full disposable razor,Miscellaneous Trash
830,regular sized purple budget detergent bottle sealed,Plastic
1894,crumpled regular sized green budget fallen leaves,Vegetation
3722,clean patterned wool sweater,Textile Trash
4949,torn mini window glass,Glass
2070,regular sized scarf with food residue,Textile Trash
1246,crumpled brown budget plastic toy,Plastic
263,crumpled massive pink artisanal food packaging leaking,Cardboard
3458,torn metal cutlery,Metal
1232,soiled purple cardboard sleeve,Cardboard
1197,small eco friendly food tin,Metal
529,wrinkled standard organic notebook,Paper
1853,oversized vegetable waste partially filled,Food Organics
3192,stained oversized blue composite electronic device,Miscellaneous Trash
1283,dirty industrial gold metal cutlery,Metal
1083,stained tiny organic bubble wrap empty,Plastic
4940,intact fish bones empty,Food Organics
3095,regular sized patterned synthetic vacuum cleaner bag,Miscellaneous Trash
1917,clean blue pen with liquid inside,Miscellaneous Trash
3185,folded fun sized disposable razor,Miscellaneous Trash
4309,massive flyer,Paper
4927,soiled multi colored rubber brand b battery,Miscellaneous Trash
2332,personal white cotton supermarket scarf,Textile Trash
4311,ripped medium ceramic mug,Miscellaneous Trash
4631,dry shipping box,Cardboard
2135,new brown artisanal garden waste leaking,Vegetation
2376,damaged industrial blue natural window glass,Glass
72,crumpled green commercial glass ornament,Glass
4218,partial large white natural flower petals,Vegetation
1401,intact large bread,Food Organics
925,soiled yellow ceramic tape sealed,Miscellaneous Trash
885,stained medium gold bush clippings leaking,Vegetation
3822,cd case with label attached,Plastic
625,clean cardboard carpet piece with food residue,Textile Trash
2626,enormous designer metal cutlery,Metal
2387,standard cereal box with liquid inside,Cardboard
2404,red local polyester jacket,Textile Trash
339,generic clamshell packaging,Plastic
4196,clean red local shipping box,Cardboard
3614,used standard silver eco friendly disposable razor,Miscellaneous Trash
1310,broken large yogurt container,Plastic
4158,empty purple tin can,Metal
679,fun sized transparent designer yard trimmings with liquid inside,Vegetation
746,medium premium corn cob,Food Organics
3,intact floral carpet piece,Textile Trash
3015,tree limbs,Vegetation
1776,crumpled fun sized silver avocado pit with product remaining,Food Organics
2660,fruit peel empty,Food Organics
3139,medium purple meat scraps,Food Organics
2182,intact standard patterned hedge trimmings,Vegetation
1314,wet gold aerosol can,Metal
924,broken tiny egg carton,Cardboard
3193,travel sized patterned plastic metal composite,Miscellaneous Trash
4385,patterned natural sticky note with contents,Paper
4146,wine bottle,Glass
1667,wrinkled black notebook paper empty,Paper
109,clean mirror fragment with contents,Glass
1086,wrinkled eco friendly cardboard mailer,Cardboard
1189,large paper bed sheet,Textile Trash
2571,used brown local gloves,Textile Trash
4579,stained mini fabric scrap,Textile Trash
1105,torn silver corn cob empty,Food Organics
428,large premium metal bottle,Metal
2652,full green supermarket ceramic mug,Miscellaneous Trash
3834,new brochure,Paper
484,empty medium orange eco friendly metal coat hanger,Metal
2015,used oversized metal tube,Metal
850,wrinkled medium silver commercial water bottle partially filled,Plastic
1124,intact bulk cd case with liquid inside,Plastic
2821,ripped multi colored plastic tray sealed,Plastic
3350,broken medium copper wire,Metal
2996,new natural six pack holder,Cardboard
3392,new yellow cardboard tube,Cardboard
4908,wrinkled brand b potted plant,Vegetation
2350,tiny yellow food scraps,Food Organics
1121,folded small patterned plastic wrap,Plastic
3016,ripped oversized leather eco friendly rug sealed,Textile Trash
3382,wrinkled standard wood piece,Miscellaneous Trash
225,personal white natural food tin,Metal
3368,ripped red supermarket newspaper containing residue,Paper
4811,crumpled medium black natural glass cup,Glass
4465,new brown socks,Textile Trash
3128,new mini glass cup partially filled,Glass
3604,damaged orange brand b plastic tray,Plastic
1155,broken enormous commercial beverage carrier,Cardboard
3030,large orange glass local pencil,Miscellaneous Trash
341,ripped enormous glass cup,Glass
4823,crumpled standard flower petals partially filled,Vegetation
1446,wrinkled bulk polyester jacket partially filled,Textile Trash
519,dirty small artisanal flower petals,Vegetation
2128,purple generic file box,Cardboard
4726,purple toilet paper roll,Cardboard
983,clean regular sized bamboo homemade leather belt,Textile Trash
2315,empty water bottle,Plastic
2741,patterned wire hanger,Metal
4705,new purple beverage carrier,Cardboard
1767,torn green commercial office paper,Paper
66,new spotted egg carton,Cardboard
2095,dry medium striped vacuum dust,Miscellaneous Trash
649,crumpled massive natural paper plate,Paper
1671,compact patterned packaging box with liquid inside,Cardboard
2473,torn organic food container,Plastic
3091,dry travel sized silver glass tabletop,Glass
2208,wrinkled synthetic socks,Textile Trash
1895,oversized budget cereal box empty,Cardboard
4638,broken small green premium office paper,Paper
2966,dirty fun sized curtain,Textile Trash
4081,damaged bush clippings,Vegetation
4171,medium striped pillow case,Textile Trash
4588,used glass natural scarf,Textile Trash
4184,partial silver fish bones with label attached,Food Organics
2453,orange brand b weeds sealed,Vegetation
4492,ripped vacuum cleaner bag,Miscellaneous Trash
2799,small brand b glass bottle with product remaining,Glass
870,intact enormous spotted light bulb,Glass
1700,soiled blue composite supermarket hat,Textile Trash
2317,folded tiny pink eco friendly hat sealed,Textile Trash
3658,partial regular sized red premium fallen leaves,Vegetation
3570,oversized spotted cd dvd,Miscellaneous Trash
3161,folded homemade aluminum foil,Metal
1343,intact industrial white metal bottle,Metal
2647,folded red leaves,Vegetation
2492,mini olive pits,Food Organics
1171,clean floral weeds,Vegetation
2470,clean large spotted bulk sheet of paper with label attached,Paper
131,oversized yellow artisanal branches,Vegetation
239,wet white commercial paper cup,Paper
1691,compact pink fabric battery,Miscellaneous Trash
4088,stained travel sized multi colored premium plant stems,Vegetation
119,red printer paper,Paper
3643,folded green supermarket potted plant,Vegetation
807,empty metal cutlery,Metal
137,generic metal pipe,Metal
2224,stained medium tree limbs,Vegetation
3483,wet glass sheet,Glass
4260,soiled orange ceramic ceramic mug,Miscellaneous Trash
3325,partial large brown designer glass bottle,Glass
2891,dry white cd dvd,Miscellaneous Trash
279,full personal floral homemade tin can partially filled,Metal
2945,organic plastic lid,Plastic
4247,folded brown notebook paper partially filled,Paper
2189,artisanal plastic straw,Plastic
226,tiny silver food container,Plastic
1704,ripped industrial patterned imported corn cob,Food Organics
2341,used small paperback book,Paper
1187,ripped mini spotted silicone artisanal fabric scrap partially filled,Textile Trash
4559,wet blue avocado pit,Food Organics
197,folded enormous white tissue paper,Paper
4490,ripped floral old t shirt with food residue,Textile Trash
3134,stained oversized transparent mirror fragment,Glass
4847,folded large gold champagne bottle,Glass
1899,folded standard gold tree limbs,Vegetation
2537,wet orange glass bottle,Glass
4373,ripped compact yellow wine bottle,Glass
582,yard trimmings,Vegetation
4747,torn pink packaging box,Cardboard
2324,folded tiny patterned fabric hat with liquid inside,Textile Trash
4178,massive magazine with food residue,Paper
1589,industrial spotted commercial appliance box containing residue,Cardboard
2405,stained industrial orange cotton commercial hat,Textile Trash
4749,dry gold natural wrapping paper,Paper
2737,budget cardboard tray partially filled,Cardboard
2270,plastic wrap,Plastic
495,fun sized gold generic cd case,Plastic
2068,ripped purple flowers sealed,Vegetation
3575,new yogurt container containing residue,Plastic
2578,travel sized orange premium disposable diaper,Miscellaneous Trash
2389,dry compact orange plant stems with label attached,Vegetation
322,industrial blue bottle cap containing residue,Metal
2174,broken imported flyer,Paper
4919,partial travel sized black eco friendly brochure with liquid inside,Paper
551,torn transparent baby clothes,Textile Trash
3176,new regular sized imported cd case,Plastic
2550,full supermarket olive pits with label attached,Food Organics
4056,supermarket notebook paper containing residue,Paper
126,mini blue homemade rug,Textile Trash
1099,clean yellow disposable diaper sealed,Miscellaneous Trash
1391,new gold yard trimmings,Vegetation
4786,dry enormous blue silicone tablecloth,Textile Trash
4600,clean green paper towel sealed,Paper
708,dirty brown metal lid with food residue,Metal
2077,broken small multi colored soda can,Metal
2162,bamboo vacuum dust,Miscellaneous Trash
999,dirty gold vacuum dust,Miscellaneous Trash
1545,personal cardboard tube,Cardboard
429,medium spotted commercial plastic lid,Plastic
802,ripped industrial cotton styrofoam,Miscellaneous Trash
4377,empty blue envelope,Paper
418,plastic cup,Plastic
4849,wrinkled oversized brown plant stems,Vegetation
848,ripped standard electronic device,Miscellaneous Trash
3656,partial paper cup,Paper
4053,supermarket shampoo bottle,Plastic
4833,floral houseplant,Vegetation
4242,damaged large metal organic wool sweater with product remaining,Textile Trash
3141,clean industrial white imported sticky note,Paper
3084,crumpled oversized ceramic bed sheet with food residue,Textile Trash
3686,stained premium egg carton leaking,Cardboard
1947,folded orange vegetable plant,Vegetation
4606,dry packaging box with liquid inside,Cardboard
244,fun sized purple disposable razor leaking,Miscellaneous Trash
488,dry metal coat hanger,Metal
2562,industrial multi colored imported shoe box,Cardboard
257,ripped banana peel,Food Organics
2322,new fun sized plastic straw,Plastic
3183,new generic toy,Miscellaneous Trash
1619,homemade nail,Metal
1158,used regular sized generic plastic cup,Plastic
4573,soiled red glass bottle partially filled,Glass
3727,paper plate,Paper
4344,wrinkled travel sized black glass cup,Glass
4888,medium purple cotton local linen cloth with contents,Textile Trash
3028,broken black organic cardboard tube empty,Cardboard
1875,dry mini transparent glass jar,Glass
4834,enormous homemade egg carton empty,Cardboard
1687,full travel sized silicone imported curtain,Textile Trash
2949,clean spotted newspaper,Paper
1975,folded brown premium plastic tray sealed,Plastic
2158,stained fun sized paper bag,Paper
783,partial white homemade egg carton with product remaining,Cardboard
2779,intact silver shampoo bottle,Plastic
645,travel sized plastic toy containing residue,Plastic
4039,yellow natural hedge trimmings with food residue,Vegetation
3258,standard blue cotton commercial hat,Textile Trash
4567,fun sized orange premium fallen leaves,Vegetation
1219,dry orange organic mirror fragment,Glass
3670,personal imported tree limbs,Vegetation
1293,torn red plastic toy,Plastic
4317,dry oversized green avocado pit,Food Organics
1920,intact travel sized green artisanal glass tabletop,Glass
1328,folded standard designer meat scraps with liquid inside,Food Organics
1243,mini purple artisanal bread partially filled,Food Organics
2356,fun sized black premium plastic wrap,Plastic
3967,used massive multi colored brand b paperback book,Paper
3397,wrinkled personal floral shipping box,Cardboard
1413,mini silicone pen,Miscellaneous Trash
887,dirty standard window glass with food residue,Glass
4278,dirty packaging box,Cardboard
806,soiled compact yellow soda can,Metal
1699,compact gold bubble wrap with food residue,Plastic
2871,intact enormous patterned bamboo cigarette butt,Miscellaneous Trash
2398,dirty enormous blue newspaper sealed,Paper
4415,intact commercial cardboard sleeve,Cardboard
2846,used large pink avocado pit,Food Organics
1965,torn compact brown branches,Vegetation
4692,folded paper towel with food residue,Paper
399,wrinkled compact multi colored brand a takeout container partially filled,Plastic
1663,clean standard multi colored paper wool sweater,Textile Trash
4704,soiled oversized transparent garden waste,Vegetation
1891,torn mini avocado pit with label attached,Food Organics
2123,dry oversized multi colored bulk tree limbs,Vegetation
2687,broken enormous paper bag containing residue,Paper
2310,transparent homemade scarf,Textile Trash
2444,floral soda can with contents,Metal
4125,ripped mini spotted bulk nail partially filled,Metal
4424,new compact yellow rubber leather belt leaking,Textile Trash
2156,small leather belt,Textile Trash
178,yellow plastic tray,Plastic
3130,intact massive silicone eco friendly tablecloth,Textile Trash
2098,used small red metal tablecloth,Textile Trash
4787,crumpled patterned plastic wrap,Plastic
3037,dry personal spotted nut shells with product remaining,Food Organics
385,stained massive striped nut shells,Food Organics
4092,new budget newspaper with label attached,Paper
2776,black cardboard vacuum dust,Miscellaneous Trash
2991,folded oversized gold houseplant with product remaining,Vegetation
2860,homemade weeds,Vegetation
826,damaged gold commercial toothbrush,Plastic
4174,wet office paper,Paper
1274,dry pink glass linen cloth,Textile Trash
2007,ripped yellow bulk receipt,Paper
3449,partial massive green carpet piece,Textile Trash
2499,folded local plastic toy empty,Plastic
4740,torn floral polyester jacket,Textile Trash
3403,partial orange paper scarf,Textile Trash
4788,clean artisanal envelope,Paper
2118,dirty striped silicone generic battery,Miscellaneous Trash
4598,grass clippings,Vegetation
2711,wrinkled standard pink orange peel partially filled,Food Organics
3327,regular sized multi colored drinking glass,Glass
3010,new standard transparent grass clippings,Vegetation
4542,red generic food scraps,Food Organics
2392,enormous silver bamboo dryer lint,Miscellaneous Trash
4290,green linen cloth,Textile Trash
4037,clean mini glass pitcher,Glass
3283,glass vase,Glass
3602,folded orange organic glass sheet,Glass
4366,homemade pine needles containing residue,Vegetation
921,ripped white orange peel with contents,Food Organics
2613,mini designer food container,Plastic
1263,dry local medicine bottle,Glass
3906,patterned artisanal leather belt,Textile Trash
3001,full small food scraps with product remaining,Food Organics
1488,intact red palm fronds leaking,Vegetation
922,empty gold toothbrush,Plastic
4743,wrinkled oversized paper bag,Paper
1505,torn enormous fabric scrap,Textile Trash
1496,empty brown imported glass tabletop,Glass
2830,soiled regular sized polyester jacket,Textile Trash
4069,damaged oversized black supermarket dairy products,Food Organics
3113,folded regular sized brown bulk shampoo bottle,Plastic
361,purple leather belt,Textile Trash
3583,dry mini pink designer soda can sealed,Metal
3820,large budget paper plate,Paper
2986,ripped mini white plastic bag,Plastic
4417,new purple imported fruit peel,Food Organics
3491,soiled travel sized coffee grounds,Food Organics
1609,wet mini aluminum can,Metal
2521,dry artisanal gloves,Textile Trash
2260,standard patterned cotton rubber band,Miscellaneous Trash
2994,spotted leather brand b leather belt partially filled,Textile Trash
2379,empty designer drinking glass,Glass
1582,small striped wrapping paper,Paper
1005,patterned commercial banana peel,Food Organics
3485,folded black glass bottle,Glass
1696,fun sized white clamshell packaging,Plastic
1674,full blue natural tin can,Metal
2369,used oversized eco friendly appliance box,Cardboard
3471,medium striped commercial detergent bottle with contents,Plastic
3261,fun sized natural gloves,Textile Trash
3326,small orange six pack holder containing residue,Cardboard
1896,broken black yard trimmings,Vegetation
3234,partial notebook paper,Paper
3611,black metal homemade wood piece sealed,Miscellaneous Trash
3235,used industrial black vegetable waste,Food Organics
989,tiny gold commercial file box,Cardboard
903,hat,Textile Trash
261,crumpled personal red bamboo organic ceramic mug,Miscellaneous Trash
2406,used black yard trimmings,Vegetation
4019,wrinkled printer paper,Paper
4790,personal glass candle holder,Glass
545,personal red magazine,Paper
4936,crumpled silicone electronic device partially filled,Miscellaneous Trash
253,broken small fallen leaves,Vegetation
1450,industrial purple local spoiled food,Food Organics
1905,partial fun sized glass bottle containing residue,Glass
4354,broken black avocado pit empty,Food Organics
1384,ripped enormous orange generic foil wrapper,Metal
1023,intact small black metal designer pencil,Miscellaneous Trash
1695,dry medium multi colored silicone worn jeans,Textile Trash
4188,wet enormous multi colored supermarket plastic tray with liquid inside,Plastic
2796,full massive gold homemade glass candle holder sealed,Glass
405,industrial supermarket glass candle holder with label attached,Glass
1622,massive brown banana peel,Food Organics
191,folded pizza box,Cardboard
2904,blue bubble wrap,Plastic
4111,regular sized striped designer cardboard tray,Cardboard
1579,ripped spotted wooden local pencil,Miscellaneous Trash
1807,wet budget hedge trimmings with product remaining,Vegetation
2722,wet mini multi colored cardboard tube,Cardboard
3201,standard green tin can,Metal
4028,designer six pack holder,Cardboard
1013,crumpled travel sized premium coffee grounds,Food Organics
4169,soiled fun sized floral natural tin can,Metal
904,compact homemade food packaging,Cardboard
3771,dirty cardboard sleeve with food residue,Cardboard
1221,stained green supermarket banana peel,Food Organics
2309,clean travel sized striped fabric toy,Miscellaneous Trash
2898,wrinkled perfume bottle partially filled,Glass
715,dirty commercial meat scraps,Food Organics
2688,pink fish bones empty,Food Organics
4478,intact shoe box,Cardboard
2478,new white commercial shoe box sealed,Cardboard
2530,yellow notebook paper with food residue,Paper
1457,soiled large silicone commercial rubber band,Miscellaneous Trash
3972,crumpled personal multi colored brand a tree limbs,Vegetation
4565,ripped brand b plastic cutlery,Plastic
58,used large white imported packaging box,Cardboard
865,crumpled red drinking glass,Glass
3795,crumpled regular sized black commercial metal lid,Metal
1033,dry metal bottle,Metal
47,partial black pizza box,Cardboard
2045,dirty oversized silver fallen leaves,Vegetation
841,tiny striped metal cutlery,Metal
943,medium transparent organic garden waste,Vegetation
114,crumpled industrial glass tabletop,Glass
4961,industrial metal lid,Metal
3103,used small yellow homemade takeout container,Plastic
3941,crumpled floral paper silk tie,Textile Trash
3844,travel sized transparent tin can,Metal
4713,used toy,Miscellaneous Trash
2570,brand b pizza box leaking,Cardboard
683,broken fun sized drinking glass,Glass
1363,folded travel sized synthetic local worn jeans,Textile Trash
2899,purple organic flower petals with food residue,Vegetation
2489,torn small white composite dryer lint with food residue,Miscellaneous Trash
1175,intact purple aluminum can,Metal
2708,crumpled enormous worn jeans with label attached,Textile Trash
651,mini transparent light bulb,Glass
1777,partial small brand b soda can,Metal
4548,intact silver soda bottle,Plastic
2428,brown corn cob sealed,Food Organics
1049,travel sized patterned beverage carrier,Cardboard
4942,wet multi colored worn jeans,Textile Trash
2278,budget toilet paper roll,Cardboard
4680,orange tool with label attached,Miscellaneous Trash
3004,small dairy products,Food Organics
3279,orange toy partially filled,Miscellaneous Trash
2056,wrinkled enormous gold silicone dryer lint empty,Miscellaneous Trash
4091,soiled personal multi colored yard trimmings,Vegetation
4883,damaged oversized flower petals,Vegetation
1596,intact medium brand a gift box,Cardboard
4399,regular sized spotted notebook,Paper
727,wrinkled paper towel,Paper
1359,used standard striped metal tube containing residue,Metal
1358,soiled spotted tape partially filled,Miscellaneous Trash
2410,crumpled standard white natural leaves,Vegetation
202,wrinkled fun sized striped packaging box with product remaining,Cardboard
2916,blue brand a steel scrap with product remaining,Metal
1954,ripped tiny gold natural metal bottle,Metal
2191,folded copper wire with label attached,Metal
3214,crumpled medium multi colored supermarket weeds,Vegetation
1104,clean spotted premium hat,Textile Trash
1073,new massive composite local plastic metal composite,Miscellaneous Trash
256,white toilet paper roll,Cardboard
4107,torn natural banana peel partially filled,Food Organics
4514,damaged perfume bottle,Glass
1845,empty industrial blue takeout container,Plastic
860,clean black supermarket rubber band leaking,Miscellaneous Trash
2375,stained blue cardboard mailer,Cardboard
1385,empty large notebook paper,Paper
1324,wet patterned budget shoe box,Cardboard
10,wrinkled newspaper,Paper
1630,ripped tiny silver plastic cutlery,Plastic
1755,personal palm fronds,Vegetation
3796,dirty fun sized silk tie,Textile Trash
4643,medium glass bottle,Glass
4869,used oversized floral metal vacuum dust partially filled,Miscellaneous Trash
2169,dry green designer metal bottle,Metal
2498,floral imported medicine bottle,Glass
602,empty disposable razor with product remaining,Miscellaneous Trash
2081,broken designer glass sheet,Glass
4305,pencil with product remaining,Miscellaneous Trash
2131,used mini milk jug,Plastic
1559,torn enormous spotted artisanal tree bark,Vegetation
714,empty mini striped cardboard mailer,Cardboard
593,crumpled small receipt,Paper
636,damaged designer yard trimmings with liquid inside,Vegetation
2645,intact industrial green brand b shampoo bottle,Plastic
3635,new regular sized gold leather plastic metal composite,Miscellaneous Trash
4534,stained industrial white premium glass tabletop,Glass
1876,empty yellow old t shirt,Textile Trash
3437,pink eco friendly steel container,Metal
3063,damaged massive white sheet of paper,Paper
1309,massive pink brand b battery with label attached,Miscellaneous Trash
3111,ripped cardboard tray leaking,Cardboard
4566,personal cotton silk tie,Textile Trash
2232,partial premium medicine bottle,Glass
200,dry regular sized patterned bread empty,Food Organics
3124,medium local dairy products sealed,Food Organics
2050,budget egg carton,Cardboard
2995,used tiny champagne bottle,Glass
4089,used standard striped shampoo bottle,Plastic
4235,used orange premium packaging box,Cardboard
2193,wet small transparent generic olive pits,Food Organics
4737,oversized budget linen cloth,Textile Trash
1912,full glass candle holder,Glass
4930,dirty standard striped plastic toy,Plastic
3146,dirty flower petals,Vegetation
1222,dry massive natural marker,Miscellaneous Trash
73,full multi colored cardboard mailer,Cardboard
1625,wet medium battery with liquid inside,Miscellaneous Trash
931,standard green organic copper wire with food residue,Metal
3167,purple toothbrush,Plastic
2040,partial orange natural fruit peel with contents,Food Organics
266,intact standard silver tree limbs,Vegetation
4299,dirty standard purple synthetic brand a rubber band with contents,Miscellaneous Trash
356,dry industrial organic food scraps,Food Organics
939,dirty magazine,Paper
4120,ripped blue designer grass clippings,Vegetation
4096,dry enormous premium glass candle holder containing residue,Glass
362,wrinkled black brand a plastic metal composite,Miscellaneous Trash
4538,dry food packaging partially filled,Cardboard
1683,industrial multi colored glass budget pencil with contents,Miscellaneous Trash
90,floral biodegradable imported disposable diaper,Miscellaneous Trash
1718,dirty floral designer glass bottle,Glass
1479,wrinkled standard blue eco friendly vegetable waste with label attached,Food Organics
4971,folded eco friendly glass bottle,Glass
1806,full large glass pitcher,Glass
2672,ripped regular sized purple brand b file box,Cardboard
3884,damaged orange peel,Food Organics
2948,wrinkled medium white supermarket foil wrapper,Metal
4616,natural curtain with product remaining,Textile Trash
2475,plastic marker,Miscellaneous Trash
1967,partial regular sized commercial appliance box,Cardboard
4870,torn small brown fish bones,Food Organics
1966,torn transparent shampoo bottle,Plastic
1383,fun sized sheet of paper,Paper
3678,damaged blue artisanal glass bottle leaking,Glass
973,brand a cd case,Plastic
786,ripped medium shampoo bottle,Plastic
992,intact commercial egg shells,Food Organics
2951,pink six pack holder with liquid inside,Cardboard
916,clean glass container,Glass
2148,wrinkled fun sized grass clippings,Vegetation
874,soiled white plastic tray,Plastic
3973,torn medium multi colored bubble wrap,Plastic
4872,large homemade cotton towel,Textile Trash
4789,purple glass disposable razor empty,Miscellaneous Trash
4124,damaged personal bulk vegetable waste,Food Organics
3978,crumpled enormous green metal silk tie with product remaining,Textile Trash
2880,medium pink gift box,Cardboard
4716,personal red food scraps sealed,Food Organics
3247,crumpled patterned supermarket palm fronds,Vegetation
4049,intact enormous white branches,Vegetation
1101,partial striped disposable razor,Miscellaneous Trash
1829,wrinkled medium brown cardboard rug,Textile Trash
4390,torn transparent eco friendly paperback book leaking,Paper
1509,new enormous brand a notebook,Paper
4151,dry plastic bag,Plastic
3278,black natural gloves,Textile Trash
4035,enormous cardboard cd dvd with label attached,Miscellaneous Trash
691,intact large red budget metal tube,Metal
1159,folded cardboard tube,Cardboard
3035,dry personal white vacuum dust with food residue,Miscellaneous Trash
4597,broken fun sized local plant cuttings,Vegetation
1306,full enormous white bush clippings,Vegetation
3186,wrinkled fun sized paperback book leaking,Paper
1592,wet fun sized yellow perfume bottle,Glass
1183,torn floral apple core,Food Organics
155,dry floral tablecloth,Textile Trash
1586,wrinkled large paper bag,Paper
165,large designer metal bottle,Metal
1286,wet mini green shipping box with product remaining,Cardboard
350,dirty travel sized brown magazine with liquid inside,Paper
2720,broken brand b plastic cutlery,Plastic
716,intact black cardboard tray,Cardboard
3031,enormous local carpet piece,Textile Trash
1512,dry compact green imported marker,Miscellaneous Trash
571,red leather belt with contents,Textile Trash
3445,broken enormous transparent food scraps leaking,Food Organics
2820,soiled white clamshell packaging containing residue,Plastic
853,clean sticky note sealed,Paper
3398,new fun sized striped banana peel containing residue,Food Organics
3022,broken enormous white plant cuttings containing residue,Vegetation
1907,wrinkled travel sized branches,Vegetation
4592,used large bulk coffee grounds containing residue,Food Organics
4975,clean massive striped generic weeds,Vegetation
2998,industrial spotted shampoo bottle,Plastic
2740,dirty yellow organic metal screw,Metal
3580,torn mini spoiled food,Food Organics
4318,dry large black budget water bottle partially filled,Plastic
1071,damaged medium striped toilet paper roll empty,Cardboard
2641,cardboard tray with food residue,Cardboard
3657,perfume bottle,Glass
2212,soiled oversized glass tablecloth partially filled,Textile Trash
4693,stained medium orange notebook,Paper
3380,clean massive green supermarket metal screw,Metal
2207,empty standard brand b metal lid,Metal
3287,wet chicken bones with product remaining,Food Organics
4729,partial silver plastic lid empty,Plastic
1990,potted plant,Vegetation
3076,damaged standard transparent brand b window glass sealed,Glass
4983,dirty organic plastic bag,Plastic
1846,enormous organic pillow case,Textile Trash
784,clean transparent drinking glass leaking,Glass
33,used large supermarket fabric scrap partially filled,Textile Trash
3104,damaged mini striped newspaper,Paper
493,gold glass cup sealed,Glass
4121,broken tiny patterned natural plastic wrap,Plastic
2111,standard wooden fabric scrap,Textile Trash
600,wrinkled small black brand b toilet paper roll empty,Cardboard
381,compact greeting card,Paper
1959,full regular sized corn cob,Food Organics
2939,partial yellow artisanal water bottle,Plastic
2515,commercial food tin,Metal
415,used medium pen partially filled,Miscellaneous Trash
4945,clean regular sized six pack holder,Cardboard
3565,broken medium pink tool sealed,Miscellaneous Trash
3432,crumpled multi colored generic appliance box,Cardboard
639,wrinkled green cd case with food residue,Plastic
3649,yellow budget envelope,Paper
2812,dirty fun sized glass imported disposable diaper,Miscellaneous Trash
2697,wet silver tin can leaking,Metal
4420,standard glass budget gloves sealed,Textile Trash
3399,stained standard egg carton,Cardboard
3131,new medium imported garden waste with contents,Vegetation
4431,clean red supermarket glass bottle,Glass
4877,small spotted leather belt,Textile Trash
3311,soiled brown plastic straw partially filled,Plastic
3479,empty eco friendly aerosol can,Metal
1773,empty metal tube leaking,Metal
2220,torn patterned hat,Textile Trash
1352,tiny patterned commercial plastic metal composite with label attached,Miscellaneous Trash
2967,soiled tiny gold cardboard mailer,Cardboard
3097,torn metal lid,Metal
3498,stained fun sized cotton old t shirt empty,Textile Trash
1444,broken orange potted plant with product remaining,Vegetation
524,crumpled black composite brand b cotton towel,Textile Trash
3171,damaged silver shoe box,Cardboard
98,packaging box,Cardboard
1511,nail,Metal
4471,broken small bulk dryer lint partially filled,Miscellaneous Trash
3328,soiled fun sized sheet of paper leaking,Paper
4541,stained black gift box,Cardboard
85,wrinkled industrial office paper partially filled,Paper
338,silver designer clamshell packaging,Plastic
408,clean enormous silicone brand b polyester jacket,Textile Trash
4646,full mini leather commercial cd dvd,Miscellaneous Trash
3303,yellow electronic device,Miscellaneous Trash
1600,small designer moving box,Cardboard
4672,stained mini pink paper rubber band with product remaining,Miscellaneous Trash
2587,spotted natural fabric scrap,Textile Trash
3208,transparent homemade metal screw with label attached,Metal
4590,paper bag,Paper
4810,wet oversized shipping box with food residue,Cardboard
4018,dry fabric dryer lint,Miscellaneous Trash
78,newspaper leaking,Paper
872,folded transparent toilet paper roll,Cardboard
1077,large bottle cap with food residue,Metal
352,torn travel sized designer six pack holder containing residue,Cardboard
1716,dirty tiny glass jar,Glass
1125,wrinkled yellow file box,Cardboard
794,regular sized cardboard sleeve containing residue,Cardboard
1805,travel sized yellow brand a cigarette butt,Miscellaneous Trash
1008,wet artisanal old t shirt,Textile Trash
4792,mini patterned glass bottle,Glass
2918,generic metal lid,Metal
486,wet gloves,Textile Trash
1276,stained fish bones,Food Organics
3158,crumpled striped apple core,Food Organics
3812,personal green commercial shoe box,Cardboard
2616,empty enormous yellow generic orange peel,Food Organics
4404,full compact wine bottle,Glass
893,supermarket potted plant empty,Vegetation
195,used large glass container,Glass
514,full massive brown artisanal tissue paper,Paper
3299,large supermarket notebook paper,Paper
804,ripped oversized leather designer tape,Miscellaneous Trash
2664,dry envelope partially filled,Paper
1494,synthetic imported dryer lint with food residue,Miscellaneous Trash
643,new standard brown bulk wood piece partially filled,Miscellaneous Trash
4845,wet personal glass vase,Glass
312,oversized orange commercial soda can leaking,Metal
4271,brown designer flowers,Vegetation
93,dry medium transparent wooden homemade silk tie,Textile Trash
4776,brown fabric scrap empty,Textile Trash
1074,partial massive gold natural magazine with liquid inside,Paper
4828,plastic bag partially filled,Plastic
731,partial purple imported flyer,Paper
1006,eco friendly drinking glass,Glass
1783,folded wire hanger,Metal
800,personal spotted greeting card,Paper
4741,gold synthetic styrofoam,Miscellaneous Trash
2345,yellow brand a tree bark,Vegetation
4436,clean oversized gold bulk glass vase with liquid inside,Glass
3937,dry regular sized spotted brand b leaves,Vegetation
3593,broken fun sized apple core sealed,Food Organics
1284,folded compact purple palm fronds,Vegetation
3768,soiled transparent plastic tray with product remaining,Plastic
4421,compact red supermarket plastic lid with contents,Plastic
4493,folded leaves,Vegetation
444,massive red gift box,Cardboard
4352,ripped oversized green synthetic designer silk tie with label attached,Textile Trash
1417,gold supermarket tree bark,Vegetation
442,blue cardboard leather belt with label attached,Textile Trash
3505,wrinkled yellow bottle cap,Metal
378,full enormous homemade pencil,Miscellaneous Trash
4744,used compact bulk shampoo bottle empty,Plastic
2546,clean small plastic organic electronic device with label attached,Miscellaneous Trash
149,gold homemade drinking glass,Glass
3348,full leather rubber band,Miscellaneous Trash
1120,crumpled wrapping paper,Paper
4688,full medium brown designer soda can with contents,Metal
2555,empty homemade medicine bottle containing residue,Glass
1935,wrinkled transparent appliance box,Cardboard
1519,soiled regular sized organic bush clippings,Vegetation
4759,clean massive flowers with liquid inside,Vegetation
681,torn regular sized spotted plant stems,Vegetation
4822,industrial brown synthetic generic rubber band sealed,Miscellaneous Trash
3537,clean compact pizza box,Cardboard
817,damaged standard brown generic file box,Cardboard
1410,full designer flower petals,Vegetation
4827,potted plant,Vegetation
11,gold cigarette butt,Miscellaneous Trash
4443,dirty pink imported banana peel,Food Organics
4280,wrinkled purple rubber budget silk tie,Textile Trash
3006,folded tiny organic silk tie,Textile Trash
3089,clean silver shampoo bottle,Plastic
777,ripped tape,Miscellaneous Trash
1411,dirty oversized local leftover pasta,Food Organics
3894,enormous yellow cd case,Plastic
647,dirty brown linen cloth,Textile Trash
3632,crumpled personal transparent vacuum cleaner bag,Miscellaneous Trash
1478,empty commercial vegetable plant,Vegetation
3852,wrinkled yellow cotton natural styrofoam,Miscellaneous Trash
4706,pink generic drinking glass,Glass
1415,clean purple nail,Metal
1682,standard green artisanal plastic straw empty,Plastic
756,torn spotted commercial plant stems,Vegetation
4163,green copper wire sealed,Metal
465,new multi colored avocado pit with product remaining,Food Organics
265,soiled travel sized plastic eco friendly electronic device,Miscellaneous Trash
4123,medium commercial chicken bones,Food Organics
1647,clean medium plastic toy,Plastic
4367,industrial natural moving box,Cardboard
2678,compact tape,Miscellaneous Trash
4587,broken industrial banana peel,Food Organics
4751,wrinkled oversized striped cotton scarf partially filled,Textile Trash
4793,stained silver composite brand b pillow case,Textile Trash
1888,printer paper empty,Paper
1847,torn brand a corrugated box leaking,Cardboard
4368,torn blue ceramic mug,Miscellaneous Trash
4017,ripped industrial silver notebook paper,Paper
1054,damaged orange designer palm fronds,Vegetation
4604,damaged standard meat scraps,Food Organics
2209,regular sized transparent eco friendly metal lid,Metal
3216,glass jar with label attached,Glass
4527,medium white plastic toy,Plastic
3674,yellow generic food tin with food residue,Metal
1740,torn striped brand a light bulb,Glass
2598,used large metal tube,Metal
1689,wet yellow artisanal potted plant,Vegetation
2637,wet pink organic fish bones,Food Organics
2361,dry fun sized gold bulk champagne bottle,Glass
3905,dirty regular sized spotted appliance box sealed,Cardboard
4395,ripped floral metal tube,Metal
1564,new compact wire hanger,Metal
307,torn enormous yellow greeting card,Paper
3071,clean standard gold medicine bottle,Glass
1084,ripped orange brand b fruit peel partially filled,Food Organics
3747,clean pine needles,Vegetation
710,wet silk tie,Textile Trash
1152,avocado pit,Food Organics
4997,broken mini apple core,Food Organics
895,full patterned tree limbs,Vegetation
3591,dry brand b metal pipe,Metal
3664,soiled mini pink premium champagne bottle with food residue,Glass
2210,compact striped bush clippings leaking,Vegetation
2300,broken food packaging with contents,Cardboard
2970,oversized eco friendly notebook paper,Paper
2018,damaged standard floral shampoo bottle,Plastic
2973,used natural metal screw containing residue,Metal
2377,intact enormous black plastic wrap,Plastic
1170,torn fun sized blue pillow case,Textile Trash
694,cardboard tube,Cardboard
770,ripped regular sized transparent brand a six pack holder,Cardboard
678,yellow tissue paper,Paper
3545,wrinkled mini commercial copper wire,Metal
398,folded industrial gold brand a aluminum foil,Metal
700,soiled cardboard tray,Cardboard
3563,damaged mini cd dvd,Miscellaneous Trash
2269,wrinkled medium linen cloth,Textile Trash
3262,stained brand a ceramic mug,Miscellaneous Trash
2585,stained commercial toilet paper roll,Cardboard
185,standard cardboard scarf leaking,Textile Trash
1421,wrinkled patterned brand b flyer partially filled,Paper
4337,new travel sized hedge trimmings sealed,Vegetation
978,black eco friendly paper cup,Paper
4540,purple soda can,Metal
1201,new industrial gold perfume bottle,Glass
4913,purple moving box,Cardboard
906,dirty tiny blue yard trimmings,Vegetation
2960,crumpled purple shipping box,Cardboard
3188,new fun sized glass cup,Glass
596,enormous red generic office paper,Paper
3260,blue leather hat,Textile Trash
125,floral natural toothbrush,Plastic
914,intact supermarket banana peel,Food Organics
3547,dry tiny bed sheet with food residue,Textile Trash
2633,used industrial premium rubber band partially filled,Miscellaneous Trash
3204,stained pink generic foil wrapper partially filled,Metal
3080,fruit peel sealed,Food Organics
1463,gold plastic toy,Plastic
1467,stained nail,Metal
3221,generic corrugated box with food residue,Cardboard
382,full fun sized fabric curtain with product remaining,Textile Trash
4687,industrial floral packaging box leaking,Cardboard
3963,full industrial glass cup partially filled,Glass
1766,folded orange beverage carrier with product remaining,Cardboard
2724,large drinking glass,Glass
4956,dry oversized glass marker,Miscellaneous Trash
2094,partial personal yellow cardboard sleeve,Cardboard
4104,full red bamboo designer wool sweater sealed,Textile Trash
1578,empty battery,Miscellaneous Trash
329,dirty plastic straw,Plastic
1422,broken purple flower petals empty,Vegetation
1354,full massive shipping box empty,Cardboard
1866,ripped red brand b water bottle with liquid inside,Plastic
3341,clean yellow copper wire,Metal
3478,folded spotted egg carton leaking,Cardboard
3689,multi colored commercial notebook partially filled,Paper
2841,new mini disposable diaper,Miscellaneous Trash
1584,used striped pillow case,Textile Trash
1249,dirty oversized transparent plastic cutlery with liquid inside,Plastic
4580,folded silver packaging box empty,Cardboard
1102,white pizza box,Cardboard
4239,broken greeting card,Paper
4636,crumpled brown magazine empty,Paper
4795,oversized yellow appliance box with product remaining,Cardboard
1037,food packaging,Cardboard
4799,full generic food packaging,Cardboard
2385,torn brown brand a moving box,Cardboard
3875,black perfume bottle,Glass
2958,stained homemade glass sheet,Glass
3487,wet travel sized multi colored wood piece,Miscellaneous Trash
3979,red cardboard tray,Cardboard
376,patterned budget paper plate,Paper
1620,torn transparent houseplant,Vegetation
823,used packaging box,Cardboard
2803,torn transparent cardboard tube with food residue,Cardboard
3353,used perfume bottle leaking,Glass
16,crumpled rubber band,Miscellaneous Trash
1969,dry gold local copper wire containing residue,Metal
3005,tiny pencil,Miscellaneous Trash
2303,dry regular sized transparent local tissue paper,Paper
995,full floral metal bottle,Metal
2921,soiled plastic straw leaking,Plastic
4552,wet travel sized transparent premium houseplant,Vegetation
2485,empty medium dairy products with contents,Food Organics
436,dirty brand b wool sweater,Textile Trash
1914,used massive striped plastic cutlery,Plastic
2525,wrinkled multi colored cd case,Plastic
653,medium striped disposable diaper with label attached,Miscellaneous Trash
3598,dry generic bubble wrap,Plastic
4948,enormous multi colored light bulb,Glass
2787,clean enormous food scraps leaking,Food Organics
3337,crumpled spotted steel container with food residue,Metal
1035,soiled massive orange synthetic local fabric scrap leaking,Textile Trash
3497,wrinkled homemade curtain,Textile Trash
584,intact small red wrapping paper,Paper
4093,brand a branches,Vegetation
4599,ripped striped plastic tray with product remaining,Plastic
704,wet fun sized premium curtain,Textile Trash
4652,torn brand a grass clippings with label attached,Vegetation
2656,torn floral supermarket steel scrap,Metal
3438,aluminum can sealed,Metal
2253,new pink artisanal nut shells,Food Organics
4122,used mini glass bottle,Glass
4612,clean regular sized purple bulk egg shells,Food Organics
3798,new travel sized shipping box,Cardboard
2480,dirty personal yellow fruit peel,Food Organics
3647,striped glass toy with food residue,Miscellaneous Trash
2588,stained chicken bones,Food Organics
1285,broken multi colored sheet of paper with liquid inside,Paper
4723,travel sized wrapping paper,Paper
4605,striped synthetic artisanal carpet piece leaking,Textile Trash
665,black curtain,Textile Trash
942,partial compact bulk mirror fragment,Glass
3308,full cardboard tube with liquid inside,Cardboard
1842,dry brown commercial gift box with food residue,Cardboard
3607,wrinkled floral premium pine needles with product remaining,Vegetation
2455,folded green fabric commercial carpet piece leaking,Textile Trash
3428,folded purple water bottle,Plastic
92,dry fun sized cd case with liquid inside,Plastic
975,soiled medium metal tube,Metal
918,broken glass jar with contents,Glass
3298,crumpled large corrugated box,Cardboard
2206,full brown synthetic baby clothes,Textile Trash
2865,large striped disposable diaper,Miscellaneous Trash
4844,crumpled bulk battery,Miscellaneous Trash
4446,torn yellow receipt with food residue,Paper
2623,wrinkled enormous leather belt,Textile Trash
1472,used patterned grass clippings,Vegetation
3370,used regular sized paper imported toy containing residue,Miscellaneous Trash
2744,empty enormous natural plastic tray,Plastic
349,partial large gold supermarket glass candle holder,Glass
4647,dry tiny brown brand b leftover pasta,Food Organics
1642,wrinkled generic spoiled food with label attached,Food Organics
2456,crumpled corrugated box,Cardboard
3579,broken purple premium weeds,Vegetation
141,dirty tiny purple bulk coffee grounds,Food Organics
3379,stained window glass,Glass
3019,torn massive aluminum can,Metal
936,stained spotted sheet of paper,Paper
2008,folded silver paper disposable diaper,Miscellaneous Trash
4887,empty travel sized rubber brand a rug,Textile Trash
3748,silver silicone brand a cigarette butt,Miscellaneous Trash
2864,dry blue paper bag with product remaining,Paper
4322,torn baby clothes leaking,Textile Trash
3513,torn small bush clippings,Vegetation
2328,used small rubber dryer lint with contents,Miscellaneous Trash
1224,soiled homemade yard trimmings,Vegetation
1017,regular sized multi colored ceramic hat empty,Textile Trash
1042,blue eco friendly tree limbs,Vegetation
949,torn compact aluminum foil,Metal
3459,compact floral organic vegetable waste partially filled,Food Organics
2500,folded standard leaves,Vegetation
4007,bamboo dryer lint,Miscellaneous Trash
2367,curtain,Textile Trash
447,wet red aluminum can,Metal
1482,transparent clamshell packaging,Plastic
3773,damaged compact multi colored commercial curtain,Textile Trash
769,medium yellow tape,Miscellaneous Trash
3638,silver garden waste leaking,Vegetation
864,stained brown imported soda can leaking,Metal
2120,enormous spotted cigarette butt empty,Miscellaneous Trash
4797,red biodegradable generic cigarette butt,Miscellaneous Trash
3145,full orange budget plastic straw,Plastic
2170,ripped linen cloth,Textile Trash
4738,soiled striped beverage carrier,Cardboard
1631,intact glass pitcher containing residue,Glass
3762,empty medium red budget garden waste leaking,Vegetation
1872,ripped green synthetic imported marker partially filled,Miscellaneous Trash
3202,clean personal orange bulk corn cob,Food Organics
2815,soiled oversized beverage carrier,Cardboard
1870,dry fun sized orange paperback book,Paper
2072,empty gold plastic toy leaking,Plastic
960,partial white paper cup,Paper
4414,mini floral eco friendly weeds,Vegetation
4563,empty travel sized moving box,Cardboard
1719,intact massive red brand a bubble wrap,Plastic
2634,crumpled regular sized homemade corrugated box,Cardboard
4455,spotted leaves with product remaining,Vegetation
1810,clean large red copper wire,Metal
2461,damaged medium black plastic toy,Plastic
3652,clean medium transparent wooden plastic metal composite,Miscellaneous Trash
3960,pink tea bags,Food Organics
1056,intact spotted plastic straw,Plastic
4312,used synthetic supermarket tablecloth empty,Textile Trash
1612,wet striped paper plate with label attached,Paper
3535,stained large corrugated box,Cardboard
2923,broken red nut shells with liquid inside,Food Organics
2833,full travel sized supermarket gloves,Textile Trash
357,soiled medium corn cob,Food Organics
360,intact enormous yellow cd dvd,Miscellaneous Trash
2274,green homemade plastic cutlery leaking,Plastic
3238,damaged tiny yellow glass designer linen cloth empty,Textile Trash
2848,dirty ceramic commercial socks,Textile Trash
556,crumpled personal designer coffee grounds,Food Organics
3433,folded multi colored organic six pack holder with food residue,Cardboard
3058,crumpled fun sized pink imported foil wrapper,Metal
863,clean organic scarf,Textile Trash
3369,black flower petals,Vegetation
1945,plastic metal composite sealed,Miscellaneous Trash
1558,standard floral chicken bones partially filled,Food Organics
4048,enormous budget egg shells with product remaining,Food Organics
4276,intact pink ceramic vacuum dust,Miscellaneous Trash
4110,wrinkled small gold pizza box with food residue,Cardboard
2782,metal budget bed sheet,Textile Trash
4428,torn small organic bush clippings,Vegetation
4370,broken industrial yellow silicone brand a pencil with product remaining,Miscellaneous Trash
2239,new massive polyester jacket with label attached,Textile Trash
4909,torn compact purple cardboard wood piece with contents,Miscellaneous Trash
3052,dry oversized silver nail,Metal
2000,empty oversized imported toilet paper roll,Cardboard
4912,stained orange generic beer bottle,Glass
1774,stained gift box,Cardboard
2430,white supermarket food container,Plastic
4326,large toilet paper roll,Cardboard
4989,standard spotted brand b wire hanger with liquid inside,Metal
4483,new magazine sealed,Paper
4840,soiled fun sized blue avocado pit,Food Organics
1926,empty travel sized local olive pits partially filled,Food Organics
1524,torn regular sized wooden worn jeans with liquid inside,Textile Trash
4076,flowers,Vegetation
730,wrinkled small striped budget brochure,Paper
3033,used gold metal tube,Metal
3301,torn oversized floral paper cup,Paper
2263,torn small green printer paper,Paper
644,massive newspaper containing residue,Paper
2421,partial coffee grounds,Food Organics
55,new tissue paper,Paper
2896,intact black composite baby clothes,Textile Trash
1595,damaged industrial cotton brand a wool sweater leaking,Textile Trash
321,dry fun sized homemade food packaging,Cardboard
1672,industrial purple potted plant,Vegetation
4079,broken multi colored homemade cardboard mailer,Cardboard
2093,intact oversized white silicone linen cloth,Textile Trash
4061,enormous supermarket toothbrush,Plastic
294,full oversized glass sheet,Glass
328,torn brand a cd case,Plastic
1390,torn homemade glass ornament,Glass
421,brand b appliance box with product remaining,Cardboard
4707,new spotted bulk egg carton partially filled,Cardboard
4041,soiled designer perfume bottle,Glass
132,partial personal blue food scraps,Food Organics
4084,new patterned premium clamshell packaging,Plastic
2403,broken brown local perfume bottle containing residue,Glass
2591,wrinkled patterned water bottle,Plastic
3985,partial compact yellow gloves leaking,Textile Trash
2927,crumpled food packaging,Cardboard
1993,soiled compact soda bottle,Plastic
1448,damaged travel sized yellow supermarket light bulb,Glass
933,new transparent fabric homemade tape,Miscellaneous Trash
3388,empty travel sized transparent avocado pit,Food Organics
2157,partial medium spotted metal bottle,Metal
698,folded personal white biodegradable old t shirt,Textile Trash
958,broken floral glass ornament with contents,Glass
4665,dirty black homemade cd dvd sealed,Miscellaneous Trash
1132,full medium gold supermarket notebook with contents,Paper
1208,wet green rug,Textile Trash
1475,plastic cup with food residue,Plastic
2459,ripped fabric scrap,Textile Trash
3885,dry yellow organic metal lid,Metal
4818,soiled oversized bulk fabric scrap leaking,Textile Trash
1708,wrinkled regular sized green wire hanger partially filled,Metal
4332,wrinkled homemade avocado pit partially filled,Food Organics
1811,soiled silver eco friendly carpet piece leaking,Textile Trash
792,orange commercial cardboard sleeve,Cardboard
3480,partial standard clamshell packaging with product remaining,Plastic
4953,food packaging leaking,Cardboard
4297,small white shampoo bottle,Plastic
4463,torn plant cuttings,Vegetation
531,pink leather belt with liquid inside,Textile Trash
455,glass ornament with label attached,Glass
717,dirty massive floral beer bottle,Glass
2981,crumpled disposable diaper,Miscellaneous Trash
2962,black wooden tape,Miscellaneous Trash
254,partial floral electronic device,Miscellaneous Trash
3394,dry striped paper vacuum cleaner bag with label attached,Miscellaneous Trash
4496,dirty travel sized artisanal glass pitcher with food residue,Glass
1329,full bush clippings,Vegetation
3466,gold receipt,Paper
2903,massive white brand b meat scraps partially filled,Food Organics
3996,clean industrial floral detergent bottle with product remaining,Plastic
899,partial wrapping paper,Paper
2255,full green organic fallen leaves,Vegetation
2580,personal paper generic polyester jacket,Textile Trash
1710,folded patterned glass pitcher,Glass
271,wrinkled standard eco friendly medicine bottle with product remaining,Glass
4459,massive striped natural fallen leaves with liquid inside,Vegetation
1836,partial brown plant stems,Vegetation
304,brand b weeds,Vegetation
1307,empty compact natural chicken bones,Food Organics
2726,houseplant,Vegetation
193,enormous paper cup,Paper
1138,damaged small wooden pencil,Miscellaneous Trash
1646,empty regular sized multi colored glass sheet,Glass
1730,partial large white flyer,Paper
3443,used white glass container with product remaining,Glass
2029,used compact supermarket glass tabletop,Glass
504,soiled medium brown wire hanger,Metal
1181,torn black fabric cd dvd,Miscellaneous Trash
1756,wrinkled enormous cereal box with contents,Cardboard
3720,intact gift box,Cardboard
2861,dirty purple brand a tree limbs,Vegetation
2579,medium silver clamshell packaging,Plastic
3585,full black plastic generic pen with contents,Miscellaneous Trash
3385,green designer plastic wrap,Plastic
2219,clean patterned rug,Textile Trash
2355,organic plant stems sealed,Vegetation
2584,empty transparent olive pits,Food Organics
2384,used industrial brand a soda bottle,Plastic
2313,folded personal supermarket glass bottle,Glass
3622,wet small gold supermarket rubber band,Miscellaneous Trash
3690,fun sized detergent bottle empty,Plastic
4684,dirty champagne bottle,Glass
433,broken brand b leaves with liquid inside,Vegetation
4848,silver budget spoiled food,Food Organics
2553,stained fun sized black pine needles,Vegetation
3233,torn striped drinking glass with product remaining,Glass
4556,empty potted plant,Vegetation
2784,steel container,Metal
672,wrinkled multi colored artisanal pine needles containing residue,Vegetation
506,partial multi colored generic glass ornament,Glass
1389,ripped purple eco friendly pine needles,Vegetation
1151,folded compact houseplant leaking,Vegetation
743,empty multi colored organic glass sheet with label attached,Glass
3364,dirty white detergent bottle,Plastic
1515,folded personal purple toilet paper roll,Cardboard
45,soiled travel sized brown yard trimmings with product remaining,Vegetation
4033,partial designer baby clothes empty,Textile Trash
84,ripped tiny gold designer egg carton empty,Cardboard
953,dry multi colored plastic toy,Plastic
259,transparent commercial glass bottle with product remaining,Glass
521,new striped food packaging,Cardboard
476,tiny green artisanal metal tube,Metal
2258,gold food container,Plastic
4748,partial personal bread,Food Organics
3911,new beverage carrier with contents,Cardboard
38,folded massive yellow milk jug,Plastic
2695,dirty oversized gift box,Cardboard
604,massive premium glass vase,Glass
393,stained floral brand a glass jar,Glass
4697,torn travel sized orange paper towel,Paper
3465,silver cardboard supermarket curtain,Textile Trash
4338,beer bottle,Glass
909,intact sticky note partially filled,Paper
3775,oversized local glass sheet containing residue,Glass
2490,damaged white tea bags with contents,Food Organics
2829,stained small palm fronds with food residue,Vegetation
1567,used tiny striped premium cereal box,Cardboard
2025,clean large organic glass bottle,Glass
1460,mini brand a beverage carrier,Cardboard
540,floral weeds,Vegetation
4701,used green eco friendly six pack holder,Cardboard
1081,ripped standard orange fruit peel leaking,Food Organics
2811,torn massive sheet of paper,Paper
1142,crumpled personal spotted local six pack holder,Cardboard
2982,stained compact transparent eco friendly plastic wrap,Plastic
1470,torn pink ceramic mug with product remaining,Miscellaneous Trash
233,bamboo leather belt,Textile Trash
1191,stained enormous blue olive pits empty,Food Organics
492,intact tiny green budget detergent bottle,Plastic
1748,ripped fun sized silver paper cup,Paper
1608,blue cardboard sleeve,Cardboard
972,new enormous orange leftover pasta empty,Food Organics
2311,wet small orange paper cup,Paper
889,ripped industrial patterned commercial plastic toy containing residue,Plastic
4536,dirty medium shoe box with product remaining,Cardboard
3763,intact ceramic supermarket scarf with product remaining,Textile Trash
323,new pink six pack holder,Cardboard
3675,clean silver budget toothbrush,Plastic
2953,partial multi colored natural sticky note,Paper
443,soiled black brand a leaves,Vegetation
4262,crumpled oversized leather generic dryer lint,Miscellaneous Trash
4356,new paperback book,Paper
673,used budget plastic metal composite sealed,Miscellaneous Trash
4301,intact green eco friendly plastic wrap empty,Plastic
3826,dirty orange imported food scraps,Food Organics
3934,ripped standard black corrugated box,Cardboard
742,used foil wrapper,Metal
752,small white appliance box,Cardboard
258,wet compact black budget toilet paper roll leaking,Cardboard
2243,yellow glass tabletop,Glass
2824,wet small commercial apple core,Food Organics
3352,patterned brand b champagne bottle,Glass
2576,full mini generic moving box leaking,Cardboard
2236,broken striped aluminum foil,Metal
3966,stained regular sized pink plastic cup,Plastic
3540,small glass carpet piece,Textile Trash
1400,industrial multi colored beverage carrier with liquid inside,Cardboard
3149,standard spotted homemade toy sealed,Miscellaneous Trash
2606,rubber cotton towel with food residue,Textile Trash
2235,black tree limbs,Vegetation
3481,industrial greeting card with food residue,Paper
4113,mini brown flower petals,Vegetation
4499,full multi colored homemade grass clippings,Vegetation
3555,empty industrial striped brand a flyer,Paper
3806,dirty designer cardboard mailer,Cardboard
4392,dry small silver plastic tray containing residue,Plastic
2612,paper plate,Paper
1022,patterned plastic ceramic mug,Miscellaneous Trash
299,damaged massive purple bamboo fabric scrap containing residue,Textile Trash
3191,small printer paper,Paper
4934,wet medium black shipping box,Cardboard
2759,soiled oversized cigarette butt,Miscellaneous Trash
4289,ripped striped hedge trimmings,Vegetation
1946,food packaging,Cardboard
4172,clean striped avocado pit,Food Organics
1236,intact spotted premium printer paper empty,Paper
1796,wet striped natural milk jug,Plastic
4154,empty red fallen leaves containing residue,Vegetation
2586,patterned banana peel,Food Organics
2992,personal premium soda can,Metal
2869,torn yellow packaging box,Cardboard
3170,damaged pink generic aluminum foil,Metal
3933,large nut shells with product remaining,Food Organics
4902,broken brown perfume bottle,Glass
1150,transparent rubber eco friendly tape,Miscellaneous Trash
3518,travel sized white plastic wrap,Plastic
917,wrinkled red brand a egg shells leaking,Food Organics
3553,crumpled small printer paper with liquid inside,Paper
2035,travel sized paper linen cloth,Textile Trash
967,wet generic branches leaking,Vegetation
2374,used industrial patterned corn cob,Food Organics
1349,orange olive pits sealed,Food Organics
65,wet silver egg shells leaking,Food Organics
3484,multi colored artisanal pine needles,Vegetation
3629,multi colored branches,Vegetation
3835,stained standard gold commercial cardboard tube,Cardboard
4127,clean spotted banana peel partially filled,Food Organics
3735,folded steel container,Metal
460,partial mini brand b corn cob,Food Organics
3662,enormous black premium plastic wrap,Plastic
4702,clean white coffee grounds,Food Organics
4572,new metal cutlery,Metal
2873,large tool with liquid inside,Miscellaneous Trash
1292,damaged travel sized floral synthetic carpet piece,Textile Trash
4839,eco friendly light bulb containing residue,Glass
2739,ripped black local silk tie,Textile Trash
4439,purple vegetable waste,Food Organics
2408,new medium brand a paper bag,Paper
2381,broken silver plastic tray with food residue,Plastic
4129,intact tiny patterned metal coat hanger with food residue,Metal
1733,empty wooden organic ceramic mug,Miscellaneous Trash
758,stained shipping box sealed,Cardboard
2286,purple avocado pit,Food Organics
530,full silver paperback book with product remaining,Paper
2420,soiled regular sized green olive pits with liquid inside,Food Organics
2468,tiny blue notebook,Paper
4985,wet oversized plastic tray empty,Plastic
4253,crumpled budget vacuum cleaner bag,Miscellaneous Trash
1079,intact oversized floral window glass with food residue,Glass
3401,damaged personal spoiled food leaking,Food Organics
3220,used yogurt container with contents,Plastic
3887,ripped large transparent file box empty,Cardboard
1139,dry bubble wrap with liquid inside,Plastic
4010,new tiny transparent glass vase,Glass
1473,orange imported potted plant with product remaining,Vegetation
4595,torn travel sized homemade file box with label attached,Cardboard
4656,new silver glass cup containing residue,Glass
4929,brand a moving box,Cardboard
2352,broken enormous multi colored plastic wrap with product remaining,Plastic
1355,full orange steel scrap,Metal
366,partial local clamshell packaging,Plastic
3646,crumpled receipt,Paper
3418,brown eco friendly yogurt container with liquid inside,Plastic
1837,dry multi colored plastic toy,Plastic
4313,broken compact brand a pencil,Miscellaneous Trash
642,folded enormous bush clippings sealed,Vegetation
4434,standard biodegradable battery,Miscellaneous Trash
2010,ripped transparent glass container,Glass
1816,used cd dvd,Miscellaneous Trash
146,tiny soda can with label attached,Metal
3190,dirty red generic egg shells with contents,Food Organics
3059,broken brown leather belt,Textile Trash
620,fun sized yogurt container with food residue,Plastic
2284,wrinkled envelope,Paper
813,empty large green glass sheet,Glass
966,soiled oversized orange gift box,Cardboard
2051,standard white file box,Cardboard
3897,bulk ceramic mug,Miscellaneous Trash
2467,oversized metal lid,Metal
2104,partial old t shirt with food residue,Textile Trash
4583,green sheet of paper leaking,Paper
2167,mini multi colored pine needles containing residue,Vegetation
3952,metal cutlery,Metal
3273,partial industrial designer food scraps,Food Organics
4509,small generic fruit peel with product remaining,Food Organics
2915,oversized pink artisanal glass ornament,Glass
2347,dry yellow paper plate partially filled,Paper
101,partial industrial multi colored bulk paperback book partially filled,Paper
4193,personal white glass local pencil,Miscellaneous Trash
552,dirty purple plastic straw,Plastic
2631,torn regular sized patterned glass jar,Glass
4029,wrinkled small brown cardboard cd dvd,Miscellaneous Trash
4963,wet orange perfume bottle empty,Glass
2009,torn medium brown magazine,Paper
3492,crumpled hedge trimmings,Vegetation
2142,dirty gold premium plastic cutlery,Plastic
2595,broken imported tree limbs,Vegetation
3455,personal black gift box,Cardboard
2115,new battery,Miscellaneous Trash
1662,partial tiny yellow eco friendly yard trimmings,Vegetation
4422,enormous paper wool sweater,Textile Trash
1428,personal patterned generic glass cup,Glass
306,tree bark,Vegetation
4708,stained oversized patterned silicone curtain,Textile Trash
2763,intact floral corn cob,Food Organics
4629,folded brand a file box partially filled,Cardboard
4133,full travel sized red organic takeout container,Plastic
518,clean fun sized gold weeds,Vegetation
1368,intact regular sized sticky note sealed,Paper
3666,personal food scraps,Food Organics
1936,partial travel sized notebook,Paper
4825,empty fun sized hedge trimmings,Vegetation
3013,stained multi colored dairy products,Food Organics
3330,dry large black egg shells,Food Organics
2370,wrinkled travel sized cardboard sleeve with product remaining,Cardboard
3599,wrinkled black food scraps with liquid inside,Food Organics
4179,garden waste,Vegetation
4979,folded scarf with label attached,Textile Trash
612,partial egg carton,Cardboard
3422,used large vacuum dust,Miscellaneous Trash
2990,used oversized white drinking glass,Glass
4750,dirty generic bush clippings partially filled,Vegetation
1186,used large transparent clamshell packaging,Plastic
964,empty fun sized metal vacuum dust,Miscellaneous Trash
1638,damaged multi colored wine bottle,Glass
1061,stained travel sized metal cutlery,Metal
920,crumpled massive pink plant stems,Vegetation
2704,soiled fun sized gold commercial plastic cutlery,Plastic
2628,crumpled compact pink supermarket clamshell packaging,Plastic
3306,stained shoe box containing residue,Cardboard
1955,enormous black olive pits,Food Organics
1245,damaged large paper towel,Paper
1234,clean patterned wooden cotton towel,Textile Trash
3232,broken takeout container,Plastic
181,oversized magazine,Paper
2707,wet standard detergent bottle,Plastic
1438,crumpled toilet paper roll,Cardboard
1419,large metal cutlery with liquid inside,Metal
1164,oversized purple soda bottle,Plastic
3630,intact mini white organic takeout container,Plastic
4753,dry standard takeout container,Plastic
497,broken scarf,Textile Trash
580,soiled white cardboard tray,Cardboard
2523,ripped sticky note,Paper
1753,folded metal bottle leaking,Metal
844,wet industrial yellow artisanal soda can,Metal
320,intact envelope with label attached,Paper
4321,clean branches,Vegetation
2527,imported glass bottle with food residue,Glass
4517,dirty bubble wrap,Plastic
2901,partial spotted commercial bread,Food Organics
4518,enormous brown paper cup,Paper
1542,dry orange designer light bulb with contents,Glass
2679,empty artisanal banana peel empty,Food Organics
1427,stained standard blue bulk plastic cup,Plastic
666,gold soda can,Metal
120,medium detergent bottle,Plastic
4602,soiled standard patterned homemade glass container leaking,Glass
1078,intact multi colored commercial cd case with contents,Plastic
4386,striped designer sticky note,Paper
1986,soiled industrial black glass ornament,Glass
4208,wet striped imported paperback book,Paper
561,tiny green plant stems,Vegetation
1980,ripped designer metal bottle empty,Metal
3107,stained purple imported egg shells,Food Organics
2431,used organic flowers,Vegetation
1919,wet gold cotton commercial cd dvd,Miscellaneous Trash
4952,patterned commercial mirror fragment,Glass
1995,used battery,Miscellaneous Trash
945,folded mini gold plastic lid,Plastic
3522,striped fallen leaves,Vegetation
2205,purple gift box,Cardboard
2747,soiled chicken bones,Food Organics
2491,torn imported bubble wrap,Plastic
3197,crumpled scarf,Textile Trash
4201,wrinkled medium white envelope,Paper
2151,brown premium metal tube,Metal
4442,empty regular sized silver branches,Vegetation
3317,empty personal blue paper brand a pencil,Miscellaneous Trash
4923,empty black eco friendly plastic lid,Plastic
2132,broken tiny black garden waste,Vegetation
3809,dirty red glass container,Glass
3572,medium white copper wire,Metal
138,ripped glass pitcher,Glass
32,soiled enormous gold premium nut shells containing residue,Food Organics
359,full blue natural notebook paper,Paper
4397,clean large plant stems sealed,Vegetation
3268,yellow leather cigarette butt,Miscellaneous Trash
4642,organic vacuum cleaner bag leaking,Miscellaneous Trash
2288,new large palm fronds,Vegetation
3636,torn medium homemade corrugated box with label attached,Cardboard
623,empty enormous natural old t shirt,Textile Trash
4836,soiled glass tabletop,Glass
1940,standard floral metal pipe,Metal
4473,brown orange peel,Food Organics
1588,soiled standard blue natural cereal box,Cardboard
3880,broken glass ornament,Glass
4969,wrinkled medium blue plastic cup sealed,Plastic
4578,broken massive eco friendly flowers partially filled,Vegetation
3046,intact industrial silver plastic straw,Plastic
305,stained standard red bulk branches,Vegetation
1057,wrinkled large black designer rug,Textile Trash
3212,clean mini yellow bubble wrap,Plastic
434,folded tablecloth,Textile Trash
1831,damaged medium brand a newspaper,Paper
3470,folded white natural pine needles with liquid inside,Vegetation
2601,broken fabric brand b silk tie,Textile Trash
2481,fun sized yellow premium metal coat hanger with contents,Metal
4920,wrinkled tiny imported plastic bag,Plastic
3359,personal sticky note,Paper
979,full compact blue supermarket drinking glass,Glass
3451,stained personal avocado pit,Food Organics
3400,partial multi colored generic spoiled food,Food Organics
2942,massive pink champagne bottle,Glass
3558,folded small eco friendly paperback book containing residue,Paper
4409,broken transparent sticky note,Paper
1560,transparent yogurt container,Plastic
4114,fun sized homemade magazine,Paper
2610,damaged yellow shampoo bottle,Plastic
2399,full budget glass jar,Glass
452,stained oversized striped hedge trimmings,Vegetation
1673,soiled eco friendly food scraps,Food Organics
4425,black glass candle holder containing residue,Glass
4000,new spotted imported fallen leaves,Vegetation
627,white grass clippings,Vegetation
1055,full white plastic straw,Plastic
820,mini gold file box with product remaining,Cardboard
3697,intact large pink premium gloves with label attached,Textile Trash
601,clean white silicone wood piece,Miscellaneous Trash
1192,large local cereal box empty,Cardboard
1543,full generic window glass with food residue,Glass
2718,personal brand a pencil,Miscellaneous Trash
1461,small red nail,Metal
2667,partial industrial paperback book,Paper
581,crumpled medium silver food scraps,Food Organics
3716,travel sized transparent metal pipe partially filled,Metal
3372,purple composite artisanal bed sheet,Textile Trash
814,intact pink magazine,Paper
2738,full industrial brown banana peel,Food Organics
4562,clean striped pencil,Miscellaneous Trash
1883,wrinkled orange glass bottle,Glass
168,dry enormous pink leather cigarette butt,Miscellaneous Trash
4854,dry white vegetable waste with liquid inside,Food Organics
1024,budget scarf,Textile Trash
3289,stained tiny multi colored branches,Vegetation
2590,pink eco friendly moving box,Cardboard
3150,folded industrial water bottle,Plastic
790,new enormous premium toy,Miscellaneous Trash
4009,new multi colored plastic local disposable razor,Miscellaneous Trash
3573,torn blue cigarette butt,Miscellaneous Trash
2844,ripped mini orange leftover pasta,Food Organics
954,mini transparent supermarket disposable diaper,Miscellaneous Trash
102,multi colored artisanal vegetable plant leaking,Vegetation
1789,crumpled industrial pink palm fronds,Vegetation
4650,tiny natural file box with label attached,Cardboard
4577,purple budget cardboard tube leaking,Cardboard
1613,empty black drinking glass,Glass
1640,new multi colored coffee grounds,Food Organics
2390,mini vacuum dust,Miscellaneous Trash
3417,broken large budget dairy products,Food Organics
1562,ripped generic glass ornament leaking,Glass
368,milk jug sealed,Plastic
1287,clean homemade bush clippings,Vegetation
632,pink bulk tin can,Metal
2513,wrinkled yellow cd case sealed,Plastic
984,medium spotted newspaper partially filled,Paper
733,used plastic lid,Plastic
2883,full enormous gold notebook paper with label attached,Paper
4450,damaged personal carpet piece sealed,Textile Trash
4042,partial purple budget carpet piece,Textile Trash
4229,white tissue paper,Paper
534,partial garden waste,Vegetation
3574,mini glass eco friendly battery,Miscellaneous Trash
719,broken oversized striped palm fronds leaking,Vegetation
15,full black clamshell packaging with food residue,Plastic
1025,soiled floral food scraps containing residue,Food Organics
4489,wrinkled travel sized wire hanger,Metal
3729,gold artisanal cigarette butt,Miscellaneous Trash
4575,dry white cardboard sleeve,Cardboard
4768,crumpled weeds,Vegetation
3626,wet tiny red cereal box,Cardboard
4781,travel sized black paper towel with liquid inside,Paper
4156,soiled massive pink metal tube,Metal
805,small floral leaves,Vegetation
3803,receipt,Paper
641,empty blue designer paper plate,Paper
4613,partial commercial meat scraps sealed,Food Organics
1020,spoiled food,Food Organics
4852,pink apple core,Food Organics
4012,dirty regular sized green homemade palm fronds,Vegetation
4550,massive patterned toilet paper roll,Cardboard
768,broken designer shampoo bottle,Plastic
2080,dry packaging box,Cardboard
2956,soiled weeds,Vegetation
1146,broken standard corrugated box,Cardboard
965,standard window glass containing residue,Glass
4805,stained enormous linen cloth,Textile Trash
1161,enormous black eco friendly garden waste partially filled,Vegetation
3785,stained industrial multi colored generic coffee grounds sealed,Food Organics
2963,brochure,Paper
2603,new mini pink budget aluminum foil partially filled,Metal
3557,damaged regular sized pink hedge trimmings,Vegetation
1130,compact fabric bulk tape,Miscellaneous Trash
1881,dry standard brown shipping box,Cardboard
24,wet compact orange peel with label attached,Food Organics
1581,ripped printer paper,Paper
2680,partial blue tape,Miscellaneous Trash
81,striped supermarket fabric scrap leaking,Textile Trash
3715,damaged multi colored eco friendly pizza box,Cardboard
2790,striped artisanal office paper,Paper
28,dirty small paper plastic metal composite,Miscellaneous Trash
1455,clean foil wrapper,Metal
3085,used fun sized medicine bottle,Glass
2425,glass tabletop,Glass
2997,crumpled small blue biodegradable pencil,Miscellaneous Trash
249,small natural plant stems,Vegetation
3841,wrinkled cd case,Plastic
2067,wet medium fabric disposable razor,Miscellaneous Trash
4282,wrinkled gold generic glass bottle with contents,Glass
1758,personal orange paperback book,Paper
3057,wet blue marker,Miscellaneous Trash
1569,compact organic rubber band,Miscellaneous Trash
221,tiny patterned budget paper cup with contents,Paper
1963,dry small imported fallen leaves,Vegetation
2545,red fabric scrap partially filled,Textile Trash
2188,ripped composite worn jeans,Textile Trash
1060,stained natural egg shells with liquid inside,Food Organics
139,multi colored commercial silk tie,Textile Trash
4871,new travel sized cardboard silk tie,Textile Trash
4722,damaged standard transparent local linen cloth,Textile Trash
927,soiled linen cloth,Textile Trash
1141,composite eco friendly fabric scrap,Textile Trash
1726,stained standard bulk beer bottle,Glass
2276,folded tiny white nut shells,Food Organics
3240,premium banana peel,Food Organics
2798,broken standard floral vegetable waste leaking,Food Organics
364,dry silver designer shipping box empty,Cardboard
4958,blue fallen leaves,Vegetation
3406,full brown premium plastic cup with label attached,Plastic
1956,large purple organic plant cuttings containing residue,Vegetation
997,clean window glass,Glass
4506,damaged glass designer pen leaking,Miscellaneous Trash
4275,soiled designer office paper,Paper
4824,empty glass pitcher,Glass
3265,oversized green food scraps containing residue,Food Organics
216,new silver food packaging with liquid inside,Cardboard
2177,partial oversized tree limbs,Vegetation
938,damaged green synthetic wool sweater,Textile Trash
136,dry pencil,Miscellaneous Trash
4464,new glass tabletop empty,Glass
2705,stained orange silicone gloves,Textile Trash
585,notebook paper partially filled,Paper
2388,transparent supermarket moving box,Cardboard
3753,wet silver linen cloth,Textile Trash
3275,gold shoe box,Cardboard
89,mini pink glass jar,Glass
4359,crumpled massive commercial flower petals,Vegetation
3619,empty pink beer bottle,Glass
230,wet travel sized transparent natural dryer lint containing residue,Miscellaneous Trash
1476,dry massive synthetic scarf with label attached,Textile Trash
809,stained large red orange peel,Food Organics
1941,tiny brand a steel scrap,Metal
3698,tiny food scraps empty,Food Organics
505,tiny black shipping box,Cardboard
1938,enormous black metal pipe,Metal
1003,empty enormous fabric commercial carpet piece,Textile Trash
566,striped moving box,Cardboard
613,floral brand b chicken bones with contents,Food Organics
2006,multi colored printer paper,Paper
4627,red shampoo bottle,Plastic
4281,new large leaves empty,Vegetation
4045,sheet of paper,Paper
2703,stained fun sized red ceramic designer carpet piece partially filled,Textile Trash
2001,broken yellow plastic straw leaking,Plastic
2597,partial brown artisanal tape with liquid inside,Miscellaneous Trash
3168,stained oversized blue paper bag leaking,Paper
170,clean fun sized transparent designer gloves,Textile Trash
859,dry multi colored commercial shampoo bottle,Plastic
4403,spotted organic houseplant,Vegetation
824,mini plastic cup,Plastic
4205,wrinkled potted plant with food residue,Vegetation
1933,enormous purple cereal box,Cardboard
277,partial tiny brown glass candle holder,Glass
1165,clean large purple silk tie leaking,Textile Trash
3842,folded mini green local egg carton,Cardboard
1925,dry transparent commercial potted plant,Vegetation
3536,transparent tin can containing residue,Metal
4306,ripped standard silicone pencil with contents,Miscellaneous Trash
1332,orange budget yard trimmings,Vegetation
981,intact white synthetic vacuum cleaner bag,Miscellaneous Trash
2386,yellow bulk moving box,Cardboard
2047,wrinkled blue commercial beer bottle,Glass
3272,tiny organic banana peel,Food Organics
3473,sticky note,Paper
3754,dry industrial brown designer medicine bottle with liquid inside,Glass
616,crumpled standard paper silk tie with liquid inside,Textile Trash
3253,multi colored plastic straw empty,Plastic
2365,crumpled personal generic bottle cap,Metal
4418,soiled floral tea bags containing residue,Food Organics
2483,crumpled composite fabric scrap,Textile Trash
2242,oversized spotted fish bones,Food Organics
1841,torn standard yellow homemade metal lid,Metal
4438,regular sized blue bulk water bottle,Plastic
767,intact electronic device,Miscellaneous Trash
1379,metal cutlery,Metal
1999,mini spotted water bottle with product remaining,Plastic
572,personal green bubble wrap containing residue,Plastic
515,gold ceramic styrofoam,Miscellaneous Trash
4731,regular sized yellow homemade food packaging,Cardboard
192,dry glass vase,Glass
3924,transparent appliance box,Cardboard
3009,chicken bones,Food Organics
1863,standard glass pitcher,Glass
128,small synthetic cotton towel,Textile Trash
3189,personal brown printer paper,Paper
2526,intact patterned artisanal clamshell packaging,Plastic
4968,silicone bulk disposable razor,Miscellaneous Trash
2542,fun sized leftover pasta,Food Organics
2614,broken brand b nut shells,Food Organics
2902,floral cotton bulk pencil,Miscellaneous Trash
4976,wet oversized red yard trimmings,Vegetation
696,dirty spotted artisanal printer paper,Paper
1856,used spotted glass tabletop,Glass
3983,massive brand a vegetable plant empty,Vegetation
4167,cardboard sleeve leaking,Cardboard
2046,clean appliance box,Cardboard
4307,broken personal silver natural beverage carrier,Cardboard
44,orange hat,Textile Trash
3793,crumpled large purple six pack holder,Cardboard
3837,oversized red budget clamshell packaging sealed,Plastic
2868,clean personal medicine bottle with liquid inside,Glass
440,crumpled compact gold generic garden waste,Vegetation
2412,soiled gold premium wool sweater,Textile Trash
3062,empty brand a garden waste,Vegetation
1468,soiled personal green pencil,Miscellaneous Trash
167,travel sized green brand a soda can,Metal
4860,folded floral fish bones,Food Organics
4254,torn red soda can empty,Metal
422,used black gloves,Textile Trash
3615,torn yellow homemade perfume bottle,Glass
112,crumpled enormous gold commercial flower petals,Vegetation
2665,damaged yellow premium sticky note,Paper
2823,yellow bubble wrap,Plastic
692,used toy leaking,Miscellaneous Trash
1012,stained white plastic toy containing residue,Plastic
2140,torn brown leather belt,Textile Trash
3829,fun sized organic moving box,Cardboard
4100,wet tiny eco friendly avocado pit,Food Organics
713,regular sized purple cd dvd partially filled,Miscellaneous Trash
159,white natural glass ornament,Glass
1088,regular sized aluminum can,Metal
2037,used grass clippings,Vegetation
2663,cereal box with food residue,Cardboard
705,folded oversized floral notebook paper,Paper
3147,regular sized bulk bubble wrap,Plastic
516,crumpled yellow generic pine needles,Vegetation
4659,partial industrial homemade shampoo bottle with liquid inside,Plastic
4149,stained blue ceramic rubber band with liquid inside,Miscellaneous Trash
1178,dry floral generic wrapping paper,Paper
3926,dry industrial purple eco friendly metal bottle,Metal
2969,new standard aerosol can with label attached,Metal
4128,crumpled oversized generic water bottle,Plastic
2657,clean silver fallen leaves,Vegetation
1556,patterned imported food tin with label attached,Metal
3153,soiled mini patterned detergent bottle,Plastic
2636,dry fabric baby clothes with contents,Textile Trash
3624,torn regular sized brown artisanal polyester jacket with food residue,Textile Trash
3982,large homemade plastic wrap with label attached,Plastic
315,stained yellow chicken bones,Food Organics
1095,blue light bulb,Glass
1850,dry massive pink natural light bulb,Glass
1715,premium spoiled food,Food Organics
474,new multi colored tree limbs,Vegetation
448,brown artisanal glass pitcher,Glass
4512,compact water bottle,Plastic
3909,pizza box,Cardboard
3663,intact supermarket vacuum cleaner bag empty,Miscellaneous Trash
4667,personal brown designer olive pits,Food Organics
4216,damaged enormous homemade plastic toy,Plastic
435,new travel sized floral artisanal metal cutlery with product remaining,Metal
1931,plastic electronic device containing residue,Miscellaneous Trash
4419,new black local weeds with label attached,Vegetation
1984,stained black organic pine needles with contents,Vegetation
3623,empty green champagne bottle empty,Glass
1871,ripped supermarket file box,Cardboard
152,ripped compact pink cd case partially filled,Plastic
652,dry brown tea bags,Food Organics
549,damaged fun sized glass tabletop,Glass
3156,industrial supermarket bread,Food Organics
4709,clean standard multi colored natural brochure,Paper
3976,cardboard bulk bed sheet,Textile Trash
3321,industrial brand b disposable razor,Miscellaneous Trash
3195,empty compact brown local weeds sealed,Vegetation
1111,medium food packaging,Cardboard
563,stained personal spotted artisanal metal bottle containing residue,Metal
1868,black hedge trimmings,Vegetation
1107,soiled travel sized multi colored designer gloves,Textile Trash
3971,stained large silver printer paper,Paper
2773,travel sized brand b egg shells,Food Organics
1053,fun sized gold brochure,Paper
1369,oversized pink tissue paper,Paper
3867,crumpled yellow imported fruit peel,Food Organics
2989,industrial spotted potted plant with label attached,Vegetation
2130,massive silver flower petals containing residue,Vegetation
1666,ripped regular sized homemade silk tie with food residue,Textile Trash
2630,partial brown leaves,Vegetation
789,compact floral paper cup leaking,Paper
3993,folded pink champagne bottle,Glass
3710,damaged travel sized yellow grass clippings,Vegetation
3889,wet floral toilet paper roll,Cardboard
866,folded blue worn jeans,Textile Trash
2314,fun sized takeout container,Plastic
2619,new small biodegradable linen cloth partially filled,Textile Trash
2505,worn jeans,Textile Trash
334,ripped green fish bones,Food Organics
1953,torn large aerosol can,Metal
3421,stained generic vegetable plant,Vegetation
539,industrial striped plastic bag with product remaining,Plastic
3508,partial standard black disposable razor with label attached,Miscellaneous Trash
3736,yellow hedge trimmings partially filled,Vegetation
669,ripped brown nail,Metal
2712,small aluminum can,Metal
3833,compact multi colored newspaper empty,Paper
4380,new blue detergent bottle leaking,Plastic
952,metal coat hanger with food residue,Metal
4505,intact industrial striped local detergent bottle with contents,Plastic
3285,imported old t shirt,Textile Trash
1190,wrinkled striped foil wrapper with contents,Metal
2827,partial red supermarket avocado pit,Food Organics
3627,dry paper brand b toy,Miscellaneous Trash
3407,stained large brown glass bottle,Glass
1997,stained natural apple core,Food Organics
3530,crumpled wine bottle with food residue,Glass
4200,organic plastic cutlery,Plastic
1678,beer bottle,Glass
35,broken orange cardboard mailer,Cardboard
4138,crumpled fun sized budget flower petals with product remaining,Vegetation
735,stained regular sized blue paper bag,Paper
2085,dirty massive palm fronds with label attached,Vegetation
288,mini orange copper wire,Metal
4967,empty travel sized clamshell packaging,Plastic
3526,wet medium brown silk tie with food residue,Textile Trash
4734,compact artisanal hedge trimmings,Vegetation
3300,patterned eco friendly gift box,Cardboard
3562,used industrial spoiled food,Food Organics
2323,dry spotted steel scrap,Metal
4621,regular sized glass candle holder,Glass
2079,intact travel sized red paper bag,Paper
1275,partial compact yellow pine needles,Vegetation
3737,used massive purple generic fallen leaves,Vegetation
778,dry perfume bottle leaking,Glass
3995,ripped cd dvd,Miscellaneous Trash
2878,wrinkled oversized local cd case containing residue,Plastic
363,standard purple flowers,Vegetation
1465,clean generic plant cuttings,Vegetation
2357,damaged tiny pink fabric brand b cd dvd leaking,Miscellaneous Trash
2211,wrinkled multi colored window glass empty,Glass
4398,multi colored water bottle,Plastic
2572,crumpled industrial premium tissue paper sealed,Paper
1129,fun sized spotted branches leaking,Vegetation
2299,soiled travel sized leather premium rubber band,Miscellaneous Trash
2531,dry regular sized pink glass premium worn jeans,Textile Trash
1366,stained massive multi colored glass jar,Glass
23,regular sized silver commercial potted plant,Vegetation
2271,designer glass sheet,Glass
1664,intact metal budget bed sheet,Textile Trash
158,torn medium transparent generic clamshell packaging,Plastic
1764,new small paperback book,Paper
3424,pink office paper partially filled,Paper
2092,notebook with liquid inside,Paper
4157,personal floral eco friendly envelope,Paper
289,new multi colored notebook,Paper
496,clean oversized glass tabletop,Glass
2039,intact black vegetable waste,Food Organics
2856,damaged red glass cup,Glass
3257,intact mini transparent silicone worn jeans,Textile Trash
982,empty industrial white cotton towel,Textile Trash
3460,green brand a glass bottle with food residue,Glass
1128,wet spotted eco friendly plastic cutlery,Plastic
1528,oversized tape sealed,Miscellaneous Trash
470,fun sized blue designer houseplant with contents,Vegetation
3198,partial regular sized generic appliance box,Cardboard
2338,damaged fun sized patterned local drinking glass,Glass
1044,damaged compact black bulk soda bottle,Plastic
4651,oversized orange local drinking glass,Glass
1235,large green premium water bottle partially filled,Plastic
2734,green organic old t shirt,Textile Trash
4549,pink generic yard trimmings with liquid inside,Vegetation
994,oversized silver envelope,Paper
2743,full vegetable plant,Vegetation
3805,stained metal lid with product remaining,Metal
4851,medium gold cardboard tube,Cardboard
1440,soiled sticky note,Paper
4258,stained paper cup,Paper
1924,new travel sized green metal bulk socks with food residue,Textile Trash
3447,plastic tray,Plastic
2762,empty patterned bulk wool sweater,Textile Trash
3620,crumpled large purple local glass sheet,Glass
332,yellow water bottle,Plastic
3404,silver plastic artisanal cd dvd with food residue,Miscellaneous Trash
286,folded red homemade pen,Miscellaneous Trash
1533,soiled compact white carpet piece,Textile Trash
2107,mini silver brand a beverage carrier,Cardboard
1004,crumpled striped supermarket glass vase,Glass
2755,natural tea bags,Food Organics
4757,clean enormous orange bulk nail,Metal
4383,wet enormous yellow bulk glass tabletop,Glass
2302,stained tiny gold fabric hat,Textile Trash
2853,mini patterned wrapping paper,Paper
4544,damaged patterned bush clippings,Vegetation
4452,torn mini natural food packaging,Cardboard
4031,damaged fun sized socks with contents,Textile Trash
573,travel sized nut shells,Food Organics
53,wet large white cigarette butt with contents,Miscellaneous Trash
1880,crumpled purple food scraps,Food Organics
702,clamshell packaging,Plastic
273,intact purple designer soda bottle with product remaining,Plastic
409,full white glass container sealed,Glass
1177,intact plastic toy with label attached,Plastic
3362,empty silicone tape,Miscellaneous Trash
1530,personal green glass eco friendly marker,Miscellaneous Trash
2028,aluminum foil,Metal
3032,intact multi colored takeout container empty,Plastic
1645,orange brand a fruit peel,Food Organics
2534,industrial linen cloth with contents,Textile Trash
1979,full transparent six pack holder,Cardboard
13,small striped organic fallen leaves,Vegetation
4794,soiled enormous floral premium food packaging partially filled,Cardboard
821,stained medium brand b glass bottle,Glass
555,soiled industrial purple vegetable waste with label attached,Food Organics
1553,soda bottle with food residue,Plastic
3462,used compact red imported food container,Plastic
1703,damaged blue fabric carpet piece,Textile Trash
3411,wrinkled bulk brochure,Paper
3672,imported paper plate,Paper
512,intact industrial imported glass pitcher,Glass
3757,dry spotted natural glass ornament,Glass
3008,oversized fruit peel,Food Organics
3928,stained tiny patterned eco friendly notebook with liquid inside,Paper
3073,wrinkled local six pack holder,Cardboard
3049,dirty industrial orange brand a wine bottle with liquid inside,Glass
676,soiled transparent orange peel,Food Organics
4245,stained pink light bulb,Glass
851,crumpled travel sized glass cup,Glass
4426,dry nut shells,Food Organics
324,torn mini white natural copper wire,Metal
711,water bottle,Plastic
1402,clean fun sized old t shirt,Textile Trash
2822,clean regular sized potted plant,Vegetation
2988,mini floral socks,Textile Trash
4954,detergent bottle,Plastic
134,empty patterned eco friendly grass clippings,Vegetation
106,dry personal gold cardboard tray with product remaining,Cardboard
1439,oversized silver synthetic pillow case partially filled,Textile Trash
3849,full large floral sheet of paper with label attached,Paper
1988,folded spotted glass vase with label attached,Glass
2728,wrinkled tiny natural paper bag sealed,Paper
901,wet transparent cardboard tube,Cardboard
3881,dirty fruit peel,Food Organics
2851,new massive floral designer grass clippings,Vegetation
4164,bulk vegetable waste,Food Organics
1010,red steel scrap,Metal
1253,damaged standard yogurt container leaking,Plastic
2002,broken brown biodegradable styrofoam,Miscellaneous Trash
2335,folded orange glass sheet,Glass
3667,clean massive plastic toy,Plastic
1950,purple tape,Miscellaneous Trash
4508,industrial commercial glass sheet,Glass
2566,damaged travel sized orange pillow case empty,Textile Trash
4733,partial gold palm fronds empty,Vegetation
3429,standard pink designer plastic wrap,Plastic
583,empty massive transparent curtain,Textile Trash
2646,spotted weeds sealed,Vegetation
4314,standard transparent soda bottle,Plastic
2154,soiled pink rubber brand a disposable razor leaking,Miscellaneous Trash
2280,red socks,Textile Trash
2198,tiny spotted brand a paper plate,Paper
2768,ripped large brown steel scrap,Metal
184,intact office paper,Paper
1554,torn eco friendly styrofoam,Miscellaneous Trash
3295,regular sized palm fronds sealed,Vegetation
3961,torn medium orange metal pipe,Metal
4745,regular sized premium food tin with food residue,Metal
1772,broken egg shells,Food Organics
3920,soiled oversized vegetable waste with liquid inside,Food Organics
4068,medium patterned metal vacuum dust leaking,Miscellaneous Trash
3936,wrinkled oversized multi colored bamboo bulk old t shirt containing residue,Textile Trash
201,soiled food packaging,Cardboard
3439,broken fun sized bamboo vacuum dust,Miscellaneous Trash
2622,broken enormous supermarket hat leaking,Textile Trash
384,weeds,Vegetation
1431,industrial multi colored greeting card,Paper
3521,oversized orange generic cd case,Plastic
3684,empty detergent bottle,Plastic
2166,used generic corrugated box,Cardboard
4718,full large silver commercial rubber band,Miscellaneous Trash
4755,dirty fun sized orange brand b cd case,Plastic
4939,ripped glass jar,Glass
4197,damaged medium patterned brand b electronic device containing residue,Miscellaneous Trash
4013,new standard greeting card containing residue,Paper
3872,medium gold plastic tray partially filled,Plastic
3750,standard blue glass sheet,Glass
56,clean pink plastic pencil,Miscellaneous Trash
3087,dirty pink pizza box leaking,Cardboard
631,dry yellow metal bottle,Metal
1323,intact enormous silver wine bottle with product remaining,Glass
3782,full shampoo bottle,Plastic
427,clean brown vegetable plant,Vegetation
1943,intact commercial linen cloth leaking,Textile Trash
4456,broken tiny notebook sealed,Paper
2736,large striped steel scrap,Metal
4991,stained industrial plastic cup,Plastic
2682,wrinkled massive black natural grass clippings,Vegetation
4649,oversized patterned glass cup,Glass
4316,soiled yellow newspaper,Paper
3025,dirty small purple imported gloves with contents,Textile Trash
2659,dry gold organic cardboard tube,Cardboard
3420,compact generic nail,Metal
659,soiled regular sized patterned gift box,Cardboard
3374,ripped personal black metal lid,Metal
2593,wrinkled small budget yogurt container with product remaining,Plastic
4990,green shoe box,Cardboard
4027,dry green metal screw partially filled,Metal
2091,compact floral synthetic vacuum cleaner bag,Miscellaneous Trash
4141,crumpled envelope empty,Paper
3810,dry eco friendly newspaper,Paper
4296,damaged striped cardboard vacuum cleaner bag,Miscellaneous Trash
446,compact silver eco friendly moving box containing residue,Cardboard
763,empty bubble wrap,Plastic
2060,new travel sized tablecloth,Textile Trash
3179,wrinkled oversized artisanal corn cob containing residue,Food Organics
2754,enormous gold metal bottle,Metal
2477,compact brown receipt with liquid inside,Paper
4032,torn large envelope partially filled,Paper
2749,full large metal cutlery with label attached,Metal
1762,broken mini silver socks,Textile Trash
4545,torn enormous commercial toothbrush,Plastic
2941,empty enormous yellow bread,Food Organics
1240,ripped transparent cardboard sleeve,Cardboard
1356,empty small commercial orange peel,Food Organics
2160,soiled gold leaves,Vegetation
3116,partial fun sized orange brand a soda can,Metal
4515,empty spotted brand b chicken bones,Food Organics
4405,torn white commercial tool sealed,Miscellaneous Trash
3718,floral glass hat,Textile Trash
1636,crumpled milk jug,Plastic
4516,white homemade toy with label attached,Miscellaneous Trash
1397,tiny spotted leather artisanal scarf partially filled,Textile Trash
3162,new gloves,Textile Trash
589,multi colored fallen leaves,Vegetation
1548,stained supermarket glass bottle,Glass
2892,new oversized striped tin can,Metal
2281,transparent drinking glass,Glass
755,compact homemade leaves,Vegetation
1825,crumpled orange imported avocado pit,Food Organics
2447,wrinkled personal weeds,Vegetation
3551,torn regular sized aluminum can with food residue,Metal
2090,empty personal orange homemade rubber band,Miscellaneous Trash
1414,small white eco friendly food container,Plastic
4873,personal black bulk newspaper,Paper
4632,used mini designer pencil,Miscellaneous Trash
2897,silver local cardboard mailer with product remaining,Cardboard
2344,tiny yellow generic printer paper,Paper
574,damaged bulk houseplant with food residue,Vegetation
2828,commercial sticky note,Paper
3152,intact orange plastic cup,Plastic
1657,crumpled travel sized silver socks,Textile Trash
2391,intact brown gift box with contents,Cardboard
4551,envelope,Paper
4238,standard bulk glass cup,Glass
500,travel sized multi colored metal tube,Metal
4874,transparent corrugated box,Cardboard
4449,damaged transparent budget glass bottle,Glass
1068,metal screw,Metal
971,clean tiny orange gift box,Cardboard
3948,folded tiny multi colored metal lid,Metal
1706,crumpled medium orange homemade metal bottle,Metal
2600,intact tiny red scarf with food residue,Textile Trash
1900,damaged tiny silver budget bush clippings with food residue,Vegetation
4564,used oversized yellow budget milk jug,Plastic
206,blue worn jeans,Textile Trash
1634,new supermarket metal coat hanger,Metal
2617,massive green glass tabletop,Glass
275,partial patterned bulk tree limbs,Vegetation
2234,wet styrofoam,Miscellaneous Trash
1867,folded massive black organic cd dvd,Miscellaneous Trash
1378,intact compact transparent imported cereal box,Cardboard
105,green fabric rug sealed,Textile Trash
3883,empty mini old t shirt,Textile Trash
4970,partial medium homemade fruit peel sealed,Food Organics
3164,intact travel sized spotted food scraps,Food Organics
437,brown brochure,Paper
3393,clean regular sized blue organic shampoo bottle,Plastic
406,damaged brown potted plant,Vegetation
2912,clean white corrugated box,Cardboard
3845,dry compact designer glass jar,Glass
3814,damaged tiny paperback book,Paper
608,clean travel sized aluminum can leaking,Metal
3444,crumpled glass tabletop,Glass
834,full imported plastic tray partially filled,Plastic
2504,regular sized fabric organic cotton towel,Textile Trash
3970,travel sized multi colored pencil,Miscellaneous Trash
4372,multi colored organic glass vase,Glass
402,travel sized blue bamboo fabric scrap,Textile Trash
3163,broken small supermarket vegetable plant containing residue,Vegetation
2558,synthetic wood piece,Miscellaneous Trash
1539,new orange plastic cup,Plastic
4498,ripped massive biodegradable brand a toy,Miscellaneous Trash
4207,small takeout container partially filled,Plastic
3270,medium potted plant,Vegetation
3082,wet banana peel,Food Organics
1902,clean fun sized patterned eco friendly champagne bottle with product remaining,Glass
1336,damaged artisanal plastic cup containing residue,Plastic
2275,ripped tiny orange shampoo bottle with label attached,Plastic
2487,empty travel sized cotton cd dvd,Miscellaneous Trash
3205,orange composite vacuum cleaner bag partially filled,Miscellaneous Trash
4142,new oversized floral metal cutlery,Metal
3074,tiny organic detergent bottle,Plastic
250,crumpled floral appliance box sealed,Cardboard
4742,dirty industrial ceramic mug with label attached,Miscellaneous Trash
1874,folded enormous eco friendly glass container,Glass
3694,cardboard silk tie,Textile Trash
680,intact small olive pits,Food Organics
4130,soiled regular sized designer paperback book,Paper
626,damaged travel sized black cardboard brand b scarf,Textile Trash
4796,patterned greeting card with food residue,Paper
3944,empty multi colored plastic metal composite empty,Miscellaneous Trash
2905,dry green artisanal pizza box with contents,Cardboard
3701,full patterned tree limbs,Vegetation
4584,wet regular sized yellow designer glass vase,Glass
689,glass container,Glass
1337,torn white designer paper towel with label attached,Paper
1066,tiny striped homemade clamshell packaging,Plastic
1345,compact patterned steel scrap,Metal
1618,stained massive red fabric premium dryer lint sealed,Miscellaneous Trash
2121,crumpled floral generic clamshell packaging,Plastic
1532,regular sized black homemade medicine bottle,Glass
993,regular sized striped clamshell packaging,Plastic
1116,large bottle cap,Metal
2618,dirty floral supermarket plastic metal composite with label attached,Miscellaneous Trash
3494,intact red six pack holder partially filled,Cardboard
4905,small patterned premium sheet of paper,Paper
4696,intact yellow corrugated box,Cardboard
1080,compact red metal tube,Metal
1477,massive white premium grass clippings,Vegetation
1944,dirty standard aluminum can,Metal
815,dirty brown bulk weeds,Vegetation
4310,red carpet piece,Textile Trash
4469,new tiny transparent supermarket worn jeans,Textile Trash
701,brown imported potted plant,Vegetation
1065,soiled oversized green commercial wire hanger,Metal
2192,silver potted plant partially filled,Vegetation
2231,foil wrapper,Metal
4521,clean enormous paper towel leaking,Paper
1348,spotted disposable razor,Miscellaneous Trash
4520,damaged medium metal screw leaking,Metal
2423,massive silver paper bulk tool,Miscellaneous Trash
3568,silver flowers,Vegetation
3282,dry vacuum dust,Miscellaneous Trash
268,travel sized spotted cardboard mailer with liquid inside,Cardboard
3236,transparent metal bottle,Metal
3639,wrinkled enormous corn cob,Food Organics
2329,used travel sized cardboard marker,Miscellaneous Trash
1793,stained red eco friendly paper towel,Paper
4821,damaged enormous orange fabric pillow case,Textile Trash
1735,dry food container partially filled,Plastic
3964,new brown rubber marker,Miscellaneous Trash
3592,pink brand b baby clothes with label attached,Textile Trash
2733,folded blue organic glass bottle,Glass
2394,vegetable waste,Food Organics
4362,eco friendly shoe box empty,Cardboard
4856,pink generic vegetable waste with food residue,Food Organics
3915,ripped copper wire,Metal
4329,damaged worn jeans,Textile Trash
4058,wet brown file box,Cardboard
2639,ripped regular sized yellow six pack holder,Cardboard
2700,damaged standard brown local tablecloth with liquid inside,Textile Trash
387,envelope,Paper
150,partial fun sized mirror fragment,Glass
940,wet natural spoiled food,Food Organics
1778,soiled shampoo bottle,Plastic
3140,food tin with liquid inside,Metal
611,partial pink shipping box,Cardboard
2427,stained enormous purple budget food packaging,Cardboard
3706,dirty standard blue envelope,Paper
2814,brown composite wool sweater,Textile Trash
1223,socks,Textile Trash
267,empty mini pink eco friendly tin can with contents,Metal
4002,enormous gloves,Textile Trash
3231,crumpled mini toy,Miscellaneous Trash
278,compact pink organic glass candle holder leaking,Glass
2479,soiled small floral glass bottle,Glass
4519,used oversized organic metal tube,Metal
477,used personal green bulk yogurt container with contents,Plastic
2138,wrinkled travel sized metal screw,Metal
1752,wrapping paper,Paper
2907,damaged red supermarket grass clippings,Vegetation
934,dry mini artisanal curtain partially filled,Textile Trash
3060,dry large glass ornament,Glass
2706,massive bulk cardboard mailer empty,Cardboard
1523,wet industrial cereal box leaking,Cardboard
1160,dry brown generic metal screw,Metal
2557,striped appliance box,Cardboard
4655,wet medium floral premium leaves with food residue,Vegetation
1949,brand b old t shirt,Textile Trash
3181,silver local tin can,Metal
1207,crumpled large brown food container,Plastic
1447,ripped industrial tape with food residue,Miscellaneous Trash
3968,brand b rug with label attached,Textile Trash
2061,damaged industrial brown styrofoam,Miscellaneous Trash
2789,travel sized houseplant,Vegetation
4620,personal yellow pillow case containing residue,Textile Trash
7,clean red grass clippings,Vegetation
4582,empty white tool,Miscellaneous Trash
2548,floral premium vegetable plant,Vegetation
292,clean plant cuttings,Vegetation
699,wrinkled local tape,Miscellaneous Trash
3495,damaged personal striped tool leaking,Miscellaneous Trash
4495,empty gold shampoo bottle,Plastic
1377,grass clippings,Vegetation
2346,fun sized white organic banana peel,Food Organics
2607,dry tiny green weeds,Vegetation
4915,vegetable plant partially filled,Vegetation
4561,wrinkled patterned artisanal gloves,Textile Trash
1972,crumpled medium patterned tissue paper,Paper
2968,personal purple newspaper,Paper
774,damaged transparent vegetable plant,Vegetation
4227,compact purple homemade hedge trimmings,Vegetation
1580,damaged striped grass clippings with contents,Vegetation
4999,blue designer detergent bottle,Plastic
3893,crumpled orange nail with label attached,Metal
3651,crumpled purple commercial glass cup,Glass
457,imported paper towel with food residue,Paper
4875,cardboard tray,Cardboard
781,budget cardboard mailer containing residue,Cardboard
3446,white soda can with liquid inside,Metal
4095,broken industrial silver tree limbs,Vegetation
2563,broken black fruit peel,Food Organics
3415,dry compact bush clippings,Vegetation
751,metal tube,Metal
2496,torn small brown imported plastic cutlery with product remaining,Plastic
2620,soiled gold glass candle holder sealed,Glass
411,travel sized brand b metal screw,Metal
4106,dry yellow paper premium pen with label attached,Miscellaneous Trash
2955,damaged bulk hedge trimmings with product remaining,Vegetation
4365,folded gold yard trimmings empty,Vegetation
3342,partial brown worn jeans with food residue,Textile Trash
1202,glass ornament,Glass
127,bulk shoe box,Cardboard
2304,fruit peel,Food Organics
4199,clean soda can with food residue,Metal
2435,clean brown plastic metal composite with product remaining,Miscellaneous Trash
2308,industrial disposable diaper,Miscellaneous Trash
2819,folded enormous nail,Metal
1085,striped natural foil wrapper,Metal
3003,stained composite tablecloth,Textile Trash
3896,used glass candle holder,Glass
2291,broken tiny bamboo gloves,Textile Trash
1491,wet industrial cd case with liquid inside,Plastic
1851,stained designer tree bark with food residue,Vegetation
3463,broken brown homemade vegetable waste,Food Organics
4358,pink imported notebook with food residue,Paper
2190,ripped compact imported light bulb,Glass
2285,artisanal water bottle,Plastic
123,torn spotted silicone designer carpet piece,Textile Trash
4098,fun sized multi colored local cereal box,Cardboard
291,stained fun sized homemade notebook,Paper
4835,stained cardboard mailer,Cardboard
4635,used industrial white premium sticky note,Paper
1233,massive budget tin can,Metal
2717,fun sized gold food packaging,Cardboard
3375,orange bread,Food Organics
1393,clean large multi colored natural branches,Vegetation
838,wrinkled brown bamboo baby clothes,Textile Trash
3949,oversized gold paper towel,Paper
3900,broken green office paper with food residue,Paper
3544,personal branches,Vegetation
3953,full spotted perfume bottle,Glass
1000,regular sized red natural wine bottle with liquid inside,Glass
1333,dirty standard pink homemade newspaper with label attached,Paper
4232,empty brown clamshell packaging,Plastic
2794,broken brown food packaging containing residue,Cardboard
2358,full foil wrapper,Metal
2469,empty massive bamboo socks with liquid inside,Textile Trash
4159,dirty flyer,Paper
2980,mini black fabric worn jeans,Textile Trash
1982,intact oversized orange tree limbs,Vegetation
485,fun sized black eco friendly copper wire,Metal
1094,intact industrial purple wool sweater,Textile Trash
2416,full floral champagne bottle,Glass
947,wet shoe box with product remaining,Cardboard
4829,clean mini white wood piece,Miscellaneous Trash
2840,full red fallen leaves with food residue,Vegetation
213,medium blue linen cloth with label attached,Textile Trash
3069,wet regular sized green rubber band empty,Miscellaneous Trash
2052,crumpled commercial aluminum foil,Metal
326,soiled red artisanal meat scraps empty,Food Organics
1294,damaged mini striped tape,Miscellaneous Trash
3853,homemade notebook sealed,Paper
2493,folded patterned light bulb,Glass
2887,transparent shipping box with label attached,Cardboard
3648,brand b envelope,Paper
4303,folded tiny blue rubber bulk rug,Textile Trash
4176,full industrial spotted synthetic generic carpet piece,Textile Trash
795,wet travel sized rubber band,Miscellaneous Trash
3683,spotted medicine bottle,Glass
2673,avocado pit,Food Organics
2463,damaged massive blue artisanal chicken bones,Food Organics
1913,partial enormous homemade plastic wrap with label attached,Plastic
748,empty purple food scraps sealed,Food Organics
2933,used personal purple supermarket tree bark,Vegetation
48,ripped designer aerosol can leaking,Metal
2147,broken fun sized silver glass tabletop,Glass
347,clean fun sized transparent natural glass vase,Glass
1195,tiny patterned rubber band,Miscellaneous Trash
3818,wrapping paper,Paper
3346,wrinkled regular sized patterned orange peel,Food Organics
3789,new local bread,Food Organics
3794,broken black synthetic ceramic mug,Miscellaneous Trash
1852,new red carpet piece,Textile Trash
3761,wrinkled green milk jug,Plastic
959,enormous nail with product remaining,Metal
3899,industrial yellow corrugated box,Cardboard
2432,red metal cutlery sealed,Metal
282,torn small purple tea bags,Food Organics
3919,full gold cardboard tray,Cardboard
284,oversized purple drinking glass,Glass
110,oversized blue takeout container,Plastic
4410,used printer paper,Paper
776,soiled medium toilet paper roll,Cardboard
565,crumpled green spoiled food,Food Organics
4192,new moving box leaking,Cardboard
1745,used personal purple bubble wrap with food residue,Plastic
3851,tiny brand b metal pipe,Metal
2800,used massive budget egg shells,Food Organics
1557,broken ceramic worn jeans partially filled,Textile Trash
2635,intact patterned budget wrapping paper,Paper
438,dry imported window glass,Glass
4065,intact soda bottle,Plastic
3121,industrial blue local corn cob,Food Organics
2213,purple organic cd dvd,Miscellaneous Trash
4024,regular sized gold plastic artisanal baby clothes partially filled,Textile Trash
1800,folded homemade plant stems,Vegetation
2944,dry regular sized white local grass clippings with product remaining,Vegetation
2343,travel sized silver detergent bottle,Plastic
1916,damaged large striped flower petals containing residue,Vegetation
3932,stained small floral natural cereal box,Cardboard
4608,dirty industrial floral generic leftover pasta,Food Organics
1541,crumpled compact white local newspaper,Paper
1076,soiled small gold supermarket yogurt container with liquid inside,Plastic
2155,empty patterned brand b grass clippings,Vegetation
3332,large champagne bottle,Glass
4293,ripped industrial bulk glass vase,Glass
4143,enormous meat scraps,Food Organics
3250,wet cardboard sleeve,Cardboard
695,used notebook paper,Paper
793,pink avocado pit,Food Organics
564,large brown food scraps leaking,Food Organics
4004,damaged medium floral tissue paper,Paper
2872,spotted bamboo cd dvd containing residue,Miscellaneous Trash
1964,wet massive pink weeds with label attached,Vegetation
3877,oversized gold homemade envelope,Paper
4894,dry leather belt,Textile Trash
3991,dirty gift box,Cardboard
591,torn green leather organic tape,Miscellaneous Trash
718,empty regular sized paper bag,Paper
3274,gold local metal coat hanger with contents,Metal
4486,full mirror fragment,Glass
4507,new compact yellow cardboard mailer,Cardboard
1641,small floral biodegradable styrofoam,Miscellaneous Trash
2857,full cardboard sleeve,Cardboard
4339,stained small designer gift box partially filled,Cardboard
1738,new black apple core,Food Organics
1714,empty oversized multi colored garden waste,Vegetation
255,soiled electronic device,Miscellaneous Trash
2516,clean regular sized fabric local old t shirt,Textile Trash
2508,used compact nut shells with food residue,Food Organics
4569,full regular sized striped bulk shipping box,Cardboard
693,dry striped supermarket food tin,Metal
1048,soiled regular sized imported tin can,Metal
4152,crumpled enormous yellow plastic cutlery,Plastic
4346,wet orange fabric marker,Miscellaneous Trash
4285,cotton local tape,Miscellaneous Trash
709,fun sized orange bamboo artisanal battery leaking,Miscellaneous Trash
2596,dirty striped paper plate with contents,Paper
40,soiled floral packaging box sealed,Cardboard
1499,broken fun sized transparent brand a file box,Cardboard
1250,wool sweater,Textile Trash
4468,stained pink leather ceramic mug,Miscellaneous Trash
475,soiled blue composite linen cloth,Textile Trash
1216,folded fun sized striped brand a food tin leaking,Metal
4102,ripped medium black organic tree limbs,Vegetation
4482,intact standard brown beer bottle partially filled,Glass
344,small artisanal steel container,Metal
3975,new glass pitcher,Glass
3340,pink steel container,Metal
4257,torn standard spoiled food with label attached,Food Organics
2373,dirty mini organic socks with product remaining,Textile Trash
595,damaged enormous gold eco friendly beer bottle,Glass
3144,compact brown ceramic tablecloth,Textile Trash
276,dirty massive striped designer corrugated box,Cardboard
4557,intact natural plastic tray,Plastic
3865,fun sized organic shampoo bottle,Plastic
3267,crumpled personal floral file box with liquid inside,Cardboard
2058,new travel sized brand b glass jar,Glass
1675,empty small red yogurt container with label attached,Plastic
4433,wet floral palm fronds,Vegetation
2714,torn silver notebook paper,Paper
2319,wrinkled personal imported glass pitcher,Glass
1698,massive generic leftover pasta,Food Organics
4384,full personal white brand b notebook paper,Paper
2501,travel sized budget plant stems,Vegetation
3453,full fun sized blue hedge trimmings with contents,Vegetation
1398,travel sized organic beverage carrier,Cardboard
2748,paper cup,Paper
1096,full personal white glass container,Glass
1607,blue commercial grass clippings,Vegetation
4682,damaged black window glass,Glass
4721,used fun sized beverage carrier,Cardboard
861,clean massive bulk glass bottle,Glass
2149,massive gold clamshell packaging,Plastic
4139,large white meat scraps,Food Organics
1212,wet regular sized patterned budget vacuum dust sealed,Miscellaneous Trash
1489,ripped brand a office paper,Paper
912,gold glass candle holder containing residue,Glass
3828,massive commercial vegetable plant partially filled,Vegetation
3717,partial fun sized spotted biodegradable cd dvd with liquid inside,Miscellaneous Trash
1577,full gold weeds,Vegetation
779,new travel sized gold silicone ceramic mug containing residue,Miscellaneous Trash
558,crumpled oversized aerosol can,Metal
754,dirty silver glass sheet,Glass
4283,used fun sized homemade water bottle sealed,Plastic
2599,dry compact silver natural tree bark,Vegetation
948,dry personal avocado pit with label attached,Food Organics
1242,wrinkled massive spotted plastic hat,Textile Trash
3307,fun sized food container,Plastic
3441,multi colored brand b beverage carrier,Cardboard
2325,transparent premium battery,Miscellaneous Trash
2520,soiled medium metal pipe,Metal
161,wrinkled artisanal bush clippings,Vegetation
2909,wrinkled personal patterned supermarket metal bottle,Metal
4491,personal blue local sheet of paper,Paper
1481,full enormous striped metal screw with product remaining,Metal
2186,new compact bubble wrap,Plastic
2112,broken pillow case,Textile Trash
2661,partial mini bulk tree bark,Vegetation
354,used vacuum cleaner bag,Miscellaneous Trash
293,empty compact floral brand b champagne bottle,Glass
723,personal pink ceramic styrofoam,Miscellaneous Trash
1500,broken blue cardboard sleeve,Cardboard
4689,industrial transparent plant cuttings,Vegetation
3355,folded travel sized brown nut shells,Food Organics
2560,used enormous brand b styrofoam,Miscellaneous Trash
2940,new regular sized multi colored imported vegetable plant,Vegetation
2674,intact massive gold plant cuttings,Vegetation
4763,used massive local envelope,Paper
1521,damaged transparent branches sealed,Vegetation
1761,stained tiny striped aerosol can with food residue,Metal
4611,clean compact hedge trimmings,Vegetation
749,broken large floral organic greeting card,Paper
2569,torn massive red cotton tape,Miscellaneous Trash
4302,crumpled brown scarf,Textile Trash
4661,intact tiny patterned bulk copper wire,Metal
1097,torn massive apple core,Food Organics
1182,homemade marker,Miscellaneous Trash
3391,wrinkled black metal hat,Textile Trash
4186,new travel sized transparent rug,Textile Trash
2055,soiled medium meat scraps,Food Organics
2226,wet small blue tree limbs,Vegetation
2804,new mini patterned wooden local wool sweater,Textile Trash
4030,used large purple designer food container with contents,Plastic
3695,dry green dairy products partially filled,Food Organics
482,partial mini bread leaking,Food Organics
3426,empty enormous bamboo styrofoam,Miscellaneous Trash
764,small blue wooden dryer lint,Miscellaneous Trash
4407,broken red metal cutlery,Metal
2583,fun sized red budget packaging box containing residue,Cardboard
1518,partial bulk steel container,Metal
674,damaged travel sized envelope,Paper
3998,wrinkled orange socks,Textile Trash
1611,fun sized purple brand b tree limbs,Vegetation
3440,dirty enormous yellow designer curtain with contents,Textile Trash
2472,ripped magazine with food residue,Paper
2113,clean spotted natural glass candle holder,Glass
4932,soiled compact purple cereal box,Cardboard
2889,clean mini yellow meat scraps,Food Organics
1041,full vegetable waste partially filled,Food Organics
4222,dirty floral hedge trimmings partially filled,Vegetation
4416,wet travel sized plastic bed sheet with product remaining,Textile Trash
4986,compact fish bones,Food Organics
1492,empty standard moving box,Cardboard
4268,dirty enormous blue egg shells,Food Organics
3764,large budget plastic cutlery with contents,Plastic
3442,new tiny biodegradable local electronic device,Miscellaneous Trash
1828,wet black plastic cutlery,Plastic
1615,ripped compact red bread sealed,Food Organics
4209,folded fun sized striped bubble wrap,Plastic
3448,folded industrial blue homemade beverage carrier,Cardboard
4703,crumpled blue plastic metal composite with contents,Miscellaneous Trash
414,empty fun sized gold premium fish bones,Food Organics
1483,damaged enormous gold rubber polyester jacket,Textile Trash
3098,wrinkled massive patterned envelope,Paper
3351,gold steel container leaking,Metal
2351,partial standard local leftover pasta,Food Organics
1218,wrinkled white soda can containing residue,Metal
4341,soiled tiny pink synthetic plastic metal composite,Miscellaneous Trash
668,rubber tape,Miscellaneous Trash
1517,oversized paperback book,Paper
3902,fun sized bulk metal tube,Metal
3222,fun sized brown glass jar sealed,Glass
1396,broken envelope,Paper
4249,used large black composite commercial hat,Textile Trash
3628,intact small disposable diaper,Miscellaneous Trash
3203,dry eco friendly weeds,Vegetation
3712,crumpled gold curtain,Textile Trash
3083,transparent supermarket plant cuttings with product remaining,Vegetation
1220,soiled personal green light bulb,Glass
4695,crumpled small yellow palm fronds,Vegetation
2097,partial metal tube,Metal
2134,dry pizza box,Cardboard
1531,torn enormous brown tea bags empty,Food Organics
228,wet small multi colored vegetable waste,Food Organics
3676,intact spotted budget flower petals,Vegetation
1877,stained organic yard trimmings,Vegetation
2446,dry industrial local linen cloth with contents,Textile Trash
4161,patterned generic gift box,Cardboard
1381,full toothbrush,Plastic
3338,stained yellow silicone pillow case,Textile Trash
2577,partial industrial plastic cutlery,Plastic
1109,partial fun sized pink toilet paper roll,Cardboard
3958,new standard copper wire with label attached,Metal
1628,brand b milk jug,Plastic
1436,yellow linen cloth,Textile Trash
2141,ripped notebook,Paper
4236,regular sized local steel scrap containing residue,Metal
3642,used gold natural metal coat hanger,Metal
2713,used medium white shipping box with liquid inside,Cardboard
2502,wrinkled tiny green bottle cap partially filled,Metal
2126,used personal plastic homemade cigarette butt,Miscellaneous Trash
547,blue eco friendly window glass leaking,Glass
2204,wrinkled medium silver bulk appliance box,Cardboard
4376,intact mini green envelope,Paper
3259,tablecloth,Textile Trash
4115,dirty tiny artisanal branches,Vegetation
3609,dirty tiny white composite plastic metal composite,Miscellaneous Trash
3114,dry medium striped bamboo local pen,Miscellaneous Trash
1754,wet regular sized orange plastic bag,Plastic
2984,dry bubble wrap sealed,Plastic
2383,tiny black yogurt container sealed,Plastic
1855,new regular sized blue brand b moving box,Cardboard
1616,dirty white homemade flower petals leaking,Vegetation
4361,empty travel sized tool partially filled,Miscellaneous Trash
1563,clean compact premium bubble wrap,Plastic
569,folded floral commercial paper cup,Paper
4842,intact corn cob,Food Organics
4343,wrinkled organic glass jar,Glass
3506,soiled medium imported tea bags with product remaining,Food Organics
1163,used spotted tin can,Metal
3425,medium glass rug,Textile Trash
4866,empty massive orange flower petals,Vegetation
3726,enormous silver glass local carpet piece,Textile Trash
1983,patterned metal bottle leaking,Metal
3276,torn medium white commercial old t shirt,Textile Trash
380,new homemade fruit peel,Food Organics
2689,soiled brown premium pizza box with product remaining,Cardboard
2615,small purple avocado pit,Food Organics
333,multi colored designer pine needles with product remaining,Vegetation
4484,partial oversized commercial notebook paper sealed,Paper
3345,used standard brown artisanal hat,Textile Trash
2264,soiled dairy products,Food Organics
3017,soiled gold corrugated box,Cardboard
686,dry synthetic curtain,Textile Trash
1046,intact patterned premium egg shells,Food Organics
2486,baby clothes,Textile Trash
523,torn enormous red biodegradable baby clothes,Textile Trash
2082,clean striped bulk metal bottle,Metal
4859,partial regular sized striped fallen leaves,Vegetation
2241,appliance box with product remaining,Cardboard
203,wet homemade wire hanger,Metal
687,white glass pitcher leaking,Glass
2825,wet personal pink rubber brand a old t shirt,Textile Trash
4203,bubble wrap,Plastic
1043,empty large brown dairy products leaking,Food Organics
4628,standard blue food packaging,Cardboard
3173,empty spotted budget palm fronds,Vegetation
2221,torn houseplant,Vegetation
274,commercial toilet paper roll,Cardboard
4935,wet enormous patterned newspaper,Paper
1507,full tiny olive pits,Food Organics
2100,compact steel scrap,Metal
50,large black commercial steel container,Metal
706,standard gold gloves,Textile Trash
1437,torn patterned homemade fallen leaves,Vegetation
3927,clean brown cigarette butt with product remaining,Miscellaneous Trash
2977,fun sized glass designer wool sweater,Textile Trash
1342,multi colored beverage carrier,Cardboard
1840,medium orange shipping box empty,Cardboard
3246,partial striped premium orange peel,Food Organics
4070,soiled floral glass container,Glass
1798,stained massive bulk yard trimmings,Vegetation
3801,empty small pink designer leaves,Vegetation
788,ripped personal brand a plant cuttings with product remaining,Vegetation
1241,intact yellow plastic marker,Miscellaneous Trash
4771,soiled mini orange peel with contents,Food Organics
1420,wrinkled cd case with food residue,Plastic
1684,folded compact white eco friendly newspaper,Paper
160,soda bottle,Plastic
3827,clean fun sized floral plastic lid,Plastic
2540,crumpled regular sized yellow wrapping paper,Paper
2254,white composite cotton towel,Textile Trash
483,budget cardboard mailer with product remaining,Cardboard
1395,notebook,Paper
1729,full natural vegetable plant with food residue,Vegetation
1826,spoiled food,Food Organics
2581,soiled transparent paper plate,Paper
4190,dirty white notebook paper,Paper
956,compact white glass sheet,Glass
14,wooden tablecloth with product remaining,Textile Trash
876,torn white soda can containing residue,Metal
897,tiny premium plastic toy with contents,Plastic
854,used bubble wrap,Plastic
3242,torn yellow ceramic carpet piece,Textile Trash
3412,crumpled natural spoiled food,Food Organics
4423,transparent budget cardboard mailer with product remaining,Cardboard
1727,full medium homemade plastic lid,Plastic
379,full black steel container,Metal
2875,standard clamshell packaging,Plastic
4924,dirty mini floral glass sheet,Glass
3023,clean multi colored food packaging,Cardboard
3093,dry metal lid,Metal
587,patterned cigarette butt leaking,Miscellaneous Trash
1605,white egg carton,Cardboard
4083,clean travel sized houseplant,Vegetation
2441,stained oversized silver generic glass container empty,Glass
1266,empty green imported vacuum cleaner bag,Miscellaneous Trash
3931,damaged large local champagne bottle,Glass
367,used tiny commercial packaging box partially filled,Cardboard
142,stained brown brand b paper bag empty,Paper
1209,tiny cardboard tray,Cardboard
2465,new cereal box,Cardboard
111,dry multi colored supermarket cd dvd,Miscellaneous Trash
2223,empty bulk paper bag,Paper
79,mini patterned supermarket paper cup,Paper
688,wet regular sized transparent six pack holder,Cardboard
2011,folded industrial blue glass container,Glass
87,damaged blue cotton homemade disposable razor sealed,Miscellaneous Trash
3284,crumpled green hat,Textile Trash
4732,clean transparent leather wood piece,Miscellaneous Trash
1123,fun sized transparent composite baby clothes,Textile Trash
25,folded red glass pitcher,Glass
1621,fun sized silver hat,Textile Trash
172,folded travel sized tin can,Metal
2807,wet fun sized pink silk tie,Textile Trash
57,stained medium green light bulb containing residue,Glass
1474,personal red organic cigarette butt with liquid inside,Miscellaneous Trash
4669,broken supermarket fallen leaves with product remaining,Vegetation
3477,paper fabric scrap,Textile Trash
3376,compact gold pizza box,Cardboard
1904,torn silver glass candle holder leaking,Glass
721,dirty regular sized paper towel,Paper
303,ripped black orange peel,Food Organics
1669,full small artisanal drinking glass,Glass
3070,orange egg shells,Food Organics
2048,standard spotted homemade ceramic mug,Miscellaneous Trash
80,partial artisanal weeds sealed,Vegetation
400,dry regular sized palm fronds with label attached,Vegetation
1464,new gold hedge trimmings containing residue,Vegetation
2424,new white rubber band,Miscellaneous Trash
295,striped generic takeout container,Plastic
60,soiled fun sized ceramic designer marker empty,Miscellaneous Trash
3363,premium plastic toy,Plastic
4183,intact mini synthetic premium cd dvd,Miscellaneous Trash
2484,new large organic potted plant,Vegetation
4901,massive bulk garden waste,Vegetation
1375,industrial plastic tray sealed,Plastic
3271,industrial ceramic brand a pencil,Miscellaneous Trash
4772,industrial floral plant cuttings with product remaining,Vegetation
1627,new enormous cardboard dryer lint leaking,Miscellaneous Trash
3912,dry floral cotton towel,Textile Trash
4589,empty massive brand b food packaging,Cardboard
1273,folded oversized pink designer glass bottle,Glass
3965,dirty gold glass cup,Glass
2065,partial standard toilet paper roll,Cardboard
3245,broken standard envelope,Paper
1315,ripped sticky note,Paper
1144,intact transparent eco friendly detergent bottle,Plastic
129,folded green leaves,Vegetation
4623,broken compact designer rug partially filled,Textile Trash
310,soiled large green plastic carpet piece containing residue,Textile Trash
1712,generic curtain,Textile Trash
1848,stained large gold glass bottle,Glass
590,folded yard trimmings,Vegetation
532,new floral spoiled food,Food Organics
1635,wrinkled oversized pink tissue paper,Paper
1565,broken red dryer lint,Miscellaneous Trash
1374,crumpled tiny striped supermarket sheet of paper containing residue,Paper
64,compact multi colored cigarette butt,Miscellaneous Trash
115,partial purple artisanal avocado pit,Food Organics
2937,intact standard yellow brand b milk jug,Plastic
4025,broken enormous composite eco friendly ceramic mug empty,Miscellaneous Trash
4050,used green potted plant,Vegetation
4528,soiled generic disposable diaper,Miscellaneous Trash
3745,spotted generic cardboard tray containing residue,Cardboard
1534,torn travel sized multi colored biodegradable brand a gloves,Textile Trash
3217,wet champagne bottle,Glass
4336,large soda bottle,Plastic
1308,dirty massive silver local flowers with food residue,Vegetation
4539,crumpled mini homemade six pack holder partially filled,Cardboard
4770,intact small yogurt container,Plastic
4711,enormous gold light bulb with contents,Glass
4059,wet floral designer nut shells,Food Organics
2451,wet medium tea bags sealed,Food Organics
1300,dry travel sized gold gloves,Textile Trash
974,wet enormous spotted organic aluminum can,Metal
252,wrinkled brown homemade shoe box,Cardboard
1928,ripped industrial metal carpet piece with food residue,Textile Trash
3980,imported pencil with label attached,Miscellaneous Trash
2920,notebook,Paper
223,intact travel sized spotted designer cardboard tube,Cardboard
4023,industrial leather old t shirt with liquid inside,Textile Trash
2935,broken compact blue local avocado pit,Food Organics
3436,industrial red imported moving box with label attached,Cardboard
3315,stained floral generic steel container partially filled,Metal
4066,crumpled standard premium beverage carrier containing residue,Cardboard
3577,patterned designer gift box,Cardboard
4497,personal bubble wrap,Plastic
3548,dry bottle cap,Metal
3228,carpet piece,Textile Trash
374,stained personal white hedge trimmings with contents,Vegetation
3105,wet oversized bulk glass vase,Glass
2900,wet green supermarket glass bottle with label attached,Glass
738,industrial red ceramic toy,Miscellaneous Trash
2217,clean large patterned notebook,Paper
2567,wrinkled blue wine bottle,Glass
3854,dirty vegetable plant leaking,Vegetation
1814,used enormous wooden artisanal dryer lint,Miscellaneous Trash
3020,full massive vegetable waste,Food Organics
2742,regular sized soda bottle,Plastic
117,partial regular sized red commercial yogurt container,Plastic
4868,clean enormous tree limbs containing residue,Vegetation
2327,new red corrugated box empty,Cardboard
182,organic dryer lint containing residue,Miscellaneous Trash
2850,medium brand a leftover pasta,Food Organics
4809,purple flowers,Vegetation
373,yellow tape,Miscellaneous Trash
1823,purple packaging box with contents,Cardboard
2145,wet travel sized black six pack holder,Cardboard
2547,medium designer beverage carrier,Cardboard
725,wet tree limbs,Vegetation
1737,torn massive green bulk food packaging,Cardboard
3427,folded blue silicone toy,Miscellaneous Trash
234,soiled tiny six pack holder,Cardboard
1991,soiled multi colored silicone vacuum dust,Miscellaneous Trash
4686,broken regular sized black commercial perfume bottle,Glass
4472,folded clamshell packaging,Plastic
2036,large glass leather belt,Textile Trash
4363,soiled travel sized floral dryer lint,Miscellaneous Trash
544,brown styrofoam,Miscellaneous Trash
171,massive green homemade clamshell packaging,Plastic
1433,massive patterned biodegradable ceramic mug,Miscellaneous Trash
1832,empty mini orange corn cob,Food Organics
3873,tiny purple premium notebook,Paper
1199,ripped medium floral tree limbs containing residue,Vegetation
2371,food container,Plastic
3482,empty oversized disposable diaper,Miscellaneous Trash
614,enormous brand a bubble wrap leaking,Plastic
2928,partial fun sized white cd dvd with contents,Miscellaneous Trash
1843,wrinkled purple tin can,Metal
4350,new green food packaging,Cardboard
3434,dirty green notebook with product remaining,Paper
4233,envelope,Paper
227,personal pink natural cardboard mailer,Cardboard
657,partial black designer shipping box,Cardboard
4624,intact red orange peel,Food Organics
3904,broken floral metal bottle partially filled,Metal
4576,torn palm fronds,Vegetation
871,partial large striped brand b greeting card with contents,Paper
4992,torn massive homemade plastic cup,Plastic
3704,full compact orange plant cuttings,Vegetation
3476,designer fallen leaves partially filled,Vegetation
1089,floral supermarket glass candle holder,Glass
4388,brand a nut shells,Food Organics
3290,soiled purple designer wool sweater,Textile Trash
2152,partial black fabric electronic device,Miscellaneous Trash
189,dirty personal striped budget cardboard tube,Cardboard
835,wrinkled medium patterned coffee grounds,Food Organics
1093,folded spotted nail,Metal
3581,dirty regular sized plastic designer pillow case,Textile Trash
1137,damaged pink rubber generic cigarette butt with contents,Miscellaneous Trash
3067,used floral wine bottle,Glass
4658,folded tiny floral orange peel,Food Organics
4375,transparent synthetic electronic device,Miscellaneous Trash
204,clean fun sized purple premium food container with contents,Plastic
2252,damaged tiny receipt,Paper
4603,full metal pipe,Metal
2677,stained travel sized bulk toothbrush,Plastic
2692,medium brown fabric scrap,Textile Trash
4071,soiled compact floral plant cuttings,Vegetation
2974,plastic brand a old t shirt,Textile Trash
1211,partial purple fruit peel,Food Organics
890,fun sized green cotton pillow case,Textile Trash
3774,stained small white organic notebook,Paper
911,soiled metal lid,Metal
737,damaged large black soda can,Metal
4206,blue metal tube,Metal
377,full patterned bamboo ceramic mug,Miscellaneous Trash
343,new imported dryer lint,Miscellaneous Trash
140,used wood piece,Miscellaneous Trash
3068,full transparent budget appliance box,Cardboard
2321,industrial patterned metal screw,Metal
4634,black glass vase,Glass
3790,new tiny silver plant cuttings sealed,Vegetation
2781,wrinkled premium pine needles,Vegetation
351,stained massive black appliance box,Cardboard
1854,broken regular sized multi colored budget tree bark,Vegetation
1325,purple aluminum foil,Metal
622,new medium eco friendly houseplant,Vegetation
4698,broken commercial spoiled food with food residue,Food Organics
1744,ripped tin can,Metal
648,empty tiny transparent budget bush clippings,Vegetation
4345,soiled spotted corn cob partially filled,Food Organics
803,dirty personal silver bulk potted plant,Vegetation
3783,synthetic polyester jacket leaking,Textile Trash
3587,intact personal white garden waste,Vegetation
507,intact medium patterned battery,Miscellaneous Trash
4862,used floral soda bottle,Plastic
96,soiled silver receipt containing residue,Paper
219,medium gold artisanal moving box with product remaining,Cardboard
1424,wooden pencil sealed,Miscellaneous Trash
46,patterned glass jar,Glass
430,folded tiny white food container leaking,Plastic
1487,compact multi colored silicone cotton towel,Textile Trash
3606,regular sized patterned glass cup,Glass
3323,supermarket pillow case,Textile Trash
1514,small brown designer cardboard mailer with product remaining,Cardboard
2778,crumpled silver glass tabletop,Glass
4460,dry travel sized nut shells,Food Organics
511,stained medium white cigarette butt,Miscellaneous Trash
2102,broken spotted eco friendly leftover pasta,Food Organics
27,clean industrial brown leather cotton towel,Textile Trash
3187,orange notebook,Paper
1693,tiny purple glass ceramic mug,Miscellaneous Trash
3740,red natural aerosol can with contents,Metal
3546,wrinkled patterned cardboard mailer sealed,Cardboard
4977,dirty tablecloth,Textile Trash
1643,white local leftover pasta partially filled,Food Organics
2418,stained rubber premium battery,Miscellaneous Trash
3055,crumpled oversized silver food tin,Metal
4746,travel sized orange copper wire,Metal
508,patterned eco friendly vegetable plant,Vegetation
2099,wet standard soda bottle,Plastic
1759,folded medium pink glass container,Glass
1259,dirty small brown avocado pit with product remaining,Food Organics
2222,clean tiny eco friendly toothbrush,Plastic
4619,stained regular sized vacuum cleaner bag,Miscellaneous Trash
348,used greeting card,Paper
1858,dirty fun sized medicine bottle,Glass
2793,partial travel sized paper towel,Paper
675,standard transparent fish bones empty,Food Organics
4882,ripped mini yellow hedge trimmings empty,Vegetation
154,broken enormous multi colored weeds,Vegetation
3396,soiled oversized yellow local meat scraps,Food Organics
1406,transparent imported yard trimmings,Vegetation
4153,partial compact gold wire hanger,Metal
4502,crumpled silver perfume bottle with liquid inside,Glass
355,premium rug,Textile Trash
2185,folded brand a old t shirt,Textile Trash
2119,blue steel container,Metal
3081,brown nut shells,Food Organics
1140,dry standard scarf,Textile Trash
4752,empty designer olive pits,Food Organics
157,small striped budget palm fronds with label attached,Vegetation
3256,crumpled pink notebook,Paper
426,broken massive striped water bottle,Plastic
2106,partial grass clippings with label attached,Vegetation
1785,compact budget glass ornament with label attached,Glass
2541,empty beer bottle,Glass
4903,regular sized pink commercial disposable razor,Miscellaneous Trash
1702,personal patterned imported toilet paper roll,Cardboard
4177,dirty green orange peel,Food Organics
3088,folded enormous purple tree bark containing residue,Vegetation
4916,damaged fun sized blue metal cutlery,Metal
1742,wrinkled fun sized spotted tablecloth,Textile Trash
3503,spotted brand a metal lid,Metal
4838,personal moving box partially filled,Cardboard
1602,full homemade pine needles,Vegetation
3333,fun sized patterned water bottle with product remaining,Plastic
2064,wrinkled standard glass socks,Textile Trash
2649,ripped medium biodegradable natural carpet piece,Textile Trash
2686,red plastic lid,Plastic
562,full flyer,Paper
3316,wet enormous striped homemade nail,Metal
1575,blue plastic metal composite,Miscellaneous Trash
2813,wrinkled green envelope,Paper
4501,eco friendly corrugated box with food residue,Cardboard
3668,empty brand b cd case with liquid inside,Plastic
913,dry industrial envelope,Paper
4830,wrinkled large pink curtain,Textile Trash
153,crumpled large yellow yogurt container,Plastic
4261,soiled yellow cardboard mailer,Cardboard
2529,partial yogurt container with label attached,Plastic
503,green bulk mirror fragment,Glass
682,wet transparent toothbrush,Plastic
3612,dirty red fruit peel containing residue,Food Organics
4086,used brand b scarf,Textile Trash
2791,food tin,Metal
1353,wet massive brown premium yogurt container with food residue,Plastic
1338,folded tiny striped plastic lid,Plastic
2765,rug,Textile Trash
4543,eco friendly glass vase with liquid inside,Glass
451,intact massive striped homemade glass ornament partially filled,Glass
3848,damaged tiny designer pizza box,Cardboard
4812,crumpled brown paperback book,Paper
3861,pink vegetable waste,Food Organics
1566,used mini orange food container,Plastic
472,full massive glass cup,Glass
2218,new supermarket food tin,Metal
3819,damaged leaves,Vegetation
4630,travel sized organic paper plate,Paper
4674,clean toilet paper roll,Cardboard
3866,torn small purple leftover pasta,Food Organics
662,broken eco friendly gift box,Cardboard
2533,damaged chicken bones,Food Organics
1198,banana peel,Food Organics
4664,wet gold perfume bottle,Glass
3997,clean window glass,Glass
3951,broken brand b paperback book,Paper
4003,intact massive black glass ornament,Glass
2103,crumpled mini eco friendly plastic cutlery,Plastic
833,broken mini purple bed sheet,Textile Trash
796,transparent paper gloves,Textile Trash
108,dry glass jar partially filled,Glass
3705,wet black silicone tool,Miscellaneous Trash
1743,intact fun sized white bulk houseplant,Vegetation
4147,wet black flower petals,Vegetation
4730,mini spotted homemade plant cuttings partially filled,Vegetation
1050,banana peel,Food Organics
2043,standard brown fabric natural battery containing residue,Miscellaneous Trash
3302,folded homemade tool,Miscellaneous Trash
1802,damaged personal blue shoe box,Cardboard
3026,medium silver detergent bottle,Plastic
498,partial purple artisanal rubber band,Miscellaneous Trash
1751,damaged fun sized floral wrapping paper,Paper
3488,damaged glass candle holder,Glass
3862,broken travel sized clamshell packaging,Plastic
1971,ripped massive striped fabric scrap with contents,Textile Trash
31,wet striped plastic leather belt,Textile Trash
272,black local spoiled food,Food Organics
852,partial striped homemade printer paper,Paper
61,budget glass container,Glass
646,stained spotted glass cup,Glass
2786,new enormous flyer,Paper
3038,fun sized metal bulk baby clothes,Textile Trash
2882,damaged toilet paper roll,Cardboard
4626,soiled floral receipt with product remaining,Paper
1878,new blue aluminum foil with product remaining,Metal
4214,oversized vacuum cleaner bag,Miscellaneous Trash
2411,used personal silver plastic toy,Miscellaneous Trash
3106,new large silver vacuum dust,Miscellaneous Trash
2014,torn local cardboard tray,Cardboard
3042,wet personal striped ceramic premium pen sealed,Miscellaneous Trash
103,transparent aluminum can,Metal
2439,large metal pipe,Metal
1688,intact pink paper wood piece,Miscellaneous Trash
1885,wet standard pink paper artisanal dryer lint,Miscellaneous Trash
264,damaged composite fabric scrap leaking,Textile Trash
3159,used yellow bed sheet,Textile Trash
1052,torn personal wrapping paper,Paper
3381,ripped patterned organic window glass with product remaining,Glass
4342,broken fun sized brown plastic wrap,Plastic
880,stained purple bread,Food Organics
4387,intact massive supermarket shipping box,Cardboard
4529,stained spotted brand b hat,Textile Trash
3054,stained travel sized blue shampoo bottle empty,Plastic
2164,enormous floral brand a avocado pit with label attached,Food Organics
3117,new oversized purple grass clippings,Vegetation
75,folded yellow premium plastic bag,Plastic
2655,full large cardboard vacuum cleaner bag leaking,Miscellaneous Trash
2746,small pink eco friendly soda can with food residue,Metal
1327,soiled bulk corn cob containing residue,Food Organics
463,white brand a glass bottle,Glass
4867,travel sized black natural clamshell packaging,Plastic
2227,crumpled compact metal coat hanger,Metal
1229,stained tiny striped notebook with label attached,Paper
1135,natural coffee grounds,Food Organics
1254,partial fun sized orange designer foil wrapper,Metal
2993,partial yellow cd case,Plastic
3804,full enormous pink chicken bones,Food Organics
3314,used multi colored leaves with liquid inside,Vegetation
4230,crumpled generic champagne bottle,Glass
969,large brown designer silk tie containing residue,Textile Trash
2908,transparent designer electronic device with food residue,Miscellaneous Trash
3913,tiny orange biodegradable vacuum dust,Miscellaneous Trash
2805,partial silver glass linen cloth,Textile Trash
1927,wrinkled multi colored shoe box,Cardboard
2474,folded green bulk takeout container,Plastic
3792,new red mirror fragment with product remaining,Glass
667,orange cardboard sleeve,Cardboard
3956,empty blue glass jar leaking,Glass
214,broken yellow brand b plastic wrap,Plastic
3423,wet regular sized yellow glass candle holder,Glass
599,empty window glass,Glass
1650,silver bulk paper cup,Paper
3863,clean enormous multi colored cotton eco friendly disposable razor with food residue,Miscellaneous Trash
4319,damaged six pack holder,Cardboard
1901,partial compact transparent designer nut shells partially filled,Food Organics
4994,wrinkled small brown imported leaves,Vegetation
868,fun sized black premium perfume bottle,Glass
1864,large natural office paper,Paper
2976,new large transparent corrugated box with product remaining,Cardboard
3596,damaged tiny striped artisanal plastic cup,Plastic
431,appliance box leaking,Cardboard
4334,wrinkled large purple eco friendly avocado pit,Food Organics
3549,stained supermarket orange peel,Food Organics
4850,wrinkled compact silver commercial bush clippings with product remaining,Vegetation
3354,soiled blue cereal box,Cardboard
3552,partial brown bread,Food Organics
1045,orange brand a aluminum can,Metal
881,dry mini purple takeout container,Plastic
4876,clean disposable diaper with food residue,Miscellaneous Trash
3778,soiled personal avocado pit,Food Organics
780,dry striped glass artisanal styrofoam,Miscellaneous Trash
884,water bottle,Plastic
3125,intact tiny plastic wood piece,Miscellaneous Trash
2662,mirror fragment,Glass
4946,torn cotton styrofoam with label attached,Miscellaneous Trash
757,wrinkled tiny striped premium plastic tray,Plastic
3878,mini transparent corn cob,Food Organics
1869,crumpled large red generic corrugated box,Cardboard
4998,pink glass pitcher with food residue,Glass
2870,dirty personal green metal bottle,Metal
4858,wet purple pizza box,Cardboard
4586,transparent tin can,Metal
1069,stained standard white cd case,Plastic
1998,soiled palm fronds with contents,Vegetation
2895,broken homemade vegetable waste,Food Organics
3870,wet personal white sticky note,Paper
2261,dry enormous orange disposable razor,Miscellaneous Trash
4980,personal brand b aluminum foil,Metal
281,ripped industrial avocado pit with product remaining,Food Organics
2964,travel sized cereal box,Cardboard
744,red generic branches,Vegetation
577,damaged commercial houseplant,Vegetation
2019,dry travel sized multi colored steel scrap,Metal
3721,multi colored plastic toy,Plastic
1064,metal coat hanger,Metal
4762,full personal patterned artisanal paper towel,Paper
787,soiled plant stems,Vegetation
4972,mini pink spoiled food with label attached,Food Organics
2306,intact compact patterned plant cuttings,Vegetation
4494,supermarket tree bark empty,Vegetation
469,crumpled travel sized plastic bag empty,Plastic
3390,dirty coffee grounds,Food Organics
2031,partial enormous yellow wrapping paper,Paper
2042,full tiny homemade food scraps partially filled,Food Organics
3738,purple vegetable waste,Food Organics
2301,artisanal foil wrapper with contents,Metal
1445,gold clamshell packaging,Plastic
502,wire hanger,Metal
3373,empty multi colored brand a champagne bottle containing residue,Glass
4678,massive tool,Miscellaneous Trash
2137,ripped small leather organic vacuum cleaner bag with food residue,Miscellaneous Trash
2522,personal silver glass bottle partially filled,Glass
4807,plant cuttings,Vegetation
1244,damaged gold foil wrapper,Metal
2340,partial red avocado pit partially filled,Food Organics
3687,organic pen,Miscellaneous Trash
2059,damaged compact purple disposable razor,Miscellaneous Trash
4898,ripped fabric styrofoam,Miscellaneous Trash
528,full enormous purple homemade electronic device with contents,Miscellaneous Trash
3514,intact industrial silver soda bottle,Plastic
1380,damaged personal metal pipe,Metal
888,soiled transparent local toilet paper roll,Cardboard
1469,regular sized white brand a tree limbs,Vegetation
1601,intact compact metal pipe with label attached,Metal
2535,broken industrial multi colored bulk food container,Plastic
4160,broken silver food tin with liquid inside,Metal
2476,fish bones,Food Organics
4270,wrinkled carpet piece,Textile Trash
4180,leftover pasta,Food Organics
3605,flower petals,Vegetation
4181,crumpled six pack holder,Cardboard
3650,intact personal orange tool,Miscellaneous Trash
533,torn patterned brand b plastic cutlery,Plastic
4864,crumpled blue brand b packaging box,Cardboard
499,regular sized purple foil wrapper,Metal
2460,clean standard commercial fallen leaves,Vegetation
4191,used travel sized striped brand a pen,Miscellaneous Trash
1653,ripped personal patterned toy partially filled,Miscellaneous Trash
2666,torn standard fallen leaves,Vegetation
2084,damaged designer tea bags,Food Organics
3859,wet fun sized silver shoe box,Cardboard
3802,partial small multi colored envelope with label attached,Paper
3454,ripped small silver glass ornament,Glass
4223,stained striped houseplant,Vegetation
1145,brown food packaging with liquid inside,Cardboard
4984,dry brown ceramic mug with liquid inside,Miscellaneous Trash
0,soiled silver tablecloth,Textile Trash
615,partial red rubber tape sealed,Miscellaneous Trash
2262,clean blue brand a flower petals with contents,Vegetation
3817,intact standard metal pipe sealed,Metal
174,medium avocado pit with contents,Food Organics
4119,intact yogurt container with food residue,Plastic
3566,stained medium patterned spoiled food with product remaining,Food Organics
3791,intact personal floral designer meat scraps,Food Organics
896,stained fun sized plant stems,Vegetation
1334,wet personal generic shoe box leaking,Cardboard
4320,enormous patterned cotton disposable razor sealed,Miscellaneous Trash
4802,white meat scraps,Food Organics
4640,medium orange food tin,Metal
3708,soiled eco friendly palm fronds,Vegetation
525,regular sized imported wool sweater,Textile Trash
501,empty travel sized green nut shells,Food Organics
2788,folded black yogurt container,Plastic
2320,torn standard blue cardboard wood piece partially filled,Miscellaneous Trash
2171,water bottle,Plastic
1992,folded transparent glass container,Glass
37,floral light bulb containing residue,Glass
1734,medium floral cd case,Plastic
358,ripped regular sized red fabric scrap with contents,Textile Trash
1304,wet artisanal metal pipe,Metal
3525,broken orange medicine bottle,Glass
2675,floral natural window glass,Glass
2624,folded brown plastic wrap,Plastic
107,soiled black supermarket pizza box,Cardboard
4683,wrinkled white worn jeans,Textile Trash
1865,oversized plastic metal composite with product remaining,Miscellaneous Trash
3586,partial travel sized green tissue paper,Paper
3474,partial glass jar,Glass
220,full standard brown tree bark,Vegetation
750,composite generic disposable diaper partially filled,Miscellaneous Trash
454,torn green organic greeting card,Paper
2362,dirty multi colored metal tube,Metal
629,mini silver egg shells,Food Organics
330,damaged travel sized blue aluminum can with contents,Metal
4601,large brown orange peel,Food Organics
39,dry standard pink budget glass pitcher,Glass
188,stained compact brown food packaging,Cardboard
116,torn industrial purple plastic rug partially filled,Textile Trash
3767,folded industrial artisanal egg shells with food residue,Food Organics
2772,dirty standard metal coat hanger,Metal
2003,yellow medicine bottle,Glass
537,torn industrial gift box sealed,Cardboard
4272,new newspaper,Paper
3621,oversized yellow designer receipt empty,Paper
270,massive spotted nail partially filled,Metal
588,torn silver eco friendly cardboard tray,Cardboard
3665,travel sized spotted tree bark with food residue,Vegetation
3184,used small metal pipe,Metal
4330,industrial organic shipping box with contents,Cardboard
4773,plastic lid,Plastic
4440,medium multi colored imported toilet paper roll,Cardboard
3312,medium paper bag,Paper
3759,patterned organic sheet of paper,Paper
3027,wet oversized metal coat hanger,Metal
4728,tiny rubber generic hat containing residue,Textile Trash
3226,wet small bulk leaves,Vegetation
4928,broken standard multi colored artisanal corrugated box with food residue,Cardboard
3041,industrial spotted designer gift box,Cardboard
4594,soiled patterned budget glass bottle,Glass
3142,intact regular sized toilet paper roll,Cardboard
3249,torn spotted linen cloth,Textile Trash
383,partial designer paper plate,Paper
1626,damaged transparent fabric curtain,Textile Trash
3288,dirty medium cardboard plastic metal composite,Miscellaneous Trash
4448,brand a window glass,Glass
2238,designer glass vase with food residue,Glass
663,transparent brand a appliance box partially filled,Cardboard
1113,gold rubber polyester jacket,Textile Trash
2621,folded oversized glass local cotton towel,Textile Trash
1724,industrial white bed sheet with food residue,Textile Trash
2360,new mini silver glass candle holder,Glass
4666,stained orange wine bottle,Glass
2022,floral light bulb,Glass
2627,broken imported toothbrush,Plastic
4108,full massive red soda bottle,Plastic
4005,new compact flyer with product remaining,Paper
1001,small organic plastic tray,Plastic
3014,wet black perfume bottle leaking,Glass
3507,intact regular sized yellow artisanal steel scrap with product remaining,Metal
4884,partial floral commercial plastic cup,Plastic
3719,dry medium purple fallen leaves,Vegetation
2729,mini silver corn cob,Food Organics
3765,enormous patterned plastic toy empty,Plastic
4243,crumpled fun sized silver yogurt container,Plastic
1887,used regular sized brand a metal bottle,Metal
559,soiled medium printer paper,Paper
314,torn medium pillow case,Textile Trash
4931,partial small garden waste,Vegetation
3901,crumpled massive commercial file box,Cardboard
3640,natural vegetable plant,Vegetation
4040,dry small black moving box,Cardboard
4185,used compact gold packaging box,Cardboard
179,standard homemade wine bottle,Glass
4571,hedge trimmings,Vegetation
1387,crumpled medium plastic wrap empty,Plastic
2608,crumpled spotted notebook paper,Paper
2312,dirty silver food scraps,Food Organics
3072,tiny blue natural wine bottle,Glass
2884,notebook paper,Paper
535,clean large magazine,Paper
3987,damaged gold brand b yogurt container,Plastic
1172,partial mini eco friendly plastic bag,Plastic
145,corrugated box with liquid inside,Cardboard
3752,dry personal local vacuum cleaner bag,Miscellaneous Trash
1974,damaged massive local light bulb,Glass
923,ripped regular sized orange peel sealed,Food Organics
4408,brand b yard trimmings,Vegetation
4217,empty white metal cutlery,Metal
456,wrinkled massive paper designer cd dvd,Miscellaneous Trash
3210,wet regular sized multi colored metal coat hanger leaking,Metal
481,ripped brochure,Paper
2552,small brand a champagne bottle,Glass
3096,clean spotted pen,Miscellaneous Trash
9,wrinkled metal cutlery with food residue,Metal
3559,spotted supermarket soda bottle,Plastic
2069,new oversized striped glass bottle,Glass
3056,brand b glass candle holder,Glass
2229,enormous transparent cardboard linen cloth,Textile Trash
1906,wet enormous transparent champagne bottle,Glass
3578,dirty mini gold brand b polyester jacket,Textile Trash
313,partial blue premium houseplant,Vegetation
199,soiled budget palm fronds,Vegetation
3239,soiled spotted glass bottle,Glass
606,wet enormous gold tool with product remaining,Miscellaneous Trash
2183,ripped transparent premium socks,Textile Trash
143,travel sized paper towel,Paper
1248,dry yellow bulk plant stems,Vegetation
1047,folded white vegetable plant,Vegetation
839,plastic local polyester jacket with contents,Textile Trash
4779,dry plant cuttings,Vegetation
4252,dirty patterned budget cereal box partially filled,Cardboard
3213,broken tablecloth,Textile Trash
3075,clean oversized commercial copper wire,Metal
3109,wrinkled blue glass sheet partially filled,Glass
726,crumpled regular sized orange notebook with contents,Paper
1238,green old t shirt,Textile Trash
1058,travel sized yellow champagne bottle leaking,Glass
298,dirty regular sized white cardboard tube,Cardboard
1597,dry glass pencil,Miscellaneous Trash
4727,enormous red bread,Food Organics
1707,full houseplant,Vegetation
2316,clean silicone plastic metal composite,Miscellaneous Trash
2438,used green file box,Cardboard
1813,dry industrial window glass,Glass
392,dry medium food tin,Metal
1184,new industrial transparent cardboard silk tie empty,Textile Trash
4717,folded mini silver paper imported carpet piece,Textile Trash
2683,partial enormous olive pits with liquid inside,Food Organics
1382,partial personal spotted artisanal toothbrush,Plastic
4524,damaged travel sized spotted tape,Miscellaneous Trash
4660,soiled striped eco friendly tin can with contents,Metal
4292,local plant cuttings,Vegetation
4622,full pink eco friendly toy,Miscellaneous Trash
1540,soiled brand a glass sheet,Glass
2758,ripped homemade tape with label attached,Miscellaneous Trash
736,new standard striped local dairy products,Food Organics
2843,dry mini food scraps,Food Organics
4895,full patterned cardboard sleeve,Cardboard
3601,stained multi colored bulk corn cob,Food Organics
605,wet compact white olive pits,Food Organics
4987,torn brown homemade glass sheet,Glass
4668,folded standard silver artisanal shoe box containing residue,Cardboard
1498,purple shoe box sealed,Cardboard
1442,dry personal blue brand a steel scrap,Metal
3021,folded massive plastic generic bed sheet,Textile Trash
3776,patterned designer toilet paper roll sealed,Cardboard
49,wet vacuum cleaner bag with contents,Miscellaneous Trash
3766,torn fun sized yellow bread partially filled,Food Organics
1092,red budget paperback book,Paper
2795,partial personal multi colored printer paper,Paper
3994,medium silver bulk plant stems with product remaining,Vegetation
3516,partial regular sized brown envelope,Paper
1484,partial standard plastic cutlery,Plastic
2894,pine needles,Vegetation
1403,empty orange imported clamshell packaging,Plastic
3206,small black artisanal moving box,Cardboard
4714,dirty floral wine bottle,Glass
1110,clean spotted plant cuttings,Vegetation
4944,new biodegradable organic wool sweater with food residue,Textile Trash
2874,wrinkled cotton designer pillow case,Textile Trash
1267,empty tiny vacuum cleaner bag,Miscellaneous Trash
4503,dry pink steel container,Metal
1154,crumpled oversized premium glass cup,Glass
1522,torn leather supermarket rug,Textile Trash
1932,wet medium red imported soda can with liquid inside,Metal
3044,massive spotted hedge trimmings,Vegetation
4461,brand b yogurt container,Plastic
2834,regular sized glass ornament,Glass
2165,industrial blue premium garden waste,Vegetation
2030,ripped bubble wrap,Plastic
2573,full homemade hat,Textile Trash
4064,crumpled premium aluminum foil,Metal
4357,striped paper organic styrofoam,Miscellaneous Trash
3018,full blue synthetic tape,Miscellaneous Trash
3310,damaged small spotted wine bottle,Glass
846,orange commercial vegetable plant,Vegetation
2632,crumpled glass candle holder,Glass
407,massive brown disposable razor,Miscellaneous Trash
4555,new small blue plastic tray,Plastic
2108,torn glass jar,Glass
2783,mini linen cloth,Textile Trash
4816,new blue generic metal tube with liquid inside,Metal
1651,folded metal tube,Metal
1536,regular sized eco friendly clamshell packaging,Plastic
4879,new industrial sheet of paper,Paper
634,crumpled large leather styrofoam,Miscellaneous Trash
928,multi colored shipping box,Cardboard
1193,partial enormous plastic tray with contents,Plastic
1862,folded yellow designer nail,Metal
3050,crumpled yellow paperback book with food residue,Paper
2943,clean wrapping paper,Paper
1364,bulk avocado pit with food residue,Food Organics
4441,empty personal patterned flyer,Paper
3237,baby clothes,Textile Trash
2723,soiled supermarket bubble wrap,Plastic
2568,damaged massive silver paper cotton towel,Textile Trash
728,green glass ornament with liquid inside,Glass
4962,transparent food packaging,Cardboard
1769,massive silver toothbrush,Plastic
2331,transparent budget metal cutlery,Metal
4880,intact medium artisanal takeout container,Plastic
1909,folded enormous spotted grass clippings with liquid inside,Vegetation
4237,torn mini steel scrap,Metal
1194,folded soda can with product remaining,Metal
2378,broken commercial plastic straw,Plastic
1670,travel sized patterned generic plastic tray,Plastic
1668,torn oversized commercial disposable razor,Miscellaneous Trash
375,partial pink eco friendly glass bottle with food residue,Glass
2187,compact budget bubble wrap,Plastic
4657,stained industrial pink synthetic silk tie,Textile Trash
658,tiny natural glass candle holder,Glass
2817,budget newspaper,Paper
2777,soiled blue local pencil,Miscellaneous Trash
3830,wet spotted avocado pit sealed,Food Organics
1561,ripped standard blue homemade plant cuttings with label attached,Vegetation
3430,white premium gift box,Cardboard
1538,crumpled industrial purple meat scraps containing residue,Food Organics
2109,full gold brand b tablecloth,Textile Trash
610,regular sized striped imported glass sheet,Glass
133,crumpled brown grass clippings,Vegetation
245,green egg shells,Food Organics
2511,multi colored grass clippings,Vegetation
1819,personal orange metal leather belt,Textile Trash
898,partial striped glass bottle,Glass
2983,partial massive cotton designer gloves,Textile Trash
4785,used brand a foil wrapper with food residue,Metal
4224,wet pink metal lid,Metal
1572,dry personal egg carton with contents,Cardboard
3600,dry spotted homemade soda can,Metal
4085,folded spotted premium gloves,Textile Trash
2539,tiny black natural olive pits containing residue,Food Organics
845,partial plastic tray,Plastic
4960,broken fun sized floral glass sheet,Glass
1204,natural grass clippings,Vegetation
4072,intact large patterned eco friendly moving box,Cardboard
4574,dry tool,Miscellaneous Trash
390,clean mini organic cereal box,Cardboard
2407,new personal yard trimmings,Vegetation
1583,full regular sized cotton towel,Textile Trash
1685,wet multi colored designer moving box,Cardboard
4893,wet massive plastic bulk cigarette butt,Miscellaneous Trash
70,used large patterned synthetic generic disposable diaper,Miscellaneous Trash
3079,new red metal cutlery,Metal
4055,wet fun sized metal scarf,Textile Trash
1857,full transparent metal designer carpet piece,Textile Trash
3034,partial purple rubber band leaking,Miscellaneous Trash
1821,wet travel sized white glass ornament partially filled,Glass
2771,broken personal purple commercial fish bones,Food Organics
3457,fun sized yellow plastic bag with product remaining,Plastic
2433,intact travel sized blue wooden designer rubber band,Miscellaneous Trash
4764,torn personal packaging box,Cardboard
4815,gold plastic cutlery,Plastic
1261,travel sized brown local office paper with liquid inside,Paper
19,wet small bulk shoe box,Cardboard
4109,wrinkled compact hedge trimmings,Vegetation
2676,ripped artisanal milk jug,Plastic
4889,clamshell packaging,Plastic
2267,silver weeds,Vegetation
1508,mini coffee grounds partially filled,Food Organics
2363,massive transparent supermarket printer paper,Paper
2838,partial local baby clothes,Textile Trash
4080,empty compact red pizza box,Cardboard
766,bush clippings,Vegetation
2845,full transparent budget metal lid empty,Metal
371,wet homemade plastic toy empty,Plastic
3739,homemade spoiled food,Food Organics
862,clean multi colored avocado pit sealed,Food Organics
1217,folded spotted notebook paper,Paper
3682,intact small striped styrofoam,Miscellaneous Trash
4126,ripped brown drinking glass,Glass
3264,compact pink ceramic worn jeans,Textile Trash
4488,partial medium white shipping box with liquid inside,Cardboard
4288,clean industrial purple weeds,Vegetation
2947,regular sized budget glass sheet,Glass
900,massive red cardboard tube,Cardboard
772,red glass pen,Miscellaneous Trash
4277,dry tiny orange peel,Food Organics
883,personal glass ornament with product remaining,Glass
4806,dirty massive glass baby clothes,Textile Trash
3903,green corn cob with contents,Food Organics
4369,empty tiny red fabric pencil,Miscellaneous Trash
3910,dry fun sized imported shoe box with product remaining,Cardboard
3263,mini transparent plastic bag,Plastic
4914,large purple premium branches,Vegetation
2161,wet oversized metal pipe leaking,Metal
4700,partial wine bottle containing residue,Glass
4355,full massive floral toy with product remaining,Miscellaneous Trash
3413,damaged standard black supermarket paper cup,Paper
3335,partial gold cardboard natural dryer lint,Miscellaneous Trash
1736,orange artisanal shoe box,Cardboard
4393,crumpled transparent paperback book empty,Paper
4204,travel sized gold plastic cup,Plastic
183,new paperback book,Paper
3879,large leather belt,Textile Trash
3409,striped food container,Plastic
2159,damaged standard pizza box empty,Cardboard
2199,dirty travel sized tea bags,Food Organics
4353,new massive bulk bubble wrap,Plastic
1067,full compact striped supermarket plastic wrap,Plastic
3832,glass sheet,Glass
2952,personal white metal lid empty,Metal
3529,damaged fun sized silver composite brand a curtain,Textile Trash
2709,stained natural metal lid,Metal
4648,dry enormous yellow artisanal battery empty,Miscellaneous Trash
490,small cardboard tube empty,Cardboard
4411,soiled tiny orange corrugated box,Cardboard
2144,partial fun sized multi colored supermarket tool,Miscellaneous Trash
3229,damaged personal striped metal cutlery,Metal
1075,new brown artisanal wool sweater,Textile Trash
2881,empty paper bag with food residue,Paper
4401,polyester jacket,Textile Trash
1962,travel sized spotted foil wrapper,Metal
1038,gold takeout container,Plastic
3821,wet large black budget potted plant,Vegetation
1265,partial fun sized white brand b glass bottle,Glass
3959,wet standard metal bottle,Metal
1173,clean tiny spotted silicone organic pen,Miscellaneous Trash
4581,oversized glass eco friendly rug with product remaining,Textile Trash
3527,pink food packaging,Cardboard
4324,used travel sized yellow bottle cap with contents,Metal
3254,crumpled egg carton with product remaining,Cardboard
420,soiled blue cotton disposable diaper,Miscellaneous Trash
2066,wrinkled black generic notebook,Paper
3172,new small perfume bottle,Glass
1637,new metal lid,Metal
1795,small designer glass bottle,Glass
1760,empty spotted eco friendly nail,Metal
42,glass cup,Glass
1929,patterned plastic local wood piece,Miscellaneous Trash
1827,intact oversized supermarket banana peel,Food Organics
990,small red food container,Plastic
3357,stained large green silicone premium disposable diaper,Miscellaneous Trash
4712,blue sticky note,Paper
2810,dry regular sized floral bubble wrap,Plastic
2458,new orange eco friendly notebook paper,Paper
3322,stained personal flyer,Paper
1599,wet standard shipping box,Cardboard
3387,dirty travel sized garden waste empty,Vegetation
3571,fun sized spotted bamboo wood piece,Miscellaneous Trash
1260,empty large imported metal cutlery,Metal
1787,clean personal floral brand b clamshell packaging,Plastic
2625,clean transparent wool sweater with food residue,Textile Trash
4264,empty spotted cereal box,Cardboard
3475,yellow brand b pizza box empty,Cardboard
4267,stained personal homemade plastic cup,Plastic
2999,dry enormous yellow steel container,Metal
985,stained standard brochure,Paper
1032,standard red wine bottle,Glass
3633,fun sized fabric natural hat with contents,Textile Trash
369,intact compact wool sweater,Textile Trash
4525,mini spotted organic weeds,Vegetation
327,medium imported corrugated box containing residue,Cardboard
247,new mini blue wrapping paper,Paper
630,new wooden cd dvd sealed,Miscellaneous Trash
417,dirty premium spoiled food,Food Organics
4340,empty oversized beer bottle,Glass
621,red brand b clamshell packaging sealed,Plastic
3200,new weeds with food residue,Vegetation
4231,folded metal socks,Textile Trash
3343,full massive multi colored designer plastic lid,Plastic
4736,broken multi colored six pack holder,Cardboard
1034,partial striped greeting card with liquid inside,Paper
4691,torn enormous old t shirt,Textile Trash
135,dry fun sized multi colored water bottle empty,Plastic
1188,torn small pink homemade palm fronds,Vegetation
4510,travel sized white leftover pasta,Food Organics
1174,fun sized gold nail,Metal
1882,patterned imported detergent bottle sealed,Plastic
471,massive dryer lint with product remaining,Miscellaneous Trash
3742,torn personal artisanal glass bottle,Glass
4458,large rubber band,Miscellaneous Trash
1133,generic metal lid,Metal
1200,clean small flower petals with food residue,Vegetation
4767,dry large pink beer bottle sealed,Glass
1501,standard yellow glass jar empty,Glass
677,full fun sized pink hat with product remaining,Textile Trash
4775,wrinkled tiny egg shells with food residue,Food Organics
372,torn brown commercial nut shells with product remaining,Food Organics
522,orange glass cup,Glass
